{
    "raw": {
        "cov_gene": 37.263241211466045,
        "r2_depth": 1.0,
        "r_mono": 1.0
    },
    "PF": {
        "cov_gene": 20.15985566760677,
        "r2_depth": 0,
        "r_mono": 1.0
    },
    "sqrt": {
        "cov_gene": 3.9806638575579862,
        "r2_depth": 0.9532849159780479,
        "r_mono": 1.0
    },
    "log1p": {
        "cov_gene": 4.110008977438737,
        "r2_depth": 0.9538140692866938,
        "r_mono": 1.0
    },
    "log1pCP10k": {
        "cov_gene": 2.902487925858601,
        "r2_depth": 0.6650386198792002,
        "r_mono": 1.0
    },
    "log1pCPM": {
        "cov_gene": 2.710437639299439,
        "r2_depth": 0.8235965683430373,
        "r_mono": 1.0
    },
    "scalelog1pCP10k": {
        "cov_gene": 9.574630092984286e-14,
        "r2_depth": 0.8087083140590768,
        "r_mono": 0.1876956083005964
    },
    "sctransform": {
        "cov_gene": 0.5120844079503971,
        "r2_depth": 0.02114435354471189,
        "r_mono": 0.16670497137028106
    },
    "log1pPF": {
        "cov_gene": 4.0627470666108625,
        "r2_depth": 0.3496366800409483,
        "r_mono": 1.0
    },
    "PFlog1pPF": {
        "cov_gene": 4.139808235868114,
        "r2_depth": 0,
        "r_mono": 1.0
    },
    "ncells": "6415",
    "ngenes": 11575,
    "avg_per_cell": "215.14",
    "avg_per_gene": "119.23",
    "min_cell": "81",
    "max_cell": "5895",
    "overdispersion": "0.55"
}