{"ncells": 6415, "ngenes": 60623, "nvals": 975696, "avg_per_cell": 217.89524551831644, "avg_per_gene": 23.057222506309486, "min_cell": 87, "max_cell": 6014, "total_count": 1397798, "overdispersion": 0.5463979630545726, "raw": {"cov_gene": 84.98268765309844, "cov_cell": 0.9766308462686477, "r2_depth": 1.0, "r_mono": 1}, "PF": {"cov_gene": 45.63991008027349, "cov_cell": 2.2566154254657825e-15, "r2_depth": 0, "r_mono": 1}, "log1p": {"cov_gene": 9.469811704128627, "cov_cell": 0.7024008408629225, "r2_depth": 0.9572136448361783, "r_mono": 1}, "log1pPF": {"cov_gene": 9.36184109572546, "cov_cell": 0.12562803589867347, "r2_depth": 0.34988158510638434, "r_mono": 1}, "PFlog1pPF": {"cov_gene": 9.526850983235205, "cov_cell": 2.270905887626508e-15, "r2_depth": 0, "r_mono": 1}, "log1pCPM": {"cov_gene": 6.397316805783155, "cov_cell": 0.4756967412937851, "r2_depth": 0.8323812869898326, "r_mono": 1}, "log1pCP10k": {"cov_gene": 6.815494328554181, "cov_cell": 0.35149704750923577, "r2_depth": 0.6697415569438778, "r_mono": 1}, "sqrt": {"cov_gene": 9.175605974575522, "cov_cell": 0.6939524608111588, "r2_depth": 0.9568209721137122, "r_mono": 1}, "density": 0.002508883178687021}