{
  "ncells": 5385,
  "ngenes": 13081,
  "nvals": 576424,
  "density": 0.008183053706436086,
  "total_counts": 1056539,
  "overdispersion": 3.75,
  "avg_per_cell": 196.2,
  "avg_per_gene": 80.77,
  "max_cell": 2038,
  "min_cell": 1,
  "raw": {
    "cov_gene": 58.64521471893952,
    "r2_depth": 1,
    "r_mono": 1,
    "cov_cell": 0.7110834230355619
  },
  "PF": {
    "cov_gene": 63.769414959593206,
    "r2_depth": 0,
    "r_mono": 1,
    "cov_cell": 1.9219100184200517e-15
  },
  "sqrt": {
    "cov_gene": 11.910251598155616,
    "r2_depth": 0.6127160191245058,
    "r_mono": 1,
    "cov_cell": 0.5529033986558275
  },
  "log1p": {
    "cov_gene": 6.374894333816251,
    "r2_depth": 0.5753886205785104,
    "r_mono": 1,
    "cov_cell": 0.5605432805828476
  },
  "log1pCP10k": {
    "cov_gene": 2.7340385330246506,
    "r2_depth": 0.29552235996473264,
    "r_mono": 1,
    "cov_cell": 0.4133731135603806
  },
  "log1pCPM": {
    "cov_gene": 2.464221839742801,
    "r2_depth": 0.4170498044315072,
    "r_mono": 1,
    "cov_cell": 0.4763443042978708
  },
  "scalelog1pCP10k": {
    "cov_gene": 8.101804724802413e-14,
    "r2_depth": 0.3171109479599731,
    "r_mono": 0.14841562493619576,
    "cov_cell": null
  },
  "sctransform": {
    "cov_gene": 0.5241365239745969,
    "r2_depth": 0.08709092519381434,
    "r_mono": 0.13314633886502772,
    "cov_cell": null
  },
  "log1pPF": {
    "cov_gene": 5.9980185093087375,
    "r2_depth": 0.015017780843037176,
    "r_mono": 1,
    "cov_cell": 0.2913721469515777
  },
  "PFlog1pPF": {
    "cov_gene": 33.57182185942217,
    "r2_depth": 0,
    "r_mono": 1,
    "cov_cell": 1.335044247347807e-15
  }
}
