{
  "ncells": 11939,
  "ngenes": 60623,
  "nvals": 8453887,
  "density": 0.011680221055407409,
  "total_counts": 26006509,
  "overdispersion": 10.136157008068974,
  "avg_per_cell": 2178.28201691934,
  "avg_per_gene": 428.9874964947297,
  "max_cell": 32746,
  "min_cell": 100,
  "raw": {
    "cov_gene": 139.04974183922224,
    "cov_cell": 1.7975540684661986,
    "r2_depth": 1,
    "r_mono": 1
  },
  "PF": {
    "cov_gene": 71.254177978478,
    "cov_cell": 1.1487951102282965e-14,
    "r2_depth": 0,
    "r_mono": 1
  },
  "sqrt": {
    "cov_gene": 20.369610334988323,
    "cov_cell": 1.4850990316893697,
    "r2_depth": 0.9617935997823975,
    "r_mono": 1
  },
  "log1p": {
    "cov_gene": 6.343125220550112,
    "cov_cell": 1.4831181530258275,
    "r2_depth": 0.9582650216284178,
    "r_mono": 1
  },
  "log1pCP10k": {
    "cov_gene": 5.088907321385231,
    "cov_cell": 0.7158057808127009,
    "r2_depth": 0.7412444567405116,
    "r_mono": 1
  },
  "log1pCPM": {
    "cov_gene": 3.481856097530946,
    "cov_cell": 1.125678025544627,
    "r2_depth": 0.8985655501304061,
    "r_mono": 1
  },
  "log1pPF": {
    "cov_gene": 6.207630536176671,
    "cov_cell": 0.4641276990395833,
    "r2_depth": 0.587448678403037,
    "r_mono": 1
  },
  "PFlog1pPF": {
    "cov_gene": 7.303581122517987,
    "cov_cell": 9.48359150605198e-15,
    "r2_depth": 0,
    "r_mono": 1
  }
}
