{
  "ncells": 8903,
  "ngenes": 60623,
  "nvals": 10506990,
  "density": 0.019467246201103728,
  "total_counts": 46189682,
  "overdispersion": 1.7275158907721506,
  "avg_per_cell": 5188.103111310794,
  "avg_per_gene": 761.9167972551671,
  "max_cell": 90069,
  "min_cell": 160,
  "raw": {
    "cov_gene": 51.7064266564534,
    "cov_cell": 1.471679750393575,
    "r2_depth": 1,
    "r_mono": 1
  },
  "PF": {
    "cov_gene": 73.84989525375094,
    "cov_cell": 2.006890868394564e-14,
    "r2_depth": 0,
    "r_mono": 1
  },
  "sqrt": {
    "cov_gene": 13.370774767348447,
    "cov_cell": 1.3042051908650825,
    "r2_depth": 0.9688766932987801,
    "r_mono": 1
  },
  "log1p": {
    "cov_gene": 6.419913681355439,
    "cov_cell": 1.302340867131835,
    "r2_depth": 0.9641495389172318,
    "r_mono": 1
  },
  "log1pCP10k": {
    "cov_gene": 5.666995882109646,
    "cov_cell": 0.705916186149278,
    "r2_depth": 0.7074605136351013,
    "r_mono": 1
  },
  "log1pCPM": {
    "cov_gene": 3.1219895401597904,
    "cov_cell": 1.036978542662528,
    "r2_depth": 0.8834965225641007,
    "r_mono": 1
  },
  "log1pPF": {
    "cov_gene": 6.551023951276479,
    "cov_cell": 0.6218107302686475,
    "r2_depth": 0.6656108710569363,
    "r_mono": 1
  },
  "PFlog1pPF": {
    "cov_gene": 12.501981094126446,
    "cov_cell": 1.899942777104613e-14,
    "r2_depth": 0,
    "r_mono": 1
  }
}
