{"raw": {"cov_gene": 36.4370051304319, "r2_depth": 1.0, "r_mono": 1.0}, "PF": {"cov_gene": 35.816852345644065, "r2_depth": 0, "r_mono": 1.0}, "sqrt": {"cov_gene": 5.3662368899605655, "r2_depth": 0.9309518363767624, "r_mono": 1.0}, "log1p": {"cov_gene": 2.9447599217835374, "r2_depth": 0.9193631339369129, "r_mono": 1.0}, "log1pCP10k": {"cov_gene": 1.808825084518191, "r2_depth": 0.4876703758390569, "r_mono": 1.0}, "log1pCPM": {"cov_gene": 1.1254571263507254, "r2_depth": 0.7520031710429782, "r_mono": 1.0}, "scalelog1pCP10k": {"cov_gene": 6.0589321448682685e-15, "r2_depth": 0.51271591261696, "r_mono": 0.37644991433083796}, "sctransform": {"cov_gene": 0.4836565395400946, "r2_depth": 0.002729977069934497, "r_mono": 0.3077324521417804}, "log1pPF": {"cov_gene": 2.914942339599879, "r2_depth": 0.3382914516798765, "r_mono": 1.0}, "PFlog1pPF": {"cov_gene": 23.111804678654078, "r2_depth": 0, "r_mono": 1.0}}