{
    "raw": {
        "cov_gene": 50.9276413911703,
        "r2_depth": 1.0,
        "r_mono": 1.0
    },
    "PF": {
        "cov_gene": 47.97484822983415,
        "r2_depth": 0,
        "r_mono": 1.0
    },
    "sqrt": {
        "cov_gene": 4.242427274012429,
        "r2_depth": 0.9681438318547558,
        "r_mono": 1.0
    },
    "log1p": {
        "cov_gene": 1.9333467189021096,
        "r2_depth": 0.9629811278854677,
        "r_mono": 1.0
    },
    "log1pCP10k": {
        "cov_gene": 1.5060355269887322,
        "r2_depth": 0.7340450232667517,
        "r_mono": 1.0
    },
    "log1pCPM": {
        "cov_gene": 0.9376698743547862,
        "r2_depth": 0.8839661284974742,
        "r_mono": 1.0
    },
    "scalelog1pCP10k": {
        "cov_gene": 4.26515770679615e-15,
        "r2_depth": 0.6829493926474501,
        "r_mono": 0.47415339072832136
    },
    "sctransform": {
        "cov_gene": 0.4356055485742685,
        "r2_depth": 0.036804191754581606,
        "r_mono": 0.3588543951658114
    },
    "log1pPF": {
        "cov_gene": 1.8272364196359816,
        "r2_depth": 0.6791491420380926,
        "r_mono": 1.0
    },
    "PFlog1pPF": {
        "cov_gene": 4.970935356393461,
        "r2_depth": 0,
        "r_mono": 1.0
    },
    "ncells": 292,
    "ngenes": 12797,
    "avg_per_cell": 5043.79,
    "avg_per_gene": 115.09,
    "min_cell": 399.0,
    "max_cell": 19372.0,
    "overdispersion": 0.46
}