{"ncells": 292, "ngenes": 60623, "nvals": 407453, "avg_per_cell": 5121.321917808219, "avg_per_gene": 24.667634396186266, "min_cell": 399, "max_cell": 19679, "total_count": 1495426, "overdispersion": 0.4606572992992889, "raw": {"cov_gene": 106.3488745461555, "cov_cell": 0.6589446167931012, "r2_depth": 1.0, "r_mono": 1}, "PF": {"cov_gene": 104.13301042428216, "cov_cell": 1.4521880563968983e-14, "r2_depth": 0, "r_mono": 1}, "log1p": {"cov_gene": 4.491146755407142, "cov_cell": 0.5629326960809047, "r2_depth": 0.9587815441860343, "r_mono": 1}, "log1pPF": {"cov_gene": 4.275729270346939, "cov_cell": 0.27702402230202916, "r2_depth": 0.6646118987019829, "r_mono": 1}, "PFlog1pPF": {"cov_gene": 11.018830158000226, "cov_cell": 1.3284091591439123e-14, "r2_depth": 0, "r_mono": 1}, "log1pCPM": {"cov_gene": 2.6607328065054485, "cov_cell": 0.45453174121146533, "r2_depth": 0.879231375210457, "r_mono": 1}, "log1pCP10k": {"cov_gene": 3.6717139518989246, "cov_cell": 0.314781427905868, "r2_depth": 0.720935597591019, "r_mono": 1}, "sqrt": {"cov_gene": 9.166858205495389, "cov_cell": 0.5681877017346416, "r2_depth": 0.9642103096084929, "r_mono": 1}, "density": 0.023017451896167624}