{"raw": {"cov_gene": 29.58411886610499, "r2_depth": 1.0, "r_mono": 1.0}, "PF": {"cov_gene": 45.96989551489059, "r2_depth": 0, "r_mono": 1.0}, "sqrt": {"cov_gene": 6.4903958572635245, "r2_depth": 0.9086390777875951, "r_mono": 1.0}, "log1p": {"cov_gene": 2.8719099817875944, "r2_depth": 0.8871624750092737, "r_mono": 1.0}, "log1pCP10k": {"cov_gene": 2.101628052963871, "r2_depth": 0.2555366748556568, "r_mono": 1.0}, "log1pCPM": {"cov_gene": 1.434919429045244, "r2_depth": 0.6615695786908697, "r_mono": 1.0}, "scalelog1pCP10k": {"cov_gene": 5.042096329426915e-14, "r2_depth": 0.25141454779191286, "r_mono": 0.36301241562509895}, "sctransform": {"cov_gene": 0.8073306654194125, "r2_depth": 0.44179392629285674, "r_mono": 0.2572975495848443}, "log1pPF": {"cov_gene": 2.423347404580891, "r2_depth": 0.19136355102619007, "r_mono": 1.0}, "PFlog1pPF": {"cov_gene": 5.523433121422799, "r2_depth": 0, "r_mono": 1.0}}