{"raw": {"cov_gene": 29.58411886610499, "r2_depth": 1.0, "r_mono": 1.0, "cov_cell": 1.4250006339218086}, "PF": {"cov_gene": 45.96989551489059, "r2_depth": 0, "r_mono": 1.0, "cov_cell": 1.9129980219743254e-14}, "sqrt": {"cov_gene": 6.4903958572635245, "r2_depth": 0.9086390777875951, "r_mono": 1.0, "cov_cell": 0.872815156264835}, "log1p": {"cov_gene": 2.8719099817875944, "r2_depth": 0.8871624750092737, "r_mono": 1.0, "cov_cell": 0.8422850398699978}, "log1pCP10k": {"cov_gene": 2.101628052963871, "r2_depth": 0.2555366748556568, "r_mono": 1.0, "cov_cell": 0.3111387666340741}, "log1pCPM": {"cov_gene": 1.434919429045244, "r2_depth": 0.6615695786908697, "r_mono": 1.0, "cov_cell": 0.5445338270827972}, "scalelog1pCP10k": {"cov_gene": 5.042096329426915e-14, "r2_depth": 0.25141454779191286, "r_mono": 0.36301241562509895, "cov_cell": null}, "sctransform": {"cov_gene": 0.8073306654194125, "r2_depth": 0.44179392629285674, "r_mono": 0.2572975495848443, "cov_cell": null}, "log1pPF": {"cov_gene": 2.423347404580891, "r2_depth": 0.19136355102619007, "r_mono": 1.0, "cov_cell": 0.2782239290869346}, "PFlog1pPF": {"cov_gene": 5.523433121422799, "r2_depth": 0, "r_mono": 1.0, "cov_cell": 1.3049829236596226e-14}, "ncells": 3482, "ngenes": 23061, "avg_per_cell": 5691.36, "avg_per_gene": 859.34, "min_cell": 473.0, "max_cell": 99255.0, "overdispersion": 2.02, "total_count": 19817314, "nvals": 5107419, "density": 0.06360548744170526}