{"raw": {"cov_gene": 33.363270580301545, "r2_depth": 1.0, "r_mono": 1.0}, "PF": {"cov_gene": 67.18675753956941, "r2_depth": 0, "r_mono": 1.0}, "sqrt": {"cov_gene": 3.5020907190714574, "r2_depth": 0.9713712951390504, "r_mono": 1.0}, "log1p": {"cov_gene": 2.7600187057116274, "r2_depth": 0.9676638168591052, "r_mono": 1.0}, "log1pCP10k": {"cov_gene": 1.8928563134575163, "r2_depth": 0.7216044147333592, "r_mono": 1.0}, "log1pCPM": {"cov_gene": 1.5000354897390067, "r2_depth": 0.8971797394008338, "r_mono": 1.0}, "scalelog1pCP10k": {"cov_gene": 4.7300322084396634e-14, "r2_depth": 0.7051574500210576, "r_mono": 0.34317512142132367}, "sctransform": {"cov_gene": 0.5484629932766727, "r2_depth": 0.46399020776002853, "r_mono": 0.2552082496847072}, "log1pPF": {"cov_gene": 2.4983627953436836, "r2_depth": 0.5526136831411016, "r_mono": 1.0}, "PFlog1pPF": {"cov_gene": 2.6835669825599817, "r2_depth": 0, "r_mono": 1.0}}