{"ncells": 3311, "ngenes": 60623, "nvals": 3820856, "avg_per_cell": 2759.804590758079, "avg_per_gene": 150.7301354271481, "min_cell": 636, "max_cell": 17569, "total_count": 9137713, "overdispersion": 0.2636666082232241, "raw": {"cov_gene": 53.98193986443006, "cov_cell": 0.6152027706373984, "r2_depth": 1.0, "r_mono": 1}, "PF": {"cov_gene": 108.68350704627653, "cov_cell": 1.3836782256254843e-14, "r2_depth": 0, "r_mono": 1}, "log1p": {"cov_gene": 4.625272369098279, "cov_cell": 0.4806430978227033, "r2_depth": 0.9678548082026713, "r_mono": 1}, "log1pPF": {"cov_gene": 4.219000636144168, "cov_cell": 0.14081396999895723, "r2_depth": 0.5534467794883553, "r_mono": 1}, "PFlog1pPF": {"cov_gene": 4.469390497678929, "cov_cell": 1.1845052654315336e-14, "r2_depth": 0, "r_mono": 1}, "log1pCPM": {"cov_gene": 2.721637211582921, "cov_cell": 0.34114616864147124, "r2_depth": 0.8978327257533828, "r_mono": 1}, "log1pCP10k": {"cov_gene": 3.298881816374079, "cov_cell": 0.20430713584023136, "r2_depth": 0.7223151252395801, "r_mono": 1}, "sqrt": {"cov_gene": 5.784216049343795, "cov_cell": 0.4828971051625714, "r2_depth": 0.9715351535466957, "r_mono": 1}, "density": 0.01903549021171506}