{
  "ncells": 3017,
  "ngenes": 60623,
  "nvals": 3414587,
  "density": 0.018669188822844334,
  "total_counts": 7217895,
  "overdispersion": 0.16933262300547874,
  "avg_per_cell": 2392.4080212131257,
  "avg_per_gene": 119.06198967388615,
  "max_cell": 14547,
  "min_cell": 385,
  "raw": {
    "cov_gene": 144.92278704336525,
    "cov_cell": 0.5390041185457131,
    "r2_depth": 1,
    "r_mono": 1
  },
  "PF": {
    "cov_gene": 182.39335064699307,
    "cov_cell": 1.1094159801857503e-14,
    "r2_depth": 0,
    "r_mono": 1
  },
  "sqrt": {
    "cov_gene": 5.308069161567757,
    "cov_cell": 0.4535856008051428,
    "r2_depth": 0.9782678633024129,
    "r_mono": 1
  },
  "log1p": {
    "cov_gene": 4.140181101238647,
    "cov_cell": 0.4560777458035905,
    "r2_depth": 0.9767196353959704,
    "r_mono": 1
  },
  "log1pCP10k": {
    "cov_gene": 2.9404177187894263,
    "cov_cell": 0.23008968335549773,
    "r2_depth": 0.7928293945796359,
    "r_mono": 1
  },
  "log1pCPM": {
    "cov_gene": 2.6207253928974454,
    "cov_cell": 0.3439721687560252,
    "r2_depth": 0.9213915574983891,
    "r_mono": 1
  },
  "log1pPF": {
    "cov_gene": 3.580360393124914,
    "cov_cell": 0.1588322619962672,
    "r2_depth": 0.6644851401634408,
    "r_mono": 1
  },
  "PFlog1pPF": {
    "cov_gene": 3.757705322506617,
    "cov_cell": 1.469006733430016e-14,
    "r2_depth": 0,
    "r_mono": 1
  }
}
