{"raw": {"cov_gene": 57.25129086536897, "r2_depth": 1.0, "r_mono": 1.0, "cov_cell": 1.388070854830605}, "PF": {"cov_gene": 37.631317607378605, "r2_depth": 0, "r_mono": 1.0, "cov_cell": 3.2303030789402186e-14}, "sqrt": {"cov_gene": 8.924268838515319, "r2_depth": 0.961989333651269, "r_mono": 1.0, "cov_cell": 1.2473784257946328}, "log1p": {"cov_gene": 3.7308733886712866, "r2_depth": 0.9540254064246181, "r_mono": 1.0, "cov_cell": 1.248559724057161}, "log1pCP10k": {"cov_gene": 3.276645009579992, "r2_depth": 0.7814534755759717, "r_mono": 1.0, "cov_cell": 0.6768936164788305}, "log1pCPM": {"cov_gene": 1.7074235293993794, "r2_depth": 0.8977626447519471, "r_mono": 1.0, "cov_cell": 1.022847545993467}, "scalelog1pCP10k": {"cov_gene": 1.049390025274056e-13, "r2_depth": 0.7159695376788773, "r_mono": 0.30771282957559964, "cov_cell": null}, "sctransform": {"cov_gene": 0.7658860726206566, "r2_depth": 0.690920659679088, "r_mono": 0.1814595423808144, "cov_cell": null}, "log1pPF": {"cov_gene": 3.6316383117030777, "r2_depth": 0.7537113064421377, "r_mono": 1.0, "cov_cell": 0.5874001893076276}, "PFlog1pPF": {"cov_gene": 4.33924059467245, "r2_depth": 0, "r_mono": 1.0, "cov_cell": 2.3208906695594642e-14}, "ncells": 7041, "ngenes": 27415, "avg_per_cell": 5643.49, "avg_per_gene": 1449.42, "min_cell": 190.0, "max_cell": 51322.0, "overdispersion": 2.32, "total_count": 39735795, "nvals": 10616036, "sparsity": 0.05499709978834011}