{"raw": {"cov_gene": 57.25129086536897, "r2_depth": 1.0, "r_mono": 1.0}, "PF": {"cov_gene": 37.631317607378605, "r2_depth": 0, "r_mono": 1.0}, "sqrt": {"cov_gene": 8.924268838515319, "r2_depth": 0.961989333651269, "r_mono": 1.0}, "log1p": {"cov_gene": 3.7308733886712866, "r2_depth": 0.9540254064246181, "r_mono": 1.0}, "log1pCP10k": {"cov_gene": 3.276645009579992, "r2_depth": 0.7814534755759717, "r_mono": 1.0}, "log1pCPM": {"cov_gene": 1.7074235293993794, "r2_depth": 0.8977626447519471, "r_mono": 1.0}, "scalelog1pCP10k": {"cov_gene": 1.049390025274056e-13, "r2_depth": 0.7159695376788773, "r_mono": 0.30771282957559964}, "sctransform": {"cov_gene": 0.7658860726206566, "r2_depth": 0.690920659679088, "r_mono": 0.1814595423808144}, "log1pPF": {"cov_gene": 3.6316383117030777, "r2_depth": 0.7537113064421377, "r_mono": 1.0}, "PFlog1pPF": {"cov_gene": 4.33924059467245, "r2_depth": 0, "r_mono": 1.0}}