{
  "ncells": 10985,
  "ngenes": 21701,
  "nvals": 4683219,
  "density": 0.019645571121916252,
  "total_counts": 12862592,
  "overdispersion": 2.5246422470313163,
  "avg_per_cell": 1170.9232589895312,
  "avg_per_gene": 592.718860881987,
  "max_cell": 28755,
  "min_cell": 180,
  "raw": {
    "cov_gene": 73.57031011156393,
    "cov_cell": 1.4367561161254345,
    "r2_depth": 1,
    "r_mono": 1
  },
  "PF": {
    "cov_gene": 47.88125706540927,
    "cov_cell": 5.1652451496461905e-15,
    "r2_depth": 0,
    "r_mono": 1
  },
  "sqrt": {
    "cov_gene": 7.656372169157829,
    "cov_cell": 1.0298791613065565,
    "r2_depth": 0.966202537185963,
    "r_mono": 1
  },
  "log1p": {
    "cov_gene": 3.8958942554159366,
    "cov_cell": 1.0160836917845715,
    "r2_depth": 0.9618790144976384,
    "r_mono": 1
  },
  "log1pCP10k": {
    "cov_gene": 2.7450525604930016,
    "cov_cell": 0.4198957685554039,
    "r2_depth": 0.6719752445621134,
    "r_mono": 1
  },
  "log1pCPM": {
    "cov_gene": 2.2339690425029017,
    "cov_cell": 0.689361266980168,
    "r2_depth": 0.8681469115650768,
    "r_mono": 1
  },
  "scalelog1pCP10k": {
    "cov_gene": 1.608452740288765e-13,
    "cov_cell": null,
    "r2_depth": 0.6997537115255323,
    "r_mono": 0.2161812351473775
  },
  "sctransform": {
    "cov_gene": 0.6938587554691691,
    "cov_cell": null,
    "r2_depth": 0.26881864248818055,
    "r_mono": 0.16621765681162895
  },
  "log1pPF": {
    "cov_gene": 3.7220134357936034,
    "cov_cell": 0.22214283959332604,
    "r2_depth": 0.45762498158510034,
    "r_mono": 1
  },
  "PFlog1pPF": {
    "cov_gene": 4.009768277175654,
    "cov_cell": 5.518492481945413e-15,
    "r2_depth": 0,
    "r_mono": 1
  }
}
