{"raw": {"cov_gene": 97.84958090971858, "r2_depth": 1.0, "r_mono": 1.0, "cov_cell": 2.5012768737437963}, "PF": {"cov_gene": 46.47976373174071, "r2_depth": 0, "r_mono": 1.0, "cov_cell": 2.0007191135377605e-14}, "sqrt": {"cov_gene": 13.012597406279287, "r2_depth": 0.9626608969530176, "r_mono": 1.0, "cov_cell": 2.1331605632572583}, "log1p": {"cov_gene": 3.264169712514969, "r2_depth": 0.9558972281838221, "r_mono": 1.0, "cov_cell": 2.117187232728118}, "log1pCP10k": {"cov_gene": 3.6468214433508757, "r2_depth": 0.6547166089069107, "r_mono": 1.0, "cov_cell": 0.854214416179673}, "log1pCPM": {"cov_gene": 2.0802590808886916, "r2_depth": 0.8474896033384621, "r_mono": 1.0, "cov_cell": 1.5069311841052313}, "scalelog1pCP10k": {"cov_gene": 8.224436437381344e-14, "r2_depth": 0.4682560501164853, "r_mono": 0.23383078683440695, "cov_cell": null}, "sctransform": {"cov_gene": 0.99951379103939, "r2_depth": 0.4498553076624736, "r_mono": 0.13889149090871297, "cov_cell": null}, "log1pPF": {"cov_gene": 3.9770905058393797, "r2_depth": 0.6083544228836182, "r_mono": 1.0, "cov_cell": 0.6956452248014373}, "PFlog1pPF": {"cov_gene": 4.735651993948342, "r2_depth": 0, "r_mono": 1.0, "cov_cell": 1.9166120744481752e-14}, "ncells": 4866, "ngenes": 23106, "avg_per_cell": 4965.76, "avg_per_gene": 1045.76, "min_cell": 172.0, "max_cell": 91935.0, "overdispersion": 8.77, "total_count": 24163392, "nvals": 4295636, "density": 0.03820591452769237}