{"ncells": 4866, "ngenes": 60623, "nvals": 4312827, "avg_per_cell": 4969.547677764077, "avg_per_gene": 398.88852415749795, "min_cell": 173, "max_cell": 91975, "total_count": 24181819, "overdispersion": 8.774416781535583, "raw": {"cov_gene": 158.49957260785527, "cov_cell": 2.5008951332859772, "r2_depth": 1.0, "r_mono": 1}, "PF": {"cov_gene": 75.32900764902402, "cov_cell": 1.5019219614892495e-14, "r2_depth": 0, "r_mono": 1}, "log1p": {"cov_gene": 5.431012631548484, "cov_cell": 2.1172980371456327, "r2_depth": 0.9557921848310782, "r_mono": 1}, "log1pPF": {"cov_gene": 6.557155286747594, "cov_cell": 0.6963235862797691, "r2_depth": 0.6074803724194875, "r_mono": 1}, "PFlog1pPF": {"cov_gene": 7.767889307229207, "cov_cell": 1.4594200786637727e-14, "r2_depth": 0, "r_mono": 1}, "log1pCPM": {"cov_gene": 3.5904005244372894, "cov_cell": 1.508145475834777, "r2_depth": 0.8471491491401986, "r_mono": 1}, "log1pCP10k": {"cov_gene": 6.033494346975938, "cov_cell": 0.8548503813881946, "r2_depth": 0.6538077625715333, "r_mono": 1}, "sqrt": {"cov_gene": 21.09613487014504, "cov_cell": 2.1332193026829236, "r2_depth": 0.9625466378644565, "r_mono": 1}, "density": 0.014620172909513961}