{
  "ncells": 6935,
  "ngenes": 60623,
  "nvals": 14017840,
  "density": 0.03334242700650388,
  "total_counts": 54591014,
  "overdispersion": 2.6275347892348817,
  "avg_per_cell": 7871.811679884643,
  "avg_per_gene": 900.5000412384738,
  "max_cell": 64807,
  "min_cell": 101,
  "raw": {
    "cov_gene": 116.60715726587307,
    "cov_cell": 1.0169624390024519,
    "r2_depth": 1,
    "r_mono": 1
  },
  "PF": {
    "cov_gene": 75.05697123804184,
    "cov_cell": 2.7697602687064105e-14,
    "r2_depth": 0,
    "r_mono": 1
  },
  "sqrt": {
    "cov_gene": 14.586949969905564,
    "cov_cell": 0.8649997228411063,
    "r2_depth": 0.9416544723442923,
    "r_mono": 1
  },
  "log1p": {
    "cov_gene": 4.7571908310076525,
    "cov_cell": 0.8615220378113846,
    "r2_depth": 0.9346978143539932,
    "r_mono": 1
  },
  "log1pCP10k": {
    "cov_gene": 4.583137065404239,
    "cov_cell": 0.5409221135459588,
    "r2_depth": 0.5821405451489052,
    "r_mono": 1
  },
  "log1pCPM": {
    "cov_gene": 2.5171840689932368,
    "cov_cell": 0.7123102728797268,
    "r2_depth": 0.8136361259097905,
    "r_mono": 1
  },
  "log1pPF": {
    "cov_gene": 4.914024468767371,
    "cov_cell": 0.5249156605206264,
    "r2_depth": 0.5628720741365509,
    "r_mono": 1
  },
  "PFlog1pPF": {
    "cov_gene": 12.931854733390105,
    "cov_cell": 2.4772199333847456e-14,
    "r2_depth": 0,
    "r_mono": 1
  }
}
