{"ncells": 4687, "ngenes": 60623, "nvals": 6118560, "avg_per_cell": 4494.692340516322, "avg_per_gene": 347.5021526483348, "min_cell": 55, "max_cell": 75458, "total_count": 21066623, "overdispersion": 2.9274756349671303, "raw": {"cov_gene": 121.5848645184384, "cov_cell": 1.1835581514330806, "r2_depth": 1.0, "r_mono": 1}, "PF": {"cov_gene": 68.4448720909348, "cov_cell": 1.7448057728411832e-14, "r2_depth": 0, "r_mono": 1}, "log1p": {"cov_gene": 5.820197316070555, "cov_cell": 1.0276051235983878, "r2_depth": 0.9260949553272484, "r_mono": 1}, "log1pPF": {"cov_gene": 6.326859284750142, "cov_cell": 0.6274345374158339, "r2_depth": 0.5605988830579591, "r_mono": 1}, "PFlog1pPF": {"cov_gene": 14.760120776730028, "cov_cell": 1.5240323335947043e-14, "r2_depth": 0, "r_mono": 1}, "log1pCPM": {"cov_gene": 2.890148893079723, "cov_cell": 0.8707236962219178, "r2_depth": 0.8175901234200541, "r_mono": 1}, "log1pCP10k": {"cov_gene": 5.052486049465413, "cov_cell": 0.6895330724399391, "r2_depth": 0.622158845672458, "r_mono": 1}, "sqrt": {"cov_gene": 17.434651515349895, "cov_cell": 1.0290219081957015, "r2_depth": 0.9326616378310821, "r_mono": 1}, "density": 0.021533610116373583}