{"raw": {"cov_gene": 76.63752020951651, "r2_depth": 1.0, "r_mono": 1.0, "cov_cell": 1.1835259699415461}, "PF": {"cov_gene": 43.12984818538348, "r2_depth": 0, "r_mono": 1.0, "cov_cell": 1.9915220705369506e-14}, "sqrt": {"cov_gene": 10.975254779564779, "r2_depth": 0.932440600669103, "r_mono": 1.0, "cov_cell": 1.0287748000109582}, "log1p": {"cov_gene": 3.590823194085905, "r2_depth": 0.9258470505818139, "r_mono": 1.0, "cov_cell": 1.0273617757034437}, "log1pCP10k": {"cov_gene": 3.093857888212805, "r2_depth": 0.622204982449811, "r_mono": 1.0, "cov_cell": 0.6895391939678376}, "log1pCPM": {"cov_gene": 1.6540436146348863, "r2_depth": 0.8171999518093835, "r_mono": 1.0, "cov_cell": 0.8705245120163799}, "scalelog1pCP10k": {"cov_gene": 6.93637971396925e-14, "r2_depth": 0.6013357816163203, "r_mono": 0.31748804030979133, "cov_cell": null}, "sctransform": {"cov_gene": 0.8756434182116094, "r2_depth": 0.4699887371444996, "r_mono": 0.20720581516901815, "cov_cell": null}, "log1pPF": {"cov_gene": 3.9176730818089713, "r2_depth": 0.5606518098987316, "r_mono": 1.0, "cov_cell": 0.6274087846348594}, "PFlog1pPF": {"cov_gene": 9.282072212931782, "r2_depth": 0, "r_mono": 1.0, "cov_cell": 1.5965524810335834e-14}, "ncells": 4687, "ngenes": 24088, "avg_per_cell": 4491.31, "avg_per_gene": 873.91, "min_cell": 54.0, "max_cell": 75340.0, "overdispersion": 2.93, "total_count": 21050785, "nvals": 6103520, "density": 0.05406107482860831}