{
    "raw": {
        "cov_gene": 76.63752020951651,
        "r2_depth": 1.0,
        "r_mono": 1.0
    },
    "PF": {
        "cov_gene": 43.12984818538348,
        "r2_depth": 0,
        "r_mono": 1.0
    },
    "sqrt": {
        "cov_gene": 10.975254779564779,
        "r2_depth": 0.932440600669103,
        "r_mono": 1.0
    },
    "log1p": {
        "cov_gene": 3.590823194085905,
        "r2_depth": 0.9258470505818139,
        "r_mono": 1.0
    },
    "log1pCP10k": {
        "cov_gene": 3.093857888212805,
        "r2_depth": 0.622204982449811,
        "r_mono": 1.0
    },
    "log1pCPM": {
        "cov_gene": 1.6540436146348863,
        "r2_depth": 0.8171999518093835,
        "r_mono": 1.0
    },
    "scalelog1pCP10k": {
        "cov_gene": 6.93637971396925e-14,
        "r2_depth": 0.6013357816163203,
        "r_mono": 0.31748804030979133
    },
    "sctransform": {
        "cov_gene": 0.8756434182116094,
        "r2_depth": 0.4699887371444996,
        "r_mono": 0.20720581516901815
    },
    "log1pPF": {
        "cov_gene": 3.9176730818089713,
        "r2_depth": 0.5606518098987316,
        "r_mono": 1.0
    },
    "PFlog1pPF": {
        "cov_gene": 9.282072212931782,
        "r2_depth": 0,
        "r_mono": 1.0
    },
    "ncells": 4687,
    "ngenes": 24088,
    "avg_per_cell": 4491.31,
    "avg_per_gene": 873.91,
    "min_cell": 54.0,
    "max_cell": 75340.0,
    "overdispersion": 2.93
}