{
    "raw": {
        "cov_gene": 38.96676811757127,
        "r2_depth": 1.0,
        "r_mono": 1.0
    },
    "PF": {
        "cov_gene": 89.29263197834045,
        "r2_depth": 0,
        "r_mono": 1.0
    },
    "sqrt": {
        "cov_gene": 3.9305088082328212,
        "r2_depth": 0.9430085602187237,
        "r_mono": 1.0
    },
    "log1p": {
        "cov_gene": 2.1634486607139976,
        "r2_depth": 0.9331037273887132,
        "r_mono": 1.0
    },
    "log1pCP10k": {
        "cov_gene": 1.749945050559267,
        "r2_depth": 0.5361818101870286,
        "r_mono": 1.0
    },
    "log1pCPM": {
        "cov_gene": 1.3851026788265624,
        "r2_depth": 0.8224930932225087,
        "r_mono": 1.0
    },
    "scalelog1pCP10k": {
        "cov_gene": 4.686107793160326e-14,
        "r2_depth": 0.5104196530411134,
        "r_mono": 0.3901964193325237
    },
    "sctransform": {
        "cov_gene": 0.5246406057741482,
        "r2_depth": 0.43007271233669564,
        "r_mono": 0.2906282815818456
    },
    "log1pPF": {
        "cov_gene": 1.9867973226009101,
        "r2_depth": 0.4277954906936351,
        "r_mono": 1.0
    },
    "PFlog1pPF": {
        "cov_gene": 2.039163888106621,
        "r2_depth": 0,
        "r_mono": 1.0
    },
    "ncells": "3372",
    "ngenes": 23393,
    "avg_per_cell": "5055.45",
    "avg_per_gene": "728.72",
    "min_cell": "1667",
    "max_cell": "46801",
    "overdispersion": "0.6"
}