{"ncells": 813, "ngenes": 60623, "nvals": 323998, "avg_per_cell": 907.9151291512915, "avg_per_gene": 12.175824357092193, "min_cell": 98, "max_cell": 20207, "total_count": 738135, "overdispersion": 2.013922840713694, "raw": {"cov_gene": 128.79620407348358, "cov_cell": 1.3886080534994873, "r2_depth": 1.0, "r_mono": 1}, "PF": {"cov_gene": 68.11310362639044, "cov_cell": 5.3183127407781945e-15, "r2_depth": 0, "r_mono": 1}, "log1p": {"cov_gene": 5.258194529840745, "cov_cell": 0.982939371431092, "r2_depth": 0.9456699896908408, "r_mono": 1}, "log1pPF": {"cov_gene": 5.51789393360399, "cov_cell": 0.33172390511070726, "r2_depth": 0.3307515793240118, "r_mono": 1}, "PFlog1pPF": {"cov_gene": 9.14688197951554, "cov_cell": 4.340239027287148e-15, "r2_depth": 0, "r_mono": 1}, "log1pCPM": {"cov_gene": 3.501603126008903, "cov_cell": 0.6521573763610133, "r2_depth": 0.7116928061476393, "r_mono": 1}, "log1pCP10k": {"cov_gene": 4.020096746304036, "cov_cell": 0.5041997460093829, "r2_depth": 0.5184886433237679, "r_mono": 1}, "sqrt": {"cov_gene": 9.771421348984294, "cov_cell": 0.9706079132137662, "r2_depth": 0.9446804729311626, "r_mono": 1}, "density": 0.006573767797952133}