{"raw": {"cov_gene": 56.461489797778555, "r2_depth": 1.0, "r_mono": 1.0, "cov_cell": 1.3923781656684657}, "PF": {"cov_gene": 30.638221092595412, "r2_depth": 0, "r_mono": 1.0, "cov_cell": 4.770219583604453e-15}, "sqrt": {"cov_gene": 4.360543900604, "r2_depth": 0.9411839833468337, "r_mono": 1.0, "cov_cell": 0.9639409775634964}, "log1p": {"cov_gene": 2.2237588505404577, "r2_depth": 0.9419342618655883, "r_mono": 1.0, "cov_cell": 0.975648130755363}, "log1pCP10k": {"cov_gene": 1.6068454415204778, "r2_depth": 0.5092959480689141, "r_mono": 1.0, "cov_cell": 0.5036299441260355}, "log1pCPM": {"cov_gene": 1.3504662264111047, "r2_depth": 0.6963502308654097, "r_mono": 1.0, "cov_cell": 0.6460522711513182}, "scalelog1pCP10k": {"cov_gene": 1.2209273520365037e-14, "r2_depth": 0.5818142249151053, "r_mono": 0.28270222498498104, "cov_cell": null}, "sctransform": {"cov_gene": 0.5256738615934882, "r2_depth": 0.3564043617380003, "r_mono": 0.2441278045421944, "cov_cell": null}, "log1pPF": {"cov_gene": 2.3393775286187855, "r2_depth": 0.3237140444766824, "r_mono": 1.0, "cov_cell": 0.3311883797365533}, "PFlog1pPF": {"cov_gene": 4.0171874495741715, "r2_depth": 0, "r_mono": 1.0, "cov_cell": 4.303246900626633e-15}, "ncells": 813, "ngenes": 11482, "avg_per_cell": 874.01, "avg_per_gene": 61.89, "min_cell": 92.0, "max_cell": 19575.0, "overdispersion": 2.01, "total_count": 710567, "nvals": 305439, "sparsity": 0.032720234013000296}