{"raw": {"cov_gene": 21.643756416074055, "r2_depth": 1.0, "r_mono": 1.0, "cov_cell": 0.9602590963471677}, "PF": {"cov_gene": 17.142475990438097, "r2_depth": 0, "r_mono": 1.0, "cov_cell": 1.3653073057837256e-15}, "sqrt": {"cov_gene": 5.8287843979638, "r2_depth": 0.9356158024773582, "r_mono": 1.0, "cov_cell": 0.9670898214591839}, "log1p": {"cov_gene": 4.783462887290755, "r2_depth": 0.9290826054212152, "r_mono": 1.0, "cov_cell": 0.9752028212397127}, "log1pCP10k": {"cov_gene": 2.3902858437641052, "r2_depth": 0.8400817074523323, "r_mono": 1.0, "cov_cell": 0.7146557759406558}, "log1pCPM": {"cov_gene": 2.1244228753094605, "r2_depth": 0.8853202878434787, "r_mono": 1.0, "cov_cell": 0.8406427839113036}, "scalelog1pCP10k": {"cov_gene": 7.908754466136299e-14, "r2_depth": 0.7971067226677762, "r_mono": 0.1370777673688934, "cov_cell": null}, "sctransform": {"cov_gene": 1.3561776271575663, "r2_depth": 0.02521947667101776, "r_mono": 0.12554484180976447, "cov_cell": null}, "log1pPF": {"cov_gene": 5.067333373909242, "r2_depth": 0.4472024591551077, "r_mono": 1.0, "cov_cell": 0.33363614449495715}, "PFlog1pPF": {"cov_gene": 8.828547610692892, "r2_depth": 0, "r_mono": 1.0, "cov_cell": 1.1708032406638332e-15}, "ncells": 5134, "ngenes": 9042, "avg_per_cell": 118.02, "avg_per_gene": 67.01, "min_cell": 17.0, "max_cell": 1259.0, "overdispersion": 6.19, "total_count": 605921, "nvals": 352941, "density": 0.007602943179847118}