{
  "ncells": 2612,
  "ngenes": 60623,
  "nvals": 3013362,
  "density": 0.0190300842308143,
  "total_counts": 9795082,
  "overdispersion": 0.5909955821600512,
  "avg_per_cell": 3750.031393568147,
  "avg_per_gene": 161.5736931527638,
  "max_cell": 43730,
  "min_cell": 51,
  "raw": {
    "cov_gene": 99.57315719370459,
    "cov_cell": 0.8099473025455459,
    "r2_depth": 1,
    "r_mono": 1
  },
  "PF": {
    "cov_gene": 88.77008677850422,
    "cov_cell": 1.5908353262963774e-14,
    "r2_depth": 0,
    "r_mono": 1
  },
  "sqrt": {
    "cov_gene": 12.071199053556006,
    "cov_cell": 0.7150608253300005,
    "r2_depth": 0.9428351727885457,
    "r_mono": 1
  },
  "log1p": {
    "cov_gene": 6.479008286566463,
    "cov_cell": 0.7138802316990929,
    "r2_depth": 0.9346098149961747,
    "r_mono": 1
  },
  "log1pCP10k": {
    "cov_gene": 4.437321899852143,
    "cov_cell": 0.5152938825723903,
    "r2_depth": 0.6647922190295212,
    "r_mono": 1
  },
  "log1pCPM": {
    "cov_gene": 2.7506738636008494,
    "cov_cell": 0.6166593416428643,
    "r2_depth": 0.8303636524753586,
    "r_mono": 1
  },
  "log1pPF": {
    "cov_gene": 5.970284318554348,
    "cov_cell": 0.46825691054566365,
    "r2_depth": 0.5970931900777667,
    "r_mono": 1
  },
  "PFlog1pPF": {
    "cov_gene": 14.082262265857041,
    "cov_cell": 1.470580543721614e-14,
    "r2_depth": 0,
    "r_mono": 1
  }
}
