{"ncells": 62, "ngenes": 60623, "nvals": 166052, "avg_per_cell": 8286.59677419355, "avg_per_gene": 8.47481978786929, "min_cell": 958, "max_cell": 23340, "total_count": 513769, "overdispersion": 0.44255329749701655, "raw": {"cov_gene": 58.625118201412455, "cov_cell": 0.6224537380741672, "r2_depth": 1.0, "r_mono": 1}, "PF": {"cov_gene": 189.50650601913293, "cov_cell": 3.200998739520909e-14, "r2_depth": 0, "r_mono": 1}, "log1p": {"cov_gene": 3.4597119640562286, "cov_cell": 0.5249279145580134, "r2_depth": 0.9701426158532023, "r_mono": 1}, "log1pPF": {"cov_gene": 3.1362966157472103, "cov_cell": 0.2539601410358115, "r2_depth": 0.5274821059733252, "r_mono": 1}, "PFlog1pPF": {"cov_gene": 37.61851856229729, "cov_cell": 2.194667059384196e-14, "r2_depth": 0, "r_mono": 1}, "log1pCPM": {"cov_gene": 2.212804666269885, "cov_cell": 0.38545614547228385, "r2_depth": 0.8613170496839728, "r_mono": 1}, "log1pCP10k": {"cov_gene": 2.992098434239446, "cov_cell": 0.26048952988729945, "r2_depth": 0.553032757333249, "r_mono": 1}, "sqrt": {"cov_gene": 6.088271075125195, "cov_cell": 0.5203702149310264, "r2_depth": 0.9724806648434465, "r_mono": 1}, "density": 0.04417891005915459}