{"raw": {"cov_gene": 34.62574701828071, "r2_depth": 1.0, "r_mono": 1.0}, "PF": {"cov_gene": 33.28956903153521, "r2_depth": 0, "r_mono": 1.0}, "sqrt": {"cov_gene": 4.755507223521765, "r2_depth": 0.9602434863017579, "r_mono": 1.0}, "log1p": {"cov_gene": 3.4943195289256366, "r2_depth": 0.9538893907877696, "r_mono": 1.0}, "log1pCP10k": {"cov_gene": 2.1804541824000685, "r2_depth": 0.6497735259235102, "r_mono": 1.0}, "log1pCPM": {"cov_gene": 1.8162794994407196, "r2_depth": 0.8576772744304371, "r_mono": 1.0}, "scalelog1pCP10k": {"cov_gene": 7.511146052139346e-14, "r2_depth": 0.6363753166767412, "r_mono": 0.26935875930408176}, "sctransform": {"cov_gene": 0.56877965563743, "r2_depth": 0.5523374851917284, "r_mono": 0.20196271511639075}, "log1pPF": {"cov_gene": 3.0355051772987336, "r2_depth": 0.3765964387640752, "r_mono": 1.0}, "PFlog1pPF": {"cov_gene": 3.331611686396652, "r2_depth": 0, "r_mono": 1.0}}