{
  "ncells": 4856,
  "ngenes": 9513,
  "nvals": 387629,
  "density": 0.00839112297729752,
  "total_counts": 645503,
  "overdispersion": 4.7,
  "avg_per_cell": 132.93,
  "avg_per_gene": 67.85,
  "max_cell": 2152,
  "min_cell": 16,
  "raw": {
    "cov_gene": 20.714599350188834,
    "r2_depth": 1,
    "r_mono": 1,
    "cov_cell": 1.006706709959436
  },
  "PF": {
    "cov_gene": 18.698947998182064,
    "r2_depth": 0,
    "r_mono": 1,
    "cov_cell": 1.588078448278739e-15
  },
  "sqrt": {
    "cov_gene": 5.239746251592231,
    "r2_depth": 0.9525190437845888,
    "r_mono": 1,
    "cov_cell": 0.9951685381822349
  },
  "log1p": {
    "cov_gene": 4.378458229298425,
    "r2_depth": 0.9487286952192449,
    "r_mono": 1,
    "cov_cell": 1.005656291657913
  },
  "log1pCP10k": {
    "cov_gene": 2.2754272899230714,
    "r2_depth": 0.8383265705706925,
    "r_mono": 1,
    "cov_cell": 0.7117502198770581
  },
  "log1pCPM": {
    "cov_gene": 2.021717313486606,
    "r2_depth": 0.8984941028387091,
    "r_mono": 1,
    "cov_cell": 0.8461685530336888
  },
  "scalelog1pCP10k": {
    "cov_gene": 7.518615747090497e-14,
    "r2_depth": 0.8046438029935921,
    "r_mono": 0.1436774704567193,
    "cov_cell": null
  },
  "sctransform": {
    "cov_gene": 0.6718413774424644,
    "r2_depth": 0.015153692021554255,
    "r_mono": 0.13607830574357066,
    "cov_cell": null
  },
  "log1pPF": {
    "cov_gene": 4.817117320904696,
    "r2_depth": 0.462072491954476,
    "r_mono": 1,
    "cov_cell": 0.3397833620896894
  },
  "PFlog1pPF": {
    "cov_gene": 11.661231260916539,
    "r2_depth": 0,
    "r_mono": 1,
    "cov_cell": 1.327258276583064e-15
  }
}
