{"ncells": 10985, "ngenes": 60623, "nvals": 4699669, "density": 0.0070571571103864635, "avg_per_cell": 1172.6380518889396, "avg_per_gene": 212.48418916912723, "min_cell": 188, "max_cell": 28784, "total_count": 12881429, "overdispersion": 2.5246422470313186, "raw": {"cov_gene": 122.9668050781199, "cov_cell": 1.436197076727572, "r2_depth": 1, "r_mono": 1}, "PF": {"cov_gene": 79.98860140282184, "cov_cell": 5.307073261482593e-15, "r2_depth": 0, "r_mono": 1}, "log1p": {"cov_gene": 6.631758654125903, "cov_cell": 1.0162105526150418, "r2_depth": 0.9619860566481986, "r_mono": 1}, "sqrt": {"cov_gene": 12.836963587744663, "cov_cell": 1.0299730110566134, "r2_depth": 0.9662906220113174, "r_mono": 1}, "log1pPF": {"cov_gene": 6.3442431996405375, "cov_cell": 0.2219651867753313, "r2_depth": 0.4576623442258977, "r_mono": 1}, "PFlog1pPF": {"cov_gene": 6.81004576889264, "cov_cell": 5.556724735009731e-15, "r2_depth": 0, "r_mono": 1}, "log1pCPM": {"cov_gene": 3.9496302659625044, "cov_cell": 0.6895745234202457, "r2_depth": 0.8684389839260819, "r_mono": 1}, "log1pCP10k": {"cov_gene": 4.761997697111449, "cov_cell": 0.4197115413451816, "r2_depth": 0.6720163555540946, "r_mono": 1}}