{"raw": {"cov_gene": 77.14404085478462, "r2_depth": 1.0, "r_mono": 1.0}, "PF": {"cov_gene": 71.56526809014221, "r2_depth": 0, "r_mono": 1.0}, "sqrt": {"cov_gene": 5.325137553504258, "r2_depth": 0.897809885787396, "r_mono": 1.0}, "log1p": {"cov_gene": 2.2301166495610114, "r2_depth": 0.8870635515999349, "r_mono": 1.0}, "log1pCP10k": {"cov_gene": 1.8146256309126447, "r2_depth": 0.49521748600316373, "r_mono": 1.0}, "log1pCPM": {"cov_gene": 1.1459026861690336, "r2_depth": 0.7507447442661171, "r_mono": 1.0}, "scalelog1pCP10k": {"cov_gene": 2.321805654887605e-14, "r2_depth": 0.41380673576816485, "r_mono": 0.45873777044064035}, "sctransform": {"cov_gene": 0.5065802981431722, "r2_depth": 0.6051577939342714, "r_mono": 0.25132126565559054}, "log1pPF": {"cov_gene": 1.8944324643757706, "r2_depth": 0.47537207168308004, "r_mono": 1.0}, "PFlog1pPF": {"cov_gene": 7.854908774835834, "r2_depth": 0, "r_mono": 1.0}}