{
    "raw": {
        "cov_gene": 100.00391998989343,
        "r2_depth": 1.0,
        "r_mono": 1.0
    },
    "PF": {
        "cov_gene": 97.70282272166102,
        "r2_depth": 0,
        "r_mono": 1.0
    },
    "sqrt": {
        "cov_gene": 10.808111826100184,
        "r2_depth": 0.8771607284349279,
        "r_mono": 1.0
    },
    "log1p": {
        "cov_gene": 3.929496081212841,
        "r2_depth": 0.8608219648464406,
        "r_mono": 1.0
    },
    "log1pCP10k": {
        "cov_gene": 2.6634901437920875,
        "r2_depth": 0.48611481902598663,
        "r_mono": 1.0
    },
    "log1pCPM": {
        "cov_gene": 2.247447007558335,
        "r2_depth": 0.7614028981538529,
        "r_mono": 1.0
    },
    "scalelog1pCP10k": {
        "cov_gene": 1.4034186999345593e-13,
        "r2_depth": 0.5519995271652587,
        "r_mono": 0.311402639381554
    },
    "sctransform": {
        "cov_gene": 0.9506380856683586,
        "r2_depth": 0.04815073434145545,
        "r_mono": 0.23205571678699718
    },
    "log1pPF": {
        "cov_gene": 3.8507634743762127,
        "r2_depth": 0.19544908544093376,
        "r_mono": 1.0
    },
    "PFlog1pPF": {
        "cov_gene": 4.125390331320823,
        "r2_depth": 0,
        "r_mono": 1.0
    },
    "ncells": "9534",
    "ngenes": 14596,
    "avg_per_cell": "2084.71",
    "avg_per_gene": "1361.72",
    "min_cell": "865",
    "max_cell": "9362",
    "overdispersion": "0.56"
}