{"ncells": 12728, "ngenes": 28410, "nvals": 25303738, "density": 0.06997667162017251, "avg_per_cell": 6238.548397234444, "avg_per_gene": 2794.939950721577, "min_cell": 372, "max_cell": 37678, "total_count": 79404244, "overdispersion": 2.804433646772602, "sctransform": {"cov_gene": 1.3435347572307146, "cov_cell": null, "r2_depth": 0.5960363997550573, "r_mono": 0.23255956320688775}, "scalelog1pCP10k": {"cov_gene": 1.801154142323306e-13, "cov_cell": null, "r2_depth": 0.46887548895860975, "r_mono": 0.39050780481171427}, "raw": {"cov_gene": 131.8085789307596, "cov_cell": 0.7186998014014454, "r2_depth": 1, "r_mono": 1}, "PF": {"cov_gene": 109.12035157481724, "cov_cell": 2.521314213315742e-14, "r2_depth": 0, "r_mono": 1}, "log1p": {"cov_gene": 2.869217914785436, "cov_cell": 0.5519324867922532, "r2_depth": 0.9064587168035363, "r_mono": 1}, "sqrt": {"cov_gene": 17.785634596031166, "cov_cell": 0.5522511882079906, "r2_depth": 0.9152452362012004, "r_mono": 1}, "log1pPF": {"cov_gene": 2.662036319966531, "cov_cell": 0.23013100675538972, "r2_depth": 0.3451089918474829, "r_mono": 1}, "PFlog1pPF": {"cov_gene": 2.9993585243763516, "cov_cell": 2.2853897684367576e-14, "r2_depth": 0, "r_mono": 1}, "log1pCPM": {"cov_gene": 1.5572875135207402, "cov_cell": 0.40081588194991974, "r2_depth": 0.7941851403073943, "r_mono": 1}, "log1pCP10k": {"cov_gene": 2.3257504094245682, "cov_cell": 0.2524659170909764, "r2_depth": 0.42862713618379766, "r_mono": 1}}