{
  "ncells": 3826,
  "ngenes": 60623,
  "nvals": 9028074,
  "density": 0.038923574859781214,
  "total_counts": 39963575,
  "overdispersion": 1.6447128805332736,
  "avg_per_cell": 10445.262676424465,
  "avg_per_gene": 659.2147369810139,
  "max_cell": 104611,
  "min_cell": 247,
  "raw": {
    "cov_gene": 99.98695372794737,
    "cov_cell": 1.3261874261283149,
    "r2_depth": 1,
    "r_mono": 1
  },
  "PF": {
    "cov_gene": 146.63978118107698,
    "cov_cell": 3.13266374512512e-14,
    "r2_depth": 0,
    "r_mono": 1
  },
  "sqrt": {
    "cov_gene": 15.324429496292092,
    "cov_cell": 1.1207396935272722,
    "r2_depth": 0.9445615911078168,
    "r_mono": 1
  },
  "log1p": {
    "cov_gene": 4.698133285421151,
    "cov_cell": 1.1163040880718933,
    "r2_depth": 0.9369987341620898,
    "r_mono": 1
  },
  "log1pCP10k": {
    "cov_gene": 4.841383901650142,
    "cov_cell": 0.626391329607007,
    "r2_depth": 0.629128931010551,
    "r_mono": 1
  },
  "log1pCPM": {
    "cov_gene": 2.4899919707206872,
    "cov_cell": 0.9124850782098544,
    "r2_depth": 0.8078221173338043,
    "r_mono": 1
  },
  "log1pPF": {
    "cov_gene": 4.795377252849178,
    "cov_cell": 0.6316316426212454,
    "r2_depth": 0.6312709280089799,
    "r_mono": 1
  },
  "PFlog1pPF": {
    "cov_gene": 7.0584083931025905,
    "cov_cell": 2.897278314562489e-14,
    "r2_depth": 0,
    "r_mono": 1
  }
}
