{
  "ncells": 3844,
  "ngenes": 60623,
  "nvals": 540275,
  "density": 0.0023184304326170804,
  "total_counts": 1151372,
  "overdispersion": 3.2094584944822544,
  "avg_per_cell": 299.52445369406865,
  "avg_per_gene": 18.99232964386454,
  "max_cell": 3340,
  "min_cell": 0,
  "raw": {
    "cov_gene": 158.6343651005101,
    "cov_cell": 0.7044006164721898,
    "r2_depth": 1,
    "r_mono": 1
  },
  "PF": {
    "cov_gene": 159.3619252544466,
    "cov_cell": 0.016131130616527576,
    "r2_depth": 0,
    "r_mono": 1
  },
  "sqrt": {
    "cov_gene": 33.86736558810004,
    "cov_cell": 0.5370524731602311,
    "r2_depth": 0.5555356555336337,
    "r_mono": 1
  },
  "log1p": {
    "cov_gene": 12.254951481196876,
    "cov_cell": 0.5407356221685118,
    "r2_depth": 0.5096624935347471,
    "r_mono": 1
  },
  "log1pCP10k": {
    "cov_gene": 5.50246156297437,
    "cov_cell": 0.4150038650224899,
    "r2_depth": 0.23602759694759856,
    "r_mono": 1
  },
  "log1pCPM": {
    "cov_gene": 4.9557050831194305,
    "cov_cell": 0.4798939234452783,
    "r2_depth": 0.37308144029012325,
    "r_mono": 1
  },
  "log1pPF": {
    "cov_gene": 11.32551935040478,
    "cov_cell": 0.3208678533347673,
    "r2_depth": 0.005202816007555344,
    "r_mono": 1
  },
  "PFlog1pPF": {
    "cov_gene": 85.54650549554364,
    "cov_cell": 0.016131130616527576,
    "r2_depth": 0,
    "r_mono": 1
  }
}
