{
  "ncells": 3867,
  "ngenes": 21939,
  "nvals": 3829116,
  "density": 0.04513438435388114,
  "total_counts": 11682887,
  "overdispersion": 5.14,
  "avg_per_cell": 3021.18,
  "avg_per_gene": 532.52,
  "max_cell": 57894,
  "min_cell": 207,
  "raw": {
    "cov_gene": 96.99907398772177,
    "r2_depth": 1,
    "r_mono": 1,
    "cov_cell": 1.0471884868174126
  },
  "PF": {
    "cov_gene": 128.6921998808382,
    "r2_depth": 0,
    "r_mono": 1,
    "cov_cell": 1.17370478385639e-14
  },
  "sqrt": {
    "cov_gene": 11.842538790352128,
    "r2_depth": 0.84002785367545,
    "r_mono": 1,
    "cov_cell": 0.8241767488789803
  },
  "log1p": {
    "cov_gene": 3.3885781130875903,
    "r2_depth": 0.8188389715439698,
    "r_mono": 1,
    "cov_cell": 0.8187495459583408
  },
  "log1pCP10k": {
    "cov_gene": 2.336944333632999,
    "r2_depth": 0.30319344667803727,
    "r_mono": 1,
    "cov_cell": 0.49541825942335654
  },
  "log1pCPM": {
    "cov_gene": 1.5477006522147334,
    "r2_depth": 0.5993990579262093,
    "r_mono": 1,
    "cov_cell": 0.6343576179350126
  },
  "scalelog1pCP10k": {
    "cov_gene": 5.518855919523413e-14,
    "r2_depth": 0.32836500807630287,
    "r_mono": 0.3146271527117997,
    "cov_cell": null
  },
  "sctransform": {
    "cov_gene": 0.7878938656841042,
    "r2_depth": 0.038703421012142636,
    "r_mono": 0.23426434370273694,
    "cov_cell": null
  },
  "log1pPF": {
    "cov_gene": 3.442290111186306,
    "r2_depth": 0.19823826732913996,
    "r_mono": 1,
    "cov_cell": 0.44877600255729355
  },
  "PFlog1pPF": {
    "cov_gene": 43.56444817140342,
    "r2_depth": 0,
    "r_mono": 1,
    "cov_cell": 1.0293460344100451e-14
  }
}
