{
  "ncells": 4780,
  "ngenes": 60623,
  "nvals": 4520008,
  "density": 0.015598178384455352,
  "total_counts": 10226099,
  "overdispersion": 1.287588339118038,
  "avg_per_cell": 2139.3512552301254,
  "avg_per_gene": 168.6834864655329,
  "max_cell": 37697,
  "min_cell": 500,
  "raw": {
    "cov_gene": 86.62676831672543,
    "cov_cell": 0.9987124283776073,
    "r2_depth": 1,
    "r_mono": 1
  },
  "PF": {
    "cov_gene": 78.8376379153598,
    "cov_cell": 1.4302468820183407e-14,
    "r2_depth": 0,
    "r_mono": 1
  },
  "sqrt": {
    "cov_gene": 7.463546060007673,
    "cov_cell": 0.8411986110440474,
    "r2_depth": 0.9608813510251085,
    "r_mono": 1
  },
  "log1p": {
    "cov_gene": 4.277413227382909,
    "cov_cell": 0.8490767933335515,
    "r2_depth": 0.9589381672774063,
    "r_mono": 1
  },
  "log1pCP10k": {
    "cov_gene": 3.266703139222164,
    "cov_cell": 0.4390419170867547,
    "r2_depth": 0.6023243248846137,
    "r_mono": 1
  },
  "log1pCPM": {
    "cov_gene": 2.6931793465515814,
    "cov_cell": 0.6343547385827498,
    "r2_depth": 0.8454602009222427,
    "r_mono": 1
  },
  "log1pPF": {
    "cov_gene": 4.161840093539261,
    "cov_cell": 0.33550648499133423,
    "r2_depth": 0.40724109470073777,
    "r_mono": 1
  },
  "PFlog1pPF": {
    "cov_gene": 16.537701164932752,
    "cov_cell": 1.2533736135739488e-14,
    "r2_depth": 0,
    "r_mono": 1
  }
}
