{"raw": {"cov_gene": 90.94481230612595, "r2_depth": 1.0, "r_mono": 1.0, "cov_cell": 0.5467632613699839}, "PF": {"cov_gene": 67.4271758629951, "r2_depth": 0, "r_mono": 1.0, "cov_cell": 2.0352094258546292e-14}, "sqrt": {"cov_gene": 7.0412116610480275, "r2_depth": 0.9490670522098827, "r_mono": 1.0, "cov_cell": 0.4328617501263433}, "log1p": {"cov_gene": 2.623393793384767, "r2_depth": 0.9404919546675102, "r_mono": 1.0, "cov_cell": 0.4292983929137662}, "log1pCP10k": {"cov_gene": 1.9443286702325226, "r2_depth": 0.6199571008879066, "r_mono": 1.0, "cov_cell": 0.1980497284609591}, "log1pCPM": {"cov_gene": 1.5753662364531948, "r2_depth": 0.8510859558725724, "r_mono": 1.0, "cov_cell": 0.3215463959791873}, "scalelog1pCP10k": {"cov_gene": 1.3573925644012538e-13, "r2_depth": 0.3904635479761398, "r_mono": 0.355726234461356, "cov_cell": null}, "sctransform": {"cov_gene": 0.4728798711037194, "r2_depth": 0.486629784032506, "r_mono": 0.2413467061547406, "cov_cell": null}, "log1pPF": {"cov_gene": 2.2155837125735838, "r2_depth": 0.5122238116597432, "r_mono": 1.0, "cov_cell": 0.16315700604776673}, "PFlog1pPF": {"cov_gene": 2.4358830665327305, "r2_depth": 0, "r_mono": 1.0, "cov_cell": 1.2043238721573205e-14}, "ncells": 9653, "ngenes": 24569, "avg_per_cell": 4822.63, "avg_per_gene": 1894.78, "min_cell": 480.0, "max_cell": 25115.0, "overdispersion": 0.77, "total_count": 46552869, "nvals": 14009675, "sparsity": 0.0590715374051444}