{"raw": {"cov_gene": 29.622571590572637, "r2_depth": 1.0, "r_mono": 1.0}, "PF": {"cov_gene": 56.930906790207366, "r2_depth": 0, "r_mono": 1.0}, "sqrt": {"cov_gene": 6.491257514294341, "r2_depth": 0.9367251812749793, "r_mono": 1.0}, "log1p": {"cov_gene": 3.74458541131881, "r2_depth": 0.9250916290928444, "r_mono": 1.0}, "log1pCP10k": {"cov_gene": 2.4587529458295148, "r2_depth": 0.42720194126159583, "r_mono": 1.0}, "log1pCPM": {"cov_gene": 1.9132701195748443, "r2_depth": 0.7570709924151666, "r_mono": 1.0}, "scalelog1pCP10k": {"cov_gene": 2.1554146342310458e-13, "r2_depth": 0.4123782367590155, "r_mono": 0.26939812717069567}, "sctransform": {"cov_gene": 0.8127660260195241, "r2_depth": 0.45677431976932414, "r_mono": 0.19911235656519619}, "log1pPF": {"cov_gene": 3.160570547878544, "r2_depth": 0.2771321420688104, "r_mono": 1.0}, "PFlog1pPF": {"cov_gene": 3.421403035487978, "r2_depth": 0, "r_mono": 1.0}}