{"raw": {"cov_gene": 61.19161131354048, "r2_depth": 1.0, "r_mono": 1.0, "cov_cell": 1.6990584885303865}, "PF": {"cov_gene": 68.39236270651821, "r2_depth": 0, "r_mono": 1.0, "cov_cell": 1.494533765957628e-14}, "sqrt": {"cov_gene": 11.27010634585112, "r2_depth": 0.9216375010473082, "r_mono": 1.0, "cov_cell": 1.438798124945594}, "log1p": {"cov_gene": 4.080890516847303, "r2_depth": 0.9132069681573346, "r_mono": 1.0, "cov_cell": 1.4397955718113797}, "log1pCP10k": {"cov_gene": 3.056165451557859, "r2_depth": 0.597956375093356, "r_mono": 1.0, "cov_cell": 0.8563649975936038}, "log1pCPM": {"cov_gene": 1.8738916255608207, "r2_depth": 0.804899748491811, "r_mono": 1.0, "cov_cell": 1.154801796352598}, "scalelog1pCP10k": {"cov_gene": 1.164627637942869e-13, "r2_depth": 0.5210975127137446, "r_mono": 0.22985012311915531, "cov_cell": null}, "sctransform": {"cov_gene": 1.0234961566999785, "r2_depth": 0.48128147898004614, "r_mono": 0.1728783905832381, "cov_cell": null}, "log1pPF": {"cov_gene": 4.356338138767416, "r2_depth": 0.43702954769844904, "r_mono": 1.0, "cov_cell": 0.6662325646342723}, "PFlog1pPF": {"cov_gene": 12.813163340402095, "r2_depth": 0, "r_mono": 1.0, "cov_cell": 1.0699249248914433e-14}, "ncells": 7740, "ngenes": 22157, "avg_per_cell": 2128.04, "avg_per_gene": 743.38, "min_cell": 63.0, "max_cell": 32541.0, "overdispersion": 13.74, "total_count": 16470993, "nvals": 5150192, "sparsity": 0.030031118075738338}