{"raw": {"cov_gene": 61.19161131354048, "r2_depth": 1.0, "r_mono": 1.0}, "PF": {"cov_gene": 68.39236270651821, "r2_depth": 0, "r_mono": 1.0}, "sqrt": {"cov_gene": 11.27010634585112, "r2_depth": 0.9216375010473082, "r_mono": 1.0}, "log1p": {"cov_gene": 4.080890516847303, "r2_depth": 0.9132069681573346, "r_mono": 1.0}, "log1pCP10k": {"cov_gene": 3.056165451557859, "r2_depth": 0.597956375093356, "r_mono": 1.0}, "log1pCPM": {"cov_gene": 1.8738916255608207, "r2_depth": 0.804899748491811, "r_mono": 1.0}, "scalelog1pCP10k": {"cov_gene": 1.164627637942869e-13, "r2_depth": 0.5210975127137446, "r_mono": 0.22985012311915531}, "sctransform": {"cov_gene": 1.0234961566999785, "r2_depth": 0.48128147898004614, "r_mono": 0.1728783905832381}, "log1pPF": {"cov_gene": 4.356338138767416, "r2_depth": 0.43702954769844904, "r_mono": 1.0}, "PFlog1pPF": {"cov_gene": 12.813163340402095, "r2_depth": 0, "r_mono": 1.0}}