{"ncells": 5535, "ngenes": 60623, "nvals": 2041495, "density": 0.006084056958654582, "avg_per_cell": 918.1324299909666, "avg_per_gene": 83.82730976692015, "min_cell": 69, "max_cell": 9871, "total_count": 5081863, "overdispersion": 3.7714256792729195, "log1pCP10k": {"cov_gene": 4.789233988934664, "cov_cell": 0.7577132439146755, "r2_depth": 0.7459516275623383, "r_mono": 1}, "log1pPF": {"cov_gene": 8.422031348168238, "cov_cell": 0.5200819747603095, "r2_depth": 0.48686147756293974, "r_mono": 1}, "log1pCPM": {"cov_gene": 3.5982001037778306, "cov_cell": 0.9617636451698041, "r2_depth": 0.8724990162241799, "r_mono": 1}, "PFlog1pPF": {"cov_gene": 34.16198017838047, "cov_cell": 6.686377534196062e-15, "r2_depth": 0, "r_mono": 1}, "log1p": {"cov_gene": 8.462134774994048, "cov_cell": 1.1290286031185575, "r2_depth": 0.9272456451879295, "r_mono": 1}, "PF": {"cov_gene": 148.71889389446403, "cov_cell": 8.483673545851445e-15, "r2_depth": 0, "r_mono": 1}, "raw": {"cov_gene": 180.69108755048933, "cov_cell": 1.223660644071559, "r2_depth": 1, "r_mono": 1}, "sqrt": {"cov_gene": 27.104900827637692, "cov_cell": 1.1228766903611451, "r2_depth": 0.9316250919835113, "r_mono": 1}}