{"ncells": 5535, "ngenes": 23575, "nvals": 2022913, "density": 0.015502719127580106, "avg_per_cell": 914.6455284552845, "avg_per_gene": 214.74286320254507, "min_cell": 67, "max_cell": 9853, "total_count": 5062563, "overdispersion": 3.771425679272915, "sctransform": {"cov_gene": 1.0102836617456832, "cov_cell": null, "r2_depth": 0.17896970393146272, "r_mono": 0.15708387978518862}, "scalelog1pCP10k": {"cov_gene": 8.332367898297119e-14, "cov_cell": null, "r2_depth": 0.6956648804626904, "r_mono": 0.17932059214786805}, "raw": {"cov_gene": 112.6800827702516, "cov_cell": 1.2243706527934877, "r2_depth": 1, "r_mono": 1}, "PF": {"cov_gene": 92.6377654829154, "cov_cell": 8.248378658207786e-15, "r2_depth": 0, "r_mono": 1}, "log1p": {"cov_gene": 5.2544106406382145, "cov_cell": 1.1290050141304628, "r2_depth": 0.9271178708045753, "r_mono": 1}, "sqrt": {"cov_gene": 16.98036867798416, "cov_cell": 1.1228032278070017, "r2_depth": 0.9315551385767152, "r_mono": 1}, "log1pPF": {"cov_gene": 5.229882702393933, "cov_cell": 0.5199009175930839, "r2_depth": 0.48722899015671817, "r_mono": 1}, "PFlog1pPF": {"cov_gene": 21.332152713678543, "cov_cell": 6.716945903636612e-15, "r2_depth": 0, "r_mono": 1}, "log1pCPM": {"cov_gene": 2.128358566879948, "cov_cell": 0.9614832826688151, "r2_depth": 0.8724773285872384, "r_mono": 1}, "log1pCP10k": {"cov_gene": 2.909280898638069, "cov_cell": 0.7578498913958941, "r2_depth": 0.7462610732545016, "r_mono": 1}}