{
  "ncells": 8094,
  "ngenes": 60623,
  "nvals": 14819582,
  "density": 0.030201974041213227,
  "total_counts": 56420966,
  "overdispersion": 2.928319378710266,
  "avg_per_cell": 6970.714850506548,
  "avg_per_gene": 930.6858123154578,
  "max_cell": 62110,
  "min_cell": 134,
  "raw": {
    "cov_gene": 136.02414055294844,
    "cov_cell": 1.0401010758281253,
    "r2_depth": 1,
    "r_mono": 1
  },
  "PF": {
    "cov_gene": 88.10166698039303,
    "cov_cell": 2.657003688225397e-14,
    "r2_depth": 0,
    "r_mono": 1
  },
  "sqrt": {
    "cov_gene": 19.0158984918669,
    "cov_cell": 0.8209443625514858,
    "r2_depth": 0.9020342613545974,
    "r_mono": 1
  },
  "log1p": {
    "cov_gene": 5.015518784394635,
    "cov_cell": 0.816317389787607,
    "r2_depth": 0.8927731342468329,
    "r_mono": 1
  },
  "log1pCP10k": {
    "cov_gene": 4.2977661585641505,
    "cov_cell": 0.4590331170500669,
    "r2_depth": 0.47529641478733675,
    "r_mono": 1
  },
  "log1pCPM": {
    "cov_gene": 2.593209722743118,
    "cov_cell": 0.6470738212367703,
    "r2_depth": 0.759387842883984,
    "r_mono": 1
  },
  "log1pPF": {
    "cov_gene": 4.7331033524060055,
    "cov_cell": 0.433745144597767,
    "r2_depth": 0.43776953846392463,
    "r_mono": 1
  },
  "PFlog1pPF": {
    "cov_gene": 8.914487304272328,
    "cov_cell": 2.2619807162464328e-14,
    "r2_depth": 0,
    "r_mono": 1
  }
}
