{
  "ncells": 6062,
  "ngenes": 26283,
  "nvals": 11996599,
  "density": 0.07529519722848176,
  "total_counts": 29434718,
  "overdispersion": 0.41,
  "avg_per_cell": 4855.61,
  "avg_per_gene": 1119.91,
  "max_cell": 37752,
  "min_cell": 2727,
  "raw": {
    "cov_gene": 90.93391754138558,
    "r2_depth": 1,
    "r_mono": 1,
    "cov_cell": 0.4817247625994659
  },
  "PF": {
    "cov_gene": 44.268958702590716,
    "r2_depth": 0,
    "r_mono": 1,
    "cov_cell": 2.4870776640173898e-14
  },
  "sqrt": {
    "cov_gene": 2.560037207576369,
    "r2_depth": 0.9610835501215433,
    "r_mono": 1,
    "cov_cell": 0.357150589533548
  },
  "log1p": {
    "cov_gene": 2.0467248081029865,
    "r2_depth": 0.9576975295931898,
    "r_mono": 1,
    "cov_cell": 0.3551915771180471
  },
  "log1pCP10k": {
    "cov_gene": 1.7385443418041941,
    "r2_depth": 0.6876298297021772,
    "r_mono": 1,
    "cov_cell": 0.10878605232886526
  },
  "log1pCPM": {
    "cov_gene": 1.4163139968132223,
    "r2_depth": 0.8874465850511073,
    "r_mono": 1,
    "cov_cell": 0.23431178202697533
  },
  "scalelog1pCP10k": {
    "cov_gene": 8.221258904339675e-14,
    "r2_depth": 0.5820027781656532,
    "r_mono": 0.4036749366828904,
    "cov_cell": null
  },
  "sctransform": {
    "cov_gene": 0.5936136534234653,
    "r2_depth": 0.4032619170955162,
    "r_mono": 0.24603569793590585,
    "cov_cell": null
  },
  "log1pPF": {
    "cov_gene": 1.9911370368927976,
    "r2_depth": 0.5796182747798456,
    "r_mono": 1,
    "cov_cell": 0.08234355485626917
  },
  "PFlog1pPF": {
    "cov_gene": 2.0060195737028246,
    "r2_depth": 0,
    "r_mono": 1,
    "cov_cell": 1.9113386909511734e-14
  }
}
