{
  "ncells": 2518,
  "ngenes": 28875,
  "nvals": 12912978,
  "density": 0.17760234364523483,
  "total_counts": 72467673,
  "overdispersion": 1.63,
  "avg_per_cell": 28779.85,
  "avg_per_gene": 2509.7,
  "max_cell": 159445,
  "min_cell": 1091,
  "raw": {
    "cov_gene": 81.77871500890707,
    "r2_depth": 1,
    "r_mono": 1,
    "cov_cell": 0.8212596191417422
  },
  "PF": {
    "cov_gene": 60.37544795069754,
    "r2_depth": 0,
    "r_mono": 1,
    "cov_cell": 5.804277038358293e-14
  },
  "sqrt": {
    "cov_gene": 10.088870053194348,
    "r2_depth": 0.9239149453511482,
    "r_mono": 1,
    "cov_cell": 0.626940828344447
  },
  "log1p": {
    "cov_gene": 1.8950019976923536,
    "r2_depth": 0.910143198641097,
    "r_mono": 1,
    "cov_cell": 0.6248369903929268
  },
  "log1pCP10k": {
    "cov_gene": 2.559186738124508,
    "r2_depth": 0.28725400359599096,
    "r_mono": 1,
    "cov_cell": 0.30276671401065686
  },
  "log1pCPM": {
    "cov_gene": 1.0953736364909306,
    "r2_depth": 0.6545078482814164,
    "r_mono": 1,
    "cov_cell": 0.42295944599803664
  },
  "scalelog1pCP10k": {
    "cov_gene": 3.360348085685599e-14,
    "r2_depth": 0.20880122819537417,
    "r_mono": 0.5163612295258615,
    "cov_cell": null
  },
  "sctransform": {
    "cov_gene": 0.9075131708187004,
    "r2_depth": 0.3504958848283868,
    "r_mono": 0.19017548379980226,
    "cov_cell": null
  },
  "log1pPF": {
    "cov_gene": 1.717339554624769,
    "r2_depth": 0.3878780298357358,
    "r_mono": 1,
    "cov_cell": 0.332265184153723
  },
  "PFlog1pPF": {
    "cov_gene": 21.66057339144566,
    "r2_depth": 0,
    "r_mono": 1,
    "cov_cell": 3.1084113710573096e-14
  }
}
