{"raw": {"cov_gene": 13.200531995970012, "r2_depth": 1.0, "r_mono": 1.0}, "PF": {"cov_gene": 8.398569145217607, "r2_depth": 0, "r_mono": 1.0}, "sqrt": {"cov_gene": 3.7464706437259063, "r2_depth": 0.9618940054276433, "r_mono": 1.0}, "log1p": {"cov_gene": 3.580379505054886, "r2_depth": 0.9582892975488742, "r_mono": 1.0}, "log1pCP10k": {"cov_gene": 2.221282204278897, "r2_depth": 0.7766189912533389, "r_mono": 1.0}, "log1pCPM": {"cov_gene": 2.111791639191608, "r2_depth": 0.8463698211188267, "r_mono": 1.0}, "scalelog1pCP10k": {"cov_gene": 5.677063728565062e-14, "r2_depth": 0.7209723816118893, "r_mono": 0.2666835051646402}, "sctransform": {"cov_gene": 0.7979438077931279, "r2_depth": 0.002257102062328653, "r_mono": 0.225987869557954}, "log1pPF": {"cov_gene": 3.2867347860828153, "r2_depth": 0.30965509200293817, "r_mono": 1.0}, "PFlog1pPF": {"cov_gene": 3.456138294952386, "r2_depth": 0, "r_mono": 1.0}}