{"raw": {"cov_gene": 73.20924407825376, "r2_depth": 1.0, "r_mono": 1.0, "cov_cell": 1.018702653074631}, "PF": {"cov_gene": 89.83557348892546, "r2_depth": 0, "r_mono": 1.0, "cov_cell": 5.9661784048876344e-15}, "sqrt": {"cov_gene": 10.718361742275746, "r2_depth": 0.9352082195338786, "r_mono": 1.0, "cov_cell": 0.8668080165437237}, "log1p": {"cov_gene": 4.806783530987834, "r2_depth": 0.9292700734486548, "r_mono": 1.0, "cov_cell": 0.8702481394978872}, "log1pCP10k": {"cov_gene": 2.6639936223920637, "r2_depth": 0.7435471293108759, "r_mono": 1.0, "cov_cell": 0.5423616448713421}, "log1pCPM": {"cov_gene": 2.1822608962294234, "r2_depth": 0.8645474730227933, "r_mono": 1.0, "cov_cell": 0.6969247678339114}, "scalelog1pCP10k": {"cov_gene": 1.7579818349019294e-13, "r2_depth": 0.6794265357720778, "r_mono": 0.21586199499801692, "cov_cell": null}, "sctransform": {"cov_gene": 0.9306483545785154, "r2_depth": 0.23963344485306126, "r_mono": 0.17383396280798183, "cov_cell": null}, "log1pPF": {"cov_gene": 4.388604770909632, "r2_depth": 0.38500714903776934, "r_mono": 1.0, "cov_cell": 0.33158478009483866}, "PFlog1pPF": {"cov_gene": 41.44333168745631, "r2_depth": 0, "r_mono": 1.0, "cov_cell": 4.402459774849331e-15}, "ncells": 12140, "ngenes": 17677, "avg_per_cell": 671.81, "avg_per_gene": 461.38, "min_cell": 81.0, "max_cell": 5675.0, "overdispersion": 10.32, "total_count": 8155748, "nvals": 4145816, "sparsity": 0.01931891691089763}