{
    "raw": {
        "cov_gene": 73.20924407825376,
        "r2_depth": 1.0,
        "r_mono": 1.0
    },
    "PF": {
        "cov_gene": 89.83557348892546,
        "r2_depth": 0,
        "r_mono": 1.0
    },
    "sqrt": {
        "cov_gene": 10.718361742275746,
        "r2_depth": 0.9352082195338786,
        "r_mono": 1.0
    },
    "log1p": {
        "cov_gene": 4.806783530987834,
        "r2_depth": 0.9292700734486548,
        "r_mono": 1.0
    },
    "log1pCP10k": {
        "cov_gene": 2.6639936223920637,
        "r2_depth": 0.7435471293108759,
        "r_mono": 1.0
    },
    "log1pCPM": {
        "cov_gene": 2.1822608962294234,
        "r2_depth": 0.8645474730227933,
        "r_mono": 1.0
    },
    "scalelog1pCP10k": {
        "cov_gene": 1.7579818349019294e-13,
        "r2_depth": 0.6794265357720778,
        "r_mono": 0.21586199499801692
    },
    "sctransform": {
        "cov_gene": 0.9306483545785154,
        "r2_depth": 0.23963344485306126,
        "r_mono": 0.17383396280798183
    },
    "log1pPF": {
        "cov_gene": 4.388604770909632,
        "r2_depth": 0.38500714903776934,
        "r_mono": 1.0
    },
    "PFlog1pPF": {
        "cov_gene": 41.44333168745631,
        "r2_depth": 0,
        "r_mono": 1.0
    },
    "ncells": 12140,
    "ngenes": 17677,
    "avg_per_cell": 671.81,
    "avg_per_gene": 461.38,
    "min_cell": 81.0,
    "max_cell": 5675.0,
    "overdispersion": 10.32
}