{"ncells": 4801, "ngenes": 21819, "nvals": 2038521, "density": 0.019460260138182747, "avg_per_cell": 990.3540928973131, "avg_per_gene": 217.9151198496723, "min_cell": 357, "max_cell": 4639, "total_count": 4754690, "overdispersion": 1.0035470289693966, "sctransform": {"cov_gene": 0.7724760940222334, "cov_cell": null, "r2_depth": 0.009789159859966423, "r_mono": 0.1940881177047692}, "scalelog1pCP10k": {"cov_gene": 6.990049358919726e-14, "cov_cell": null, "r2_depth": 0.46019358435993696, "r_mono": 0.22480204017356298}, "raw": {"cov_gene": 88.35635625488726, "cov_cell": 0.5035701348883785, "r2_depth": 1, "r_mono": 1}, "PF": {"cov_gene": 78.22191459405147, "cov_cell": 6.609147750108313e-15, "r2_depth": 0, "r_mono": 1}, "log1p": {"cov_gene": 4.446483495081252, "cov_cell": 0.45875735998404615, "r2_depth": 0.8575868843468802, "r_mono": 1}, "sqrt": {"cov_gene": 9.047112110676697, "cov_cell": 0.4577618597687056, "r2_depth": 0.8697278239116829, "r_mono": 1}, "log1pPF": {"cov_gene": 4.290610534234035, "cov_cell": 0.18030283025261007, "r2_depth": 0.268503502396514, "r_mono": 1}, "PFlog1pPF": {"cov_gene": 5.440366642476512, "cov_cell": 5.387764375301871e-15, "r2_depth": 0, "r_mono": 1}, "log1pCPM": {"cov_gene": 2.002512739661345, "cov_cell": 0.3858371408169153, "r2_depth": 0.7629820466971733, "r_mono": 1}, "log1pCP10k": {"cov_gene": 2.3729076879857174, "cov_cell": 0.2839535881307335, "r2_depth": 0.6169371595205557, "r_mono": 1}}