{"ncells": 10809, "ngenes": 22980, "nvals": 5448715, "density": 0.021936056251998362, "avg_per_cell": 1185.6921084281616, "avg_per_gene": 557.7087032201915, "min_cell": 244, "max_cell": 29317, "total_count": 12816146, "overdispersion": 1.1407712478534697, "raw": {"cov_gene": 30.549291227268373, "cov_cell": 1.189773813509193, "r2_depth": 1, "r_mono": 1}, "PF": {"cov_gene": 46.21599318254392, "cov_cell": 5.856859421276121e-15, "r2_depth": 0, "r_mono": 1}, "log1p": {"cov_gene": 4.188360654571732, "cov_cell": 0.7822923803685496, "r2_depth": 0.923375085197741, "r_mono": 1}, "sqrt": {"cov_gene": 5.179193082646687, "cov_cell": 0.8015702538434207, "r2_depth": 0.9348847123137528, "r_mono": 1}, "log1pPF": {"cov_gene": 3.5383156668224647, "cov_cell": 0.18096448441179114, "r2_depth": 0.37593848293348797, "r_mono": 1}, "PFlog1pPF": {"cov_gene": 3.767395366700935, "cov_cell": 7.0368123979426314e-15, "r2_depth": 0, "r_mono": 1}, "log1pCPM": {"cov_gene": 2.0916041668496614, "cov_cell": 0.5408994967383394, "r2_depth": 0.8029114876969803, "r_mono": 1}, "log1pCP10k": {"cov_gene": 2.5181347445010878, "cov_cell": 0.33892518296142427, "r2_depth": 0.595309517027823, "r_mono": 1}, "sctransform": {"cov_gene": 0.5680423818225706, "cov_cell": null, "r2_depth": 0.4289404548280953, "r_mono": 0.16875358595227105}, "scalelog1pCP10k": {"cov_gene": 1.5693504014377907e-13, "cov_cell": null, "r2_depth": 0.5362173408648888, "r_mono": 0.226175841823902}}