{
  "ncells": 563,
  "ngenes": 60623,
  "nvals": 154210,
  "density": 0.0045182131807303735,
  "total_counts": 707731,
  "overdispersion": 5.935440954929447,
  "avg_per_cell": 1257.0710479573713,
  "avg_per_gene": 11.67429853355987,
  "max_cell": 87451,
  "min_cell": 457,
  "raw": {
    "cov_gene": 151.13617419329663,
    "cov_cell": 3.560799150573463,
    "r2_depth": 1,
    "r_mono": 1
  },
  "PF": {
    "cov_gene": 111.90352415523502,
    "cov_cell": 1.1249532101465134e-14,
    "r2_depth": 0,
    "r_mono": 1
  },
  "sqrt": {
    "cov_gene": 26.196237677181994,
    "cov_cell": 2.729864007452917,
    "r2_depth": 0.9135425072384586,
    "r_mono": 1
  },
  "log1p": {
    "cov_gene": 4.847188908216555,
    "cov_cell": 2.8288679768186,
    "r2_depth": 0.8995665123404581,
    "r_mono": 1
  },
  "log1pCP10k": {
    "cov_gene": 4.6744444879834575,
    "cov_cell": 0.6851919107055955,
    "r2_depth": 0.2887998435997552,
    "r_mono": 1
  },
  "log1pCPM": {
    "cov_gene": 4.057212115698238,
    "cov_cell": 1.3716378541427345,
    "r2_depth": 0.6364027149614837,
    "r_mono": 1
  },
  "log1pPF": {
    "cov_gene": 5.353366238815561,
    "cov_cell": 0.3897172346260947,
    "r2_depth": 0.14233417028069928,
    "r_mono": 1
  },
  "PFlog1pPF": {
    "cov_gene": 9.217356827278179,
    "cov_cell": 5.9669543865990326e-15,
    "r2_depth": 0,
    "r_mono": 1
  }
}
