{"raw": {"cov_gene": 33.81115805054594, "r2_depth": 1.0, "r_mono": 1.0}, "PF": {"cov_gene": 83.61407555164946, "r2_depth": 0, "r_mono": 1.0}, "sqrt": {"cov_gene": 5.019655220442213, "r2_depth": 0.9528081962206689, "r_mono": 1.0}, "log1p": {"cov_gene": 3.4389058592402564, "r2_depth": 0.9478044248147421, "r_mono": 1.0}, "log1pCP10k": {"cov_gene": 2.322447806076344, "r2_depth": 0.6279224207079981, "r_mono": 1.0}, "log1pCPM": {"cov_gene": 1.799411704403286, "r2_depth": 0.8410062240905293, "r_mono": 1.0}, "scalelog1pCP10k": {"cov_gene": 1.8361398939907253e-13, "r2_depth": 0.6296604979805713, "r_mono": 0.28962481730317263}, "sctransform": {"cov_gene": 0.5659403901037159, "r2_depth": 0.43781396426933084, "r_mono": 0.20833450084226057}, "log1pPF": {"cov_gene": 3.0044668866667985, "r2_depth": 0.46671412836140125, "r_mono": 1.0}, "PFlog1pPF": {"cov_gene": 12.822014049437827, "r2_depth": 0, "r_mono": 1.0}}