{"ncells": 3505, "ngenes": 60623, "nvals": 15041956, "avg_per_cell": 24238.259058487874, "avg_per_gene": 1401.3674348019729, "min_cell": 7075, "max_cell": 82522, "total_count": 84955098, "overdispersion": 0.9821439540618178, "raw": {"cov_gene": 104.78969663555462, "cov_cell": 0.5050111916660471, "r2_depth": 1.0, "r_mono": 1}, "PF": {"cov_gene": 108.28122298659316, "cov_cell": 4.016065136051774e-14, "r2_depth": 0, "r_mono": 1}, "log1p": {"cov_gene": 3.0461380913751666, "cov_cell": 0.3725225767294344, "r2_depth": 0.950382590752722, "r_mono": 1}, "log1pPF": {"cov_gene": 2.960471526303106, "cov_cell": 0.1340292013188668, "r2_depth": 0.5452474181833614, "r_mono": 1}, "PFlog1pPF": {"cov_gene": 5.653970192828961, "cov_cell": 2.921215269629599e-14, "r2_depth": 0, "r_mono": 1}, "log1pCPM": {"cov_gene": 2.1761097525116777, "cov_cell": 0.2246975918019026, "r2_depth": 0.8108054710773344, "r_mono": 1}, "log1pCP10k": {"cov_gene": 3.9451826380387716, "cov_cell": 0.11209706040846816, "r2_depth": 0.4032757225237614, "r_mono": 1}, "sqrt": {"cov_gene": 7.9296341086185675, "cov_cell": 0.3768683638072752, "r2_depth": 0.9598770323135223, "r_mono": 1}, "density": 0.07079113370694488}