{"raw": {"cov_gene": 70.45199362821084, "r2_depth": 1.0, "r_mono": 1.0}, "PF": {"cov_gene": 72.79159266699543, "r2_depth": 0, "r_mono": 1.0}, "sqrt": {"cov_gene": 5.28495449983557, "r2_depth": 0.9599328578827457, "r_mono": 1.0}, "log1p": {"cov_gene": 1.9122308503806853, "r2_depth": 0.9504398520733804, "r_mono": 1.0}, "log1pCP10k": {"cov_gene": 2.549832563418334, "r2_depth": 0.4043920235522097, "r_mono": 1.0}, "log1pCPM": {"cov_gene": 1.26694495449301, "r2_depth": 0.8112217196162372, "r_mono": 1.0}, "scalelog1pCP10k": {"cov_gene": 4.694120655118826e-14, "r2_depth": 0.13610525162693254, "r_mono": 0.4639024566526625}, "sctransform": {"cov_gene": 1.3768846947377194, "r2_depth": 0.3470452906241319, "r_mono": 0.10903158836827181}, "log1pPF": {"cov_gene": 1.851039894519621, "r2_depth": 0.5462081670298161, "r_mono": 1.0}, "PFlog1pPF": {"cov_gene": 3.7303784178869295, "r2_depth": 0, "r_mono": 1.0}}