{"raw": {"cov_gene": 70.45199362821084, "r2_depth": 1.0, "r_mono": 1.0, "cov_cell": 0.5050753660817634}, "PF": {"cov_gene": 72.79159266699543, "r2_depth": 0, "r_mono": 1.0, "cov_cell": 4.608300289123382e-14}, "sqrt": {"cov_gene": 5.28495449983557, "r2_depth": 0.9599328578827457, "r_mono": 1.0, "cov_cell": 0.37693598999976463}, "log1p": {"cov_gene": 1.9122308503806853, "r2_depth": 0.9504398520733804, "r_mono": 1.0, "cov_cell": 0.3725847555317743}, "log1pCP10k": {"cov_gene": 2.549832563418334, "r2_depth": 0.4043920235522097, "r_mono": 1.0, "cov_cell": 0.11216141492451773}, "log1pCPM": {"cov_gene": 1.26694495449301, "r2_depth": 0.8112217196162372, "r_mono": 1.0, "cov_cell": 0.22471599502142833}, "scalelog1pCP10k": {"cov_gene": 4.694120655118826e-14, "r2_depth": 0.13610525162693254, "r_mono": 0.4639024566526625, "cov_cell": null}, "sctransform": {"cov_gene": 1.3768846947377194, "r2_depth": 0.3470452906241319, "r_mono": 0.10903158836827181, "cov_cell": null}, "log1pPF": {"cov_gene": 1.851039894519621, "r2_depth": 0.5462081670298161, "r_mono": 1.0, "cov_cell": 0.1340955473245491}, "PFlog1pPF": {"cov_gene": 3.7303784178869295, "r2_depth": 0, "r_mono": 1.0, "cov_cell": 2.8250113939319628e-14}, "ncells": 3505, "ngenes": 27405, "avg_per_cell": 24232.21, "avg_per_gene": 3099.21, "min_cell": 7072.0, "max_cell": 82510.0, "overdispersion": 0.98, "total_count": 84933885, "nvals": 15021832, "density": 0.156388592833081}