{
  "ncells": 7125,
  "ngenes": 60623,
  "nvals": 10194932,
  "density": 0.023602719250495802,
  "total_counts": 50617545,
  "overdispersion": 9.020612228560855,
  "avg_per_cell": 7104.216842105263,
  "avg_per_gene": 834.9561222638273,
  "max_cell": 87686,
  "min_cell": 60,
  "raw": {
    "cov_gene": 84.8455390391718,
    "cov_cell": 1.6299643740736258,
    "r2_depth": 1,
    "r_mono": 1
  },
  "PF": {
    "cov_gene": 65.47451649450466,
    "cov_cell": 2.322253723070394e-14,
    "r2_depth": 0,
    "r_mono": 1
  },
  "sqrt": {
    "cov_gene": 10.877150327360031,
    "cov_cell": 1.4212054701803563,
    "r2_depth": 0.9513539104856362,
    "r_mono": 1
  },
  "log1p": {
    "cov_gene": 5.261295298432606,
    "cov_cell": 1.4162978895739933,
    "r2_depth": 0.9431797379420728,
    "r_mono": 1
  },
  "log1pCP10k": {
    "cov_gene": 5.847884539519882,
    "cov_cell": 0.8990436507604256,
    "r2_depth": 0.5570626216367475,
    "r_mono": 1
  },
  "log1pCPM": {
    "cov_gene": 2.872532009441112,
    "cov_cell": 1.1535771852580012,
    "r2_depth": 0.7956610121370307,
    "r_mono": 1
  },
  "log1pPF": {
    "cov_gene": 6.475263585829908,
    "cov_cell": 0.868842109089324,
    "r2_depth": 0.5328278313010135,
    "r_mono": 1
  },
  "PFlog1pPF": {
    "cov_gene": 28.802939425772,
    "cov_cell": 1.5819559464514748e-14,
    "r2_depth": 0,
    "r_mono": 1
  }
}
