{
  "ncells": 266,
  "ngenes": 13506,
  "nvals": 417081,
  "density": 0.11609460122986275,
  "total_counts": 2018483,
  "overdispersion": 0.2671175785950006,
  "avg_per_cell": 7588.2819548872185,
  "avg_per_gene": 149.45083666518585,
  "max_cell": 26369,
  "min_cell": 2802,
  "raw": {
    "cov_gene": 72.51591829954725,
    "cov_cell": 0.4464938178457862,
    "r2_depth": 1,
    "r_mono": 1
  },
  "PF": {
    "cov_gene": 49.864539660358396,
    "cov_cell": 1.4931262251831518e-14,
    "r2_depth": 0,
    "r_mono": 1
  },
  "sqrt": {
    "cov_gene": 3.863759104160645,
    "cov_cell": 0.3123085294923528,
    "r2_depth": 0.9199667622614918,
    "r_mono": 1
  },
  "log1p": {
    "cov_gene": 1.3867571422118465,
    "cov_cell": 0.3047459218596908,
    "r2_depth": 0.9000270190800064,
    "r_mono": 1
  },
  "log1pCP10k": {
    "cov_gene": 1.2592470034901526,
    "cov_cell": 0.1103481815179965,
    "r2_depth": 0.36822889256649016,
    "r_mono": 1
  },
  "log1pCPM": {
    "cov_gene": 0.8615105833833571,
    "cov_cell": 0.21163600320939363,
    "r2_depth": 0.7582663886865828,
    "r_mono": 1
  },
  "scalelog1pCP10k": {
    "cov_gene": 3.719189406465725e-15,
    "cov_cell": null,
    "r2_depth": 0.32507486162754773,
    "r_mono": 0.5017589923459265
  },
  "sctransform": {
    "cov_gene": 0.7584933448716418,
    "cov_cell": null,
    "r2_depth": 0.16566558395590492,
    "r_mono": 0.41495736021795737
  },
  "log1pPF": {
    "cov_gene": 1.3469830402895753,
    "cov_cell": 0.1030525873737217,
    "r2_depth": 0.3135126693415732,
    "r_mono": 1
  },
  "PFlog1pPF": {
    "cov_gene": 1.3667400867072756,
    "cov_cell": 1.4037570158222486e-14,
    "r2_depth": 0,
    "r_mono": 1
  }
}
