{
  "ncells": 5289,
  "ngenes": 60623,
  "nvals": 10626705,
  "density": 0.03314268075005537,
  "total_counts": 33914538,
  "overdispersion": 1.2296231702140108,
  "avg_per_cell": 6412.277935337493,
  "avg_per_gene": 559.4335153324646,
  "max_cell": 69569,
  "min_cell": 573,
  "raw": {
    "cov_gene": 52.72593376525624,
    "cov_cell": 0.9324644227454044,
    "r2_depth": 1,
    "r_mono": 1
  },
  "PF": {
    "cov_gene": 124.47777274357114,
    "cov_cell": 2.2932555092166514e-14,
    "r2_depth": 0,
    "r_mono": 1
  },
  "sqrt": {
    "cov_gene": 7.201509116783975,
    "cov_cell": 0.7142206313494618,
    "r2_depth": 0.9610290021822018,
    "r_mono": 1
  },
  "log1p": {
    "cov_gene": 4.044335636856031,
    "cov_cell": 0.7126297419404515,
    "r2_depth": 0.9552152306439222,
    "r_mono": 1
  },
  "log1pCP10k": {
    "cov_gene": 3.188445522014571,
    "cov_cell": 0.2791012696655456,
    "r2_depth": 0.5528954225685947,
    "r_mono": 1
  },
  "log1pCPM": {
    "cov_gene": 2.4886813047119443,
    "cov_cell": 0.4850230569354549,
    "r2_depth": 0.8416689829816043,
    "r_mono": 1
  },
  "log1pPF": {
    "cov_gene": 3.438859919125577,
    "cov_cell": 0.2513614002634609,
    "r2_depth": 0.48611235405981157,
    "r_mono": 1
  },
  "PFlog1pPF": {
    "cov_gene": 23.961497461550028,
    "cov_cell": 2.3249069564465933e-14,
    "r2_depth": 0,
    "r_mono": 1
  }
}
