{"raw": {"cov_gene": 40.838488454575604, "r2_depth": 1.0, "r_mono": 1.0}, "PF": {"cov_gene": 47.82961928453547, "r2_depth": 0, "r_mono": 1.0}, "sqrt": {"cov_gene": 5.561744958104147, "r2_depth": 0.9657484526311056, "r_mono": 1.0}, "log1p": {"cov_gene": 1.685719482939615, "r2_depth": 0.9609656500538007, "r_mono": 1.0}, "log1pCP10k": {"cov_gene": 1.6872041780175784, "r2_depth": 0.7797112856035684, "r_mono": 1.0}, "log1pCPM": {"cov_gene": 0.6877468513577508, "r2_depth": 0.901442645711227, "r_mono": 1.0}, "scalelog1pCP10k": {"cov_gene": 9.30027723598495e-16, "r2_depth": 0.8233869764162882, "r_mono": 0.4231137915406909}, "sctransform": {"cov_gene": 0.4425417866476668, "r2_depth": 0.035188174207788525, "r_mono": 0.38043054188294856}, "log1pPF": {"cov_gene": 2.051878043282567, "r2_depth": 0.7270416074283913, "r_mono": 1.0}, "PFlog1pPF": {"cov_gene": 7.669322109533325, "r2_depth": 0, "r_mono": 1.0}}