{"raw": {"cov_gene": 40.838488454575604, "r2_depth": 1.0, "r_mono": 1.0, "cov_cell": 1.4749535348335405}, "PF": {"cov_gene": 47.82961928453547, "r2_depth": 0, "r_mono": 1.0, "cov_cell": 1.770346559767863e-14}, "sqrt": {"cov_gene": 5.561744958104147, "r2_depth": 0.9657484526311056, "r_mono": 1.0, "cov_cell": 1.4246998705899985}, "log1p": {"cov_gene": 1.685719482939615, "r2_depth": 0.9609656500538007, "r_mono": 1.0, "cov_cell": 1.4357725161479784}, "log1pCP10k": {"cov_gene": 1.6872041780175784, "r2_depth": 0.7797112856035684, "r_mono": 1.0, "cov_cell": 0.9158095474852375}, "log1pCPM": {"cov_gene": 0.6877468513577508, "r2_depth": 0.901442645711227, "r_mono": 1.0, "cov_cell": 1.2002284966715953}, "scalelog1pCP10k": {"cov_gene": 9.30027723598495e-16, "r2_depth": 0.8233869764162882, "r_mono": 0.4231137915406909, "cov_cell": null}, "sctransform": {"cov_gene": 0.4425417866476668, "r2_depth": 0.035188174207788525, "r_mono": 0.38043054188294856, "cov_cell": null}, "log1pPF": {"cov_gene": 2.051878043282567, "r2_depth": 0.7270416074283913, "r_mono": 1.0, "cov_cell": 0.8140793994852417}, "PFlog1pPF": {"cov_gene": 7.669322109533325, "r2_depth": 0, "r_mono": 1.0, "cov_cell": 1.5310481826783243e-14}, "ncells": 53, "ngenes": 4994, "avg_per_cell": 4476.45, "avg_per_gene": 47.51, "min_cell": 126.0, "max_cell": 23286.0, "overdispersion": 3.09, "total_count": 237252, "nvals": 45392, "density": 0.17149636167174193}