{"ncells": 53, "ngenes": 60623, "nvals": 66652, "avg_per_cell": 4996.811320754717, "avg_per_gene": 4.368490506903321, "min_cell": 134, "max_cell": 27703, "total_count": 264831, "overdispersion": 3.0909206081285037, "raw": {"cov_gene": 142.07253629535074, "cov_cell": 1.493687137289653, "r2_depth": 1.0, "r_mono": 1}, "PF": {"cov_gene": 168.3182190754792, "cov_cell": 2.376737336762856e-14, "r2_depth": 0, "r_mono": 1}, "log1p": {"cov_gene": 5.552343914102512, "cov_cell": 1.4821649197548428, "r2_depth": 0.9696106500625302, "r_mono": 1}, "log1pPF": {"cov_gene": 6.8359054543393425, "cov_cell": 0.8543514977578508, "r2_depth": 0.737724395650815, "r_mono": 1}, "PFlog1pPF": {"cov_gene": 25.83219936711986, "cov_cell": 2.707158036005861e-14, "r2_depth": 0, "r_mono": 1}, "log1pCPM": {"cov_gene": 2.9417728737474222, "cov_cell": 1.2696415875764115, "r2_depth": 0.923859262254755, "r_mono": 1}, "log1pCP10k": {"cov_gene": 5.8220145302442114, "cov_cell": 0.9495966890576566, "r2_depth": 0.7865642874129574, "r_mono": 1}, "sqrt": {"cov_gene": 16.916520873203172, "cov_cell": 1.471317827147341, "r2_depth": 0.9726590632443501, "r_mono": 1}, "density": 0.020744352896761582}