{"raw": {"cov_gene": 72.27616335444726, "r2_depth": 1.0, "r_mono": 1.0, "cov_cell": 1.2591125075287761}, "PF": {"cov_gene": 48.54413975006251, "r2_depth": 0, "r_mono": 1.0, "cov_cell": 1.162180594048506e-14}, "sqrt": {"cov_gene": 8.77731906100998, "r2_depth": 0.7924648943666512, "r_mono": 1.0, "cov_cell": 0.9826922591729087}, "log1p": {"cov_gene": 3.447394303945831, "r2_depth": 0.7780675049566634, "r_mono": 1.0, "cov_cell": 0.9843241110217317}, "log1pCP10k": {"cov_gene": 2.463420836549391, "r2_depth": 0.468332683629475, "r_mono": 1.0, "cov_cell": 0.5517793793575342}, "log1pCPM": {"cov_gene": 1.6825946637163705, "r2_depth": 0.6757242841533013, "r_mono": 1.0, "cov_cell": 0.7685928057872843}, "scalelog1pCP10k": {"cov_gene": 4.717036519753143e-14, "r2_depth": 0.48178473577005676, "r_mono": 0.30172041269966343, "cov_cell": null}, "sctransform": {"cov_gene": 0.5430031972958776, "r2_depth": 0.09511878129654383, "r_mono": 0.2301825839537817, "cov_cell": null}, "log1pPF": {"cov_gene": 3.3129110637715065, "r2_depth": 0.3516783752715341, "r_mono": 1.0, "cov_cell": 0.45513347212500765}, "PFlog1pPF": {"cov_gene": 11.245475272128912, "r2_depth": 0, "r_mono": 1.0, "cov_cell": 8.375201858741542e-15}, "ncells": 3151, "ngenes": 18781, "avg_per_cell": 2891.13, "avg_per_gene": 485.06, "min_cell": 219.0, "max_cell": 43941.0, "overdispersion": 29.69, "total_count": 9109943, "nvals": 2557950, "sparsity": 0.04322399808134419}