{
    "raw": {
        "cov_gene": 72.27616335444726,
        "r2_depth": 1.0,
        "r_mono": 1.0
    },
    "PF": {
        "cov_gene": 48.54413975006251,
        "r2_depth": 0,
        "r_mono": 1.0
    },
    "sqrt": {
        "cov_gene": 8.77731906100998,
        "r2_depth": 0.7924648943666512,
        "r_mono": 1.0
    },
    "log1p": {
        "cov_gene": 3.447394303945831,
        "r2_depth": 0.7780675049566634,
        "r_mono": 1.0
    },
    "log1pCP10k": {
        "cov_gene": 2.463420836549391,
        "r2_depth": 0.468332683629475,
        "r_mono": 1.0
    },
    "log1pCPM": {
        "cov_gene": 1.6825946637163705,
        "r2_depth": 0.6757242841533013,
        "r_mono": 1.0
    },
    "scalelog1pCP10k": {
        "cov_gene": 4.717036519753143e-14,
        "r2_depth": 0.48178473577005676,
        "r_mono": 0.30172041269966343
    },
    "sctransform": {
        "cov_gene": 0.5430031972958776,
        "r2_depth": 0.09511878129654383,
        "r_mono": 0.2301825839537817
    },
    "log1pPF": {
        "cov_gene": 3.3129110637715065,
        "r2_depth": 0.3516783752715341,
        "r_mono": 1.0
    },
    "PFlog1pPF": {
        "cov_gene": 11.245475272128912,
        "r2_depth": 0,
        "r_mono": 1.0
    },
    "ncells": "3151",
    "ngenes": 18781,
    "avg_per_cell": "2891.13",
    "avg_per_gene": "485.06",
    "min_cell": "219",
    "max_cell": "43941",
    "overdispersion": "29.69"
}