{"ncells": 3151, "ngenes": 60623, "nvals": 2574709, "avg_per_cell": 2897.0783878133925, "avg_per_gene": 150.58136350889927, "min_cell": 219, "max_cell": 43978, "total_count": 9128694, "overdispersion": 29.690310835246766, "raw": {"cov_gene": 129.86167877882383, "cov_cell": 1.2585347247818488, "r2_depth": 1.0, "r_mono": 1}, "PF": {"cov_gene": 87.28952639511564, "cov_cell": 1.2914796613463882e-14, "r2_depth": 0, "r_mono": 1}, "log1p": {"cov_gene": 6.345462615545288, "cov_cell": 0.9844052304093491, "r2_depth": 0.7792023152731957, "r_mono": 1}, "log1pPF": {"cov_gene": 6.105881478240515, "cov_cell": 0.4546235529603551, "r2_depth": 0.35208647786453395, "r_mono": 1}, "PFlog1pPF": {"cov_gene": 20.212137659114386, "cov_cell": 9.86594761073718e-15, "r2_depth": 0, "r_mono": 1}, "log1pCPM": {"cov_gene": 3.3445728634286205, "cov_cell": 0.7688808561312956, "r2_depth": 0.6771172427288286, "r_mono": 1}, "log1pCP10k": {"cov_gene": 4.6440986367687, "cov_cell": 0.5512983770895087, "r2_depth": 0.4689712847927904, "r_mono": 1}, "sqrt": {"cov_gene": 15.788451523696308, "cov_cell": 0.9827845045380356, "r2_depth": 0.7935168212512383, "r_mono": 1}, "density": 0.013478523612694682}