{"raw": {"cov_gene": 22.82443896904545, "r2_depth": 1.0, "r_mono": 1.0}, "PF": {"cov_gene": 17.546610227593952, "r2_depth": 0, "r_mono": 1.0}, "sqrt": {"cov_gene": 4.4855029528334365, "r2_depth": 0.9818547967114316, "r_mono": 1.0}, "log1p": {"cov_gene": 4.25523013638273, "r2_depth": 0.9822329415501722, "r_mono": 1.0}, "log1pCP10k": {"cov_gene": 2.597795687644351, "r2_depth": 0.8918936136344954, "r_mono": 1.0}, "log1pCPM": {"cov_gene": 2.3848301198572366, "r2_depth": 0.9419164907457517, "r_mono": 1.0}, "scalelog1pCP10k": {"cov_gene": 2.1850243819686478e-13, "r2_depth": 0.8660456297054668, "r_mono": 0.13199076576687485}, "sctransform": {"cov_gene": 0.5752819988051738, "r2_depth": 0.15802226592043567, "r_mono": 0.12360491090660287}, "log1pPF": {"cov_gene": 4.455341813522105, "r2_depth": 0.5265719524308723, "r_mono": 1.0}, "PFlog1pPF": {"cov_gene": 5.092443868949572, "r2_depth": 0, "r_mono": 1.0}}