{
    "raw": {
        "cov_gene": 69.39259758523457,
        "r2_depth": 1.0,
        "r_mono": 1.0
    },
    "PF": {
        "cov_gene": 84.19587292283897,
        "r2_depth": 0,
        "r_mono": 1.0
    },
    "sqrt": {
        "cov_gene": 10.363220538727989,
        "r2_depth": 0.9502660877699959,
        "r_mono": 1.0
    },
    "log1p": {
        "cov_gene": 4.738510258147518,
        "r2_depth": 0.9457921231893829,
        "r_mono": 1.0
    },
    "log1pCP10k": {
        "cov_gene": 2.7868190657927756,
        "r2_depth": 0.7289801497150243,
        "r_mono": 1.0
    },
    "log1pCPM": {
        "cov_gene": 2.129811445309441,
        "r2_depth": 0.8740171086361458,
        "r_mono": 1.0
    },
    "scalelog1pCP10k": {
        "cov_gene": 9.040234670763282e-14,
        "r2_depth": 0.7294299192536333,
        "r_mono": 0.1739046959748164
    },
    "sctransform": {
        "cov_gene": 0.5029116304647854,
        "r2_depth": 0.039227418279083826,
        "r_mono": 0.15235602206392665
    },
    "log1pPF": {
        "cov_gene": 5.270282471333208,
        "r2_depth": 0.46025071218071023,
        "r_mono": 1.0
    },
    "PFlog1pPF": {
        "cov_gene": 54.83854931788439,
        "r2_depth": 0,
        "r_mono": 1.0
    },
    "ncells": 6044,
    "ngenes": 23077,
    "avg_per_cell": 855.16,
    "avg_per_gene": 223.97,
    "min_cell": 18.0,
    "max_cell": 12835.0,
    "overdispersion": 1.22
}