{
  "ncells": 1348,
  "ngenes": 60623,
  "nvals": 238149,
  "density": 0.0029142140380072376,
  "total_counts": 572860,
  "overdispersion": 2.6639247158285437,
  "avg_per_cell": 424.97032640949556,
  "avg_per_gene": 9.449548851096118,
  "max_cell": 2548,
  "min_cell": 2,
  "raw": {
    "cov_gene": 186.08562166332487,
    "cov_cell": 0.6546122602395211,
    "r2_depth": 1,
    "r_mono": 1
  },
  "PF": {
    "cov_gene": 145.56899651874673,
    "cov_cell": 3.930458733137707e-15,
    "r2_depth": 0,
    "r_mono": 1
  },
  "sqrt": {
    "cov_gene": 31.270698200319153,
    "cov_cell": 0.5072457866402404,
    "r2_depth": 0.5668600047985164,
    "r_mono": 1
  },
  "log1p": {
    "cov_gene": 12.277015989613028,
    "cov_cell": 0.5104969182386903,
    "r2_depth": 0.5239837001210216,
    "r_mono": 1
  },
  "log1pCP10k": {
    "cov_gene": 5.547526414827688,
    "cov_cell": 0.37268116742390156,
    "r2_depth": 0.23529013837025547,
    "r_mono": 1
  },
  "log1pCPM": {
    "cov_gene": 4.923222856616242,
    "cov_cell": 0.44299695357018426,
    "r2_depth": 0.3842361405509105,
    "r_mono": 1
  },
  "log1pPF": {
    "cov_gene": 11.038897021509648,
    "cov_cell": 0.28384801527328124,
    "r2_depth": 0.006585919231099857,
    "r_mono": 1
  },
  "PFlog1pPF": {
    "cov_gene": 86.94363678931327,
    "cov_cell": 2.2549646300514276e-15,
    "r2_depth": 0,
    "r_mono": 1
  }
}
