{"raw": {"cov_gene": 46.49150461704481, "r2_depth": 1.0, "r_mono": 1.0, "cov_cell": 1.7403010674886712}, "PF": {"cov_gene": 49.69031058353794, "r2_depth": 0, "r_mono": 1.0, "cov_cell": 1.8139812026222965e-14}, "sqrt": {"cov_gene": 7.804249244308584, "r2_depth": 0.9148939789231401, "r_mono": 1.0, "cov_cell": 1.132348038965285}, "log1p": {"cov_gene": 2.917069146822538, "r2_depth": 0.8986311830234918, "r_mono": 1.0, "cov_cell": 1.1024227353007041}, "log1pCP10k": {"cov_gene": 2.1696120247171797, "r2_depth": 0.27449702680191723, "r_mono": 1.0, "cov_cell": 0.43845874245687116}, "log1pCPM": {"cov_gene": 1.327907551949339, "r2_depth": 0.6684604215240022, "r_mono": 1.0, "cov_cell": 0.7264211547973198}, "scalelog1pCP10k": {"cov_gene": 2.790945134789475e-14, "r2_depth": 0.26243212631363566, "r_mono": 0.36432736460220405, "cov_cell": null}, "sctransform": {"cov_gene": 0.7166092030755117, "r2_depth": 0.41918963434888246, "r_mono": 0.26547699957362514, "cov_cell": null}, "log1pPF": {"cov_gene": 2.459420222969425, "r2_depth": 0.22568335295846553, "r_mono": 1.0, "cov_cell": 0.405897887563379}, "PFlog1pPF": {"cov_gene": 15.096565108253749, "r2_depth": 0, "r_mono": 1.0, "cov_cell": 1.4151268451545355e-14}, "ncells": 1911, "ngenes": 21543, "avg_per_cell": 6283.79, "avg_per_gene": 557.41, "min_cell": 417.0, "max_cell": 129298.0, "overdispersion": 2.71, "total_count": 12008323, "nvals": 2797762, "sparsity": 0.06795851787595875}