{"ncells": 1911, "ngenes": 60623, "nvals": 2813900, "avg_per_cell": 6292.688121402407, "avg_per_gene": 198.36245319433218, "min_cell": 417, "max_cell": 129404, "total_count": 12025327, "overdispersion": 2.713922266976466, "raw": {"cov_gene": 78.00075353698739, "cov_cell": 1.7395302112392195, "r2_depth": 1.0, "r_mono": 1}, "PF": {"cov_gene": 83.28900906023549, "cov_cell": 2.2550440488134045e-14, "r2_depth": 0, "r_mono": 1}, "log1p": {"cov_gene": 5.059081303607037, "cov_cell": 1.1029230866530386, "r2_depth": 0.8990015989067741, "r_mono": 1}, "log1pPF": {"cov_gene": 4.321753622983925, "cov_cell": 0.40594800085379185, "r2_depth": 0.2253854038629275, "r_mono": 1}, "PFlog1pPF": {"cov_gene": 25.355759750760626, "cov_cell": 1.823982050583451e-14, "r2_depth": 0, "r_mono": 1}, "log1pCPM": {"cov_gene": 2.58448630127539, "cov_cell": 0.7270345964998057, "r2_depth": 0.6693950938956557, "r_mono": 1}, "log1pCP10k": {"cov_gene": 3.8638024879159962, "cov_cell": 0.4384221906537081, "r2_depth": 0.27411053395067275, "r_mono": 1}, "sqrt": {"cov_gene": 13.129672067058106, "cov_cell": 1.1327413427010957, "r2_depth": 0.9151720115409572, "r_mono": 1}, "density": 0.024289051084633147}