{
  "ncells": 8603,
  "ngenes": 23656,
  "nvals": 5504706,
  "density": 0.027048481841180444,
  "total_counts": 12253237,
  "overdispersion": 3.49,
  "avg_per_cell": 1424.3,
  "avg_per_gene": 517.98,
  "max_cell": 38482,
  "min_cell": 97,
  "raw": {
    "cov_gene": 45.71860865267112,
    "r2_depth": 1,
    "r_mono": 1,
    "cov_cell": 1.499871294635004
  },
  "PF": {
    "cov_gene": 21.652986406501295,
    "r2_depth": 0,
    "r_mono": 1,
    "cov_cell": 1.1899778541150098e-14
  },
  "sqrt": {
    "cov_gene": 5.722380847989184,
    "r2_depth": 0.9609936473066912,
    "r_mono": 1,
    "cov_cell": 1.2170618260790005
  },
  "log1p": {
    "cov_gene": 4.134091545751031,
    "r2_depth": 0.9581981948244592,
    "r_mono": 1,
    "cov_cell": 1.2159566025973418
  },
  "log1pCP10k": {
    "cov_gene": 2.9622558145775613,
    "r2_depth": 0.6801508934200383,
    "r_mono": 1,
    "cov_cell": 0.7002253235062869
  },
  "log1pCPM": {
    "cov_gene": 2.0663243260328557,
    "r2_depth": 0.8530510681806074,
    "r_mono": 1,
    "cov_cell": 0.9459311878611423
  },
  "scalelog1pCP10k": {
    "cov_gene": 1.2838656420122558e-13,
    "r2_depth": 0.6732543922913783,
    "r_mono": 0.2367922595015267,
    "cov_cell": null
  },
  "sctransform": {
    "cov_gene": 0.5969655665300875,
    "r2_depth": 0.5390932781613329,
    "r_mono": 0.17161325126463986,
    "cov_cell": null
  },
  "log1pPF": {
    "cov_gene": 4.174941456129784,
    "r2_depth": 0.5426339869044536,
    "r_mono": 1,
    "cov_cell": 0.46384297254191664
  },
  "PFlog1pPF": {
    "cov_gene": 5.0575913112317075,
    "r2_depth": 0,
    "r_mono": 1,
    "cov_cell": 1.1309892827755861e-14
  }
}
