{"raw": {"cov_gene": 16.359350121701194, "r2_depth": 1.0, "r_mono": 1.0}, "PF": {"cov_gene": 13.719072073119321, "r2_depth": 0, "r_mono": 1.0}, "sqrt": {"cov_gene": 4.3950740673621915, "r2_depth": 0.9423024182485021, "r_mono": 1.0}, "log1p": {"cov_gene": 3.850799009623111, "r2_depth": 0.9365139736147408, "r_mono": 1.0}, "log1pCP10k": {"cov_gene": 1.9394218144542064, "r2_depth": 0.8282673470145969, "r_mono": 1.0}, "log1pCPM": {"cov_gene": 1.7381109330393287, "r2_depth": 0.8851924584599109, "r_mono": 1.0}, "scalelog1pCP10k": {"cov_gene": 4.809383806494992e-14, "r2_depth": 0.8226110628189494, "r_mono": 0.15400824048771686}, "sctransform": {"cov_gene": 0.5595317199699922, "r2_depth": 4.4859488917192714e-05, "r_mono": 0.14423397026685042}, "log1pPF": {"cov_gene": 4.024549948276182, "r2_depth": 0.42294372792130797, "r_mono": 1.0}, "PFlog1pPF": {"cov_gene": 5.489997263687563, "r2_depth": 0, "r_mono": 1.0}}