{
  "ncells": 4495,
  "ngenes": 60623,
  "nvals": 6045171,
  "density": 0.022184082418819334,
  "total_counts": 20084713,
  "overdispersion": 0.9947298295640489,
  "avg_per_cell": 4468.23426028921,
  "avg_per_gene": 331.30516470646455,
  "max_cell": 29133,
  "min_cell": 55,
  "raw": {
    "cov_gene": 52.58605345632265,
    "cov_cell": 0.7723223033887372,
    "r2_depth": 1,
    "r_mono": 1
  },
  "PF": {
    "cov_gene": 47.19649914153377,
    "cov_cell": 1.3782117039770883e-14,
    "r2_depth": 0,
    "r_mono": 1
  },
  "sqrt": {
    "cov_gene": 8.344248152240372,
    "cov_cell": 0.6503369554895859,
    "r2_depth": 0.9629352991598126,
    "r_mono": 1
  },
  "log1p": {
    "cov_gene": 5.134678364863363,
    "cov_cell": 0.6441057929977899,
    "r2_depth": 0.9564173813395124,
    "r_mono": 1
  },
  "log1pCP10k": {
    "cov_gene": 4.071436555441501,
    "cov_cell": 0.4121815331222254,
    "r2_depth": 0.648875367022668,
    "r_mono": 1
  },
  "log1pCPM": {
    "cov_gene": 2.7801819493491267,
    "cov_cell": 0.532859389580596,
    "r2_depth": 0.8629042986473312,
    "r_mono": 1
  },
  "log1pPF": {
    "cov_gene": 5.026609899459696,
    "cov_cell": 0.3741909243846267,
    "r2_depth": 0.574288655734225,
    "r_mono": 1
  },
  "PFlog1pPF": {
    "cov_gene": 13.437787125374454,
    "cov_cell": 1.263990039316453e-14,
    "r2_depth": 0,
    "r_mono": 1
  }
}
