{
    "raw": {
        "cov_gene": 61.885188646565304,
        "r2_depth": 1.0,
        "r_mono": 1.0
    },
    "PF": {
        "cov_gene": 39.98153292173337,
        "r2_depth": 0,
        "r_mono": 1.0
    },
    "sqrt": {
        "cov_gene": 5.5145149734230925,
        "r2_depth": 0.9411130854898743,
        "r_mono": 1.0
    },
    "log1p": {
        "cov_gene": 2.9006159663010322,
        "r2_depth": 0.9308457150897235,
        "r_mono": 1.0
    },
    "log1pCP10k": {
        "cov_gene": 1.935639799538949,
        "r2_depth": 0.5566873253473512,
        "r_mono": 1.0
    },
    "log1pCPM": {
        "cov_gene": 1.2105279526695725,
        "r2_depth": 0.8112458923579844,
        "r_mono": 1.0
    },
    "scalelog1pCP10k": {
        "cov_gene": 1.5402042163685663e-14,
        "r2_depth": 0.5011558752546907,
        "r_mono": 0.36995347012982616
    },
    "sctransform": {
        "cov_gene": 0.5582274576849869,
        "r2_depth": 0.12848287633008415,
        "r_mono": 0.2916684710224387
    },
    "log1pPF": {
        "cov_gene": 2.7139328285224558,
        "r2_depth": 0.43491410637904526,
        "r_mono": 1.0
    },
    "PFlog1pPF": {
        "cov_gene": 18.435747153895786,
        "r2_depth": 0,
        "r_mono": 1.0
    },
    "ncells": "1072",
    "ngenes": 18370,
    "avg_per_cell": "3601.55",
    "avg_per_gene": "210.17",
    "min_cell": "313",
    "max_cell": "24291",
    "overdispersion": "0.78"
}