{"raw": {"cov_gene": 24.57399124318009, "r2_depth": 1.0, "r_mono": 1.0, "cov_cell": 0.5377009515938006}, "PF": {"cov_gene": 60.3528878747475, "r2_depth": 0, "r_mono": 1.0, "cov_cell": 2.6338795048765678e-14}, "sqrt": {"cov_gene": 2.795605207345385, "r2_depth": 0.9782118492095856, "r_mono": 1.0, "cov_cell": 0.41570491611814653}, "log1p": {"cov_gene": 1.9905718909107362, "r2_depth": 0.9756694565193751, "r_mono": 1.0, "cov_cell": 0.4157503053149633}, "log1pCP10k": {"cov_gene": 1.7235209344705793, "r2_depth": 0.6949617984411383, "r_mono": 1.0, "cov_cell": 0.1446965728332639}, "log1pCPM": {"cov_gene": 1.4298857619770344, "r2_depth": 0.9095131695522564, "r_mono": 1.0, "cov_cell": 0.2847390050631328}, "scalelog1pCP10k": {"cov_gene": 1.2836788610344334e-13, "r2_depth": 0.6135327217402238, "r_mono": 0.42284635525193803, "cov_cell": null}, "sctransform": {"cov_gene": 0.501087935627212, "r2_depth": 0.7816396736393786, "r_mono": 0.24601764763344683, "cov_cell": null}, "log1pPF": {"cov_gene": 1.8117375865049599, "r2_depth": 0.644820959683768, "r_mono": 1.0, "cov_cell": 0.12732607878134128}, "PFlog1pPF": {"cov_gene": 2.001738365345574, "r2_depth": 0, "r_mono": 1.0, "cov_cell": 2.0814206194733027e-14}, "ncells": 9514, "ngenes": 28426, "avg_per_cell": 6859.72, "avg_per_gene": 2295.9, "min_cell": 1172.0, "max_cell": 27787.0, "overdispersion": 0.36, "total_count": 65263374, "nvals": 23065536, "density": 0.08528735628443797}