{
  "ncells": 4933,
  "ngenes": 60623,
  "nvals": 7683791,
  "density": 0.025693720997034847,
  "total_counts": 17954801,
  "overdispersion": 0.46629325849614983,
  "avg_per_cell": 3639.732617068721,
  "avg_per_gene": 296.17143658347493,
  "max_cell": 20459,
  "min_cell": 875,
  "raw": {
    "cov_gene": 112.1612063663733,
    "cov_cell": 0.5205911928668391,
    "r2_depth": 1,
    "r_mono": 1
  },
  "PF": {
    "cov_gene": 117.89777587911146,
    "cov_cell": 1.8247963545101963e-14,
    "r2_depth": 0,
    "r_mono": 1
  },
  "sqrt": {
    "cov_gene": 4.988334905674645,
    "cov_cell": 0.42489867605122933,
    "r2_depth": 0.9645692998654423,
    "r_mono": 1
  },
  "log1p": {
    "cov_gene": 3.6149570304090886,
    "cov_cell": 0.4255895101953299,
    "r2_depth": 0.9598463484150682,
    "r_mono": 1
  },
  "log1pCP10k": {
    "cov_gene": 2.9955482811322383,
    "cov_cell": 0.1765798720226292,
    "r2_depth": 0.7146132520122537,
    "r_mono": 1
  },
  "log1pCPM": {
    "cov_gene": 2.587783399578116,
    "cov_cell": 0.3076816035107125,
    "r2_depth": 0.8879202030665859,
    "r_mono": 1
  },
  "log1pPF": {
    "cov_gene": 3.4696152969035428,
    "cov_cell": 0.1289224144731286,
    "r2_depth": 0.5891669269060746,
    "r_mono": 1
  },
  "PFlog1pPF": {
    "cov_gene": 3.5686665597559606,
    "cov_cell": 1.599416431034618e-14,
    "r2_depth": 0,
    "r_mono": 1
  }
}
