{
  "ncells": 3683,
  "ngenes": 60623,
  "nvals": 4463600,
  "density": 0.0199915342776546,
  "total_counts": 9811726,
  "overdispersion": 0.4707786416923646,
  "avg_per_cell": 2664.058104805865,
  "avg_per_gene": 161.84824241624466,
  "max_cell": 13557,
  "min_cell": 68,
  "raw": {
    "cov_gene": 62.022229931142284,
    "cov_cell": 0.8558540359283825,
    "r2_depth": 1,
    "r_mono": 1
  },
  "PF": {
    "cov_gene": 85.415836676759,
    "cov_cell": 1.5061206457956325e-14,
    "r2_depth": 0,
    "r_mono": 1
  },
  "sqrt": {
    "cov_gene": 6.1000469191951705,
    "cov_cell": 0.7428713480800413,
    "r2_depth": 0.9845141603405818,
    "r_mono": 1
  },
  "log1p": {
    "cov_gene": 4.802738074796229,
    "cov_cell": 0.7454379826872557,
    "r2_depth": 0.9839780628350984,
    "r_mono": 1
  },
  "log1pCP10k": {
    "cov_gene": 3.443311419916237,
    "cov_cell": 0.4336299312326683,
    "r2_depth": 0.7637145280052652,
    "r_mono": 1
  },
  "log1pCPM": {
    "cov_gene": 2.692110815525245,
    "cov_cell": 0.5921813771910074,
    "r2_depth": 0.9253122302915776,
    "r_mono": 1
  },
  "log1pPF": {
    "cov_gene": 4.484474190580446,
    "cov_cell": 0.34610282235037926,
    "r2_depth": 0.6269039574724125,
    "r_mono": 1
  },
  "PFlog1pPF": {
    "cov_gene": 8.778068544211427,
    "cov_cell": 1.6114463222084235e-14,
    "r2_depth": 0,
    "r_mono": 1
  }
}
