{
  "ncells": 3829,
  "ngenes": 60623,
  "nvals": 3959490,
  "density": 0.017057542419505398,
  "total_counts": 7957927,
  "overdispersion": 0.4709693086993182,
  "avg_per_cell": 2078.330373465657,
  "avg_per_gene": 131.26910578493312,
  "max_cell": 18141,
  "min_cell": 116,
  "raw": {
    "cov_gene": 40.66865249096995,
    "cov_cell": 0.8095450541421926,
    "r2_depth": 1,
    "r_mono": 1
  },
  "PF": {
    "cov_gene": 102.20127138028228,
    "cov_cell": 1.3783396370134646e-14,
    "r2_depth": 0,
    "r_mono": 1
  },
  "sqrt": {
    "cov_gene": 5.549092511938728,
    "cov_cell": 0.6743735614681315,
    "r2_depth": 0.9788054825605946,
    "r_mono": 1
  },
  "log1p": {
    "cov_gene": 4.929084179739724,
    "cov_cell": 0.6774640108992486,
    "r2_depth": 0.9782462361757489,
    "r_mono": 1
  },
  "log1pCP10k": {
    "cov_gene": 3.461646985167809,
    "cov_cell": 0.37097013941575663,
    "r2_depth": 0.7197171827494004,
    "r_mono": 1
  },
  "log1pCPM": {
    "cov_gene": 2.836569956629879,
    "cov_cell": 0.51688353510345,
    "r2_depth": 0.8996291131826041,
    "r_mono": 1
  },
  "log1pPF": {
    "cov_gene": 4.590283505210866,
    "cov_cell": 0.2741760876523779,
    "r2_depth": 0.5604411932880464,
    "r_mono": 1
  },
  "PFlog1pPF": {
    "cov_gene": 6.942944935720084,
    "cov_cell": 1.360673405109443e-14,
    "r2_depth": 0,
    "r_mono": 1
  }
}
