{"raw": {"cov_gene": 115.38212752876707, "r2_depth": 1.0, "r_mono": 1.0, "cov_cell": 1.3313900953037634}, "PF": {"cov_gene": 57.50077363478072, "r2_depth": 0, "r_mono": 1.0, "cov_cell": 2.020328205901514e-14}, "sqrt": {"cov_gene": 11.65984414601366, "r2_depth": 0.9311436580452529, "r_mono": 1.0, "cov_cell": 0.8578251459437819}, "log1p": {"cov_gene": 2.6848012671497146, "r2_depth": 0.9214044302747064, "r_mono": 1.0, "cov_cell": 0.838335025812729}, "log1pCP10k": {"cov_gene": 1.9873196020010044, "r2_depth": 0.4249115259830464, "r_mono": 1.0, "cov_cell": 0.2765955136469287}, "log1pCPM": {"cov_gene": 1.3855449935542052, "r2_depth": 0.7465498720963721, "r_mono": 1.0, "cov_cell": 0.5374394084740624}, "scalelog1pCP10k": {"cov_gene": 3.288836817595829e-14, "r2_depth": 0.4259034507443311, "r_mono": 0.3750569618667412, "cov_cell": null}, "sctransform": {"cov_gene": 0.7058916985965659, "r2_depth": 0.4660054098031624, "r_mono": 0.2756976497122819, "cov_cell": null}, "log1pPF": {"cov_gene": 2.3636362509588302, "r2_depth": 0.3292102284521844, "r_mono": 1.0, "cov_cell": 0.2218187922933777}, "PFlog1pPF": {"cov_gene": 2.935510820255421, "r2_depth": 0, "r_mono": 1.0, "cov_cell": 1.1768183497445533e-14}, "ncells": 2288, "ngenes": 19729, "avg_per_cell": 4769.12, "avg_per_gene": 553.08, "min_cell": 646.0, "max_cell": 69023.0, "overdispersion": 9.08, "total_count": 10911744, "nvals": 3050591, "density": 0.0675807320309069}