{"raw": {"cov_gene": 115.38212752876707, "r2_depth": 1.0, "r_mono": 1.0}, "PF": {"cov_gene": 57.50077363478072, "r2_depth": 0, "r_mono": 1.0}, "sqrt": {"cov_gene": 11.65984414601366, "r2_depth": 0.9311436580452529, "r_mono": 1.0}, "log1p": {"cov_gene": 2.6848012671497146, "r2_depth": 0.9214044302747064, "r_mono": 1.0}, "log1pCP10k": {"cov_gene": 1.9873196020010044, "r2_depth": 0.4249115259830464, "r_mono": 1.0}, "log1pCPM": {"cov_gene": 1.3855449935542052, "r2_depth": 0.7465498720963721, "r_mono": 1.0}, "scalelog1pCP10k": {"cov_gene": 3.288836817595829e-14, "r2_depth": 0.4259034507443311, "r_mono": 0.3750569618667412}, "sctransform": {"cov_gene": 0.7058916985965659, "r2_depth": 0.4660054098031624, "r_mono": 0.2756976497122819}, "log1pPF": {"cov_gene": 2.3636362509588302, "r2_depth": 0.3292102284521844, "r_mono": 1.0}, "PFlog1pPF": {"cov_gene": 2.935510820255421, "r2_depth": 0, "r_mono": 1.0}}