{
  "ncells": 17262,
  "ngenes": 22242,
  "nvals": 7727957,
  "density": 0.02012795942164133,
  "total_counts": 34715179,
  "overdispersion": 0.8421958189032882,
  "avg_per_cell": 2011.07513613718,
  "avg_per_gene": 1560.7939483859366,
  "max_cell": 26515,
  "min_cell": 388,
  "raw": {
    "cov_gene": 34.080120514606136,
    "cov_cell": 1.3624591824094257,
    "r2_depth": 1,
    "r_mono": 1
  },
  "PF": {
    "cov_gene": 46.03780965279681,
    "cov_cell": 9.731605396692631e-15,
    "r2_depth": 0,
    "r_mono": 1
  },
  "sqrt": {
    "cov_gene": 10.717325557126879,
    "cov_cell": 1.360283335826575,
    "r2_depth": 0.9308459297872927,
    "r_mono": 1
  },
  "log1p": {
    "cov_gene": 5.010418131120127,
    "cov_cell": 1.3866706083316735,
    "r2_depth": 0.9186305946933971,
    "r_mono": 1
  },
  "log1pCP10k": {
    "cov_gene": 3.4984286673501983,
    "cov_cell": 0.8127766801274555,
    "r2_depth": 0.5703753892671461,
    "r_mono": 1
  },
  "log1pCPM": {
    "cov_gene": 2.393231073711413,
    "cov_cell": 1.1291527044906948,
    "r2_depth": 0.798962037003734,
    "r_mono": 1
  },
  "scalelog1pCP10k": {
    "cov_gene": 2.5347150590535234e-13,
    "cov_cell": null,
    "r2_depth": 0.4945766296124393,
    "r_mono": 0.19125396171185863
  },
  "sctransform": {
    "cov_gene": 1.6518960852415299,
    "cov_cell": null,
    "r2_depth": 0.017018739536290628,
    "r_mono": 0.16034872465735292
  },
  "log1pPF": {
    "cov_gene": 5.021022347942391,
    "cov_cell": 0.645771049396741,
    "r2_depth": 0.38477302760212895,
    "r_mono": 1
  },
  "PFlog1pPF": {
    "cov_gene": 18.022389656626057,
    "cov_cell": 7.919801920662842e-15,
    "r2_depth": 0,
    "r_mono": 1
  }
}
