{
    "raw": {
        "cov_gene": 41.76767770580678,
        "r2_depth": 1.0,
        "r_mono": 1.0
    },
    "PF": {
        "cov_gene": 29.543728498168484,
        "r2_depth": 0,
        "r_mono": 1.0
    },
    "sqrt": {
        "cov_gene": 7.5716603355349825,
        "r2_depth": 0.949846559016003,
        "r_mono": 1.0
    },
    "log1p": {
        "cov_gene": 4.907068258477888,
        "r2_depth": 0.9442724444801531,
        "r_mono": 1.0
    },
    "log1pCP10k": {
        "cov_gene": 3.244729370467103,
        "r2_depth": 0.76298981008172,
        "r_mono": 1.0
    },
    "log1pCPM": {
        "cov_gene": 3.0287018414117797,
        "r2_depth": 0.836590563947619,
        "r_mono": 1.0
    },
    "scalelog1pCP10k": {
        "cov_gene": 1.0950394073124382e-13,
        "r2_depth": 0.7292161136757327,
        "r_mono": 0.23924647892383238
    },
    "sctransform": {
        "cov_gene": 0.7588249345809146,
        "r2_depth": 0.0015755239926293907,
        "r_mono": 0.16442402263077366
    },
    "log1pPF": {
        "cov_gene": 4.602764684030819,
        "r2_depth": 0.47186425976046986,
        "r_mono": 1.0
    },
    "PFlog1pPF": {
        "cov_gene": 15.934169435039461,
        "r2_depth": 0,
        "r_mono": 1.0
    },
    "ncells": 6940,
    "ngenes": 3168,
    "avg_per_cell": 218.33,
    "avg_per_gene": 478.29,
    "min_cell": 7.0,
    "max_cell": 1916.0,
    "overdispersion": 1.23
}