{"ncells": 4943, "ngenes": 23013, "nvals": 13070658, "density": 0.11490359146545419, "avg_per_cell": 10033.657697754401, "avg_per_gene": 2155.145787163777, "min_cell": 2769, "max_cell": 52360, "total_count": 49596370, "overdispersion": 0.6973535151373363, "raw": {"cov_gene": 48.37360736516252, "cov_cell": 0.6341242119045739, "r2_depth": 1, "r_mono": 1}, "PF": {"cov_gene": 53.01422423070954, "cov_cell": 2.4248543476862095e-14, "r2_depth": 0, "r_mono": 1}, "log1p": {"cov_gene": 1.9913196410203342, "cov_cell": 0.44144507589148074, "r2_depth": 0.9427765183720568, "r_mono": 1}, "sqrt": {"cov_gene": 5.826658055666598, "cov_cell": 0.4465297227758748, "r2_depth": 0.9519828761681892, "r_mono": 1}, "log1pPF": {"cov_gene": 1.8797295760661967, "cov_cell": 0.12294527786107066, "r2_depth": 0.43440170695755453, "r_mono": 1}, "PFlog1pPF": {"cov_gene": 1.9298822224460697, "cov_cell": 2.3060329199606686e-14, "r2_depth": 0, "r_mono": 1}, "log1pCPM": {"cov_gene": 1.3220042485540744, "cov_cell": 0.2708888622042601, "r2_depth": 0.8305041928025667, "r_mono": 1}, "log1pCP10k": {"cov_gene": 1.8814256036108135, "cov_cell": 0.12282572828007626, "r2_depth": 0.4336799801147484, "r_mono": 1}, "sctransform": {"cov_gene": 3.5224161885197938, "cov_cell": null, "r2_depth": 0.28460526136878495, "r_mono": 0.2248341643064495}, "scalelog1pCP10k": {"cov_gene": 6.704608372306789e-14, "cov_cell": null, "r2_depth": 0.32719121812453633, "r_mono": 0.4537506178477286}}