{"ncells": 4943, "ngenes": 60623, "nvals": 13084727, "density": 0.04366531840411701, "avg_per_cell": 10036.614606514262, "avg_per_gene": 818.3525394652195, "min_cell": 2770, "max_cell": 52374, "total_count": 49610986, "overdispersion": 0.6973535128783257, "raw": {"cov_gene": 78.52276481612027, "cov_cell": 0.6340965477360003, "r2_depth": 1, "r_mono": 1}, "PF": {"cov_gene": 86.05594954443386, "cov_cell": 2.3990320787509245e-14, "r2_depth": 0, "r_mono": 1}, "log1p": {"cov_gene": 3.47228542490871, "cov_cell": 0.4415379113837443, "r2_depth": 0.9427778876738356, "r_mono": 1}, "sqrt": {"cov_gene": 9.535011851964487, "cov_cell": 0.4466210635540596, "r2_depth": 0.9519762541004747, "r_mono": 1}, "log1pPF": {"cov_gene": 3.304276452538128, "cov_cell": 0.12296533593080847, "r2_depth": 0.4343599355870009, "r_mono": 1}, "PFlog1pPF": {"cov_gene": 3.3794069352838587, "cov_cell": 2.3318160155660106e-14, "r2_depth": 0, "r_mono": 1}, "log1pCPM": {"cov_gene": 2.492815586927172, "cov_cell": 0.27103803208943755, "r2_depth": 0.8305365460114917, "r_mono": 1}, "log1pCP10k": {"cov_gene": 3.307039597792837, "cov_cell": 0.12283521464895264, "r2_depth": 0.43357470994972036, "r_mono": 1}}