{"raw": {"cov_gene": 28.595675027761004, "r2_depth": 1.0, "r_mono": 1.0, "cov_cell": 4.169319387784547}, "PF": {"cov_gene": 14.097534435852268, "r2_depth": 0, "r_mono": 1.0, "cov_cell": 5.021721999373669e-15}, "sqrt": {"cov_gene": 9.69164311523176, "r2_depth": 0.9649872501522385, "r_mono": 1.0, "cov_cell": 3.6179882062740325}, "log1p": {"cov_gene": 6.171683496555751, "r2_depth": 0.9594290857975818, "r_mono": 1.0}, "log1pCP10k": {"cov_gene": 7.378831212713699, "r2_depth": 0.7175865146123912, "r_mono": 1.0, "cov_cell": 2.082152427833089}, "log1pCPM": {"cov_gene": 3.910381805705671, "r2_depth": 0.8770801756136649, "r_mono": 1.0, "cov_cell": 2.9143777031310067}, "scalelog1pCP10k": {"cov_gene": 1.1371965904864852e-12, "r2_depth": 0.7088802915048227, "r_mono": 0.0769279306382495, "cov_cell": null}, "sctransform": {"cov_gene": null, "r2_depth": null, "r_mono": null, "cov_cell": null}, "log1pPF": {"cov_gene": 9.480850624107301, "r2_depth": 0.5602728273149951, "r_mono": 1.0, "cov_cell": 0.987835857923685}, "PFlog1pPF": {"cov_gene": 9.946969470930481, "r2_depth": 0, "r_mono": 1.0, "cov_cell": 5.2539835416519556e-15}, "total_count": 42829333, "nvals": 12829474, "sparsity": 0.006550254230512057, "ncells": 70199, "ngenes": 27901, "avg_per_cell": 610.1131497599681, "avg_per_gene": 1535.046521630049, "min_cell": 10.0, "max_cell": 50460.0}