{"ncells": 70199, "ngenes": 60623, "nvals": 12846780, "avg_per_cell": 610.3632530377926, "avg_per_gene": 706.7761410685713, "min_cell": 11, "max_cell": 50478, "total_count": 42846890, "overdispersion": 19.034091804247737, "raw": {"cov_gene": 42.16468010261239, "cov_cell": 4.169156161496056, "r2_depth": 1.0, "r_mono": 1}, "PF": {"cov_gene": 20.80332848459098, "cov_cell": 6.330616556792755e-15, "r2_depth": 0, "r_mono": 1}, "log1p": {"cov_gene": 9.156826444886415, "cov_cell": 3.6050722608664563, "r2_depth": 0.9594644729107369, "r_mono": 1}, "log1pPF": {"cov_gene": 14.011583652970337, "cov_cell": 0.9880016464023534, "r2_depth": 0.5603079011345293, "r_mono": 1}, "PFlog1pPF": {"cov_gene": 14.696575407977077, "cov_cell": 6.341026685027694e-15, "r2_depth": 0, "r_mono": 1}, "log1pCPM": {"cov_gene": 5.859132199885117, "cov_cell": 2.9149692573428743, "r2_depth": 0.8771601517621018, "r_mono": 1}, "log1pCP10k": {"cov_gene": 10.925560130352379, "cov_cell": 2.082518433385207, "r2_depth": 0.7175871689065612, "r_mono": 1}, "sqrt": {"cov_gene": 14.32052918120206, "cov_cell": 3.6181970894849793, "r2_depth": 0.965014813297266, "r_mono": 1}, "density": 0.0030187415834556537}