{
  "ncells": 3379,
  "ngenes": 60623,
  "nvals": 528508,
  "density": 0.002580037092121654,
  "total_counts": 1201013,
  "overdispersion": 3.473193621242263,
  "avg_per_cell": 355.4344480615567,
  "avg_per_gene": 19.811177275951373,
  "max_cell": 6127,
  "min_cell": 1,
  "raw": {
    "cov_gene": 140.00756525674407,
    "cov_cell": 1.0138359602169131,
    "r2_depth": 1,
    "r_mono": 1
  },
  "PF": {
    "cov_gene": 134.4444088381709,
    "cov_cell": 3.0767930922008007e-15,
    "r2_depth": 0,
    "r_mono": 1
  },
  "sqrt": {
    "cov_gene": 25.58982087786167,
    "cov_cell": 0.9005571955618776,
    "r2_depth": 0.8255315647839753,
    "r_mono": 1
  },
  "log1p": {
    "cov_gene": 11.601669641459878,
    "cov_cell": 0.9282645581716074,
    "r2_depth": 0.8091321184159448,
    "r_mono": 1
  },
  "log1pCP10k": {
    "cov_gene": 5.627906752513134,
    "cov_cell": 0.5270906289712268,
    "r2_depth": 0.46302686027051465,
    "r_mono": 1
  },
  "log1pCPM": {
    "cov_gene": 4.831004504083716,
    "cov_cell": 0.6689084804526166,
    "r2_depth": 0.6453143176721944,
    "r_mono": 1
  },
  "log1pPF": {
    "cov_gene": 12.016404136292003,
    "cov_cell": 0.3660323302154009,
    "r2_depth": 0.10688201961967214,
    "r_mono": 1
  },
  "PFlog1pPF": {
    "cov_gene": 77.01334930245156,
    "cov_cell": 2.452680507153977e-15,
    "r2_depth": 0,
    "r_mono": 1
  }
}
