{
    "raw": {
        "cov_gene": 44.33519177140052,
        "r2_depth": 1.0,
        "r_mono": 1.0
    },
    "PF": {
        "cov_gene": 75.51166543613763,
        "r2_depth": 0,
        "r_mono": 1.0
    },
    "sqrt": {
        "cov_gene": 4.15996392839601,
        "r2_depth": 0.9782358041463453,
        "r_mono": 1.0
    },
    "log1p": {
        "cov_gene": 2.3872996169377325,
        "r2_depth": 0.9744643444739074,
        "r_mono": 1.0
    },
    "log1pCP10k": {
        "cov_gene": 2.0140567848548505,
        "r2_depth": 0.7392218926485381,
        "r_mono": 1.0
    },
    "log1pCPM": {
        "cov_gene": 1.6046613629411501,
        "r2_depth": 0.914647331616833,
        "r_mono": 1.0
    },
    "scalelog1pCP10k": {
        "cov_gene": 1.0072364746715448e-13,
        "r2_depth": 0.680851985030855,
        "r_mono": 0.36062026223609994
    },
    "sctransform": {
        "cov_gene": 0.6576095339910105,
        "r2_depth": 0.2407030571486276,
        "r_mono": 0.26669853813659034
    },
    "log1pPF": {
        "cov_gene": 2.226051068180517,
        "r2_depth": 0.6768162562420804,
        "r_mono": 1.0
    },
    "PFlog1pPF": {
        "cov_gene": 2.273527804533167,
        "r2_depth": 0,
        "r_mono": 1.0
    },
    "ncells": "7236",
    "ngenes": 26007,
    "avg_per_cell": "5641.37",
    "avg_per_gene": "1569.61",
    "min_cell": "1678",
    "max_cell": "28560",
    "overdispersion": "0.26"
}