{
  "ncells": 12947,
  "ngenes": 60623,
  "nvals": 13222986,
  "density": 0.016847015133526762,
  "total_counts": 25730540,
  "overdispersion": 0.6388070046381277,
  "avg_per_cell": 1987.374681393373,
  "avg_per_gene": 424.4352803391452,
  "max_cell": 33799,
  "min_cell": 164,
  "raw": {
    "cov_gene": 141.55632327519518,
    "cov_cell": 1.042726233373587,
    "r2_depth": 1,
    "r_mono": 1
  },
  "PF": {
    "cov_gene": 125.76808408793248,
    "cov_cell": 1.528401499730659e-14,
    "r2_depth": 0,
    "r_mono": 1
  },
  "sqrt": {
    "cov_gene": 11.004558694205054,
    "cov_cell": 0.7397960931755155,
    "r2_depth": 0.6502918225890874,
    "r_mono": 1
  },
  "log1p": {
    "cov_gene": 4.365759011861184,
    "cov_cell": 0.7484232746262487,
    "r2_depth": 0.6342743280046521,
    "r_mono": 1
  },
  "log1pCP10k": {
    "cov_gene": 3.126214817002217,
    "cov_cell": 0.4198468441488517,
    "r2_depth": 0.3705837349365062,
    "r_mono": 1
  },
  "log1pCPM": {
    "cov_gene": 2.6213845569665186,
    "cov_cell": 0.5764987531482704,
    "r2_depth": 0.5276483112824581,
    "r_mono": 1
  },
  "log1pPF": {
    "cov_gene": 3.9594376944462226,
    "cov_cell": 0.30440853802047657,
    "r2_depth": 0.2442758567533575,
    "r_mono": 1
  },
  "PFlog1pPF": {
    "cov_gene": 14.432183650141837,
    "cov_cell": 1.3336265528516e-14,
    "r2_depth": 0,
    "r_mono": 1
  }
}
