{
  "ncells": 1222,
  "ngenes": 33538,
  "nvals": 2498225,
  "density": 0.060956943678416815,
  "total_counts": 9235144,
  "overdispersion": 0.6190522472403506,
  "avg_per_cell": 7557.400981996727,
  "avg_per_gene": 275.363587572306,
  "max_cell": 56884,
  "min_cell": 503,
  "raw": {
    "cov_gene": 139.9977029437818,
    "cov_cell": 0.6401860542903768,
    "r2_depth": 1,
    "r_mono": 1
  },
  "PF": {
    "cov_gene": 53.03162416260546,
    "cov_cell": 2.526174856068015e-14,
    "r2_depth": 0,
    "r_mono": 1
  },
  "sqrt": {
    "cov_gene": 7.070424327081239,
    "cov_cell": 0.5069963644765114,
    "r2_depth": 0.8896527468646529,
    "r_mono": 1
  },
  "log1p": {
    "cov_gene": 3.1067288888312796,
    "cov_cell": 0.5122226744354238,
    "r2_depth": 0.8746714572937528,
    "r_mono": 1
  },
  "log1pCP10k": {
    "cov_gene": 2.6692952179391436,
    "cov_cell": 0.2720700475645367,
    "r2_depth": 0.41913902258709546,
    "r_mono": 1
  },
  "log1pCPM": {
    "cov_gene": 1.8110915078120602,
    "cov_cell": 0.3815867483141769,
    "r2_depth": 0.7192807043024525,
    "r_mono": 1
  },
  "log1pPF": {
    "cov_gene": 2.920499654598468,
    "cov_cell": 0.26355707747393836,
    "r2_depth": 0.3885592694141632,
    "r_mono": 1
  },
  "PFlog1pPF": {
    "cov_gene": 35.766749059466385,
    "cov_cell": 2.2682535291458147e-14,
    "r2_depth": 0,
    "r_mono": 1
  }
}
