{
  "ncells": 7310,
  "ngenes": 15008,
  "nvals": 3202937,
  "density": 0.02919498109899982,
  "total_counts": 9588269,
  "overdispersion": 1,
  "avg_per_cell": 1311.66,
  "avg_per_gene": 638.88,
  "max_cell": 9498,
  "min_cell": 94,
  "raw": {
    "cov_gene": 104.63810348887264,
    "r2_depth": 1,
    "r_mono": 1,
    "cov_cell": 0.868900652156872
  },
  "PF": {
    "cov_gene": 91.1815815142773,
    "r2_depth": 0,
    "r_mono": 1,
    "cov_cell": 5.6436664994925616e-15
  },
  "sqrt": {
    "cov_gene": 13.596800582042942,
    "r2_depth": 0.9749571846415719,
    "r_mono": 1,
    "cov_cell": 0.7464980495503003
  },
  "log1p": {
    "cov_gene": 4.28265894073008,
    "r2_depth": 0.9728956713245664,
    "r_mono": 1,
    "cov_cell": 0.7488225777974302
  },
  "log1pCP10k": {
    "cov_gene": 2.7435147517293568,
    "r2_depth": 0.8329930674441064,
    "r_mono": 1,
    "cov_cell": 0.457671733112875
  },
  "log1pCPM": {
    "cov_gene": 2.253135270294028,
    "r2_depth": 0.9278598658826089,
    "r_mono": 1,
    "cov_cell": 0.5972018344199006
  },
  "scalelog1pCP10k": {
    "cov_gene": 1.0869914113042634e-13,
    "r2_depth": 0.80860003897054,
    "r_mono": 0.2624218881340707,
    "cov_cell": null
  },
  "sctransform": {
    "cov_gene": 0.6861842336064281,
    "r2_depth": 0.2706328893982466,
    "r_mono": 0.20265025435356207,
    "cov_cell": null
  },
  "log1pPF": {
    "cov_gene": 3.911602632603886,
    "r2_depth": 0.6640894349670023,
    "r_mono": 1,
    "cov_cell": 0.30564362990791444
  },
  "PFlog1pPF": {
    "cov_gene": 4.65130808723661,
    "r2_depth": 0,
    "r_mono": 1,
    "cov_cell": 5.503502912213441e-15
  }
}
