{
  "ncells": 6053,
  "ngenes": 60623,
  "nvals": 6777013,
  "density": 0.018468440334267065,
  "total_counts": 34225718,
  "overdispersion": 2.986227462409834,
  "avg_per_cell": 5654.339666281183,
  "avg_per_gene": 564.5665506490935,
  "max_cell": 53890,
  "min_cell": 1440,
  "raw": {
    "cov_gene": 179.51400992426304,
    "cov_cell": 1.0039277518928258,
    "r2_depth": 1,
    "r_mono": 1
  },
  "PF": {
    "cov_gene": 195.20704386629998,
    "cov_cell": 1.437890210831818e-14,
    "r2_depth": 0,
    "r_mono": 1
  },
  "sqrt": {
    "cov_gene": 58.503098448074645,
    "cov_cell": 0.8669086651272596,
    "r2_depth": 0.6397200047027078,
    "r_mono": 1
  },
  "log1p": {
    "cov_gene": 5.492296822510154,
    "cov_cell": 0.87555897148606,
    "r2_depth": 0.6100710966321943,
    "r_mono": 1
  },
  "log1pCP10k": {
    "cov_gene": 4.159286962804858,
    "cov_cell": 0.438578984670092,
    "r2_depth": 0.02321644762950137,
    "r_mono": 1
  },
  "log1pCPM": {
    "cov_gene": 2.9031757340287254,
    "cov_cell": 0.5972919015150556,
    "r2_depth": 0.350734005358617,
    "r_mono": 1
  },
  "log1pPF": {
    "cov_gene": 4.960350783473482,
    "cov_cell": 0.42777325968576174,
    "r2_depth": 0.0038803459474509028,
    "r_mono": 1
  },
  "PFlog1pPF": {
    "cov_gene": 46.42515786559359,
    "cov_cell": 1.0742897300953913e-14,
    "r2_depth": 0,
    "r_mono": 1
  }
}
