{
  "ncells": 15841,
  "ngenes": 20925,
  "nvals": 3482709,
  "density": 0.010506767634189127,
  "total_counts": 21522286,
  "overdispersion": 3.4370800734798252,
  "avg_per_cell": 1358.6444037623887,
  "avg_per_gene": 1028.5441338112305,
  "max_cell": 62221,
  "min_cell": 190,
  "raw": {
    "cov_gene": 44.2182357460834,
    "cov_cell": 2.1064746835402777,
    "r2_depth": 1,
    "r_mono": 1
  },
  "PF": {
    "cov_gene": 41.8850322387642,
    "cov_cell": 6.442656576341594e-15,
    "r2_depth": 0,
    "r_mono": 1
  },
  "sqrt": {
    "cov_gene": 20.491221819600785,
    "cov_cell": 2.0646028697583554,
    "r2_depth": 0.6958603726251096,
    "r_mono": 1
  },
  "log1p": {
    "cov_gene": 5.574181295806934,
    "cov_cell": 2.148129889517714,
    "r2_depth": 0.6392414668088351,
    "r_mono": 1
  },
  "log1pCP10k": {
    "cov_gene": 4.0370030915756665,
    "cov_cell": 1.1177464245844804,
    "r2_depth": 0.193934688557293,
    "r_mono": 1
  },
  "log1pCPM": {
    "cov_gene": 2.8225870769461245,
    "cov_cell": 1.670044627495426,
    "r2_depth": 0.41511954839726006,
    "r_mono": 1
  },
  "scalelog1pCP10k": {
    "cov_gene": 2.4225188852154996e-13,
    "cov_cell": null,
    "r2_depth": 0.18895931725287252,
    "r_mono": 0.13035281393186235
  },
  "sctransform": {
    "cov_gene": 0.7823823000853843,
    "cov_cell": null,
    "r2_depth": 0.004812271751427288,
    "r_mono": 0.10732825456379108
  },
  "log1pPF": {
    "cov_gene": 5.495561190609926,
    "cov_cell": 0.74100686939571,
    "r2_depth": 0.07962281776646785,
    "r_mono": 1
  },
  "PFlog1pPF": {
    "cov_gene": 14.478117319481829,
    "cov_cell": 5.852621309424225e-15,
    "r2_depth": 0,
    "r_mono": 1
  }
}
