{
  "ncells": 3121,
  "ngenes": 60623,
  "nvals": 3432584,
  "density": 0.01814220128293751,
  "total_counts": 10238609,
  "overdispersion": 0.14602227493957054,
  "avg_per_cell": 3280.5539891060557,
  "avg_per_gene": 168.88984378866107,
  "max_cell": 16287,
  "min_cell": 1893,
  "raw": {
    "cov_gene": 122.01919605615032,
    "cov_cell": 0.4225625632416254,
    "r2_depth": 1,
    "r_mono": 1
  },
  "PF": {
    "cov_gene": 93.71608091619045,
    "cov_cell": 1.4325216073359824e-14,
    "r2_depth": 0,
    "r_mono": 1
  },
  "sqrt": {
    "cov_gene": 5.629578975452782,
    "cov_cell": 0.42235688195337046,
    "r2_depth": 0.805128627183719,
    "r_mono": 1
  },
  "log1p": {
    "cov_gene": 4.231890682309447,
    "cov_cell": 0.4284660368216031,
    "r2_depth": 0.7858568223632535,
    "r_mono": 1
  },
  "log1pCP10k": {
    "cov_gene": 3.285986812548655,
    "cov_cell": 0.2503588807935003,
    "r2_depth": 0.47296266138449505,
    "r_mono": 1
  },
  "log1pCPM": {
    "cov_gene": 2.7983234728750115,
    "cov_cell": 0.3644412710762125,
    "r2_depth": 0.662714566700457,
    "r_mono": 1
  },
  "log1pPF": {
    "cov_gene": 4.032525802995253,
    "cov_cell": 0.20196686151930807,
    "r2_depth": 0.3626379556888487,
    "r_mono": 1
  },
  "PFlog1pPF": {
    "cov_gene": 5.933639953774651,
    "cov_cell": 1.1353898537673983e-14,
    "r2_depth": 0,
    "r_mono": 1
  }
}
