{"raw": {"cov_gene": 87.20491703474208, "r2_depth": 1.0, "r_mono": 1.0, "cov_cell": 0.7190472479318113}, "PF": {"cov_gene": 67.32131833538112, "r2_depth": 0, "r_mono": 1.0, "cov_cell": 1.6404849089962018e-15}, "sqrt": {"cov_gene": 7.872601172835322, "r2_depth": 0.9124762855928196, "r_mono": 1.0, "cov_cell": 0.5827883732424944}, "log1p": {"cov_gene": 5.350710164685445, "r2_depth": 0.909045135757399, "r_mono": 1.0, "cov_cell": 0.5889527651514943}, "log1pCP10k": {"cov_gene": 2.8186273284156225, "r2_depth": 0.6807309915057838, "r_mono": 1.0, "cov_cell": 0.35432382960891}, "log1pCPM": {"cov_gene": 2.6039691279162227, "r2_depth": 0.7902647750996921, "r_mono": 1.0, "cov_cell": 0.4477967780178566}, "scalelog1pCP10k": {"cov_gene": 1.5801174546948688e-13, "r2_depth": 0.7160513508196629, "r_mono": 0.14278611839359692, "cov_cell": null}, "sctransform": {"cov_gene": null, "r2_depth": null, "r_mono": null, "cov_cell": null}, "log1pPF": {"cov_gene": 5.197025763867196, "r2_depth": 0.19898862688619323, "r_mono": 1.0, "cov_cell": 0.17357669591475222}, "PFlog1pPF": {"cov_gene": 33.86937259924846, "r2_depth": 0, "r_mono": 1.0, "cov_cell": 1.8478971282908362e-15}, "total_count": 2297171, "nvals": 1475562, "sparsity": 0.007534363602902915}