{"raw": {"cov_gene": 47.521502221840045, "r2_depth": 1.0, "r_mono": 1.0}, "PF": {"cov_gene": 53.33383678842654, "r2_depth": 0, "r_mono": 1.0}, "sqrt": {"cov_gene": 4.41002104972629, "r2_depth": 0.9163862618703061, "r_mono": 1.0}, "log1p": {"cov_gene": 2.8952218649628625, "r2_depth": 0.9028024558371383, "r_mono": 1.0}, "log1pCP10k": {"cov_gene": 2.0058099131444234, "r2_depth": 0.4707215492464655, "r_mono": 1.0}, "log1pCPM": {"cov_gene": 1.5915755782268368, "r2_depth": 0.7556839166145671, "r_mono": 1.0}, "scalelog1pCP10k": {"cov_gene": 8.378129955418199e-14, "r2_depth": 0.46646201315636304, "r_mono": 0.31713009897702854}, "sctransform": {"cov_gene": 0.635034690739018, "r2_depth": 0.5381015147742305, "r_mono": 0.22494226344780857}, "log1pPF": {"cov_gene": 2.5847555099470076, "r2_depth": 0.29795333762741827, "r_mono": 1.0}, "PFlog1pPF": {"cov_gene": 5.69524254922966, "r2_depth": 0, "r_mono": 1.0}}