{
  "ncells": 8620,
  "ngenes": 60623,
  "nvals": 9936579,
  "density": 0.019014819174745994,
  "total_counts": 21668079,
  "overdispersion": 11.543667330475559,
  "avg_per_cell": 2513.6982598607888,
  "avg_per_gene": 357.4234036586774,
  "max_cell": 27531,
  "min_cell": 200,
  "raw": {
    "cov_gene": 150.34150530618152,
    "cov_cell": 1.0773098328990511,
    "r2_depth": 1,
    "r_mono": 1
  },
  "PF": {
    "cov_gene": 127.71006870135592,
    "cov_cell": 1.3078545861970307e-14,
    "r2_depth": 0,
    "r_mono": 1
  },
  "sqrt": {
    "cov_gene": 30.65156585027058,
    "cov_cell": 0.6393527863298565,
    "r2_depth": 0.2283918585486434,
    "r_mono": 1
  },
  "log1p": {
    "cov_gene": 4.129004740975529,
    "cov_cell": 0.6560502192599632,
    "r2_depth": 0.20037584696946287,
    "r_mono": 1
  },
  "log1pCP10k": {
    "cov_gene": 2.819241178342732,
    "cov_cell": 0.3754550793570217,
    "r2_depth": 0.006362826058125437,
    "r_mono": 1
  },
  "log1pCPM": {
    "cov_gene": 2.4085864867643463,
    "cov_cell": 0.4998583074758422,
    "r2_depth": 0.09178600774676182,
    "r_mono": 1
  },
  "log1pPF": {
    "cov_gene": 3.507899727766265,
    "cov_cell": 0.31152361044376353,
    "r2_depth": 0.008325140651040619,
    "r_mono": 1
  },
  "PFlog1pPF": {
    "cov_gene": 37.69598090499675,
    "cov_cell": 1.452920486094811e-14,
    "r2_depth": 0,
    "r_mono": 1
  }
}
