{"raw": {"cov_gene": 99.48769577521817, "r2_depth": 1.0, "r_mono": 1.0, "cov_cell": 1.14591808885083}, "PF": {"cov_gene": 79.3461878972682, "r2_depth": 0, "r_mono": 1.0, "cov_cell": 2.750851552858027e-14}, "sqrt": {"cov_gene": 16.15701354243074, "r2_depth": 0.9318890651290164, "r_mono": 1.0, "cov_cell": 1.0285028542945682}, "log1p": {"cov_gene": 3.4470070604352747, "r2_depth": 0.9216352379626862, "r_mono": 1.0, "cov_cell": 1.025296764789786}, "log1pCP10k": {"cov_gene": 3.4178856124534938, "r2_depth": 0.5564344190367827, "r_mono": 1.0, "cov_cell": 0.6283736850241725}, "log1pCPM": {"cov_gene": 1.6651515432775097, "r2_depth": 0.812767986282033, "r_mono": 1.0, "cov_cell": 0.8386367683755621}, "scalelog1pCP10k": {"cov_gene": 9.20377798957659e-14, "r2_depth": 0.4381777406144093, "r_mono": 0.3517426541250869, "cov_cell": null}, "sctransform": {"cov_gene": 1.2513353492328438, "r2_depth": 0.3910693546141125, "r_mono": 0.17940815715322678, "cov_cell": null}, "log1pPF": {"cov_gene": 3.3314851241134757, "r2_depth": 0.5654970348610941, "r_mono": 1.0, "cov_cell": 0.6353863201434975}, "PFlog1pPF": {"cov_gene": 9.375511554063012, "r2_depth": 0, "r_mono": 1.0, "cov_cell": 2.052656061216534e-14}, "ncells": 6095, "ngenes": 27134, "avg_per_cell": 10981.51, "avg_per_gene": 2466.73, "min_cell": 75.0, "max_cell": 66636.0, "overdispersion": 2.89, "total_count": 66932301, "nvals": 11950184, "density": 0.07225818716493049}