{
    "raw": {
        "cov_gene": 80.9451384943981,
        "r2_depth": 1.0,
        "r_mono": 1.0
    },
    "PF": {
        "cov_gene": 107.12777130136858,
        "r2_depth": 0,
        "r_mono": 1.0
    },
    "sqrt": {
        "cov_gene": 13.428527492970149,
        "r2_depth": 0.8939146499090974,
        "r_mono": 1.0
    },
    "log1p": {
        "cov_gene": 4.031894628570715,
        "r2_depth": 0.8858102366589435,
        "r_mono": 1.0
    },
    "log1pCP10k": {
        "cov_gene": 2.555437643154048,
        "r2_depth": 0.6184863269317058,
        "r_mono": 1.0
    },
    "log1pCPM": {
        "cov_gene": 1.6671709868255853,
        "r2_depth": 0.7997646085356511,
        "r_mono": 1.0
    },
    "scalelog1pCP10k": {
        "cov_gene": 3.646332456926171e-14,
        "r2_depth": 0.6432909531587403,
        "r_mono": 0.24653882860189155
    },
    "sctransform": {
        "cov_gene": 0.5110465961052458,
        "r2_depth": 0.05954928333130338,
        "r_mono": 0.21587922270679752
    },
    "log1pPF": {
        "cov_gene": 4.59805875310273,
        "r2_depth": 0.43741267072437884,
        "r_mono": 1.0
    },
    "PFlog1pPF": {
        "cov_gene": 69.82955865378428,
        "r2_depth": 0,
        "r_mono": 1.0
    },
    "ncells": "2484",
    "ngenes": 22367,
    "avg_per_cell": "1963.81",
    "avg_per_gene": "218.09",
    "min_cell": "26",
    "max_cell": "11940",
    "overdispersion": "2.35"
}