{
  "ncells": 1126,
  "ngenes": 60623,
  "nvals": 853954,
  "density": 0.012510038968087105,
  "total_counts": 2532856,
  "overdispersion": 0.7957664427059175,
  "avg_per_cell": 2249.4280639431618,
  "avg_per_gene": 41.78044636524091,
  "max_cell": 17837,
  "min_cell": 522,
  "raw": {
    "cov_gene": 150.44780016164313,
    "cov_cell": 0.6876490440462404,
    "r2_depth": 1,
    "r_mono": 1
  },
  "PF": {
    "cov_gene": 179.2854759200747,
    "cov_cell": 6.813643787438692e-15,
    "r2_depth": 0,
    "r_mono": 1
  },
  "sqrt": {
    "cov_gene": 16.6481206168942,
    "cov_cell": 0.49558203521126604,
    "r2_depth": 0.7310283993075746,
    "r_mono": 1
  },
  "log1p": {
    "cov_gene": 4.92225935107807,
    "cov_cell": 0.4968820158818909,
    "r2_depth": 0.7094794497981527,
    "r_mono": 1
  },
  "log1pCP10k": {
    "cov_gene": 3.6381488027610596,
    "cov_cell": 0.26860306062987044,
    "r2_depth": 0.24947369065400393,
    "r_mono": 1
  },
  "log1pCPM": {
    "cov_gene": 3.075011115715844,
    "cov_cell": 0.3601374510468575,
    "r2_depth": 0.5285420973222766,
    "r_mono": 1
  },
  "log1pPF": {
    "cov_gene": 4.815846639531852,
    "cov_cell": 0.22949552562290432,
    "r2_depth": 0.10528587278266832,
    "r_mono": 1
  },
  "PFlog1pPF": {
    "cov_gene": 27.243707783201103,
    "cov_cell": 7.283710964544436e-15,
    "r2_depth": 0,
    "r_mono": 1
  }
}
