{"raw": {"cov_gene": 38.60624908588832, "r2_depth": 1.0, "r_mono": 1.0}, "PF": {"cov_gene": 61.139265266922315, "r2_depth": 0, "r_mono": 1.0}, "sqrt": {"cov_gene": 3.9311700246810157, "r2_depth": 0.9898644060254256, "r_mono": 1.0}, "log1p": {"cov_gene": 2.801612012305539, "r2_depth": 0.9893481238231664, "r_mono": 1.0}, "log1pCP10k": {"cov_gene": 1.6899699194492233, "r2_depth": 0.8553938129115789, "r_mono": 1.0}, "log1pCPM": {"cov_gene": 1.2910395234444614, "r2_depth": 0.9508229918539343, "r_mono": 1.0}, "scalelog1pCP10k": {"cov_gene": 1.4354783784640938e-14, "r2_depth": 0.8109931272308051, "r_mono": 0.35922077001438607}, "sctransform": {"cov_gene": 0.532948236024656, "r2_depth": 0.7658299359724207, "r_mono": 0.26986424453112134}, "log1pPF": {"cov_gene": 2.269146285682606, "r2_depth": 0.7353156895683395, "r_mono": 1.0}, "PFlog1pPF": {"cov_gene": 4.003319945316586, "r2_depth": 0, "r_mono": 1.0}}