{
  "ncells": 3599,
  "ngenes": 16825,
  "nvals": 4678887,
  "density": 0.07726906144888357,
  "total_counts": 17362484,
  "overdispersion": 0.77,
  "avg_per_cell": 4824.25,
  "avg_per_gene": 1031.95,
  "max_cell": 27443,
  "min_cell": 2462,
  "raw": {
    "cov_gene": 55.900806401287596,
    "r2_depth": 1,
    "r_mono": 1,
    "cov_cell": 0.324384625232574
  },
  "PF": {
    "cov_gene": 58.2338691493704,
    "r2_depth": 0,
    "r_mono": 1,
    "cov_cell": 1.7751183838826584e-14
  },
  "sqrt": {
    "cov_gene": 3.959779121106544,
    "r2_depth": 0.8863010916737741,
    "r_mono": 1,
    "cov_cell": 0.2589542884158118
  },
  "log1p": {
    "cov_gene": 1.7352141776037628,
    "r2_depth": 0.8568689653192205,
    "r_mono": 1,
    "cov_cell": 0.25899963889540734
  },
  "log1pCP10k": {
    "cov_gene": 1.5382405620799693,
    "r2_depth": 0.3290419524039657,
    "r_mono": 1,
    "cov_cell": 0.1204243116197666
  },
  "log1pCPM": {
    "cov_gene": 1.3390441497110923,
    "r2_depth": 0.6914024764993274,
    "r_mono": 1,
    "cov_cell": 0.19366220787055777
  },
  "scalelog1pCP10k": {
    "cov_gene": 5.011684992284501e-14,
    "r2_depth": 0.3502632123821804,
    "r_mono": 0.40093741897027346,
    "cov_cell": null
  },
  "sctransform": {
    "cov_gene": 0.5439038011289475,
    "r2_depth": 0.001874231773095869,
    "r_mono": 0.3071427429993312,
    "cov_cell": null
  },
  "log1pPF": {
    "cov_gene": 1.7042099641088162,
    "r2_depth": 0.20955632051302564,
    "r_mono": 1,
    "cov_cell": 0.10569885682521461
  },
  "PFlog1pPF": {
    "cov_gene": 2.137664816837998,
    "r2_depth": 0,
    "r_mono": 1,
    "cov_cell": 1.1086179606616672e-14
  }
}
