{"raw": {"cov_gene": 48.434781659295695, "r2_depth": 1.0, "r_mono": 1.0, "cov_cell": 0.7503652440897476}, "PF": {"cov_gene": 84.89295757342654, "r2_depth": 0, "r_mono": 1.0, "cov_cell": 5.477571063010809e-14}, "sqrt": {"cov_gene": 7.911172918385915, "r2_depth": 0.9189720865680415, "r_mono": 1.0, "cov_cell": 0.6088759301354866}, "log1p": {"cov_gene": 2.0485052001703545, "r2_depth": 0.9053310376288545, "r_mono": 1.0, "cov_cell": 0.6115668357903987}, "log1pCP10k": {"cov_gene": 2.8113635627455458, "r2_depth": 0.3964905262560623, "r_mono": 1.0, "cov_cell": 0.3105337023456781}, "log1pCPM": {"cov_gene": 1.0881925060214155, "r2_depth": 0.6878871378924167, "r_mono": 1.0, "cov_cell": 0.4245272067575723}, "scalelog1pCP10k": {"cov_gene": 2.876354127838952e-14, "r2_depth": 0.27325817949189346, "r_mono": 0.5265370141678479, "cov_cell": null}, "sctransform": {"cov_gene": 0.9332338170956683, "r2_depth": 0.3059063442962733, "r_mono": 0.24049510565537294, "cov_cell": null}, "log1pPF": {"cov_gene": 1.876358705860224, "r2_depth": 0.467330201615308, "r_mono": 1.0, "cov_cell": 0.336609889667473}, "PFlog1pPF": {"cov_gene": 17.948993878025583, "r2_depth": 0, "r_mono": 1.0, "cov_cell": 3.20150738412808e-14}, "ncells": 2147, "ngenes": 28728, "avg_per_cell": 27076.82, "avg_per_gene": 2023.6, "min_cell": 953.0, "max_cell": 148792.0, "overdispersion": 0.56, "total_count": 58133943, "nvals": 10500954, "sparsity": 0.1702516460379329}