{
  "ncells": 198,
  "ngenes": 60623,
  "nvals": 193249,
  "density": 0.016099583499745156,
  "total_counts": 581112,
  "overdispersion": 2.2909659234740287,
  "avg_per_cell": 2934.909090909091,
  "avg_per_gene": 9.585668805568844,
  "max_cell": 20472,
  "min_cell": 125,
  "raw": {
    "cov_gene": 47.62377444075391,
    "cov_cell": 1.6912355098699323,
    "r2_depth": 1,
    "r_mono": 1
  },
  "PF": {
    "cov_gene": 123.53792828888353,
    "cov_cell": 2.0302352493170022e-14,
    "r2_depth": 0,
    "r_mono": 1
  },
  "sqrt": {
    "cov_gene": 10.987701297553127,
    "cov_cell": 1.5721430476384026,
    "r2_depth": 0.9850128486162363,
    "r_mono": 1
  },
  "log1p": {
    "cov_gene": 6.429764392417426,
    "cov_cell": 1.5772301109324358,
    "r2_depth": 0.9843203573390902,
    "r_mono": 1
  },
  "log1pCP10k": {
    "cov_gene": 5.871622863593487,
    "cov_cell": 0.9598758614796433,
    "r2_depth": 0.8436013411100743,
    "r_mono": 1
  },
  "log1pCPM": {
    "cov_gene": 3.172303076383301,
    "cov_cell": 1.3330352928482965,
    "r2_depth": 0.9379392587708273,
    "r_mono": 1
  },
  "log1pPF": {
    "cov_gene": 7.3971757823442195,
    "cov_cell": 0.7310403559907702,
    "r2_depth": 0.7836841631710582,
    "r_mono": 1
  },
  "PFlog1pPF": {
    "cov_gene": 19.94284141321071,
    "cov_cell": 1.40775825086888e-14,
    "r2_depth": 0,
    "r_mono": 1
  }
}
