{"ncells": 5893, "ngenes": 60623, "nvals": 5667813, "avg_per_cell": 4211.781605294417, "avg_per_gene": 409.41604671494315, "min_cell": 203, "max_cell": 54819, "total_count": 24820029, "overdispersion": 4.592656831178821, "raw": {"cov_gene": 196.70541719876903, "cov_cell": 0.9282360310995282, "r2_depth": 1.0, "r_mono": 1}, "PF": {"cov_gene": 188.68353522286128, "cov_cell": 1.2271900857445889e-14, "r2_depth": 0, "r_mono": 1}, "log1p": {"cov_gene": 6.793472335256614, "cov_cell": 0.7576072455709129, "r2_depth": 0.3469988179306206, "r_mono": 1}, "log1pPF": {"cov_gene": 5.801354789091145, "cov_cell": 0.44993973838962786, "r2_depth": 0.01441534000104061, "r_mono": 1}, "PFlog1pPF": {"cov_gene": 46.90190292608831, "cov_cell": 1.2970851283566923e-14, "r2_depth": 0, "r_mono": 1}, "log1pCPM": {"cov_gene": 2.905267846778999, "cov_cell": 0.5728646031339213, "r2_depth": 0.12847736002175503, "r_mono": 1}, "log1pCP10k": {"cov_gene": 4.357219209030352, "cov_cell": 0.4676286268485846, "r2_depth": 0.0002237717884843171, "r_mono": 1}, "sqrt": {"cov_gene": 65.03867120512724, "cov_cell": 0.7484635755874397, "r2_depth": 0.38682111015354403, "r_mono": 1}, "density": 0.015865057401506337}