{
  "ncells": 408,
  "ngenes": 60623,
  "nvals": 324243,
  "density": 0.013109104387676585,
  "total_counts": 1003893,
  "overdispersion": 0.8324270552169426,
  "avg_per_cell": 2460.5220588235293,
  "avg_per_gene": 16.559606090097816,
  "max_cell": 18250,
  "min_cell": 237,
  "raw": {
    "cov_gene": 84.35991118336815,
    "cov_cell": 0.9385506288186845,
    "r2_depth": 1,
    "r_mono": 1
  },
  "PF": {
    "cov_gene": 82.88081788228587,
    "cov_cell": 9.315327221736149e-15,
    "r2_depth": 0,
    "r_mono": 1
  },
  "sqrt": {
    "cov_gene": 12.206249238669601,
    "cov_cell": 0.8023323728100102,
    "r2_depth": 0.93254576383375,
    "r_mono": 1
  },
  "log1p": {
    "cov_gene": 6.886404549395443,
    "cov_cell": 0.8024663682181367,
    "r2_depth": 0.9217514164806381,
    "r_mono": 1
  },
  "log1pCP10k": {
    "cov_gene": 4.471634812067235,
    "cov_cell": 0.5057794333673452,
    "r2_depth": 0.48845169065128924,
    "r_mono": 1
  },
  "log1pCPM": {
    "cov_gene": 3.125797270935625,
    "cov_cell": 0.6444885469072767,
    "r2_depth": 0.7583972407115249,
    "r_mono": 1
  },
  "log1pPF": {
    "cov_gene": 6.82424192146888,
    "cov_cell": 0.4441862456679486,
    "r2_depth": 0.3385198376237786,
    "r_mono": 1
  },
  "PFlog1pPF": {
    "cov_gene": 53.440134083284235,
    "cov_cell": 9.35598329514007e-15,
    "r2_depth": 0,
    "r_mono": 1
  }
}
