{
  "ncells": 1254,
  "ngenes": 15922,
  "nvals": 720286,
  "density": 0.03607528888338625,
  "total_counts": 2655495,
  "overdispersion": 1.98,
  "avg_per_cell": 2117.62,
  "avg_per_gene": 166.78,
  "max_cell": 23181,
  "min_cell": 244,
  "raw": {
    "cov_gene": 42.423484856901254,
    "r2_depth": 1,
    "r_mono": 1,
    "cov_cell": 1.1911350831093415
  },
  "PF": {
    "cov_gene": 44.517446682826574,
    "r2_depth": 0,
    "r_mono": 1,
    "cov_cell": 1.0892790679251452e-14
  },
  "sqrt": {
    "cov_gene": 8.380434210327055,
    "r2_depth": 0.9122087403529205,
    "r_mono": 1,
    "cov_cell": 1.2433026705902073
  },
  "log1p": {
    "cov_gene": 4.256794898640389,
    "r2_depth": 0.8978072150536677,
    "r_mono": 1,
    "cov_cell": 1.2612541509216804
  },
  "log1pCP10k": {
    "cov_gene": 3.0221192116562703,
    "r2_depth": 0.580906662592081,
    "r_mono": 1,
    "cov_cell": 0.9901312675505428
  },
  "log1pCPM": {
    "cov_gene": 1.6265554919819665,
    "r2_depth": 0.7685411192717294,
    "r_mono": 1,
    "cov_cell": 1.1478450116411227
  },
  "scalelog1pCP10k": {
    "cov_gene": 1.8523238056532042e-14,
    "r2_depth": 0.5850567115629635,
    "r_mono": 0.23805871270936463,
    "cov_cell": null
  },
  "sctransform": {
    "cov_gene": 0.4991520801257521,
    "r2_depth": 0.09718257553434717,
    "r_mono": 0.21240168770528983,
    "cov_cell": null
  },
  "log1pPF": {
    "cov_gene": 5.306160856033608,
    "r2_depth": 0.47010829407368593,
    "r_mono": 1,
    "cov_cell": 0.8814764586620466
  },
  "PFlog1pPF": {
    "cov_gene": 30.757372970445367,
    "r2_depth": 0,
    "r_mono": 1,
    "cov_cell": 9.032848751759635e-15
  }
}
