{
  "ncells": 5695,
  "ngenes": 23709,
  "nvals": 7962376,
  "density": 0.05897062313681868,
  "total_counts": 21764511,
  "overdispersion": 1.32,
  "avg_per_cell": 3821.69,
  "avg_per_gene": 917.99,
  "max_cell": 38943,
  "min_cell": 315,
  "raw": {
    "cov_gene": 30.98242877888425,
    "r2_depth": 1,
    "r_mono": 1,
    "cov_cell": 1.0248058617624076
  },
  "PF": {
    "cov_gene": 80.17401633879342,
    "r2_depth": 0,
    "r_mono": 1,
    "cov_cell": 1.9721262495056938e-14
  },
  "sqrt": {
    "cov_gene": 4.565929137416576,
    "r2_depth": 0.9656863317310576,
    "r_mono": 1,
    "cov_cell": 0.8061645967992099
  },
  "log1p": {
    "cov_gene": 2.918575546541852,
    "r2_depth": 0.9618618560357294,
    "r_mono": 1,
    "cov_cell": 0.8063673026572474
  },
  "log1pCP10k": {
    "cov_gene": 2.020932462180088,
    "r2_depth": 0.6307284752735144,
    "r_mono": 1,
    "cov_cell": 0.3561853449786169
  },
  "log1pCPM": {
    "cov_gene": 1.5422344149814509,
    "r2_depth": 0.8614596182224656,
    "r_mono": 1,
    "cov_cell": 0.5728673288239657
  },
  "scalelog1pCP10k": {
    "cov_gene": 8.496791825824677e-14,
    "r2_depth": 0.5840836963204707,
    "r_mono": 0.3634141457085883,
    "cov_cell": null
  },
  "sctransform": {
    "cov_gene": 0.6803988507672896,
    "r2_depth": 0.5110977834362389,
    "r_mono": 0.23532746109588398,
    "cov_cell": null
  },
  "log1pPF": {
    "cov_gene": 2.4086623010687225,
    "r2_depth": 0.5059432533442585,
    "r_mono": 1,
    "cov_cell": 0.28376042870902773
  },
  "PFlog1pPF": {
    "cov_gene": 13.897457756219216,
    "r2_depth": 0,
    "r_mono": 1,
    "cov_cell": 1.3149761726109412e-14
  }
}
