{"raw": {"cov_gene": 36.66093996224177, "r2_depth": 1.0, "r_mono": 1.0, "cov_cell": 0.30736561205575663}, "PF": {"cov_gene": 47.94012853245614, "r2_depth": 0, "r_mono": 1.0, "cov_cell": 4.293006195614547e-14}, "sqrt": {"cov_gene": 2.953010700188096, "r2_depth": 0.9491418066051629, "r_mono": 1.0, "cov_cell": 0.22213316359613117}, "log1p": {"cov_gene": 1.5572003979370777, "r2_depth": 0.9305166895748217, "r_mono": 1.0, "cov_cell": 0.21898173964637996}, "log1pCP10k": {"cov_gene": 1.7704750523077748, "r2_depth": 0.2844255563300935, "r_mono": 1.0, "cov_cell": 0.06836601971969664}, "log1pCPM": {"cov_gene": 1.0916815201385948, "r2_depth": 0.7911509360642863, "r_mono": 1.0, "cov_cell": 0.1378010540085744}, "scalelog1pCP10k": {"cov_gene": 1.8903286006585103e-14, "r2_depth": 0.1148256229103587, "r_mono": 0.4811564512990942, "cov_cell": null}, "sctransform": {"cov_gene": 0.5037011532107882, "r2_depth": 0.13686360329087255, "r_mono": 0.3164374985427858, "cov_cell": null}, "log1pPF": {"cov_gene": 1.5147804521966148, "r2_depth": 0.37843221041769226, "r_mono": 1.0, "cov_cell": 0.07521281002586802}, "PFlog1pPF": {"cov_gene": 1.5104641701559798, "r2_depth": 0, "r_mono": 1.0, "cov_cell": 2.611018680594306e-14}, "ncells": 1443, "ngenes": 22912, "avg_per_cell": 16574.66, "avg_per_gene": 1043.87, "min_cell": 8674.0, "max_cell": 53754.0, "overdispersion": 0.19, "total_count": 23917229, "nvals": 4699616, "sparsity": 0.1421454759443586}