{
    "raw": {
        "cov_gene": 110.51562197420752,
        "r2_depth": 1.0,
        "r_mono": 1.0
    },
    "PF": {
        "cov_gene": 92.94567134889374,
        "r2_depth": 0,
        "r_mono": 1.0
    },
    "sqrt": {
        "cov_gene": 13.690037323226425,
        "r2_depth": 0.9271208036298519,
        "r_mono": 1.0
    },
    "log1p": {
        "cov_gene": 2.374376165467655,
        "r2_depth": 0.9134574807086703,
        "r_mono": 1.0
    },
    "log1pCP10k": {
        "cov_gene": 2.275579496662219,
        "r2_depth": 0.36669365132990484,
        "r_mono": 1.0
    },
    "log1pCPM": {
        "cov_gene": 1.2270389656507033,
        "r2_depth": 0.733985438694764,
        "r_mono": 1.0
    },
    "scalelog1pCP10k": {
        "cov_gene": 2.8484148905638465e-14,
        "r2_depth": 0.16858286895563723,
        "r_mono": 0.46377644652235417
    },
    "sctransform": {
        "cov_gene": 0.8708717737867238,
        "r2_depth": 0.44692168920551933,
        "r_mono": 0.1876107532948075
    },
    "log1pPF": {
        "cov_gene": 1.8814989014726498,
        "r2_depth": 0.4552723589301666,
        "r_mono": 1.0
    },
    "PFlog1pPF": {
        "cov_gene": 3.9763080617933064,
        "r2_depth": 0,
        "r_mono": 1.0
    },
    "ncells": 1954,
    "ngenes": 24866,
    "avg_per_cell": 20580.8,
    "avg_per_gene": 1617.26,
    "min_cell": 549.0,
    "max_cell": 98651.0,
    "overdispersion": 2.11
}