{
    "raw": {
        "cov_gene": 34.282185579226905,
        "r2_depth": 1.0,
        "r_mono": 1.0
    },
    "PF": {
        "cov_gene": 55.146618253746006,
        "r2_depth": 0,
        "r_mono": 1.0
    },
    "sqrt": {
        "cov_gene": 4.764309629282406,
        "r2_depth": 0.952149133098147,
        "r_mono": 1.0
    },
    "log1p": {
        "cov_gene": 2.5978015208227117,
        "r2_depth": 0.9448159289870363,
        "r_mono": 1.0
    },
    "log1pCP10k": {
        "cov_gene": 2.0956310551910415,
        "r2_depth": 0.5820770063915326,
        "r_mono": 1.0
    },
    "log1pCPM": {
        "cov_gene": 1.3928748528906958,
        "r2_depth": 0.8357796864822619,
        "r_mono": 1.0
    },
    "scalelog1pCP10k": {
        "cov_gene": 1.0837981953789116e-13,
        "r2_depth": 0.5198111881121666,
        "r_mono": 0.41228626042265487
    },
    "sctransform": {
        "cov_gene": 0.781916403999653,
        "r2_depth": 0.5834215286656523,
        "r_mono": 0.24259774114880026
    },
    "log1pPF": {
        "cov_gene": 2.2679270382951167,
        "r2_depth": 0.5530777620257954,
        "r_mono": 1.0
    },
    "PFlog1pPF": {
        "cov_gene": 5.961458204207468,
        "r2_depth": 0,
        "r_mono": 1.0
    },
    "ncells": 7791,
    "ngenes": 28325,
    "avg_per_cell": 7519.66,
    "avg_per_gene": 2068.34,
    "min_cell": 176.0,
    "max_cell": 43002.0,
    "overdispersion": 0.68
}