{"raw": {"cov_gene": 53.76873469885751, "r2_depth": 1.0, "r_mono": 1.0, "cov_cell": 3.3624699327425223}, "PF": {"cov_gene": 39.465934862709815, "r2_depth": 0, "r_mono": 1.0, "cov_cell": 4.588304122861434e-15}, "sqrt": {"cov_gene": 10.046110686274274, "r2_depth": 0.8908018699108324, "r_mono": 1.0, "cov_cell": 2.3808603056628095}, "log1p": {"cov_gene": 1.7009200046190909, "r2_depth": 0.8687386271264095, "r_mono": 1.0, "cov_cell": 2.459764593017711}, "log1pCP10k": {"cov_gene": 1.5527849279285275, "r2_depth": 0.27570089720664415, "r_mono": 1.0, "cov_cell": 0.6438116163473122}, "log1pCPM": {"cov_gene": 1.3147276811097421, "r2_depth": 0.5742173640910619, "r_mono": 1.0, "cov_cell": 1.1954632627567472}, "scalelog1pCP10k": {"cov_gene": 9.70533462471802e-15, "r2_depth": 0.29869394641334857, "r_mono": 0.2559732934991457, "cov_cell": null}, "sctransform": {"cov_gene": 0.6159970601461326, "r2_depth": 0.07080876596998287, "r_mono": 0.23504537646933757, "cov_cell": null}, "log1pPF": {"cov_gene": 1.8376055138897853, "r2_depth": 0.13126885648790376, "r_mono": 1.0, "cov_cell": 0.3756983389613131}, "PFlog1pPF": {"cov_gene": 3.344316360988275, "r2_depth": 0, "r_mono": 1.0, "cov_cell": 4.504746573310906e-15}, "ncells": 563, "ngenes": 7656, "avg_per_cell": 1207.68, "avg_per_gene": 88.81, "min_cell": 442.0, "max_cell": 77050.0, "overdispersion": 5.94, "total_count": 679923, "nvals": 135221, "sparsity": 0.03137139447392403}