{"ncells": 7998, "ngenes": 60623, "nvals": 14088442, "density": 0.02905655648691052, "avg_per_cell": 5300.895973993498, "avg_per_gene": 699.34787126998, "min_cell": 2387, "max_cell": 56356, "total_count": 42396566, "overdispersion": 0.4752551644129255, "log1pCP10k": {"cov_gene": 3.150292607665514, "cov_cell": 0.12653270416062, "r2_depth": 0.5912838381031347, "r_mono": 1}, "log1p": {"cov_gene": 3.583986402990173, "cov_cell": 0.4054171345080507, "r2_depth": 0.9558879830841497, "r_mono": 1}, "log1pPF": {"cov_gene": 3.51846407382, "cov_cell": 0.10278034426019696, "r2_depth": 0.49341987642199736, "r_mono": 1}, "PFlog1pPF": {"cov_gene": 3.6670255171188844, "cov_cell": 1.9144689988853622e-14, "r2_depth": 0, "r_mono": 1}, "log1pCPM": {"cov_gene": 2.623079874777533, "cov_cell": 0.26265791285329365, "r2_depth": 0.8459322468909894, "r_mono": 1}, "raw": {"cov_gene": 80.78222869848635, "cov_cell": 0.5563512723201127, "r2_depth": 1, "r_mono": 1}, "PF": {"cov_gene": 74.5469764267408, "cov_cell": 1.867126938376712e-14, "r2_depth": 0, "r_mono": 1}, "sqrt": {"cov_gene": 5.6910770663632295, "cov_cell": 0.40781082656312767, "r2_depth": 0.9611013142381648, "r_mono": 1}}