{"raw": {"cov_gene": 13.887642143722564, "r2_depth": 1.0, "r_mono": 1.0, "cov_cell": 0.5572135443149429}, "PF": {"cov_gene": 9.93142999405883, "r2_depth": 0, "r_mono": 1.0, "cov_cell": 1.1457102219393887e-15}, "sqrt": {"cov_gene": 3.718778262719191, "r2_depth": 0.9896541555594455, "r_mono": 1.0, "cov_cell": 0.49978855697089264}, "log1p": {"cov_gene": 4.107377685544738, "r2_depth": 0.9913100864080544, "r_mono": 1.0, "cov_cell": 0.5053688896029378}, "log1pCP10k": {"cov_gene": 3.092814426706689, "r2_depth": 0.933066470793325, "r_mono": 1.0, "cov_cell": 0.33010221989256827}, "log1pCPM": {"cov_gene": 2.968658583639823, "r2_depth": 0.9619819899225533, "r_mono": 1.0, "cov_cell": 0.4006038900181323}, "scalelog1pCP10k": {"cov_gene": 1.1284750416197354e-13, "r2_depth": 0.8468672708199314, "r_mono": 0.15971461882915902, "cov_cell": null}, "sctransform": {"cov_gene": 0.4912698074091018, "r2_depth": 0.07731878476552656, "r_mono": 0.1437961203861991, "cov_cell": null}, "log1pPF": {"cov_gene": 4.0692333647890795, "r2_depth": 0.6893665956499437, "r_mono": 1.0, "cov_cell": 0.10787274940280739}, "PFlog1pPF": {"cov_gene": 4.150696737497095, "r2_depth": 0, "r_mono": 1.0, "cov_cell": 1.1597228658926144e-15}, "ncells": 7546, "ngenes": 10016, "avg_per_cell": 114.12, "avg_per_gene": 85.97, "min_cell": 47.0, "max_cell": 1220.0, "overdispersion": 0.47, "total_count": 861123, "nvals": 690983, "sparsity": 0.009142316370139607}