{"ncells": 8784, "ngenes": 60623, "nvals": 1661784, "avg_per_cell": 299.1911429872495, "avg_per_gene": 43.351450769509924, "min_cell": 2, "max_cell": 6294, "total_count": 2628095, "overdispersion": 2.5247196478380243, "raw": {"cov_gene": 146.85639674944596, "cov_cell": 0.8310434525835386, "r2_depth": 1.0, "r_mono": 1}, "PF": {"cov_gene": 109.1606168461104, "cov_cell": 2.765085309099294e-15, "r2_depth": 0, "r_mono": 1}, "log1p": {"cov_gene": 8.921036160695344, "cov_cell": 0.6660994628892358, "r2_depth": 0.9251604410992369, "r_mono": 1}, "log1pPF": {"cov_gene": 8.951584757075231, "cov_cell": 0.19334132299857407, "r2_depth": 0.2606507218644484, "r_mono": 1}, "PFlog1pPF": {"cov_gene": 58.13687246929164, "cov_cell": 2.3117752063333346e-15, "r2_depth": 0, "r_mono": 1}, "log1pCPM": {"cov_gene": 4.190090896379212, "cov_cell": 0.49147990038114153, "r2_depth": 0.7722671832277428, "r_mono": 1}, "log1pCP10k": {"cov_gene": 4.646887309197271, "cov_cell": 0.3805613244210138, "r2_depth": 0.638767602285413, "r_mono": 1}, "sqrt": {"cov_gene": 11.940278579015441, "cov_cell": 0.6572886634286715, "r2_depth": 0.9237603030370359, "r_mono": 1}, "density": 0.0031206482706116426}