{"raw": {"cov_gene": 85.04624961356853, "r2_depth": 1.0, "r_mono": 1.0, "cov_cell": 0.8310821532107935}, "PF": {"cov_gene": 63.23849259269093, "r2_depth": 0, "r_mono": 1.0, "cov_cell": 2.841612148653934e-15}, "sqrt": {"cov_gene": 6.934029172413815, "r2_depth": 0.9220463287735798, "r_mono": 1.0, "cov_cell": 0.6556852622350128}, "log1p": {"cov_gene": 5.151509986889577, "r2_depth": 0.9235226246912859, "r_mono": 1.0, "cov_cell": 0.6645847475471733}, "log1pCP10k": {"cov_gene": 2.5989394075846817, "r2_depth": 0.6362887517974576, "r_mono": 1.0, "cov_cell": 0.38052792281684633}, "log1pCPM": {"cov_gene": 2.3194433797483853, "r2_depth": 0.7681829982923282, "r_mono": 1.0, "cov_cell": 0.4903825591581193}, "scalelog1pCP10k": {"cov_gene": 1.2985697193121822e-13, "r2_depth": 0.7088530439166015, "r_mono": 0.1575881369287676, "cov_cell": null}, "sctransform": {"cov_gene": 0.4633898316718471, "r2_depth": 0.09127392529094869, "r_mono": 0.13893362545054097, "cov_cell": null}, "log1pPF": {"cov_gene": 5.1703422235425975, "r2_depth": 0.25936464447785723, "r_mono": 1.0, "cov_cell": 0.1936639552411109}, "PFlog1pPF": {"cov_gene": 33.43623104059821, "r2_depth": 0, "r_mono": 1.0, "cov_cell": 2.3693017404415954e-15}, "ncells": 8784, "ngenes": 20300, "avg_per_cell": 296.87, "avg_per_gene": 128.46, "min_cell": 2.0, "max_cell": 6233.0, "overdispersion": 2.52, "total_count": 2607718, "nvals": 1641612, "sparsity": 0.00920623704541172}