{"raw": {"cov_gene": 20.474264138568678, "r2_depth": 1.0, "r_mono": 1.0, "cov_cell": 7.4824076459184}, "PF": {"cov_gene": 13.709855483310973, "r2_depth": 0, "r_mono": 1.0, "cov_cell": 5.839288563147505e-15}, "sqrt": {"cov_gene": 5.622763832578527, "r2_depth": 0.9878790077666003, "r_mono": 1.0, "cov_cell": 6.1601670235665775}, "log1p": {"cov_gene": 3.705990745182925, "r2_depth": 0.9873520531853393, "r_mono": 1.0, "cov_cell": 6.19505239597124}, "log1pCP10k": {"cov_gene": 4.6239795776531025, "r2_depth": 0.8151163313607299, "r_mono": 1.0, "cov_cell": 2.043018733734365}, "log1pCPM": {"cov_gene": 3.3981492986166897, "r2_depth": 0.9413978217040879, "r_mono": 1.0, "cov_cell": 3.9166968838106313}, "scalelog1pCP10k": {"cov_gene": 7.229735043419057e-14, "r2_depth": 0.8620157581787914, "r_mono": 0.08665057418552571, "cov_cell": null}, "sctransform": {"cov_gene": 1.192884767949046, "r2_depth": 0.4319292052839605, "r_mono": 0.08159570145478535, "cov_cell": null}, "log1pPF": {"cov_gene": 5.474291815218789, "r2_depth": 0.21601986695078024, "r_mono": 1.0, "cov_cell": 0.5360257046885937}, "PFlog1pPF": {"cov_gene": 6.802543705412955, "r2_depth": 0, "r_mono": 1.0, "cov_cell": 5.3927699439084566e-15}, "ncells": 3931, "ngenes": 10171, "avg_per_cell": 166.66, "avg_per_gene": 64.41, "min_cell": 5.0, "max_cell": 19963.0, "overdispersion": 36.91, "total_count": 655152, "nvals": 255535, "sparsity": 0.006391218932644553}