{
  "ncells": 11752,
  "ngenes": 60623,
  "nvals": 4154522,
  "density": 0.005831386890468267,
  "total_counts": 8687076,
  "overdispersion": 6.785796507546531,
  "avg_per_cell": 739.1997957794418,
  "avg_per_gene": 143.29670257163122,
  "max_cell": 117065,
  "min_cell": 248,
  "raw": {
    "cov_gene": 115.83508093435215,
    "cov_cell": 2.6317874770764664,
    "r2_depth": 1,
    "r_mono": 1
  },
  "PF": {
    "cov_gene": 154.15529063443577,
    "cov_cell": 5.864424742145868e-15,
    "r2_depth": 0,
    "r_mono": 1
  },
  "sqrt": {
    "cov_gene": 14.069431134021697,
    "cov_cell": 1.1250299463283728,
    "r2_depth": 0.8732887593959463,
    "r_mono": 1
  },
  "log1p": {
    "cov_gene": 7.19068314081225,
    "cov_cell": 1.076136262014446,
    "r2_depth": 0.8539827970137945,
    "r_mono": 1
  },
  "log1pCP10k": {
    "cov_gene": 4.730414743080026,
    "cov_cell": 0.29183721617122615,
    "r2_depth": 0.27779368983002917,
    "r_mono": 1
  },
  "log1pCPM": {
    "cov_gene": 4.201619220562032,
    "cov_cell": 0.5640396098384914,
    "r2_depth": 0.5752124786445966,
    "r_mono": 1
  },
  "log1pPF": {
    "cov_gene": 6.415500300131033,
    "cov_cell": 0.11037795698908102,
    "r2_depth": 0.10341770101118508,
    "r_mono": 1
  },
  "PFlog1pPF": {
    "cov_gene": 6.692281020383748,
    "cov_cell": 4.372498822331133e-15,
    "r2_depth": 0,
    "r_mono": 1
  }
}
