{
    "raw": {
        "cov_gene": 22.309957524232594,
        "r2_depth": 1.0,
        "r_mono": 1.0
    },
    "PF": {
        "cov_gene": 21.367581861383627,
        "r2_depth": 0,
        "r_mono": 1.0
    },
    "sqrt": {
        "cov_gene": 4.615827837132106,
        "r2_depth": 0.9887086743285503,
        "r_mono": 1.0
    },
    "log1p": {
        "cov_gene": 4.399799788105843,
        "r2_depth": 0.9884964311376498,
        "r_mono": 1.0
    },
    "log1pCP10k": {
        "cov_gene": 2.7128022438754025,
        "r2_depth": 0.8899603718094146,
        "r_mono": 1.0
    },
    "log1pCPM": {
        "cov_gene": 2.113634150572154,
        "r2_depth": 0.9519497605649669,
        "r_mono": 1.0
    },
    "scalelog1pCP10k": {
        "cov_gene": 7.257419591342141e-14,
        "r2_depth": 0.8927007596792536,
        "r_mono": 0.2416766796468469
    },
    "sctransform": {
        "cov_gene": 0.9951623887888558,
        "r2_depth": 0.6158246885013703,
        "r_mono": 0.1730317010238368
    },
    "log1pPF": {
        "cov_gene": 4.757461307048677,
        "r2_depth": 0.7486605377618163,
        "r_mono": 1.0
    },
    "PFlog1pPF": {
        "cov_gene": 10.759244518519088,
        "r2_depth": 0,
        "r_mono": 1.0
    },
    "ncells": "4916",
    "ngenes": 14858,
    "avg_per_cell": "775.65",
    "avg_per_gene": "256.63",
    "min_cell": "4",
    "max_cell": "5321",
    "overdispersion": "0.85"
}