{"ncells": 4916, "ngenes": 60623, "nvals": 1989523, "avg_per_cell": 779.3852725793328, "avg_per_gene": 63.20139221087706, "min_cell": 6, "max_cell": 5354, "total_count": 3831458, "overdispersion": 0.847303235974644, "raw": {"cov_gene": 45.041687111366635, "cov_cell": 0.8824524443794719, "r2_depth": 1.0, "r_mono": 1}, "PF": {"cov_gene": 43.15973729073281, "cov_cell": 6.0563946863865955e-15, "r2_depth": 0, "r_mono": 1}, "log1p": {"cov_gene": 8.997661175160593, "cov_cell": 0.8215832737509918, "r2_depth": 0.9885596743231214, "r_mono": 1}, "log1pPF": {"cov_gene": 9.6901116106195, "cov_cell": 0.5486853272379545, "r2_depth": 0.7481708310246848, "r_mono": 1}, "PFlog1pPF": {"cov_gene": 21.726220253949336, "cov_cell": 4.6466783276113445e-15, "r2_depth": 0, "r_mono": 1}, "log1pCPM": {"cov_gene": 4.562624760291425, "cov_cell": 0.7416170173418206, "r2_depth": 0.9520502561297293, "r_mono": 1}, "log1pCP10k": {"cov_gene": 5.696381111856664, "cov_cell": 0.6700254160289544, "r2_depth": 0.8897618732980086, "r_mono": 1}, "sqrt": {"cov_gene": 9.417090851073086, "cov_cell": 0.8202148108694305, "r2_depth": 0.9887593913475202, "r_mono": 1}, "density": 0.006675743873281478}