{"raw": {"cov_gene": 25.3438832078759, "r2_depth": 1.0, "r_mono": 1.0}, "PF": {"cov_gene": 26.317724143116624, "r2_depth": 0, "r_mono": 1.0}, "sqrt": {"cov_gene": 3.690353675656412, "r2_depth": 0.9406211331349483, "r_mono": 1.0}, "log1p": {"cov_gene": 2.278910420091097, "r2_depth": 0.9311716118051856, "r_mono": 1.0}, "log1pCP10k": {"cov_gene": 1.8795939435166962, "r2_depth": 0.4793946193216766, "r_mono": 1.0}, "log1pCPM": {"cov_gene": 1.3847318181383017, "r2_depth": 0.7879594213681829, "r_mono": 1.0}, "scalelog1pCP10k": {"cov_gene": 5.474101946538308e-14, "r2_depth": 0.4528831284212955, "r_mono": 0.41838539065174385}, "sctransform": {"cov_gene": 0.8369826914850425, "r2_depth": 0.1523962397512021, "r_mono": 0.29878976595605783}, "log1pPF": {"cov_gene": 2.174987620213677, "r2_depth": 0.397388779029083, "r_mono": 1.0}, "PFlog1pPF": {"cov_gene": 2.134034199905449, "r2_depth": 0, "r_mono": 1.0}}