{
  "ncells": 4412,
  "ngenes": 60623,
  "nvals": 10720205,
  "density": 0.0400802260672947,
  "total_counts": 38961578,
  "overdispersion": 1.9945077723956675,
  "avg_per_cell": 8830.820036264733,
  "avg_per_gene": 642.6864061494812,
  "max_cell": 62524,
  "min_cell": 429,
  "raw": {
    "cov_gene": 107.41355125101134,
    "cov_cell": 1.1721055344526914,
    "r2_depth": 1,
    "r_mono": 1
  },
  "PF": {
    "cov_gene": 90.39314198932755,
    "cov_cell": 3.230117617314221e-14,
    "r2_depth": 0,
    "r_mono": 1
  },
  "sqrt": {
    "cov_gene": 13.122392533048396,
    "cov_cell": 0.9863859328733763,
    "r2_depth": 0.932887693926563,
    "r_mono": 1
  },
  "log1p": {
    "cov_gene": 4.156413879805631,
    "cov_cell": 0.9874962642397305,
    "r2_depth": 0.922938241648668,
    "r_mono": 1
  },
  "log1pCP10k": {
    "cov_gene": 3.7896459292861024,
    "cov_cell": 0.5215718639425051,
    "r2_depth": 0.5400246207269911,
    "r_mono": 1
  },
  "log1pCPM": {
    "cov_gene": 2.261633701911551,
    "cov_cell": 0.779723658606763,
    "r2_depth": 0.7934166362753726,
    "r_mono": 1
  },
  "log1pPF": {
    "cov_gene": 3.9015501946229523,
    "cov_cell": 0.5093666202711519,
    "r2_depth": 0.5284146240703751,
    "r_mono": 1
  },
  "PFlog1pPF": {
    "cov_gene": 9.472994374036558,
    "cov_cell": 2.729270835783323e-14,
    "r2_depth": 0,
    "r_mono": 1
  }
}
