{
    "raw": {
        "cov_gene": 54.75062364332107,
        "r2_depth": 1.0,
        "r_mono": 1.0
    },
    "PF": {
        "cov_gene": 68.21571834459417,
        "r2_depth": 0,
        "r_mono": 1.0
    },
    "sqrt": {
        "cov_gene": 3.341228519567936,
        "r2_depth": 0.8765842536195506,
        "r_mono": 1.0
    },
    "log1p": {
        "cov_gene": 2.2260239976429084,
        "r2_depth": 0.852927496786946,
        "r_mono": 1.0
    },
    "log1pCP10k": {
        "cov_gene": 1.697262987980449,
        "r2_depth": 0.31921071778453414,
        "r_mono": 1.0
    },
    "log1pCPM": {
        "cov_gene": 1.3651323391363916,
        "r2_depth": 0.6798777970517498,
        "r_mono": 1.0
    },
    "scalelog1pCP10k": {
        "cov_gene": 5.136943768253929e-14,
        "r2_depth": 0.35055747881907584,
        "r_mono": 0.37321667414762055
    },
    "sctransform": {
        "cov_gene": 0.6347151753763495,
        "r2_depth": 0.16865668078725327,
        "r_mono": 0.2985099820809228
    },
    "log1pPF": {
        "cov_gene": 2.12503704893566,
        "r2_depth": 0.16251381245362972,
        "r_mono": 1.0
    },
    "PFlog1pPF": {
        "cov_gene": 10.98182240048495,
        "r2_depth": 0,
        "r_mono": 1.0
    },
    "ncells": 3670,
    "ngenes": 21194,
    "avg_per_cell": 3694.6,
    "avg_per_gene": 639.77,
    "min_cell": 427.0,
    "max_cell": 20240.0,
    "overdispersion": 0.26
}