{"ncells": 3670, "ngenes": 60623, "nvals": 4713593, "avg_per_cell": 3698.9117166212536, "avg_per_gene": 223.92501195915742, "min_cell": 432, "max_cell": 20265, "total_count": 13575006, "overdispersion": 0.2593713519970999, "raw": {"cov_gene": 92.60252427849622, "cov_cell": 0.44495088412654704, "r2_depth": 1.0, "r_mono": 1}, "PF": {"cov_gene": 115.41137016835538, "cov_cell": 1.5745826757570485e-14, "r2_depth": 0, "r_mono": 1}, "log1p": {"cov_gene": 3.99181257767832, "cov_cell": 0.34254835342201007, "r2_depth": 0.8534366375117678, "r_mono": 1}, "log1pPF": {"cov_gene": 3.831581441066304, "cov_cell": 0.1422319433972038, "r2_depth": 0.1632277343639491, "r_mono": 1}, "PFlog1pPF": {"cov_gene": 18.224249424222062, "cov_cell": 1.1723796227117789e-14, "r2_depth": 0, "r_mono": 1}, "log1pCPM": {"cov_gene": 2.668598568589517, "cov_cell": 0.25677015751639887, "r2_depth": 0.6811910329226325, "r_mono": 1}, "log1pCP10k": {"cov_gene": 3.1662515677267304, "cov_cell": 0.16784284723948711, "r2_depth": 0.32025295303323675, "r_mono": 1}, "sqrt": {"cov_gene": 5.7958452123483095, "cov_cell": 0.3449535564008754, "r2_depth": 0.8769836434730974, "r_mono": 1}, "density": 0.021185981651643353}