{
  "ncells": 939,
  "ngenes": 60623,
  "nvals": 336537,
  "density": 0.005911937070457817,
  "total_counts": 614581,
  "overdispersion": 4.14386181232469,
  "avg_per_cell": 654.5058572949947,
  "avg_per_gene": 10.13775299803705,
  "max_cell": 2879,
  "min_cell": 6,
  "raw": {
    "cov_gene": 220.22503892865706,
    "cov_cell": 0.5027810473593344,
    "r2_depth": 1,
    "r_mono": 1
  },
  "PF": {
    "cov_gene": 152.51202526253485,
    "cov_cell": 4.9408089832809475e-15,
    "r2_depth": 0,
    "r_mono": 1
  },
  "sqrt": {
    "cov_gene": 16.194053397205927,
    "cov_cell": 0.40904432579050554,
    "r2_depth": 0.8083073916937294,
    "r_mono": 1
  },
  "log1p": {
    "cov_gene": 6.6857747257869145,
    "cov_cell": 0.41414976104326406,
    "r2_depth": 0.7951315734069399,
    "r_mono": 1
  },
  "log1pCP10k": {
    "cov_gene": 4.0833773006935745,
    "cov_cell": 0.2676452692910139,
    "r2_depth": 0.5416002809526903,
    "r_mono": 1
  },
  "log1pCPM": {
    "cov_gene": 3.707127752553454,
    "cov_cell": 0.33241341692948095,
    "r2_depth": 0.6825980182558083,
    "r_mono": 1
  },
  "log1pPF": {
    "cov_gene": 6.445473163650678,
    "cov_cell": 0.18079393148165962,
    "r2_depth": 0.17593720794976275,
    "r_mono": 1
  },
  "PFlog1pPF": {
    "cov_gene": 173.5936009893608,
    "cov_cell": 3.692123737204241e-15,
    "r2_depth": 0,
    "r_mono": 1
  }
}
