{
  "ncells": 6496,
  "ngenes": 26986,
  "nvals": 11851697,
  "density": 0.06760767601993224,
  "total_counts": 36373633,
  "overdispersion": 1.06,
  "avg_per_cell": 5599.39,
  "avg_per_gene": 1347.87,
  "max_cell": 60052,
  "min_cell": 249,
  "raw": {
    "cov_gene": 32.31685047088312,
    "r2_depth": 1,
    "r_mono": 1,
    "cov_cell": 1.1627696336266637
  },
  "PF": {
    "cov_gene": 96.62411029900198,
    "r2_depth": 0,
    "r_mono": 1,
    "cov_cell": 2.0880392308370184e-14
  },
  "sqrt": {
    "cov_gene": 4.844061465635551,
    "r2_depth": 0.9645850184189949,
    "r_mono": 1,
    "cov_cell": 0.8672405881459956
  },
  "log1p": {
    "cov_gene": 2.800367132566733,
    "r2_depth": 0.9608063904579239,
    "r_mono": 1,
    "cov_cell": 0.8636139048027345
  },
  "log1pCP10k": {
    "cov_gene": 2.0986954173921037,
    "r2_depth": 0.5508500056840913,
    "r_mono": 1,
    "cov_cell": 0.33434973092894604
  },
  "log1pCPM": {
    "cov_gene": 1.5636928986677874,
    "r2_depth": 0.8348635187763719,
    "r_mono": 1,
    "cov_cell": 0.5773311096305582
  },
  "scalelog1pCP10k": {
    "cov_gene": 9.545075266597768e-14,
    "r2_depth": 0.5309039513105511,
    "r_mono": 0.37797576382621917,
    "cov_cell": null
  },
  "sctransform": {
    "cov_gene": 0.883285515700846,
    "r2_depth": 0.6286599905467687,
    "r_mono": 0.1938014209662018,
    "cov_cell": null
  },
  "log1pPF": {
    "cov_gene": 2.3202006488927602,
    "r2_depth": 0.4698963679473148,
    "r_mono": 1,
    "cov_cell": 0.29156828888269976
  },
  "PFlog1pPF": {
    "cov_gene": 21.67328569667867,
    "r2_depth": 0,
    "r_mono": 1,
    "cov_cell": 1.861562252063767e-14
  }
}
