{"ncells": 3480, "ngenes": 60623, "nvals": 4148881, "avg_per_cell": 3492.2540229885058, "avg_per_gene": 200.46919486003662, "min_cell": 358, "max_cell": 23241, "total_count": 12153044, "overdispersion": 0.20062467631891856, "raw": {"cov_gene": 63.64745642437837, "cov_cell": 0.4191924186791555, "r2_depth": 1.0, "r_mono": 1}, "PF": {"cov_gene": 155.0067807006543, "cov_cell": 1.4538127405012848e-14, "r2_depth": 0, "r_mono": 1}, "log1p": {"cov_gene": 3.936635837219786, "cov_cell": 0.31996496950289455, "r2_depth": 0.8626329968939861, "r_mono": 1}, "log1pPF": {"cov_gene": 3.714825230618368, "cov_cell": 0.14967031898393346, "r2_depth": 0.16576385550740846, "r_mono": 1}, "PFlog1pPF": {"cov_gene": 31.29822307928951, "cov_cell": 1.0559539100341153e-14, "r2_depth": 0, "r_mono": 1}, "log1pCPM": {"cov_gene": 2.6984370669299755, "cov_cell": 0.24775318078131742, "r2_depth": 0.6657242849924867, "r_mono": 1}, "log1pCP10k": {"cov_gene": 3.109595214755336, "cov_cell": 0.17299485077933185, "r2_depth": 0.3161735613255, "r_mono": 1}, "sqrt": {"cov_gene": 5.348821757381506, "cov_cell": 0.3235849771908627, "r2_depth": 0.8878611497448956, "r_mono": 1}, "density": 0.019665921909309107}