{"raw": {"cov_gene": 26.572189644833077, "r2_depth": 1.0, "r_mono": 1.0}, "PF": {"cov_gene": 36.6027488423511, "r2_depth": 0, "r_mono": 1.0}, "sqrt": {"cov_gene": 5.012239214383377, "r2_depth": 0.9694403680854677, "r_mono": 1.0}, "log1p": {"cov_gene": 2.7394052695406383, "r2_depth": 0.9647262188907093, "r_mono": 1.0}, "log1pCP10k": {"cov_gene": 2.381599489178664, "r2_depth": 0.6281325788943513, "r_mono": 1.0}, "log1pCPM": {"cov_gene": 1.4123433354082715, "r2_depth": 0.8769385147839417, "r_mono": 1.0}, "scalelog1pCP10k": {"cov_gene": 8.896151703511191e-14, "r2_depth": 0.629541307557491, "r_mono": 0.3989210059866443}, "sctransform": {"cov_gene": 1.0713386130807745, "r2_depth": 0.5953506136442233, "r_mono": 0.2464585695899838}, "log1pPF": {"cov_gene": 2.55110765366415, "r2_depth": 0.6019988872767545, "r_mono": 1.0}, "PFlog1pPF": {"cov_gene": 7.508053046741428, "r2_depth": 0, "r_mono": 1.0}}