{
  "ncells": 9412,
  "ngenes": 24827,
  "nvals": 5834233,
  "density": 0.02496764649196494,
  "total_counts": 22882841,
  "overdispersion": 4.97,
  "avg_per_cell": 2431.24,
  "avg_per_gene": 921.69,
  "max_cell": 40669,
  "min_cell": 86,
  "raw": {
    "cov_gene": 132.25653051197492,
    "r2_depth": 1,
    "r_mono": 1,
    "cov_cell": 1.2197818114538308
  },
  "PF": {
    "cov_gene": 129.418272812966,
    "r2_depth": 0,
    "r_mono": 1,
    "cov_cell": 7.720648750753229e-15
  },
  "sqrt": {
    "cov_gene": 42.825658017488124,
    "r2_depth": 0.5491566261967326,
    "r_mono": 1,
    "cov_cell": 1.0992732226470385
  },
  "log1p": {
    "cov_gene": 5.330958791173863,
    "r2_depth": 0.5161641276785265,
    "r_mono": 1,
    "cov_cell": 1.114380416844951
  },
  "log1pCP10k": {
    "cov_gene": 3.1250195813257147,
    "r2_depth": 0.0866591113778068,
    "r_mono": 1,
    "cov_cell": 0.6555783607112053
  },
  "log1pCPM": {
    "cov_gene": 2.0265233618277136,
    "r2_depth": 0.3233597205226564,
    "r_mono": 1,
    "cov_cell": 0.837789534918876
  },
  "scalelog1pCP10k": {
    "cov_gene": 1.3627786096610844e-13,
    "r2_depth": 0.10637223476515412,
    "r_mono": 0.2287488943078974,
    "cov_cell": null
  },
  "sctransform": {
    "cov_gene": 0.5714273076653188,
    "r2_depth": 0.14623903782703906,
    "r_mono": 0.19151439472972262,
    "cov_cell": null
  },
  "log1pPF": {
    "cov_gene": 4.802689516827519,
    "r2_depth": 0.018615196644854892,
    "r_mono": 1,
    "cov_cell": 0.5880993324731191
  },
  "PFlog1pPF": {
    "cov_gene": 31.97705111962038,
    "r2_depth": 0,
    "r_mono": 1,
    "cov_cell": 6.662589005567681e-15
  }
}
