{
  "ncells": 6280,
  "ngenes": 35945,
  "nvals": 17438941,
  "density": 0.07725417813662593,
  "total_counts": 59532242,
  "overdispersion": 12.5,
  "avg_per_cell": 9479.66,
  "avg_per_gene": 1656.2,
  "max_cell": 138092,
  "min_cell": 733,
  "raw": {
    "cov_gene": 112.58926043148588,
    "r2_depth": 1,
    "r_mono": 1,
    "cov_cell": 1.5652055746012514
  },
  "PF": {
    "cov_gene": 98.8276194859125,
    "r2_depth": 0,
    "r_mono": 1,
    "cov_cell": 3.09599019972869e-14
  },
  "sqrt": {
    "cov_gene": 5.513756646665676,
    "r2_depth": 0.9196876905390953,
    "r_mono": 1,
    "cov_cell": 1.108093874041941
  },
  "log1p": {
    "cov_gene": 2.3085018948774922,
    "r2_depth": 0.9038087955698259,
    "r_mono": 1,
    "cov_cell": 1.0999022039152346
  },
  "log1pCP10k": {
    "cov_gene": 2.221907141453346,
    "r2_depth": 0.417615360018354,
    "r_mono": 1,
    "cov_cell": 0.3913227647963228
  },
  "log1pCPM": {
    "cov_gene": 1.4690628777258268,
    "r2_depth": 0.6667054045003035,
    "r_mono": 1,
    "cov_cell": 0.6932864282827692
  },
  "scalelog1pCP10k": {
    "cov_gene": 9.010586184384373e-14,
    "r2_depth": 0.31080962715470173,
    "r_mono": 0.3909921035874998,
    "cov_cell": null
  },
  "sctransform": {
    "cov_gene": 1.3078090793142645,
    "r2_depth": 0.5930059028564161,
    "r_mono": 0.13738836012463257,
    "cov_cell": null
  },
  "log1pPF": {
    "cov_gene": 2.2425394136427834,
    "r2_depth": 0.4140033123127187,
    "r_mono": 1,
    "cov_cell": 0.38606132815195615
  },
  "PFlog1pPF": {
    "cov_gene": 2.723395955151361,
    "r2_depth": 0,
    "r_mono": 1,
    "cov_cell": 2.291226488760186e-14
  }
}
