{
  "ncells": 4805,
  "ngenes": 60623,
  "nvals": 11539296,
  "density": 0.03961398179427372,
  "total_counts": 43688057,
  "overdispersion": 0.6075652581434785,
  "avg_per_cell": 9092.20749219563,
  "avg_per_gene": 720.6515184006071,
  "max_cell": 49262,
  "min_cell": 148,
  "raw": {
    "cov_gene": 43.545970239652455,
    "cov_cell": 0.7588296243993036,
    "r2_depth": 1,
    "r_mono": 1
  },
  "PF": {
    "cov_gene": 87.03692756424208,
    "cov_cell": 2.3128705406234694e-14,
    "r2_depth": 0,
    "r_mono": 1
  },
  "sqrt": {
    "cov_gene": 7.611184470117149,
    "cov_cell": 0.6003462913641804,
    "r2_depth": 0.9669073291011807,
    "r_mono": 1
  },
  "log1p": {
    "cov_gene": 3.8620221494141194,
    "cov_cell": 0.5975812571993476,
    "r2_depth": 0.9625038810984881,
    "r_mono": 1
  },
  "log1pCP10k": {
    "cov_gene": 3.198516344168094,
    "cov_cell": 0.270092735426623,
    "r2_depth": 0.5581770511400552,
    "r_mono": 1
  },
  "log1pCPM": {
    "cov_gene": 2.361056613352907,
    "cov_cell": 0.4359291131458646,
    "r2_depth": 0.8486034889278498,
    "r_mono": 1
  },
  "log1pPF": {
    "cov_gene": 3.260246455829908,
    "cov_cell": 0.2650040159865368,
    "r2_depth": 0.5459632951450005,
    "r_mono": 1
  },
  "PFlog1pPF": {
    "cov_gene": 12.300120889191485,
    "cov_cell": 2.04648733323947e-14,
    "r2_depth": 0,
    "r_mono": 1
  }
}
