{
  "ncells": 982,
  "ngenes": 17951,
  "nvals": 765876,
  "density": 0.043446853115989774,
  "total_counts": 2030590,
  "overdispersion": 2.3136852274237145,
  "avg_per_cell": 2067.8105906313644,
  "avg_per_gene": 113.11848922065623,
  "max_cell": 12033,
  "min_cell": 740,
  "raw": {
    "cov_gene": 120.25712340106914,
    "cov_cell": 0.5562731411122476,
    "r2_depth": 1,
    "r_mono": 1
  },
  "PF": {
    "cov_gene": 92.48299906978382,
    "cov_cell": 1.2722233462401831e-14,
    "r2_depth": 0,
    "r_mono": 1
  },
  "sqrt": {
    "cov_gene": 14.450265196147123,
    "cov_cell": 0.47489991681257937,
    "r2_depth": 0.696789792105898,
    "r_mono": 1
  },
  "log1p": {
    "cov_gene": 2.8184318271528626,
    "cov_cell": 0.48063122517175016,
    "r2_depth": 0.6801964034995711,
    "r_mono": 1
  },
  "log1pCP10k": {
    "cov_gene": 1.732423785218278,
    "cov_cell": 0.3034832799830905,
    "r2_depth": 0.32330461595450943,
    "r_mono": 1
  },
  "log1pCPM": {
    "cov_gene": 1.339291678147501,
    "cov_cell": 0.40687866563295,
    "r2_depth": 0.5720698072670112,
    "r_mono": 1
  },
  "scalelog1pCP10k": {
    "cov_gene": 1.478999492949234e-14,
    "cov_cell": null,
    "r2_depth": 0.3474478120505269,
    "r_mono": 0.3290525263987544
  },
  "sctransform": {
    "cov_gene": 0.6640494722698818,
    "cov_cell": null,
    "r2_depth": 0.06620041517301622,
    "r_mono": 0.29213502821018017
  },
  "log1pPF": {
    "cov_gene": 2.8090958759406606,
    "cov_cell": 0.24635748036542637,
    "r2_depth": 0.10960642352771532,
    "r_mono": 1
  },
  "PFlog1pPF": {
    "cov_gene": 10.47627910756596,
    "cov_cell": 8.57155069753839e-15,
    "r2_depth": 0,
    "r_mono": 1
  }
}
