{"ncells": 2614, "ngenes": 60623, "nvals": 8993473, "avg_per_cell": 18015.981254781942, "avg_per_gene": 776.8301634693104, "min_cell": 6801, "max_cell": 62584, "total_count": 47093775, "overdispersion": 1.3291914940000673, "raw": {"cov_gene": 116.0011122195163, "cov_cell": 0.4379540770201653, "r2_depth": 1.0, "r_mono": 1}, "PF": {"cov_gene": 150.0902811510837, "cov_cell": 2.82547256105419e-14, "r2_depth": 0, "r_mono": 1}, "log1p": {"cov_gene": 3.147230526038351, "cov_cell": 0.29306037105709326, "r2_depth": 0.92920540635869, "r_mono": 1}, "log1pPF": {"cov_gene": 2.9917474704712994, "cov_cell": 0.09279313834424342, "r2_depth": 0.33501895511418645, "r_mono": 1}, "PFlog1pPF": {"cov_gene": 3.040396144038304, "cov_cell": 3.079164149546359e-14, "r2_depth": 0, "r_mono": 1}, "log1pCPM": {"cov_gene": 2.2199775603567304, "cov_cell": 0.17072513775474366, "r2_depth": 0.7598960526590179, "r_mono": 1}, "log1pCP10k": {"cov_gene": 3.5596811554616865, "cov_cell": 0.08322350634154102, "r2_depth": 0.22478247956464248, "r_mono": 1}, "sqrt": {"cov_gene": 9.077905651115374, "cov_cell": 0.30226228268094435, "r2_depth": 0.9431158467592036, "r_mono": 1}, "density": 0.05675242557004476}