{
    "raw": {
        "cov_gene": 74.93665850078226,
        "r2_depth": 1.0,
        "r_mono": 1.0
    },
    "PF": {
        "cov_gene": 96.99190634794573,
        "r2_depth": 0,
        "r_mono": 1.0
    },
    "sqrt": {
        "cov_gene": 5.823329436399922,
        "r2_depth": 0.9431269635912811,
        "r_mono": 1.0
    },
    "log1p": {
        "cov_gene": 1.8884952545378135,
        "r2_depth": 0.9292168805917385,
        "r_mono": 1.0
    },
    "log1pCP10k": {
        "cov_gene": 2.17315157500916,
        "r2_depth": 0.22584343193480128,
        "r_mono": 1.0
    },
    "log1pCPM": {
        "cov_gene": 1.2208178094296862,
        "r2_depth": 0.7603922486115628,
        "r_mono": 1.0
    },
    "scalelog1pCP10k": {
        "cov_gene": 3.4937492555344204e-14,
        "r2_depth": 0.009973234010652754,
        "r_mono": 0.4544419661717748
    },
    "sctransform": {
        "cov_gene": 0.7752811906339443,
        "r2_depth": 0.43923784722319037,
        "r_mono": 0.18965690105886793
    },
    "log1pPF": {
        "cov_gene": 1.7802256935207807,
        "r2_depth": 0.33600292996395187,
        "r_mono": 1.0
    },
    "PFlog1pPF": {
        "cov_gene": 1.8145947523180461,
        "r2_depth": 0,
        "r_mono": 1.0
    },
    "ncells": 2614,
    "ngenes": 25301,
    "avg_per_cell": 18009.22,
    "avg_per_gene": 1860.64,
    "min_cell": 6800.0,
    "max_cell": 62559.0,
    "overdispersion": 1.33
}