{"raw": {"cov_gene": 82.86394384735087, "r2_depth": 1.0, "r_mono": 1.0, "cov_cell": 1.6647259652354416}, "PF": {"cov_gene": 35.570197180277354, "r2_depth": 0, "r_mono": 1.0, "cov_cell": 8.257147917306335e-15}, "sqrt": {"cov_gene": 5.785970025825626, "r2_depth": 0.9097489126397963, "r_mono": 1.0, "cov_cell": 1.0027561113556722}, "log1p": {"cov_gene": 2.8443293722799776, "r2_depth": 0.8980288909777349, "r_mono": 1.0, "cov_cell": 0.9817340033496962}, "log1pCP10k": {"cov_gene": 1.841749462264077, "r2_depth": 0.4008116907677156, "r_mono": 1.0, "cov_cell": 0.37193837812122693}, "log1pCPM": {"cov_gene": 1.434728127211393, "r2_depth": 0.6852788375457672, "r_mono": 1.0, "cov_cell": 0.6201104501572914}, "scalelog1pCP10k": {"cov_gene": 1.7472318683915132e-14, "r2_depth": 0.44109196411210816, "r_mono": 0.3207259700140469, "cov_cell": null}, "sctransform": {"cov_gene": 0.5818029568609668, "r2_depth": 0.1447255960052296, "r_mono": 0.24556088969496437, "cov_cell": null}, "log1pPF": {"cov_gene": 2.6916950432815083, "r2_depth": 0.2333941364261679, "r_mono": 1.0, "cov_cell": 0.22870716531520527}, "PFlog1pPF": {"cov_gene": 5.359302431323006, "r2_depth": 0, "r_mono": 1.0, "cov_cell": 6.38716610737818e-15}, "ncells": 1179, "ngenes": 13441, "avg_per_cell": 1613.77, "avg_per_gene": 141.55, "min_cell": 17.0, "max_cell": 37625.0, "overdispersion": 11.82, "total_count": 1902636, "nvals": 733923, "sparsity": 0.046313234372896875}