{"ncells": 1179, "ngenes": 13441, "nvals": 733923, "density": 0.046313234372896875, "avg_per_cell": 1613.7709923664122, "avg_per_gene": 141.5546462316792, "min_cell": 17, "max_cell": 37625, "total_count": 1902636, "overdispersion": 11.816073623331018, "raw": {"cov_gene": 82.86394384735084, "cov_cell": 1.6647259652354416, "r2_depth": 1, "r_mono": 1}, "PF": {"cov_gene": 35.570197180277376, "cov_cell": 9.126398425656983e-15, "r2_depth": 0, "r_mono": 1}, "log1p": {"cov_gene": 2.8443293722799794, "cov_cell": 0.9817340033497048, "r2_depth": 0.8980288909777391, "r_mono": 1}, "sqrt": {"cov_gene": 5.785970025825628, "cov_cell": 1.002756111355673, "r2_depth": 0.9097489126397965, "r_mono": 1}, "log1pPF": {"cov_gene": 2.6916950432815083, "cov_cell": 0.2287071653152054, "r2_depth": 0.23339413642617335, "r_mono": 1}, "PFlog1pPF": {"cov_gene": 5.359302431323007, "cov_cell": 7.102143284593853e-15, "r2_depth": 0, "r_mono": 1}, "log1pCPM": {"cov_gene": 1.434728127211393, "cov_cell": 0.6201104501572909, "r2_depth": 0.6852788375457656, "r_mono": 1}, "log1pCP10k": {"cov_gene": 1.8417494622640773, "cov_cell": 0.37193837812122676, "r2_depth": 0.40081169076771206, "r_mono": 1}, "sctransform": {"cov_gene": 0.8155941944352898, "cov_cell": null, "r2_depth": 0.18148584109739962, "r_mono": 0.24489913839331362}, "scalelog1pCP10k": {"cov_gene": 1.747340722300625e-14, "cov_cell": null, "r2_depth": 0.44109196411210827, "r_mono": 0.3207259700140469}}