{
    "raw": {
        "cov_gene": 82.86394384735087,
        "r2_depth": 1.0,
        "r_mono": 1.0
    },
    "PF": {
        "cov_gene": 35.570197180277354,
        "r2_depth": 0,
        "r_mono": 1.0
    },
    "sqrt": {
        "cov_gene": 5.785970025825626,
        "r2_depth": 0.9097489126397963,
        "r_mono": 1.0
    },
    "log1p": {
        "cov_gene": 2.8443293722799776,
        "r2_depth": 0.8980288909777349,
        "r_mono": 1.0
    },
    "log1pCP10k": {
        "cov_gene": 1.841749462264077,
        "r2_depth": 0.4008116907677156,
        "r_mono": 1.0
    },
    "log1pCPM": {
        "cov_gene": 1.434728127211393,
        "r2_depth": 0.6852788375457672,
        "r_mono": 1.0
    },
    "scalelog1pCP10k": {
        "cov_gene": 1.7472318683915132e-14,
        "r2_depth": 0.44109196411210816,
        "r_mono": 0.3207259700140469
    },
    "sctransform": {
        "cov_gene": 0.5818029568609668,
        "r2_depth": 0.1447255960052296,
        "r_mono": 0.24556088969496437
    },
    "log1pPF": {
        "cov_gene": 2.6916950432815083,
        "r2_depth": 0.2333941364261679,
        "r_mono": 1.0
    },
    "PFlog1pPF": {
        "cov_gene": 5.359302431323006,
        "r2_depth": 0,
        "r_mono": 1.0
    },
    "ncells": 1179,
    "ngenes": 13441,
    "avg_per_cell": 1613.77,
    "avg_per_gene": 141.55,
    "min_cell": 17.0,
    "max_cell": 37625.0,
    "overdispersion": 11.82
}