{"raw": {"cov_gene": 87.01846936400347, "r2_depth": 1.0, "r_mono": 1.0}, "PF": {"cov_gene": 46.40459465009896, "r2_depth": 0, "r_mono": 1.0}, "sqrt": {"cov_gene": 15.583035580027408, "r2_depth": 0.5727945864729376, "r_mono": 1.0}, "log1p": {"cov_gene": 6.088809335004822, "r2_depth": 0.5451150829246008, "r_mono": 1.0}, "log1pCP10k": {"cov_gene": 3.50798886775704, "r2_depth": 0.2560562179987267, "r_mono": 1.0}, "log1pCPM": {"cov_gene": 2.847032743826647, "r2_depth": 0.39617866483569497, "r_mono": 1.0}, "scalelog1pCP10k": {"cov_gene": 1.546346804292734e-13, "r2_depth": 0.2428910462555629, "r_mono": 0.15464803185320428}, "sctransform": {"cov_gene": 0.6256870836496917, "r2_depth": 7.022535276712816e-05, "r_mono": 0.12851455044841656}, "log1pPF": {"cov_gene": 6.720256557270101, "r2_depth": 0.09486901009093218, "r_mono": 1.0}, "PFlog1pPF": {"cov_gene": 11.197231972382536, "r2_depth": 0, "r_mono": 1.0}}