{"ncells": 8609, "ngenes": 21920, "nvals": 3738743, "density": 0.019812184117283475, "avg_per_cell": 2743.476594261819, "avg_per_gene": 1077.490419708029, "min_cell": 623, "max_cell": 58048, "total_count": 23618590, "overdispersion": 0.8937280358216283, "sctransform": {"cov_gene": 1.9396763556629748, "cov_cell": null, "r2_depth": 7.86166464123994e-05, "r_mono": 0.1565110438516287}, "scalelog1pCP10k": {"cov_gene": 1.250062626366489e-13, "cov_cell": null, "r2_depth": 0.061315604790455946, "r_mono": 0.19354223426119124}, "raw": {"cov_gene": 55.14204040032477, "cov_cell": 0.9691171414538329, "r2_depth": 1, "r_mono": 1}, "PF": {"cov_gene": 54.26455143221773, "cov_cell": 9.769841567351367e-15, "r2_depth": 0, "r_mono": 1}, "log1p": {"cov_gene": 4.412044538864821, "cov_cell": 1.3164368262616115, "r2_depth": 0.4205325810860404, "r_mono": 1}, "sqrt": {"cov_gene": 17.52023691281952, "cov_cell": 1.2077247564428453, "r2_depth": 0.47816734635443914, "r_mono": 1}, "log1pPF": {"cov_gene": 4.271884154740062, "cov_cell": 0.8385216484086578, "r2_depth": 0.010259703078330351, "r_mono": 1}, "PFlog1pPF": {"cov_gene": 23.289153073430214, "cov_cell": 8.108115578399125e-15, "r2_depth": 0, "r_mono": 1}, "log1pCPM": {"cov_gene": 2.0731036351987258, "cov_cell": 1.1120069694397199, "r2_depth": 0.20922719111914467, "r_mono": 1}, "log1pCP10k": {"cov_gene": 3.042684290463803, "cov_cell": 0.9146228220227575, "r2_depth": 0.04340324635065229, "r_mono": 1}}