{
    "raw": {
        "cov_gene": 102.13202284892212,
        "r2_depth": 1.0,
        "r_mono": 1.0
    },
    "PF": {
        "cov_gene": 62.9737869840651,
        "r2_depth": 0,
        "r_mono": 1.0
    },
    "sqrt": {
        "cov_gene": 5.137848787010628,
        "r2_depth": 0.9486219448936303,
        "r_mono": 1.0
    },
    "log1p": {
        "cov_gene": 2.597973474364341,
        "r2_depth": 0.9422291938234871,
        "r_mono": 1.0
    },
    "log1pCP10k": {
        "cov_gene": 2.4424196235765465,
        "r2_depth": 0.5853632303315188,
        "r_mono": 1.0
    },
    "log1pCPM": {
        "cov_gene": 1.6534723566932872,
        "r2_depth": 0.7851164285939628,
        "r_mono": 1.0
    },
    "scalelog1pCP10k": {
        "cov_gene": 1.6669324605353003e-13,
        "r2_depth": 0.44293353409825764,
        "r_mono": 0.3262240514141731
    },
    "sctransform": {
        "cov_gene": 0.9020789026010086,
        "r2_depth": 0.7232008532365097,
        "r_mono": 0.12652418261253634
    },
    "log1pPF": {
        "cov_gene": 2.6127465481542775,
        "r2_depth": 0.5563527944615805,
        "r_mono": 1.0
    },
    "PFlog1pPF": {
        "cov_gene": 2.960934026914672,
        "r2_depth": 0,
        "r_mono": 1.0
    },
    "ncells": 11360,
    "ngenes": 35994,
    "avg_per_cell": 6114.74,
    "avg_per_gene": 1929.86,
    "min_cell": 411.0,
    "max_cell": 88520.0,
    "overdispersion": 20.87
}