{"ncells": 11360, "ngenes": 60623, "nvals": 22483374, "avg_per_cell": 6116.169014084507, "avg_per_gene": 1146.09438661894, "min_cell": 413, "max_cell": 88542, "total_count": 69479680, "overdispersion": 20.870161716051157, "raw": {"cov_gene": 132.5478756236728, "cov_cell": 1.6901814661373447, "r2_depth": 1.0, "r_mono": 1}, "PF": {"cov_gene": 81.73628598810214, "cov_cell": 2.6294548982876596e-14, "r2_depth": 0, "r_mono": 1}, "log1p": {"cov_gene": 3.4704847799596013, "cov_cell": 1.3303692372010636, "r2_depth": 0.9422369431216353, "r_mono": 1}, "log1pPF": {"cov_gene": 3.4889578754802444, "cov_cell": 0.46908506511329007, "r2_depth": 0.556241855127697, "r_mono": 1}, "PFlog1pPF": {"cov_gene": 3.929656947689716, "cov_cell": 2.567512142816209e-14, "r2_depth": 0, "r_mono": 1}, "log1pCPM": {"cov_gene": 2.2979454257516103, "cov_cell": 0.9037407580497977, "r2_depth": 0.7850977485615164, "r_mono": 1}, "log1pCP10k": {"cov_gene": 3.274660022855515, "cov_cell": 0.5361290571607356, "r2_depth": 0.5852392772583546, "r_mono": 1}, "sqrt": {"cov_gene": 6.716867299152604, "cov_cell": 1.3244770916132007, "r2_depth": 0.9486233276378182, "r_mono": 1}, "density": 0.0326471841789234}