{
  "ncells": 2098,
  "ngenes": 60623,
  "nvals": 1284446,
  "density": 0.010098873742291414,
  "total_counts": 3518188,
  "overdispersion": 1.3563597228687585,
  "avg_per_cell": 1676.9246901811248,
  "avg_per_gene": 58.03388153011233,
  "max_cell": 14652,
  "min_cell": 9,
  "raw": {
    "cov_gene": 138.45633281152493,
    "cov_cell": 0.9675206056710812,
    "r2_depth": 1,
    "r_mono": 1
  },
  "PF": {
    "cov_gene": 146.2541382277734,
    "cov_cell": 1.0459917503941467e-14,
    "r2_depth": 0,
    "r_mono": 1
  },
  "sqrt": {
    "cov_gene": 17.941301265804377,
    "cov_cell": 0.8739852666619152,
    "r2_depth": 0.9536204564822985,
    "r_mono": 1
  },
  "log1p": {
    "cov_gene": 6.018743464286077,
    "cov_cell": 0.8819466836963565,
    "r2_depth": 0.9494281280483635,
    "r_mono": 1
  },
  "log1pCP10k": {
    "cov_gene": 3.926110682996662,
    "cov_cell": 0.4617966516779916,
    "r2_depth": 0.6602317979776049,
    "r_mono": 1
  },
  "log1pCPM": {
    "cov_gene": 3.0838941903938286,
    "cov_cell": 0.6740389888937821,
    "r2_depth": 0.8738963646976367,
    "r_mono": 1
  },
  "log1pPF": {
    "cov_gene": 6.011689061577277,
    "cov_cell": 0.3448228760632663,
    "r2_depth": 0.3809492047125109,
    "r_mono": 1
  },
  "PFlog1pPF": {
    "cov_gene": 137.84300671881078,
    "cov_cell": 8.196653890162818e-15,
    "r2_depth": 0,
    "r_mono": 1
  }
}
