{
    "raw": {
        "cov_gene": 42.575876175922616,
        "r2_depth": 1.0,
        "r_mono": 1.0
    },
    "PF": {
        "cov_gene": 49.28689268255302,
        "r2_depth": 0,
        "r_mono": 1.0
    },
    "sqrt": {
        "cov_gene": 3.1973803892866712,
        "r2_depth": 0.8449467521815796,
        "r_mono": 1.0
    },
    "log1p": {
        "cov_gene": 2.0238694668670005,
        "r2_depth": 0.7985865196302064,
        "r_mono": 1.0
    },
    "log1pCP10k": {
        "cov_gene": 1.6868089826824462,
        "r2_depth": 0.16749463805660658,
        "r_mono": 1.0
    },
    "log1pCPM": {
        "cov_gene": 1.2473811747839991,
        "r2_depth": 0.6037810073326899,
        "r_mono": 1.0
    },
    "scalelog1pCP10k": {
        "cov_gene": 2.807411444337217e-14,
        "r2_depth": 0.16090954249408485,
        "r_mono": 0.41082049549860467
    },
    "sctransform": {
        "cov_gene": 0.5884432099037117,
        "r2_depth": 0.12005062230896335,
        "r_mono": 0.3306272893080229
    },
    "log1pPF": {
        "cov_gene": 1.9812819594430207,
        "r2_depth": 0.08617134177224739,
        "r_mono": 1.0
    },
    "PFlog1pPF": {
        "cov_gene": 2.5689234544950317,
        "r2_depth": 0,
        "r_mono": 1.0
    },
    "ncells": "2028",
    "ngenes": 22311,
    "avg_per_cell": "5594.17",
    "avg_per_gene": "508.49",
    "min_cell": "2830",
    "max_cell": "18014",
    "overdispersion": "0.17"
}