{"raw": {"cov_gene": 29.285564743674946, "r2_depth": 1.0, "r_mono": 1.0}, "PF": {"cov_gene": 37.49288941803852, "r2_depth": 0, "r_mono": 1.0}, "sqrt": {"cov_gene": 2.4810975464402394, "r2_depth": 0.9695248158804043, "r_mono": 1.0}, "log1p": {"cov_gene": 2.283582349158486, "r2_depth": 0.9669930807505291, "r_mono": 1.0}, "log1pCP10k": {"cov_gene": 1.7459468891740497, "r2_depth": 0.7530075674109444, "r_mono": 1.0}, "log1pCPM": {"cov_gene": 1.4541810029756888, "r2_depth": 0.895983289802162, "r_mono": 1.0}, "scalelog1pCP10k": {"cov_gene": 4.0045350250100936e-14, "r2_depth": 0.5401668725721456, "r_mono": 0.36239311942166585}, "sctransform": {"cov_gene": 0.45796915992608395, "r2_depth": 0.17888682704574643, "r_mono": 0.26568195527243194}, "log1pPF": {"cov_gene": 2.2275361340996045, "r2_depth": 0.6000522732934757, "r_mono": 1.0}, "PFlog1pPF": {"cov_gene": 2.2826464706422467, "r2_depth": 0, "r_mono": 1.0}}