{"raw": {"cov_gene": 29.285564743674946, "r2_depth": 1.0, "r_mono": 1.0, "cov_cell": 0.38770367858211074}, "PF": {"cov_gene": 37.49288941803852, "r2_depth": 0, "r_mono": 1.0, "cov_cell": 1.2823642197518417e-14}, "sqrt": {"cov_gene": 2.4810975464402394, "r2_depth": 0.9695248158804043, "r_mono": 1.0, "cov_cell": 0.31648603760311106}, "log1p": {"cov_gene": 2.283582349158486, "r2_depth": 0.9669930807505291, "r_mono": 1.0, "cov_cell": 0.31515667383999973}, "log1pCP10k": {"cov_gene": 1.7459468891740497, "r2_depth": 0.7530075674109444, "r_mono": 1.0, "cov_cell": 0.13484375732719936}, "log1pCPM": {"cov_gene": 1.4541810029756888, "r2_depth": 0.895983289802162, "r_mono": 1.0, "cov_cell": 0.23169582138076175}, "scalelog1pCP10k": {"cov_gene": 4.0045350250100936e-14, "r2_depth": 0.5401668725721456, "r_mono": 0.36239311942166585, "cov_cell": null}, "sctransform": {"cov_gene": 0.45796915992608395, "r2_depth": 0.17888682704574643, "r_mono": 0.26568195527243194, "cov_cell": null}, "log1pPF": {"cov_gene": 2.2275361340996045, "r2_depth": 0.6000522732934757, "r_mono": 1.0, "cov_cell": 0.09054372241281852}, "PFlog1pPF": {"cov_gene": 2.2826464706422467, "r2_depth": 0, "r_mono": 1.0, "cov_cell": 1.1635924434178716e-14}, "ncells": 2848, "ngenes": 22487, "avg_per_cell": 2875.35, "avg_per_gene": 364.17, "min_cell": 1552.0, "max_cell": 11856.0, "overdispersion": 0.16, "total_count": 8189008, "nvals": 3611930, "density": 0.056398534633993275}