{"ncells": 2848, "ngenes": 60623, "nvals": 3628926, "avg_per_cell": 2881.4575140449438, "avg_per_gene": 135.36761625125777, "min_cell": 1557, "max_cell": 11872, "total_count": 8206391, "overdispersion": 0.16294454593343485, "raw": {"cov_gene": 48.07502364653949, "cov_cell": 0.38759606911234934, "r2_depth": 1.0, "r_mono": 1}, "PF": {"cov_gene": 61.45845248226395, "cov_cell": 1.4538358804834906e-14, "r2_depth": 0, "r_mono": 1}, "log1p": {"cov_gene": 3.9509077874518206, "cov_cell": 0.3152364477386414, "r2_depth": 0.9670034402592326, "r_mono": 1}, "log1pPF": {"cov_gene": 3.8635831187660523, "cov_cell": 0.09050712890012114, "r2_depth": 0.5993765805441491, "r_mono": 1}, "PFlog1pPF": {"cov_gene": 3.94863673390375, "cov_cell": 1.1237591848647196e-14, "r2_depth": 0, "r_mono": 1}, "log1pCPM": {"cov_gene": 2.7001896512477876, "cov_cell": 0.23187087134796566, "r2_depth": 0.895815090080953, "r_mono": 1}, "log1pCP10k": {"cov_gene": 3.1306060960543807, "cov_cell": 0.1347922799075815, "r2_depth": 0.752464375743984, "r_mono": 1}, "sqrt": {"cov_gene": 4.256062058758278, "cov_cell": 0.3165700434183275, "r2_depth": 0.9694881628524534, "r_mono": 1}, "density": 0.021018450834564772}