{
  "ncells": 8181,
  "ngenes": 29191,
  "nvals": 12935093,
  "density": 0.05416443158861846,
  "total_counts": 43039311,
  "overdispersion": 0.98,
  "avg_per_cell": 5260.89,
  "avg_per_gene": 1474.4,
  "max_cell": 73987,
  "min_cell": 118,
  "raw": {
    "cov_gene": 45.984929706255095,
    "r2_depth": 1,
    "r_mono": 1,
    "cov_cell": 1.443119970664249
  },
  "PF": {
    "cov_gene": 80.72927858773414,
    "r2_depth": 0,
    "r_mono": 1,
    "cov_cell": 1.7584388580645103e-14
  },
  "sqrt": {
    "cov_gene": 6.146308880764351,
    "r2_depth": 0.940446168171548,
    "r_mono": 1,
    "cov_cell": 1.0182278576891657
  },
  "log1p": {
    "cov_gene": 3.1828274426861345,
    "r2_depth": 0.932597175425371,
    "r_mono": 1,
    "cov_cell": 1.006960579239297
  },
  "log1pCP10k": {
    "cov_gene": 2.3588180451744485,
    "r2_depth": 0.39914757231020614,
    "r_mono": 1,
    "cov_cell": 0.42758800529717805
  },
  "log1pCPM": {
    "cov_gene": 1.6077859963205017,
    "r2_depth": 0.7433039653392506,
    "r_mono": 1,
    "cov_cell": 0.6774346635090194
  },
  "scalelog1pCP10k": {
    "cov_gene": 1.1985747824682213e-13,
    "r2_depth": 0.3980197779976068,
    "r_mono": 0.3390217911143523,
    "cov_cell": null
  },
  "sctransform": {
    "cov_gene": 0.9257594551994177,
    "r2_depth": 0.6583949039166608,
    "r_mono": 0.20624894596081034,
    "cov_cell": null
  },
  "log1pPF": {
    "cov_gene": 2.710337096745008,
    "r2_depth": 0.327603439494893,
    "r_mono": 1,
    "cov_cell": 0.37882683723099425
  },
  "PFlog1pPF": {
    "cov_gene": 6.241493726133366,
    "r2_depth": 0,
    "r_mono": 1,
    "cov_cell": 1.4301817380299294e-14
  }
}
