{"raw": {"cov_gene": 66.18328924633472, "r2_depth": 1.0, "r_mono": 1.0}, "PF": {"cov_gene": 69.65800612545559, "r2_depth": 0, "r_mono": 1.0}, "sqrt": {"cov_gene": 4.893871045915636, "r2_depth": 0.9480598694019097, "r_mono": 1.0}, "log1p": {"cov_gene": 2.8917918594569763, "r2_depth": 0.9427079251974333, "r_mono": 1.0}, "log1pCP10k": {"cov_gene": 2.1729751829950663, "r2_depth": 0.5893779500482615, "r_mono": 1.0}, "log1pCPM": {"cov_gene": 1.6891909732995294, "r2_depth": 0.8306413211462578, "r_mono": 1.0}, "scalelog1pCP10k": {"cov_gene": 2.1533527593273772e-13, "r2_depth": 0.6262367370267286, "r_mono": 0.34270746568593563}, "sctransform": {"cov_gene": 1.163177678335528, "r2_depth": 0.4044635984436905, "r_mono": 0.23015350531778034}, "log1pPF": {"cov_gene": 2.659026837563757, "r2_depth": 0.4761921577988977, "r_mono": 1.0}, "PFlog1pPF": {"cov_gene": 5.11784244417296, "r2_depth": 0, "r_mono": 1.0}}