{
  "ncells": 12668,
  "ngenes": 60623,
  "nvals": 3581204,
  "density": 0.004663195058200052,
  "total_counts": 14037831,
  "overdispersion": 9.140721602802397,
  "avg_per_cell": 1108.1331701926113,
  "avg_per_gene": 231.55949062237104,
  "max_cell": 32567,
  "min_cell": 59,
  "raw": {
    "cov_gene": 196.900711568698,
    "cov_cell": 1.8743400496593754,
    "r2_depth": 1,
    "r_mono": 1
  },
  "PF": {
    "cov_gene": 205.22172769676558,
    "cov_cell": 5.002139635085595e-15,
    "r2_depth": 0,
    "r_mono": 1
  },
  "sqrt": {
    "cov_gene": 54.897614420588575,
    "cov_cell": 1.672840433177135,
    "r2_depth": 0.6696871275493986,
    "r_mono": 1
  },
  "log1p": {
    "cov_gene": 10.751185269680029,
    "cov_cell": 1.693637361892124,
    "r2_depth": 0.6392640532447904,
    "r_mono": 1
  },
  "log1pCP10k": {
    "cov_gene": 7.263694006087467,
    "cov_cell": 1.0843751755875,
    "r2_depth": 0.3063498496988929,
    "r_mono": 1
  },
  "log1pCPM": {
    "cov_gene": 4.818437458130613,
    "cov_cell": 1.3468393696440382,
    "r2_depth": 0.5094481698991191,
    "r_mono": 1
  },
  "log1pPF": {
    "cov_gene": 11.929609919404662,
    "cov_cell": 0.8416846221634569,
    "r2_depth": 0.15672351685415198,
    "r_mono": 1
  },
  "PFlog1pPF": {
    "cov_gene": 52.7317969301289,
    "cov_cell": 5.671856461445441e-15,
    "r2_depth": 0,
    "r_mono": 1
  }
}
