{
  "ncells": 3057,
  "ngenes": 60623,
  "nvals": 6452000,
  "density": 0.034814606903239044,
  "total_counts": 14327642,
  "overdispersion": 0.4346345005939719,
  "avg_per_cell": 4686.830879947661,
  "avg_per_gene": 236.3400359599492,
  "max_cell": 24173,
  "min_cell": 209,
  "raw": {
    "cov_gene": 86.34080257169599,
    "cov_cell": 0.6825023130827399,
    "r2_depth": 1,
    "r_mono": 1
  },
  "PF": {
    "cov_gene": 103.4248775674612,
    "cov_cell": 2.1414864872713792e-14,
    "r2_depth": 0,
    "r_mono": 1
  },
  "sqrt": {
    "cov_gene": 4.733191719399548,
    "cov_cell": 0.5654900088009893,
    "r2_depth": 0.9671541603247582,
    "r_mono": 1
  },
  "log1p": {
    "cov_gene": 3.5226859319202433,
    "cov_cell": 0.5673597300859357,
    "r2_depth": 0.9647114117464949,
    "r_mono": 1
  },
  "log1pCP10k": {
    "cov_gene": 2.8302616454959244,
    "cov_cell": 0.3152856189351545,
    "r2_depth": 0.615109655414894,
    "r_mono": 1
  },
  "log1pCPM": {
    "cov_gene": 2.2238884029165034,
    "cov_cell": 0.4397344877931262,
    "r2_depth": 0.8593153482567574,
    "r_mono": 1
  },
  "log1pPF": {
    "cov_gene": 3.2882205882341364,
    "cov_cell": 0.2793294456662886,
    "r2_depth": 0.5295058563177899,
    "r_mono": 1
  },
  "PFlog1pPF": {
    "cov_gene": 12.124152658415218,
    "cov_cell": 2.480580504721264e-14,
    "r2_depth": 0,
    "r_mono": 1
  }
}
