{
  "ncells": 12728,
  "ngenes": 60623,
  "nvals": 25319748,
  "density": 0.03281419753926735,
  "total_counts": 79420670,
  "overdispersion": 2.804433646772602,
  "avg_per_cell": 6239.8389377749845,
  "avg_per_gene": 1310.0748890685054,
  "max_cell": 37684,
  "min_cell": 373,
  "raw": {
    "cov_gene": 192.5452998324547,
    "cov_cell": 0.7186662089601525,
    "r2_depth": 1,
    "r_mono": 1
  },
  "PF": {
    "cov_gene": 159.49854454539383,
    "cov_cell": 2.555291088679694e-14,
    "r2_depth": 0,
    "r_mono": 1
  },
  "sqrt": {
    "cov_gene": 25.99209722666798,
    "cov_cell": 0.5522499171197622,
    "r2_depth": 0.9153039098320154,
    "r_mono": 1
  },
  "log1p": {
    "cov_gene": 4.322355400652677,
    "cov_cell": 0.5519303002031176,
    "r2_depth": 0.9065229764046305,
    "r_mono": 1
  },
  "log1pCP10k": {
    "cov_gene": 3.5581721471928685,
    "cov_cell": 0.25240474173844474,
    "r2_depth": 0.42867739285009576,
    "r_mono": 1
  },
  "log1pCPM": {
    "cov_gene": 2.5092790605511834,
    "cov_cell": 0.400818524087607,
    "r2_depth": 0.7943252937513748,
    "r_mono": 1
  },
  "log1pPF": {
    "cov_gene": 4.029388476632642,
    "cov_cell": 0.2300734839949796,
    "r2_depth": 0.3451633225804712,
    "r_mono": 1
  },
  "PFlog1pPF": {
    "cov_gene": 4.503640931590523,
    "cov_cell": 2.2876689831930586e-14,
    "r2_depth": 0,
    "r_mono": 1
  }
}
