{
  "ncells": 4457,
  "ngenes": 23608,
  "nvals": 4214662,
  "density": 0.040055385977852145,
  "total_counts": 13256108,
  "overdispersion": 3.82,
  "avg_per_cell": 2974.22,
  "avg_per_gene": 561.51,
  "max_cell": 72427,
  "min_cell": 123,
  "raw": {
    "cov_gene": 52.75030106578618,
    "r2_depth": 1,
    "r_mono": 1,
    "cov_cell": 1.629112769752706
  },
  "PF": {
    "cov_gene": 45.43630544440319,
    "r2_depth": 0,
    "r_mono": 1,
    "cov_cell": 2.5051353720797637e-14
  },
  "sqrt": {
    "cov_gene": 7.566514678848096,
    "r2_depth": 0.9620319373744131,
    "r_mono": 1,
    "cov_cell": 1.4167808817458005
  },
  "log1p": {
    "cov_gene": 3.645864655254129,
    "r2_depth": 0.9588464785762325,
    "r_mono": 1,
    "cov_cell": 1.4143805437408188
  },
  "log1pCP10k": {
    "cov_gene": 3.327021728628298,
    "r2_depth": 0.6519483071168573,
    "r_mono": 1,
    "cov_cell": 0.9170712863453078
  },
  "log1pCPM": {
    "cov_gene": 1.8052920815151756,
    "r2_depth": 0.8469398606802971,
    "r_mono": 1,
    "cov_cell": 1.1791486571048049
  },
  "scalelog1pCP10k": {
    "cov_gene": 6.653024939173865e-14,
    "r2_depth": 0.6756442831045738,
    "r_mono": 0.2518161555932226,
    "cov_cell": null
  },
  "sctransform": {
    "cov_gene": 0.8402809868049156,
    "r2_depth": 0.5018550572846159,
    "r_mono": 0.18036749335481517,
    "cov_cell": null
  },
  "log1pPF": {
    "cov_gene": 4.569280794015256,
    "r2_depth": 0.5611188688182489,
    "r_mono": 1,
    "cov_cell": 0.7790237234517491
  },
  "PFlog1pPF": {
    "cov_gene": 18.89796372939327,
    "r2_depth": 0,
    "r_mono": 1,
    "cov_cell": 1.6804261378504558e-14
  }
}
