{"ncells": 757, "ngenes": 60623, "nvals": 387385, "avg_per_cell": 1382.9339498018494, "avg_per_gene": 17.268709895584184, "min_cell": 23, "max_cell": 23376, "total_count": 1046881, "overdispersion": 9.86948195234286, "raw": {"cov_gene": 99.99915561229454, "cov_cell": 2.6324405556682793, "r2_depth": 1.0, "r_mono": 1}, "PF": {"cov_gene": 31.997854380881346, "cov_cell": 1.1440787916782405e-14, "r2_depth": 0, "r_mono": 1}, "log1p": {"cov_gene": 5.612661955624359, "cov_cell": 2.4487034169001647, "r2_depth": 0.9885347994282434, "r_mono": 1}, "log1pPF": {"cov_gene": 8.056593890775995, "cov_cell": 1.0606960399685845, "r2_depth": 0.7258098250153568, "r_mono": 1}, "PFlog1pPF": {"cov_gene": 12.08149132343544, "cov_cell": 1.0330762786637036e-14, "r2_depth": 0, "r_mono": 1}, "log1pCPM": {"cov_gene": 3.4601472136491194, "cov_cell": 2.0846132987724375, "r2_depth": 0.9421271062822366, "r_mono": 1}, "log1pCP10k": {"cov_gene": 6.094868561699916, "cov_cell": 1.5900844426379086, "r2_depth": 0.8440837996162095, "r_mono": 1}, "sqrt": {"cov_gene": 8.663220662151637, "cov_cell": 2.4417532194197222, "r2_depth": 0.988778857275839, "r_mono": 1}, "density": 0.008441303139260028}