{
    "raw": {
        "cov_gene": 47.425676273115464,
        "r2_depth": 1.0,
        "r_mono": 1.0
    },
    "PF": {
        "cov_gene": 15.10881459798931,
        "r2_depth": 0,
        "r_mono": 1.0
    },
    "sqrt": {
        "cov_gene": 4.107634870047672,
        "r2_depth": 0.988237510623359,
        "r_mono": 1.0
    },
    "log1p": {
        "cov_gene": 2.575454577932254,
        "r2_depth": 0.9879598828447231,
        "r_mono": 1.0
    },
    "log1pCP10k": {
        "cov_gene": 2.8097673507051892,
        "r2_depth": 0.8441450925128393,
        "r_mono": 1.0
    },
    "log1pCPM": {
        "cov_gene": 1.4655722772125228,
        "r2_depth": 0.9401022989901366,
        "r_mono": 1.0
    },
    "scalelog1pCP10k": {
        "cov_gene": 1.3109172175280306e-14,
        "r2_depth": 0.8685720649930889,
        "r_mono": 0.1873997356104145
    },
    "sctransform": {
        "cov_gene": 0.9040033428548958,
        "r2_depth": 0.7474610387177623,
        "r_mono": 0.14605844432144274
    },
    "log1pPF": {
        "cov_gene": 3.783250694407894,
        "r2_depth": 0.7255690519532934,
        "r_mono": 1.0
    },
    "PFlog1pPF": {
        "cov_gene": 5.704645725350892,
        "r2_depth": 0,
        "r_mono": 1.0
    },
    "ncells": 757,
    "ngenes": 13602,
    "avg_per_cell": 1354.39,
    "avg_per_gene": 75.38,
    "min_cell": 19.0,
    "max_cell": 22831.0,
    "overdispersion": 9.87
}