{
  "ncells": 1108,
  "ngenes": 24576,
  "nvals": 4602265,
  "density": 0.16901321502942615,
  "total_counts": 15374301,
  "overdispersion": 0.44213264781932227,
  "avg_per_cell": 13875.722924187725,
  "avg_per_gene": 625.5819091796875,
  "max_cell": 119699,
  "min_cell": 2890,
  "raw": {
    "cov_gene": 56.63995962011576,
    "cov_cell": 0.7326700087815236,
    "r2_depth": 1,
    "r_mono": 1
  },
  "PF": {
    "cov_gene": 101.74373678128559,
    "cov_cell": 4.4723985188387765e-14,
    "r2_depth": 0,
    "r_mono": 1
  },
  "sqrt": {
    "cov_gene": 2.862554512997395,
    "cov_cell": 0.491611600926224,
    "r2_depth": 0.9500762014391098,
    "r_mono": 1
  },
  "log1p": {
    "cov_gene": 1.4598513799817714,
    "cov_cell": 0.4875287681851978,
    "r2_depth": 0.941562961010382,
    "r_mono": 1
  },
  "log1pCP10k": {
    "cov_gene": 1.444333068389027,
    "cov_cell": 0.11779744885954427,
    "r2_depth": 0.43342611202350345,
    "r_mono": 1
  },
  "log1pCPM": {
    "cov_gene": 0.9463397667359524,
    "cov_cell": 0.2742329842997652,
    "r2_depth": 0.7771702037911605,
    "r_mono": 1
  },
  "scalelog1pCP10k": {
    "cov_gene": 1.4478479521470015e-14,
    "cov_cell": null,
    "r2_depth": 0.3562552322725425,
    "r_mono": 0.5535796629584596
  },
  "sctransform": {
    "cov_gene": 1.2504296081086443,
    "cov_cell": null,
    "r2_depth": 0.450334710951403,
    "r_mono": 0.22884691535184168
  },
  "log1pPF": {
    "cov_gene": 1.3327464742542714,
    "cov_cell": 0.1305681780208975,
    "r2_depth": 0.47745121928168355,
    "r_mono": 1
  },
  "PFlog1pPF": {
    "cov_gene": 2.0345848556694435,
    "cov_cell": 3.180501651742573e-14,
    "r2_depth": 0,
    "r_mono": 1
  }
}
