{"raw": {"cov_gene": 37.55011874534985, "r2_depth": 1.0, "r_mono": 1.0, "cov_cell": 3.7187113562712653}, "PF": {"cov_gene": 41.9625857892275, "r2_depth": 0, "r_mono": 1.0, "cov_cell": 1.1503395695602125e-14}, "sqrt": {"cov_gene": 5.717373890548543, "r2_depth": 0.9620137107961931, "r_mono": 1.0, "cov_cell": 2.8044928130035403}, "log1p": {"cov_gene": 2.2058503701931995, "r2_depth": 0.9564384317050135, "r_mono": 1.0, "cov_cell": 2.792683406689344}, "log1pCP10k": {"cov_gene": 2.219946544859009, "r2_depth": 0.5855748533960206, "r_mono": 1.0, "cov_cell": 0.9012694527260237}, "log1pCPM": {"cov_gene": 1.4919596728823619, "r2_depth": 0.8259002455657866, "r_mono": 1.0, "cov_cell": 1.711540956105653}, "scalelog1pCP10k": {"cov_gene": 6.247340602559609e-15, "r2_depth": 0.6783014448442597, "r_mono": 0.26173343210670935, "cov_cell": null}, "sctransform": {"cov_gene": 0.9004243483108674, "r2_depth": 0.19595736333947011, "r_mono": 0.22629489757033563, "cov_cell": null}, "log1pPF": {"cov_gene": 2.7944312244219773, "r2_depth": 0.3334155975211174, "r_mono": 1.0, "cov_cell": 0.5298987066967441}, "PFlog1pPF": {"cov_gene": 7.818571749874152, "r2_depth": 0, "r_mono": 1.0, "cov_cell": 1.1253786562851607e-14}, "ncells": 321, "ngenes": 8644, "avg_per_cell": 1477.61, "avg_per_gene": 54.87, "min_cell": 95.0, "max_cell": 58660.0, "overdispersion": 11.53, "total_count": 474313, "nvals": 127087, "sparsity": 0.04580167252670896}