{"raw": {"cov_gene": 37.55011874534985, "r2_depth": 1.0, "r_mono": 1.0}, "PF": {"cov_gene": 41.9625857892275, "r2_depth": 0, "r_mono": 1.0}, "sqrt": {"cov_gene": 5.717373890548543, "r2_depth": 0.9620137107961931, "r_mono": 1.0}, "log1p": {"cov_gene": 2.2058503701931995, "r2_depth": 0.9564384317050135, "r_mono": 1.0}, "log1pCP10k": {"cov_gene": 2.219946544859009, "r2_depth": 0.5855748533960206, "r_mono": 1.0}, "log1pCPM": {"cov_gene": 1.4919596728823619, "r2_depth": 0.8259002455657866, "r_mono": 1.0}, "scalelog1pCP10k": {"cov_gene": 6.247340602559609e-15, "r2_depth": 0.6783014448442597, "r_mono": 0.26173343210670935}, "sctransform": {"cov_gene": 0.9004243483108674, "r2_depth": 0.19595736333947011, "r_mono": 0.22629489757033563}, "log1pPF": {"cov_gene": 2.7944312244219773, "r2_depth": 0.3334155975211174, "r_mono": 1.0}, "PFlog1pPF": {"cov_gene": 7.818571749874152, "r2_depth": 0, "r_mono": 1.0}}