{"ncells": 2055, "ngenes": 60623, "nvals": 1331166, "avg_per_cell": 1906.8914841849148, "avg_per_gene": 64.63985616020322, "min_cell": 63, "max_cell": 44025, "total_count": 3918662, "overdispersion": 4.630651597543137, "raw": {"cov_gene": 116.01386539264897, "cov_cell": 1.840135321899694, "r2_depth": 1.0, "r_mono": 1}, "PF": {"cov_gene": 86.62945362752872, "cov_cell": 1.2253210214937578e-14, "r2_depth": 0, "r_mono": 1}, "log1p": {"cov_gene": 7.063326222936403, "cov_cell": 1.4758785656547402, "r2_depth": 0.9414664492180366, "r_mono": 1}, "log1pPF": {"cov_gene": 7.9772314631866115, "cov_cell": 0.6280280239409065, "r2_depth": 0.4310888504631043, "r_mono": 1}, "PFlog1pPF": {"cov_gene": 18.394925372558745, "cov_cell": 1.1137471360981928e-14, "r2_depth": 0, "r_mono": 1}, "log1pCPM": {"cov_gene": 3.3848502497017154, "cov_cell": 1.1259005013204755, "r2_depth": 0.790920018423868, "r_mono": 1}, "log1pCP10k": {"cov_gene": 5.300842899346099, "cov_cell": 0.8270480169661253, "r2_depth": 0.5621487742193554, "r_mono": 1}, "sqrt": {"cov_gene": 14.560709763886953, "cov_cell": 1.4765858084287944, "r2_depth": 0.9467565145923843, "r_mono": 1}, "density": 0.010685207645047151}