{"raw": {"cov_gene": 63.81031236038391, "r2_depth": 1.0, "r_mono": 1.0}, "PF": {"cov_gene": 47.63690632191731, "r2_depth": 0, "r_mono": 1.0}, "sqrt": {"cov_gene": 8.013583192396643, "r2_depth": 0.9458949314091609, "r_mono": 1.0}, "log1p": {"cov_gene": 3.821287846472918, "r2_depth": 0.9404491156612059, "r_mono": 1.0}, "log1pCP10k": {"cov_gene": 2.821344712759587, "r2_depth": 0.5634366060156943, "r_mono": 1.0}, "log1pCPM": {"cov_gene": 1.6921274878015176, "r2_depth": 0.7895550838418096, "r_mono": 1.0}, "scalelog1pCP10k": {"cov_gene": 3.122658882656596e-14, "r2_depth": 0.5357778499675507, "r_mono": 0.25094739837660046}, "sctransform": {"cov_gene": 0.564572525835171, "r2_depth": 0.41012353023509895, "r_mono": 0.20453505684095555}, "log1pPF": {"cov_gene": 4.341094535955614, "r2_depth": 0.432642516036038, "r_mono": 1.0}, "PFlog1pPF": {"cov_gene": 10.10660933687851, "r2_depth": 0, "r_mono": 1.0}}