{
  "ncells": 5289,
  "ngenes": 60623,
  "nvals": 2408438,
  "density": 0.007511462089170807,
  "total_counts": 5582697,
  "overdispersion": 24.27806181875587,
  "avg_per_cell": 1055.52977878616,
  "avg_per_gene": 92.08876169110734,
  "max_cell": 8670,
  "min_cell": 147,
  "raw": {
    "cov_gene": 116.23578325839635,
    "cov_cell": 0.7122490852154004,
    "r2_depth": 1,
    "r_mono": 1
  },
  "PF": {
    "cov_gene": 102.84316357953132,
    "cov_cell": 6.250723971169335e-15,
    "r2_depth": 0,
    "r_mono": 1
  },
  "sqrt": {
    "cov_gene": 22.255792907581117,
    "cov_cell": 0.5656225135296697,
    "r2_depth": 0.7009187907959569,
    "r_mono": 1
  },
  "log1p": {
    "cov_gene": 8.2444490947403,
    "cov_cell": 0.5694264716591171,
    "r2_depth": 0.6717783939194393,
    "r_mono": 1
  },
  "log1pCP10k": {
    "cov_gene": 4.718309412172626,
    "cov_cell": 0.3478807524392064,
    "r2_depth": 0.3418262887063651,
    "r_mono": 1
  },
  "log1pCPM": {
    "cov_gene": 4.039617629457066,
    "cov_cell": 0.4485434152077914,
    "r2_depth": 0.5502599407226842,
    "r_mono": 1
  },
  "log1pPF": {
    "cov_gene": 7.458272414820105,
    "cov_cell": 0.2608525456701704,
    "r2_depth": 0.06503471353679235,
    "r_mono": 1
  },
  "PFlog1pPF": {
    "cov_gene": 15.408475374581716,
    "cov_cell": 6.069469772179803e-15,
    "r2_depth": 0,
    "r_mono": 1
  }
}
