{
    "raw": {
        "cov_gene": 30.8952401595613,
        "r2_depth": 1.0,
        "r_mono": 1.0
    },
    "PF": {
        "cov_gene": 29.20682842465694,
        "r2_depth": 0,
        "r_mono": 1.0
    },
    "sqrt": {
        "cov_gene": 2.161007424068057,
        "r2_depth": 0.9637948599105068,
        "r_mono": 1.0
    },
    "log1p": {
        "cov_gene": 1.6232106421443229,
        "r2_depth": 0.9593788817447957,
        "r_mono": 1.0
    },
    "log1pCP10k": {
        "cov_gene": 1.5153692881491743,
        "r2_depth": 0.5109321671992106,
        "r_mono": 1.0
    },
    "log1pCPM": {
        "cov_gene": 1.193510060542575,
        "r2_depth": 0.8597683874089603,
        "r_mono": 1.0
    },
    "scalelog1pCP10k": {
        "cov_gene": 4.4618874608595325e-14,
        "r2_depth": 0.18490308700304814,
        "r_mono": 0.47586446033122376
    },
    "sctransform": {
        "cov_gene": 0.3821924551835474,
        "r2_depth": 0.6643768319560028,
        "r_mono": 0.2297578717721842
    },
    "log1pPF": {
        "cov_gene": 1.5468390215788277,
        "r2_depth": 0.48569370180691407,
        "r_mono": 1.0
    },
    "PFlog1pPF": {
        "cov_gene": 1.5596461999031233,
        "r2_depth": 0,
        "r_mono": 1.0
    },
    "ncells": "3462",
    "ngenes": 33333,
    "avg_per_cell": "8888.47",
    "avg_per_gene": "923.17",
    "min_cell": "2575",
    "max_cell": "29889",
    "overdispersion": "0.32"
}