{"ncells": 3462, "ngenes": 60623, "nvals": 12657332, "avg_per_cell": 8893.977180820335, "avg_per_gene": 507.9086980189037, "min_cell": 2581, "max_cell": 29904, "total_count": 30790949, "overdispersion": 0.31674048467741167, "raw": {"cov_gene": 41.670828636071136, "cov_cell": 0.382141557378476, "r2_depth": 1.0, "r_mono": 1}, "PF": {"cov_gene": 39.39897212077845, "cov_cell": 3.791007058559763e-14, "r2_depth": 0, "r_mono": 1}, "log1p": {"cov_gene": 2.3646261284526737, "cov_cell": 0.28782866443366983, "r2_depth": 0.9593266924594239, "r_mono": 1}, "log1pPF": {"cov_gene": 2.2695657213944687, "cov_cell": 0.07892361101658861, "r2_depth": 0.48489685228413093, "r_mono": 1}, "PFlog1pPF": {"cov_gene": 2.2856549428894346, "cov_cell": 3.8894869414019926e-14, "r2_depth": 0, "r_mono": 1}, "log1pCPM": {"cov_gene": 1.8411089900696493, "cov_cell": 0.18378492964639523, "r2_depth": 0.8593623262004844, "r_mono": 1}, "log1pCP10k": {"cov_gene": 2.230836492043825, "cov_cell": 0.08219212174243179, "r2_depth": 0.5100290561091279, "r_mono": 1}, "sqrt": {"cov_gene": 3.046289041705514, "cov_cell": 0.2854297874423529, "r2_depth": 0.9637098476472635, "r_mono": 1}, "density": 0.06030838297506939}