{
  "ncells": 6733,
  "ngenes": 60623,
  "nvals": 15166413,
  "density": 0.03715667463814798,
  "total_counts": 45586190,
  "overdispersion": 0.9278286319226736,
  "avg_per_cell": 6770.561413931383,
  "avg_per_gene": 751.961961631724,
  "max_cell": 114380,
  "min_cell": 69,
  "raw": {
    "cov_gene": 53.64460456258764,
    "cov_cell": 0.9527738834798032,
    "r2_depth": 1,
    "r_mono": 1
  },
  "PF": {
    "cov_gene": 49.8237731710716,
    "cov_cell": 2.9061378908777377e-14,
    "r2_depth": 0,
    "r_mono": 1
  },
  "sqrt": {
    "cov_gene": 6.86421034283379,
    "cov_cell": 0.7850243456113813,
    "r2_depth": 0.9566571826840674,
    "r_mono": 1
  },
  "log1p": {
    "cov_gene": 4.103730490798965,
    "cov_cell": 0.7827303926543978,
    "r2_depth": 0.9529738424433236,
    "r_mono": 1
  },
  "log1pCP10k": {
    "cov_gene": 3.60162840187264,
    "cov_cell": 0.47003485310063037,
    "r2_depth": 0.581734761473121,
    "r_mono": 1
  },
  "log1pCPM": {
    "cov_gene": 2.3134928979391933,
    "cov_cell": 0.6277219893830966,
    "r2_depth": 0.8233840058860474,
    "r_mono": 1
  },
  "log1pPF": {
    "cov_gene": 3.987510423584346,
    "cov_cell": 0.44674047888258167,
    "r2_depth": 0.5497286730505784,
    "r_mono": 1
  },
  "PFlog1pPF": {
    "cov_gene": 10.106647941432325,
    "cov_cell": 2.8420862063405263e-14,
    "r2_depth": 0,
    "r_mono": 1
  }
}
