{"raw": {"cov_gene": 74.88538375817302, "r2_depth": 1.0, "r_mono": 1.0}, "PF": {"cov_gene": 63.92289663318283, "r2_depth": 0, "r_mono": 1.0}, "sqrt": {"cov_gene": 11.657878991545054, "r2_depth": 0.9785181940639329, "r_mono": 1.0}, "log1p": {"cov_gene": 4.047576850117879, "r2_depth": 0.9750485804536247, "r_mono": 1.0}, "log1pCP10k": {"cov_gene": 3.5330890670929196, "r2_depth": 0.7957400651364545, "r_mono": 1.0}, "log1pCPM": {"cov_gene": 1.9731689750330519, "r2_depth": 0.9201084249380946, "r_mono": 1.0}, "scalelog1pCP10k": {"cov_gene": 2.2593222733439398e-13, "r2_depth": 0.7542784289308889, "r_mono": 0.29692438847433794}, "sctransform": {"cov_gene": 0.9862661883630547, "r2_depth": 0.6347066233353961, "r_mono": 0.16639944338683468}, "log1pPF": {"cov_gene": 4.09083573038789, "r2_depth": 0.7553690089428048, "r_mono": 1.0}, "PFlog1pPF": {"cov_gene": 6.195748638036956, "r2_depth": 0, "r_mono": 1.0}}