{"raw": {"cov_gene": 74.88538375817302, "r2_depth": 1.0, "r_mono": 1.0, "cov_cell": 1.1818104922131571}, "PF": {"cov_gene": 63.92289663318283, "r2_depth": 0, "r_mono": 1.0, "cov_cell": 2.2307181271235018e-14}, "sqrt": {"cov_gene": 11.657878991545054, "r2_depth": 0.9785181940639329, "r_mono": 1.0, "cov_cell": 1.063345454049965}, "log1p": {"cov_gene": 4.047576850117879, "r2_depth": 0.9750485804536247, "r_mono": 1.0, "cov_cell": 1.061472967095382}, "log1pCP10k": {"cov_gene": 3.5330890670929196, "r2_depth": 0.7957400651364545, "r_mono": 1.0, "cov_cell": 0.6550099316597892}, "log1pCPM": {"cov_gene": 1.9731689750330519, "r2_depth": 0.9201084249380946, "r_mono": 1.0, "cov_cell": 0.8906728404537002}, "scalelog1pCP10k": {"cov_gene": 2.2593222733439398e-13, "r2_depth": 0.7542784289308889, "r_mono": 0.29692438847433794, "cov_cell": null}, "sctransform": {"cov_gene": 0.9862661883630547, "r2_depth": 0.6347066233353961, "r_mono": 0.16639944338683468, "cov_cell": null}, "log1pPF": {"cov_gene": 4.09083573038789, "r2_depth": 0.7553690089428048, "r_mono": 1.0, "cov_cell": 0.5803708495176179}, "PFlog1pPF": {"cov_gene": 6.195748638036956, "r2_depth": 0, "r_mono": 1.0, "cov_cell": 1.817367779669498e-14}, "ncells": 15247, "ngenes": 27342, "avg_per_cell": 5024.29, "avg_per_gene": 2801.75, "min_cell": 80.0, "max_cell": 39143.0, "overdispersion": 1.82, "total_count": 76605370, "nvals": 19773266, "sparsity": 0.047431158184984806}