{"raw": {"cov_gene": 66.93061418407582, "r2_depth": 1.0, "r_mono": 1.0, "cov_cell": 0.9614429839113151}, "PF": {"cov_gene": 46.61509551924684, "r2_depth": 0, "r_mono": 1.0, "cov_cell": 3.1186495347182977e-14}, "sqrt": {"cov_gene": 7.274275030678836, "r2_depth": 0.972168482044163, "r_mono": 1.0, "cov_cell": 0.8529503851641286}, "log1p": {"cov_gene": 2.9495763242251525, "r2_depth": 0.9693048783894075, "r_mono": 1.0, "cov_cell": 0.8534485226437722}, "log1pCP10k": {"cov_gene": 2.500476747774918, "r2_depth": 0.7359720526799324, "r_mono": 1.0, "cov_cell": 0.482587122734893}, "log1pCPM": {"cov_gene": 1.410316205384744, "r2_depth": 0.8983780533383007, "r_mono": 1.0, "cov_cell": 0.7028769107853505}, "scalelog1pCP10k": {"cov_gene": 9.529680374354262e-14, "r2_depth": 0.6884870674365569, "r_mono": 0.39078417608607435, "cov_cell": null}, "sctransform": {"cov_gene": 0.7501333489623976, "r2_depth": 0.6884481179943049, "r_mono": 0.224115028766262, "cov_cell": null}, "log1pPF": {"cov_gene": 2.7170889752626626, "r2_depth": 0.712995743499194, "r_mono": 1.0, "cov_cell": 0.4537276692748424}, "PFlog1pPF": {"cov_gene": 7.027927255061167, "r2_depth": 0, "r_mono": 1.0, "cov_cell": 2.987952687169073e-14}, "ncells": 6683, "ngenes": 29152, "avg_per_cell": 7320.41, "avg_per_gene": 1678.18, "min_cell": 282.0, "max_cell": 44830.0, "overdispersion": 1.34, "total_count": 48922300, "nvals": 15259552, "sparsity": 0.07832528198339973}