{"ncells": 6683, "ngenes": 60623, "nvals": 15273978, "avg_per_cell": 7322.6428250785575, "avg_per_gene": 807.2385398281181, "min_cell": 283, "max_cell": 44836, "total_count": 48937222, "overdispersion": 1.3352540701051998, "raw": {"cov_gene": 96.52286133834075, "cov_cell": 0.9614118653356971, "r2_depth": 1.0, "r_mono": 1}, "PF": {"cov_gene": 67.21494478131008, "cov_cell": 3.385021989905295e-14, "r2_depth": 0, "r_mono": 1}, "log1p": {"cov_gene": 4.375791380378098, "cov_cell": 0.8534882795364697, "r2_depth": 0.9692982987736073, "r_mono": 1}, "log1pPF": {"cov_gene": 4.050958517450728, "cov_cell": 0.4537718832295122, "r2_depth": 0.7129673678560822, "r_mono": 1}, "PFlog1pPF": {"cov_gene": 10.18639622533662, "cov_cell": 3.007553219431824e-14, "r2_depth": 0, "r_mono": 1}, "log1pCPM": {"cov_gene": 2.280795880393735, "cov_cell": 0.7029623233528426, "r2_depth": 0.8983931826644811, "r_mono": 1}, "log1pCP10k": {"cov_gene": 3.7501443822003715, "cov_cell": 0.4826081268219421, "r2_depth": 0.7359278730948848, "r_mono": 1}, "sqrt": {"cov_gene": 10.535438739781808, "cov_cell": 0.8529897119027119, "r2_depth": 0.9721609375942781, "r_mono": 1}, "density": 0.037700167127693016}