{"ncells": 10132, "ngenes": 60623, "nvals": 20901511, "avg_per_cell": 5368.553888669562, "avg_per_gene": 897.2533196971447, "min_cell": 1653, "max_cell": 24637, "total_count": 54394188, "overdispersion": 0.39596569071871635, "raw": {"cov_gene": 76.9980655418581, "cov_cell": 0.4443021190946119, "r2_depth": 1.0, "r_mono": 1}, "PF": {"cov_gene": 91.93596819967973, "cov_cell": 2.1959795981788437e-14, "r2_depth": 0, "r_mono": 1}, "log1p": {"cov_gene": 3.22422642810498, "cov_cell": 0.3531664566923605, "r2_depth": 0.9609064003006385, "r_mono": 1}, "log1pPF": {"cov_gene": 3.121006646978015, "cov_cell": 0.11045969368283415, "r2_depth": 0.5681563255397912, "r_mono": 1}, "PFlog1pPF": {"cov_gene": 3.183130901644277, "cov_cell": 2.2816501812761948e-14, "r2_depth": 0, "r_mono": 1}, "log1pCPM": {"cov_gene": 2.4094126336381327, "cov_cell": 0.24745127252291094, "r2_depth": 0.8866762079176252, "r_mono": 1}, "log1pCP10k": {"cov_gene": 2.848695552629312, "cov_cell": 0.13289825786498966, "r2_depth": 0.6612113196495881, "r_mono": 1}, "sqrt": {"cov_gene": 4.072398512475261, "cov_cell": 0.3531648498666942, "r2_depth": 0.9667956614484459, "r_mono": 1}, "density": 0.03402867803896896}