{"raw": {"cov_gene": 53.44682560171042, "r2_depth": 1.0, "r_mono": 1.0, "cov_cell": 0.4443014659979149}, "PF": {"cov_gene": 63.82598883801461, "r2_depth": 0, "r_mono": 1.0, "cov_cell": 2.5941766060924092e-14}, "sqrt": {"cov_gene": 2.7361121549799505, "r2_depth": 0.9667681721711747, "r_mono": 1.0, "cov_cell": 0.35311123095669095}, "log1p": {"cov_gene": 2.1211030116642244, "r2_depth": 0.960870629777535, "r_mono": 1.0, "cov_cell": 0.3531157490705015}, "log1pCP10k": {"cov_gene": 1.8437381090388636, "r2_depth": 0.6610821752527162, "r_mono": 1.0, "cov_cell": 0.13289904324128354}, "log1pCPM": {"cov_gene": 1.5121132302110838, "r2_depth": 0.8865708263347221, "r_mono": 1.0, "cov_cell": 0.24738250716956192}, "scalelog1pCP10k": {"cov_gene": 1.383025405593514e-13, "r2_depth": 0.6178058652194311, "r_mono": 0.38632471296988363, "cov_cell": null}, "sctransform": {"cov_gene": 0.45400133445289975, "r2_depth": 0.43199557287817103, "r_mono": 0.22757510476343057, "cov_cell": null}, "log1pPF": {"cov_gene": 2.045328979412265, "r2_depth": 0.567991131825236, "r_mono": 1.0, "cov_cell": 0.11046024889151226}, "PFlog1pPF": {"cov_gene": 2.0909942501685914, "r2_depth": 0, "r_mono": 1.0, "cov_cell": 1.921376966103757e-14}, "ncells": 10132, "ngenes": 29212, "avg_per_cell": 5366.97, "avg_per_gene": 1861.5, "min_cell": 1653.0, "max_cell": 24629.0, "overdispersion": 0.4, "total_count": 54378143, "nvals": 20885697, "density": 0.0705655125045551}