{
    "raw": {
        "cov_gene": 92.87785913128167,
        "r2_depth": 1.0,
        "r_mono": 1.0
    },
    "PF": {
        "cov_gene": 64.28851840655084,
        "r2_depth": 0,
        "r_mono": 1.0
    },
    "sqrt": {
        "cov_gene": 7.152625895405438,
        "r2_depth": 0.800357049255859,
        "r_mono": 1.0
    },
    "log1p": {
        "cov_gene": 2.838770024528337,
        "r2_depth": 0.7859120801874347,
        "r_mono": 1.0
    },
    "log1pCP10k": {
        "cov_gene": 1.6128010009539044,
        "r2_depth": 0.5291764432661362,
        "r_mono": 1.0
    },
    "log1pCPM": {
        "cov_gene": 1.42615070908199,
        "r2_depth": 0.6697147486183835,
        "r_mono": 1.0
    },
    "scalelog1pCP10k": {
        "cov_gene": 1.4072551616618485e-14,
        "r2_depth": 0.5491329314645652,
        "r_mono": 0.2902642291456687
    },
    "sctransform": {
        "cov_gene": 0.46162276024463,
        "r2_depth": 0.07630556891147555,
        "r_mono": 0.24869579639001388
    },
    "log1pPF": {
        "cov_gene": 2.7356589080897407,
        "r2_depth": 0.167958429933857,
        "r_mono": 1.0
    },
    "PFlog1pPF": {
        "cov_gene": 75.58605193973109,
        "r2_depth": 0,
        "r_mono": 1.0
    },
    "ncells": 939,
    "ngenes": 10761,
    "avg_per_cell": 631.52,
    "avg_per_gene": 55.11,
    "min_cell": 5.0,
    "max_cell": 2801.0,
    "overdispersion": 4.14
}