{"raw": {"cov_gene": 89.93736291835822, "r2_depth": 1.0, "r_mono": 1.0, "cov_cell": 0.6049435378568857}, "PF": {"cov_gene": 58.18397907531103, "r2_depth": 0, "r_mono": 1.0, "cov_cell": 1.4141472940890629e-14}, "sqrt": {"cov_gene": 3.7530986468232146, "r2_depth": 0.9163226731910795, "r_mono": 1.0, "cov_cell": 0.42669285955587233}, "log1p": {"cov_gene": 2.6565151459804697, "r2_depth": 0.8996457570869312, "r_mono": 1.0, "cov_cell": 0.41801112438353716}, "log1pCP10k": {"cov_gene": 1.884280640595789, "r2_depth": 0.40693014976955744, "r_mono": 1.0, "cov_cell": 0.17654800303049192}, "log1pCPM": {"cov_gene": 1.532546220547297, "r2_depth": 0.7446928344694945, "r_mono": 1.0, "cov_cell": 0.29504161915877086}, "scalelog1pCP10k": {"cov_gene": 7.401049030771408e-14, "r2_depth": 0.4135758122763069, "r_mono": 0.33731558977144405, "cov_cell": null}, "sctransform": {"cov_gene": 0.6210785366679383, "r2_depth": 0.25088390039945474, "r_mono": 0.2606261590666034, "cov_cell": null}, "log1pPF": {"cov_gene": 2.382870229248617, "r2_depth": 0.20852540093165162, "r_mono": 1.0, "cov_cell": 0.13604525351433291}, "PFlog1pPF": {"cov_gene": 3.171619176204567, "r2_depth": 0, "r_mono": 1.0, "cov_cell": 1.2495013254329731e-14}, "ncells": 5235, "ngenes": 21987, "avg_per_cell": 3205.83, "avg_per_gene": 763.29, "min_cell": 408.0, "max_cell": 30499.0, "overdispersion": 0.23, "total_count": 16782529, "nvals": 5685411, "density": 0.049394569309840944}