{"raw": {"cov_gene": 89.93736291835822, "r2_depth": 1.0, "r_mono": 1.0}, "PF": {"cov_gene": 58.18397907531103, "r2_depth": 0, "r_mono": 1.0}, "sqrt": {"cov_gene": 3.7530986468232146, "r2_depth": 0.9163226731910795, "r_mono": 1.0}, "log1p": {"cov_gene": 2.6565151459804697, "r2_depth": 0.8996457570869312, "r_mono": 1.0}, "log1pCP10k": {"cov_gene": 1.884280640595789, "r2_depth": 0.40693014976955744, "r_mono": 1.0}, "log1pCPM": {"cov_gene": 1.532546220547297, "r2_depth": 0.7446928344694945, "r_mono": 1.0}, "scalelog1pCP10k": {"cov_gene": 7.401049030771408e-14, "r2_depth": 0.4135758122763069, "r_mono": 0.33731558977144405}, "sctransform": {"cov_gene": 0.6210785366679383, "r2_depth": 0.25088390039945474, "r_mono": 0.2606261590666034}, "log1pPF": {"cov_gene": 2.382870229248617, "r2_depth": 0.20852540093165162, "r_mono": 1.0}, "PFlog1pPF": {"cov_gene": 3.171619176204567, "r2_depth": 0, "r_mono": 1.0}}