{"raw": {"cov_gene": 53.21109563544111, "r2_depth": 1.0, "r_mono": 1.0, "cov_cell": 1.0657815385093214}, "PF": {"cov_gene": 49.954815003662944, "r2_depth": 0, "r_mono": 1.0, "cov_cell": 2.210143289961868e-14}, "sqrt": {"cov_gene": 6.376765324789894, "r2_depth": 0.930029887476497, "r_mono": 1.0, "cov_cell": 0.8461005389079674}, "log1p": {"cov_gene": 3.0869295320281953, "r2_depth": 0.9191512822541617, "r_mono": 1.0, "cov_cell": 0.8416041656774217}, "log1pCP10k": {"cov_gene": 2.1756418682245138, "r2_depth": 0.47546302133218166, "r_mono": 1.0, "cov_cell": 0.42704028380990827}, "log1pCPM": {"cov_gene": 1.3641080478375351, "r2_depth": 0.7721470814063334, "r_mono": 1.0, "cov_cell": 0.6266918459395575}, "scalelog1pCP10k": {"cov_gene": 3.035732681132143e-14, "r2_depth": 0.42948166828744583, "r_mono": 0.3546669967086506, "cov_cell": null}, "sctransform": {"cov_gene": 0.7243092839467191, "r2_depth": 0.14999678882990675, "r_mono": 0.2706350085099257, "cov_cell": null}, "log1pPF": {"cov_gene": 2.8371259593648666, "r2_depth": 0.37301584475089333, "r_mono": 1.0, "cov_cell": 0.37464150334742174}, "PFlog1pPF": {"cov_gene": 15.311752814590262, "r2_depth": 0, "r_mono": 1.0, "cov_cell": 1.3735692162869415e-14}, "ncells": 2133, "ngenes": 20470, "avg_per_cell": 4211.89, "avg_per_gene": 438.88, "min_cell": 448.0, "max_cell": 49206.0, "overdispersion": 1.0, "total_count": 8983966, "nvals": 2597485, "density": 0.059490052221001496}