{"ncells": 2133, "ngenes": 60623, "nvals": 2613407, "avg_per_cell": 4219.8204406938585, "avg_per_gene": 148.47297230424095, "min_cell": 448, "max_cell": 49284, "total_count": 9000877, "overdispersion": 0.9965974293927536, "raw": {"cov_gene": 91.57828130569061, "cov_cell": 1.0653766795499013, "r2_depth": 1.0, "r_mono": 1}, "PF": {"cov_gene": 85.96419501782712, "cov_cell": 1.5873018754202827e-14, "r2_depth": 0, "r_mono": 1}, "log1p": {"cov_gene": 5.473127281968801, "cov_cell": 0.841680047361339, "r2_depth": 0.9195544452264428, "r_mono": 1}, "log1pPF": {"cov_gene": 5.057110631130012, "cov_cell": 0.3746033936095789, "r2_depth": 0.3726211965617585, "r_mono": 1}, "PFlog1pPF": {"cov_gene": 25.94068083992893, "cov_cell": 1.2189491134238583e-14, "r2_depth": 0, "r_mono": 1}, "log1pCPM": {"cov_gene": 2.7117701180504197, "cov_cell": 0.6268980986036966, "r2_depth": 0.7728672062727837, "r_mono": 1}, "log1pCP10k": {"cov_gene": 3.977380285249773, "cov_cell": 0.42689527593746884, "r2_depth": 0.47505431771520124, "r_mono": 1}, "sqrt": {"cov_gene": 11.026585298838613, "cov_cell": 0.8461585337471946, "r2_depth": 0.9303529789793582, "r_mono": 1}, "density": 0.020210579694311587}