{
    "raw": {
        "cov_gene": 20.372886990463446,
        "r2_depth": 1.0,
        "r_mono": 1.0
    },
    "PF": {
        "cov_gene": 18.05824870124822,
        "r2_depth": 0,
        "r_mono": 1.0
    },
    "sqrt": {
        "cov_gene": 4.849708569506201,
        "r2_depth": 0.9685428429605364,
        "r_mono": 1.0
    },
    "log1p": {
        "cov_gene": 4.198023452017692,
        "r2_depth": 0.9663945440830827,
        "r_mono": 1.0
    },
    "log1pCP10k": {
        "cov_gene": 2.241318531218612,
        "r2_depth": 0.8809319500935312,
        "r_mono": 1.0
    },
    "log1pCPM": {
        "cov_gene": 2.004216960511301,
        "r2_depth": 0.9283875968790869,
        "r_mono": 1.0
    },
    "scalelog1pCP10k": {
        "cov_gene": 7.712041597865427e-14,
        "r2_depth": 0.8531738589692557,
        "r_mono": 0.14625681779792707
    },
    "sctransform": {
        "cov_gene": 0.6730621669509715,
        "r2_depth": 0.03218680512650618,
        "r_mono": 0.1376928675970483
    },
    "log1pPF": {
        "cov_gene": 4.587865735965237,
        "r2_depth": 0.529478639839253,
        "r_mono": 1.0
    },
    "PFlog1pPF": {
        "cov_gene": 11.101357341392644,
        "r2_depth": 0,
        "r_mono": 1.0
    },
    "ncells": "5029",
    "ngenes": 9772,
    "avg_per_cell": "137.22",
    "avg_per_gene": "70.62",
    "min_cell": "18",
    "max_cell": "1667",
    "overdispersion": "3.56"
}