{
  "ncells": 904,
  "ngenes": 60623,
  "nvals": 1321074,
  "density": 0.024105785662995687,
  "total_counts": 3364794,
  "overdispersion": 0.05687214097850846,
  "avg_per_cell": 3722.1172566371683,
  "avg_per_gene": 55.50358774722465,
  "max_cell": 13159,
  "min_cell": 2414,
  "raw": {
    "cov_gene": 100.66320403660386,
    "cov_cell": 0.21275004462836003,
    "r2_depth": 1,
    "r_mono": 1
  },
  "PF": {
    "cov_gene": 109.97620887246093,
    "cov_cell": 1.7786571251952752e-14,
    "r2_depth": 0,
    "r_mono": 1
  },
  "sqrt": {
    "cov_gene": 3.248019398594453,
    "cov_cell": 0.16458368780614352,
    "r2_depth": 0.8853298538443912,
    "r_mono": 1
  },
  "log1p": {
    "cov_gene": 3.1577425547465925,
    "cov_cell": 0.1634359717423621,
    "r2_depth": 0.8654001192580001,
    "r_mono": 1
  },
  "log1pCP10k": {
    "cov_gene": 2.7977688588605747,
    "cov_cell": 0.07697492238704398,
    "r2_depth": 0.36555087890542604,
    "r_mono": 1
  },
  "log1pCPM": {
    "cov_gene": 2.495151361070214,
    "cov_cell": 0.1233516402582331,
    "r2_depth": 0.6722130915559053,
    "r_mono": 1
  },
  "log1pPF": {
    "cov_gene": 3.12752022816252,
    "cov_cell": 0.061740818290647204,
    "r2_depth": 0.21425107662314236,
    "r_mono": 1
  },
  "PFlog1pPF": {
    "cov_gene": 3.1380102084596064,
    "cov_cell": 1.357424543072081e-14,
    "r2_depth": 0,
    "r_mono": 1
  }
}
