{
    "raw": {
        "cov_gene": 79.26800401499118,
        "r2_depth": 1.0,
        "r_mono": 1.0
    },
    "PF": {
        "cov_gene": 50.672184238878856,
        "r2_depth": 0,
        "r_mono": 1.0
    },
    "sqrt": {
        "cov_gene": 10.22162553863795,
        "r2_depth": 0.9641086677996578,
        "r_mono": 1.0
    },
    "log1p": {
        "cov_gene": 3.5986663306327498,
        "r2_depth": 0.9602463274271678,
        "r_mono": 1.0
    },
    "log1pCP10k": {
        "cov_gene": 3.1890758649274784,
        "r2_depth": 0.7324265021639879,
        "r_mono": 1.0
    },
    "log1pCPM": {
        "cov_gene": 2.011745017293992,
        "r2_depth": 0.8743118502310175,
        "r_mono": 1.0
    },
    "scalelog1pCP10k": {
        "cov_gene": 1.1134214015358984e-13,
        "r2_depth": 0.6651553757512279,
        "r_mono": 0.2496717896195189
    },
    "sctransform": {
        "cov_gene": 0.8438187593781492,
        "r2_depth": 0.710999151499932,
        "r_mono": 0.1680210752258659
    },
    "log1pPF": {
        "cov_gene": 3.8976770141480315,
        "r2_depth": 0.6591742014561357,
        "r_mono": 1.0
    },
    "PFlog1pPF": {
        "cov_gene": 4.50917121999842,
        "r2_depth": 0,
        "r_mono": 1.0
    },
    "ncells": "7362",
    "ngenes": 24759,
    "avg_per_cell": "2515.74",
    "avg_per_gene": "748.05",
    "min_cell": "199",
    "max_cell": "40639",
    "overdispersion": "4.58"
}