{
  "ncells": 2006,
  "ngenes": 60623,
  "nvals": 3667573,
  "density": 0.03015854700714839,
  "total_counts": 14076770,
  "overdispersion": 5.442121693797073,
  "avg_per_cell": 7017.333000997009,
  "avg_per_gene": 232.20180459561553,
  "max_cell": 140197,
  "min_cell": 1139,
  "raw": {
    "cov_gene": 142.21682494850884,
    "cov_cell": 1.3794144201648981,
    "r2_depth": 1,
    "r_mono": 1
  },
  "PF": {
    "cov_gene": 86.16185106247342,
    "cov_cell": 2.2876094130855927e-14,
    "r2_depth": 0,
    "r_mono": 1
  },
  "sqrt": {
    "cov_gene": 13.016251670197379,
    "cov_cell": 0.8210152517927227,
    "r2_depth": 0.917343320134813,
    "r_mono": 1
  },
  "log1p": {
    "cov_gene": 3.9380149168864693,
    "cov_cell": 0.796581910305599,
    "r2_depth": 0.901758408882541,
    "r_mono": 1
  },
  "log1pCP10k": {
    "cov_gene": 3.2642364774650185,
    "cov_cell": 0.21495903709235542,
    "r2_depth": 0.34570220090085213,
    "r_mono": 1
  },
  "log1pCPM": {
    "cov_gene": 2.3951571003145373,
    "cov_cell": 0.464920364075976,
    "r2_depth": 0.685908510070064,
    "r_mono": 1
  },
  "log1pPF": {
    "cov_gene": 3.5188725416289266,
    "cov_cell": 0.1928770004347818,
    "r2_depth": 0.30209092843597296,
    "r_mono": 1
  },
  "PFlog1pPF": {
    "cov_gene": 14.39068448255274,
    "cov_cell": 2.0992943405826834e-14,
    "r2_depth": 0,
    "r_mono": 1
  }
}
