{
  "ncells": 2212,
  "ngenes": 32861,
  "nvals": 15202738,
  "density": 0.20914905806599587,
  "total_counts": 82226934,
  "overdispersion": 1.9,
  "avg_per_cell": 37173.12,
  "avg_per_gene": 2502.27,
  "max_cell": 134687,
  "min_cell": 16287,
  "raw": {
    "cov_gene": 97.01470958807879,
    "r2_depth": 1,
    "r_mono": 1,
    "cov_cell": 0.3730545726516421
  },
  "PF": {
    "cov_gene": 101.88715619127612,
    "r2_depth": 0,
    "r_mono": 1,
    "cov_cell": 7.073745148112336e-14
  },
  "sqrt": {
    "cov_gene": 4.048371788991675,
    "r2_depth": 0.9004503048683415,
    "r_mono": 1,
    "cov_cell": 0.24871067698091787
  },
  "log1p": {
    "cov_gene": 1.601573857690027,
    "r2_depth": 0.8653229374782058,
    "r_mono": 1,
    "cov_cell": 0.23857804463840557
  },
  "log1pCP10k": {
    "cov_gene": 2.3020230291365764,
    "r2_depth": 0.10593668939240841,
    "r_mono": 1,
    "cov_cell": 0.0716220763908073
  },
  "log1pCPM": {
    "cov_gene": 1.1061960954421104,
    "r2_depth": 0.4959685544486593,
    "r_mono": 1,
    "cov_cell": 0.13782710921679642
  },
  "scalelog1pCP10k": {
    "cov_gene": 2.7856314293089536e-14,
    "r2_depth": 0.04960465938821035,
    "r_mono": 0.4677081216518502,
    "cov_cell": null
  },
  "sctransform": {
    "cov_gene": 1.2010101386735723,
    "r2_depth": 0.04858865190490258,
    "r_mono": -0.19658401703752723,
    "cov_cell": null
  },
  "log1pPF": {
    "cov_gene": 1.5906464444079524,
    "r2_depth": 0.21436014843476547,
    "r_mono": 1,
    "cov_cell": 0.09068166211442157
  },
  "PFlog1pPF": {
    "cov_gene": 1.568841585813538,
    "r2_depth": 0,
    "r_mono": 1,
    "cov_cell": 4.5241320446019274e-14
  }
}
