{"ncells": 8296, "ngenes": 60623, "nvals": 25277483, "avg_per_cell": 10625.72480713597, "avg_per_gene": 1454.0852976593042, "min_cell": 1091, "max_cell": 162529, "total_count": 88151013, "overdispersion": 0.788217233252473, "raw": {"cov_gene": 110.76643890787776, "cov_cell": 0.7659192959692621, "r2_depth": 1.0, "r_mono": 1}, "PF": {"cov_gene": 174.4446546311613, "cov_cell": 3.184226663007197e-14, "r2_depth": 0, "r_mono": 1}, "log1p": {"cov_gene": 3.1037517635733614, "cov_cell": 0.5837540449572707, "r2_depth": 0.901850876717532, "r_mono": 1}, "log1pPF": {"cov_gene": 2.853739804544686, "cov_cell": 0.2546854676436161, "r2_depth": 0.4199388063403987, "r_mono": 1}, "PFlog1pPF": {"cov_gene": 4.657645547941338, "cov_cell": 3.0957225477402795e-14, "r2_depth": 0, "r_mono": 1}, "log1pCPM": {"cov_gene": 2.132481325390819, "cov_cell": 0.4213611207474788, "r2_depth": 0.7318767862243596, "r_mono": 1}, "log1pCP10k": {"cov_gene": 2.886683335167208, "cov_cell": 0.25136299477747553, "r2_depth": 0.41312387278634477, "r_mono": 1}, "sqrt": {"cov_gene": 7.742847676647054, "cov_cell": 0.5853427013102515, "r2_depth": 0.9155832520472682, "r_mono": 1}, "density": 0.05026059892007532}