{
    "raw": {
        "cov_gene": 80.61266035929866,
        "r2_depth": 1.0,
        "r_mono": 1.0
    },
    "PF": {
        "cov_gene": 126.97257253322873,
        "r2_depth": 0,
        "r_mono": 1.0
    },
    "sqrt": {
        "cov_gene": 5.596055980500239,
        "r2_depth": 0.9155027815064781,
        "r_mono": 1.0
    },
    "log1p": {
        "cov_gene": 2.153568112366039,
        "r2_depth": 0.9017590835213223,
        "r_mono": 1.0
    },
    "log1pCP10k": {
        "cov_gene": 1.9870675653644212,
        "r2_depth": 0.4130866938911347,
        "r_mono": 1.0
    },
    "log1pCPM": {
        "cov_gene": 1.394119266144609,
        "r2_depth": 0.7316610714678984,
        "r_mono": 1.0
    },
    "scalelog1pCP10k": {
        "cov_gene": 1.1506055262392063e-13,
        "r2_depth": 0.37009291789480714,
        "r_mono": 0.42631330980471077
    },
    "sctransform": {
        "cov_gene": 0.639203332156698,
        "r2_depth": 0.3866390493402979,
        "r_mono": 0.21957302608310575
    },
    "log1pPF": {
        "cov_gene": 1.9617733464255032,
        "r2_depth": 0.4198780156191986,
        "r_mono": 1.0
    },
    "PFlog1pPF": {
        "cov_gene": 3.320393589559645,
        "r2_depth": 0,
        "r_mono": 1.0
    },
    "ncells": "8296",
    "ngenes": 32111,
    "avg_per_cell": "10623.74",
    "avg_per_gene": "2744.68",
    "min_cell": "1089",
    "max_cell": "162519",
    "overdispersion": "0.79"
}