{
  "ncells": 8603,
  "ngenes": 60623,
  "nvals": 5523664,
  "density": 0.010591071644830146,
  "total_counts": 12273900,
  "overdispersion": 3.4884994721950098,
  "avg_per_cell": 1426.6999883761478,
  "avg_per_gene": 202.46276165811656,
  "max_cell": 38512,
  "min_cell": 100,
  "raw": {
    "cov_gene": 73.19058994972124,
    "cov_cell": 1.5007471398242975,
    "r2_depth": 1,
    "r_mono": 1
  },
  "PF": {
    "cov_gene": 34.615991631320185,
    "cov_cell": 1.0266149623362441e-14,
    "r2_depth": 0,
    "r_mono": 1
  },
  "sqrt": {
    "cov_gene": 9.22423770745787,
    "cov_cell": 1.2189173796342716,
    "r2_depth": 0.9612491653208183,
    "r_mono": 1
  },
  "log1p": {
    "cov_gene": 6.719488050415909,
    "cov_cell": 1.217878015395817,
    "r2_depth": 0.958437199223098,
    "r_mono": 1
  },
  "log1pCP10k": {
    "cov_gene": 4.890211825436864,
    "cov_cell": 0.7002503042968443,
    "r2_depth": 0.6802130115601477,
    "r_mono": 1
  },
  "log1pCPM": {
    "cov_gene": 3.5227226722242024,
    "cov_cell": 0.9470081624575033,
    "r2_depth": 0.8539385115443794,
    "r_mono": 1
  },
  "log1pPF": {
    "cov_gene": 6.781851192363515,
    "cov_cell": 0.4638106812676125,
    "r2_depth": 0.5423185779538306,
    "r_mono": 1
  },
  "PFlog1pPF": {
    "cov_gene": 8.171801556794051,
    "cov_cell": 1.0761345318266957e-14,
    "r2_depth": 0,
    "r_mono": 1
  }
}
