{
  "ncells": 1870,
  "ngenes": 60623,
  "nvals": 12105650,
  "density": 0.10678471249638667,
  "total_counts": 80444372,
  "overdispersion": 1.243903044644003,
  "avg_per_cell": 43018.380748663105,
  "avg_per_gene": 1326.9612523299738,
  "max_cell": 277226,
  "min_cell": 1111,
  "raw": {
    "cov_gene": 104.56047785994527,
    "cov_cell": 0.7818782022919566,
    "r2_depth": 1,
    "r_mono": 1
  },
  "PF": {
    "cov_gene": 94.50555087973994,
    "cov_cell": 6.302730319814335e-14,
    "r2_depth": 0,
    "r_mono": 1
  },
  "sqrt": {
    "cov_gene": 14.500031239895492,
    "cov_cell": 0.5467380308100621,
    "r2_depth": 0.9038777793484312,
    "r_mono": 1
  },
  "log1p": {
    "cov_gene": 2.5817772988153287,
    "cov_cell": 0.5378377659656199,
    "r2_depth": 0.8783053639091789,
    "r_mono": 1
  },
  "log1pCP10k": {
    "cov_gene": 4.173112922071363,
    "cov_cell": 0.24679217766801761,
    "r2_depth": 0.222108485745795,
    "r_mono": 1
  },
  "log1pCPM": {
    "cov_gene": 1.7920419178044753,
    "cov_cell": 0.3463951934622986,
    "r2_depth": 0.5648982546087351,
    "r_mono": 1
  },
  "log1pPF": {
    "cov_gene": 2.4394056023468016,
    "cov_cell": 0.2803342598836897,
    "r2_depth": 0.3325634243669744,
    "r_mono": 1
  },
  "PFlog1pPF": {
    "cov_gene": 30.935236868864163,
    "cov_cell": 5.3524345155872713e-14,
    "r2_depth": 0,
    "r_mono": 1
  }
}
