{"ncells": 7632, "ngenes": 60623, "nvals": 5008777, "avg_per_cell": 1756.409460167715, "avg_per_gene": 221.1193276479224, "min_cell": 117, "max_cell": 42486, "total_count": 13404917, "overdispersion": 1.942439337330606, "raw": {"cov_gene": 46.13928370851442, "cov_cell": 1.407769539532521, "r2_depth": 1.0, "r_mono": 1}, "PF": {"cov_gene": 89.39733589488846, "cov_cell": 1.1328713755276155e-14, "r2_depth": 0, "r_mono": 1}, "log1p": {"cov_gene": 7.019544534887723, "cov_cell": 1.2135331092863506, "r2_depth": 0.9607776437455373, "r_mono": 1}, "log1pPF": {"cov_gene": 7.185478485001794, "cov_cell": 0.5608795971242684, "r2_depth": 0.5782268842347669, "r_mono": 1}, "PFlog1pPF": {"cov_gene": 22.99613517083179, "cov_cell": 9.728797979340817e-15, "r2_depth": 0, "r_mono": 1}, "log1pCPM": {"cov_gene": 3.5469761360919234, "cov_cell": 0.9880735354819784, "r2_depth": 0.8720968189046251, "r_mono": 1}, "log1pCP10k": {"cov_gene": 5.091878760096075, "cov_cell": 0.7528540277908987, "r2_depth": 0.7178737634393699, "r_mono": 1}, "sqrt": {"cov_gene": 9.636429992117689, "cov_cell": 1.2139057301911316, "r2_depth": 0.963579457485304, "r_mono": 1}, "density": 0.010825698077450246}