{"ncells": 2771, "ngenes": 60623, "nvals": 8579470, "avg_per_cell": 14841.576687116565, "avg_per_gene": 678.3895386239546, "min_cell": 331, "max_cell": 68877, "total_count": 41126009, "overdispersion": 0.3374657702928813, "raw": {"cov_gene": 51.295616919462915, "cov_cell": 0.49610989357357693, "r2_depth": 1.0, "r_mono": 1}, "PF": {"cov_gene": 90.11292417609525, "cov_cell": 3.352763352281893e-14, "r2_depth": 0, "r_mono": 1}, "log1p": {"cov_gene": 2.993839545589288, "cov_cell": 0.3755346503219271, "r2_depth": 0.9650769796666312, "r_mono": 1}, "log1pPF": {"cov_gene": 2.753993290093201, "cov_cell": 0.1627184290098844, "r2_depth": 0.5715433534180993, "r_mono": 1}, "PFlog1pPF": {"cov_gene": 3.9504668670649776, "cov_cell": 2.972313333766532e-14, "r2_depth": 0, "r_mono": 1}, "log1pCPM": {"cov_gene": 2.1793102749901565, "cov_cell": 0.26227190303622655, "r2_depth": 0.8502702514769204, "r_mono": 1}, "log1pCP10k": {"cov_gene": 2.9599420195996, "cov_cell": 0.14973505052224348, "r2_depth": 0.5304182121876369, "r_mono": 1}, "sqrt": {"cov_gene": 5.679736591571426, "cov_cell": 0.38050778380493244, "r2_depth": 0.9709937600583335, "r_mono": 1}, "density": 0.05107242861239194}