{"raw": {"cov_gene": 33.55743015873278, "r2_depth": 1.0, "r_mono": 1.0}, "PF": {"cov_gene": 58.97744260368343, "r2_depth": 0, "r_mono": 1.0}, "sqrt": {"cov_gene": 3.644626586347574, "r2_depth": 0.9709678645332439, "r_mono": 1.0}, "log1p": {"cov_gene": 1.8108593601564391, "r2_depth": 0.9650396032145034, "r_mono": 1.0}, "log1pCP10k": {"cov_gene": 1.7866284369255088, "r2_depth": 0.530623565858303, "r_mono": 1.0}, "log1pCPM": {"cov_gene": 1.2145188217336034, "r2_depth": 0.8501275541224758, "r_mono": 1.0}, "scalelog1pCP10k": {"cov_gene": 3.770136618544153e-14, "r2_depth": 0.49860212560750505, "r_mono": 0.45292493118805155}, "sctransform": {"cov_gene": 0.40931398213642306, "r2_depth": 0.5374894167782879, "r_mono": 0.2598298007178103}, "log1pPF": {"cov_gene": 1.6396327585544619, "r2_depth": 0.5716636686623005, "r_mono": 1.0}, "PFlog1pPF": {"cov_gene": 2.4743010582735065, "r2_depth": 0, "r_mono": 1.0}}