{"raw": {"cov_gene": 33.55743015873278, "r2_depth": 1.0, "r_mono": 1.0, "cov_cell": 0.4961369122860986}, "PF": {"cov_gene": 58.97744260368343, "r2_depth": 0, "r_mono": 1.0, "cov_cell": 3.649596495113507e-14}, "sqrt": {"cov_gene": 3.644626586347574, "r2_depth": 0.9709678645332439, "r_mono": 1.0, "cov_cell": 0.38046315670971964}, "log1p": {"cov_gene": 1.8108593601564391, "r2_depth": 0.9650396032145034, "r_mono": 1.0, "cov_cell": 0.37548545572437525}, "log1pCP10k": {"cov_gene": 1.7866284369255088, "r2_depth": 0.530623565858303, "r_mono": 1.0, "cov_cell": 0.1497445076672293}, "log1pCPM": {"cov_gene": 1.2145188217336034, "r2_depth": 0.8501275541224758, "r_mono": 1.0, "cov_cell": 0.26218211314639017}, "scalelog1pCP10k": {"cov_gene": 3.770136618544153e-14, "r2_depth": 0.49860212560750505, "r_mono": 0.45292493118805155, "cov_cell": null}, "sctransform": {"cov_gene": 0.40931398213642306, "r2_depth": 0.5374894167782879, "r_mono": 0.2598298007178103, "cov_cell": null}, "log1pPF": {"cov_gene": 1.6396327585544619, "r2_depth": 0.5716636686623005, "r_mono": 1.0, "cov_cell": 0.16271037005350447}, "PFlog1pPF": {"cov_gene": 2.4743010582735065, "r2_depth": 0, "r_mono": 1.0, "cov_cell": 2.1634393413114298e-14}, "ncells": 2771, "ngenes": 25957, "avg_per_cell": 14836.31, "avg_per_gene": 1583.83, "min_cell": 331.0, "max_cell": 68857.0, "overdispersion": 0.34, "total_count": 41111408, "nvals": 8565192, "density": 0.11908198895469448}