{"raw": {"cov_gene": 32.5394185873678, "r2_depth": 1.0, "r_mono": 1.0}, "PF": {"cov_gene": 29.231630938721562, "r2_depth": 0, "r_mono": 1.0}, "sqrt": {"cov_gene": 5.113875705033497, "r2_depth": 0.9628348188010429, "r_mono": 1.0}, "log1p": {"cov_gene": 3.085693260060327, "r2_depth": 0.9562886906489165, "r_mono": 1.0}, "log1pCP10k": {"cov_gene": 2.4004113463386054, "r2_depth": 0.6487527387723878, "r_mono": 1.0}, "log1pCPM": {"cov_gene": 1.5384225192609393, "r2_depth": 0.8625556880194767, "r_mono": 1.0}, "scalelog1pCP10k": {"cov_gene": 6.496229490926283e-14, "r2_depth": 0.6537386298726906, "r_mono": 0.35551240183028027}, "sctransform": {"cov_gene": 0.750267219002577, "r2_depth": 0.46286591890950946, "r_mono": 0.23379483782693394}, "log1pPF": {"cov_gene": 3.0168401595156555, "r2_depth": 0.5741776021719913, "r_mono": 1.0}, "PFlog1pPF": {"cov_gene": 8.30139802685908, "r2_depth": 0, "r_mono": 1.0}}