{"raw": {"cov_gene": 32.5394185873678, "r2_depth": 1.0, "r_mono": 1.0, "cov_cell": 0.7723311192021074}, "PF": {"cov_gene": 29.231630938721562, "r2_depth": 0, "r_mono": 1.0, "cov_cell": 1.915245869683308e-14}, "sqrt": {"cov_gene": 5.113875705033497, "r2_depth": 0.9628348188010429, "r_mono": 1.0, "cov_cell": 0.6501291311461223}, "log1p": {"cov_gene": 3.085693260060327, "r2_depth": 0.9562886906489165, "r_mono": 1.0, "cov_cell": 0.6438922013400966}, "log1pCP10k": {"cov_gene": 2.4004113463386054, "r2_depth": 0.6487527387723878, "r_mono": 1.0, "cov_cell": 0.4121473476174523}, "log1pCPM": {"cov_gene": 1.5384225192609393, "r2_depth": 0.8625556880194767, "r_mono": 1.0, "cov_cell": 0.5326020078082527}, "scalelog1pCP10k": {"cov_gene": 6.496229490926283e-14, "r2_depth": 0.6537386298726906, "r_mono": 0.35551240183028027, "cov_cell": null}, "sctransform": {"cov_gene": 0.750267219002577, "r2_depth": 0.46286591890950946, "r_mono": 0.23379483782693394, "cov_cell": null}, "log1pPF": {"cov_gene": 3.0168401595156555, "r2_depth": 0.5741776021719913, "r_mono": 1.0, "cov_cell": 0.3741508423792178}, "PFlog1pPF": {"cov_gene": 8.30139802685908, "r2_depth": 0, "r_mono": 1.0, "cov_cell": 1.2506249536433279e-14}, "ncells": 4495, "ngenes": 23223, "avg_per_cell": 4464.21, "avg_per_gene": 864.08, "min_cell": 54.0, "max_cell": 29102.0, "overdispersion": 0.99, "total_count": 20066616, "nvals": 6028258, "density": 0.05774891285953758}