{
    "raw": {
        "cov_gene": 86.74983399718583,
        "r2_depth": 1.0,
        "r_mono": 1.0
    },
    "PF": {
        "cov_gene": 21.426314906928802,
        "r2_depth": 0,
        "r_mono": 1.0
    },
    "sqrt": {
        "cov_gene": 12.147688899784008,
        "r2_depth": 0.871932213763049,
        "r_mono": 1.0
    },
    "log1p": {
        "cov_gene": 4.62939950764378,
        "r2_depth": 0.8670435080965233,
        "r_mono": 1.0
    },
    "log1pCP10k": {
        "cov_gene": 4.075155770105709,
        "r2_depth": 0.7093923388581851,
        "r_mono": 1.0
    },
    "log1pCPM": {
        "cov_gene": 3.0602190970114003,
        "r2_depth": 0.8038400488210617,
        "r_mono": 1.0
    },
    "scalelog1pCP10k": {
        "cov_gene": 1.1873220909012865e-12,
        "r2_depth": 0.6792013902780372,
        "r_mono": 0.10537339922600938
    },
    "sctransform": {
        "cov_gene": 1.5046657903735001,
        "r2_depth": 0.7533585402211171,
        "r_mono": 0.09545981223136968
    },
    "log1pPF": {
        "cov_gene": 5.156440461118569,
        "r2_depth": 0.503118588233332,
        "r_mono": 1.0
    },
    "PFlog1pPF": {
        "cov_gene": 5.485163485680348,
        "r2_depth": 0,
        "r_mono": 1.0
    },
    "ncells": 79217,
    "ngenes": 25597,
    "avg_per_cell": 302.15,
    "avg_per_gene": 935.07,
    "min_cell": 18.0,
    "max_cell": 36297.0,
    "overdispersion": 8.46
}