{"ncells": 6028, "ngenes": 26713, "nvals": 11440066, "density": 0.0710448533629024, "avg_per_cell": 3847.2231254147314, "avg_per_gene": 868.1563658143975, "min_cell": 1370, "max_cell": 47993, "total_count": 23191061, "overdispersion": 0.36667462854635324, "sctransform": {"cov_gene": 2.4210457814016872, "cov_cell": null, "r2_depth": 0.43797971325526575, "r_mono": 0.2745256282743039}, "scalelog1pCP10k": {"cov_gene": 8.281964369533172e-14, "cov_cell": null, "r2_depth": 0.30468925758494503, "r_mono": 0.41215373915073567}, "raw": {"cov_gene": 98.33086390642052, "cov_cell": 0.6386550060851394, "r2_depth": 1, "r_mono": 1}, "PF": {"cov_gene": 81.46775926589682, "cov_cell": 2.410169869628993e-14, "r2_depth": 0, "r_mono": 1}, "log1p": {"cov_gene": 1.94123741804998, "cov_cell": 0.48056566804699274, "r2_depth": 0.7295839892236651, "r_mono": 1}, "sqrt": {"cov_gene": 5.836452956820884, "cov_cell": 0.4740230892847517, "r2_depth": 0.7420523531737193, "r_mono": 1}, "log1pPF": {"cov_gene": 1.7931767945208124, "cov_cell": 0.16111390291435695, "r2_depth": 0.13025798439909353, "r_mono": 1}, "PFlog1pPF": {"cov_gene": 11.730696584476412, "cov_cell": 2.2143060406355823e-14, "r2_depth": 0, "r_mono": 1}, "log1pCPM": {"cov_gene": 1.3070214270000324, "cov_cell": 0.3314939481756369, "r2_depth": 0.5662635060634736, "r_mono": 1}, "log1pCP10k": {"cov_gene": 1.541966941716686, "cov_cell": 0.19944985108432065, "r2_depth": 0.2657280502558059, "r_mono": 1}}