{"ncells": 1673, "ngenes": 60623, "nvals": 515600, "density": 0.005083695664144956, "avg_per_cell": 777.6335923490735, "avg_per_gene": 21.46018837734853, "min_cell": 539, "max_cell": 3742, "total_count": 1300981, "overdispersion": 1.557508853096847, "log1pCP10k": {"cov_gene": 4.239752145870756, "cov_cell": 0.287890392162968, "r2_depth": 0.010437668526988464, "r_mono": 1}, "log1p": {"cov_gene": 6.510092651452142, "cov_cell": 0.3315275352313429, "r2_depth": 0.16603316500856824, "r_mono": 1}, "log1pPF": {"cov_gene": 6.335472102975003, "cov_cell": 0.2592858030724969, "r2_depth": 0.032270096472101883, "r_mono": 1}, "log1pCPM": {"cov_gene": 3.953601965199653, "cov_cell": 0.31805454629483754, "r2_depth": 0.07866500442153823, "r_mono": 1}, "PFlog1pPF": {"cov_gene": 14.511997057456108, "cov_cell": 3.9144441774736065e-15, "r2_depth": 0, "r_mono": 1}, "PF": {"cov_gene": 220.3151717491856, "cov_cell": 5.8333171840543234e-15, "r2_depth": 0, "r_mono": 1}, "raw": {"cov_gene": 237.26943916222038, "cov_cell": 0.37280079610852535, "r2_depth": 1, "r_mono": 1}, "sqrt": {"cov_gene": 34.13076084032608, "cov_cell": 0.3229418914976663, "r2_depth": 0.1991355664318919, "r_mono": 1}}