{
    "raw": {
        "cov_gene": 18.331861239609687,
        "r2_depth": 1.0,
        "r_mono": 1.0
    },
    "PF": {
        "cov_gene": 17.18315967648992,
        "r2_depth": 0,
        "r_mono": 1.0
    },
    "sqrt": {
        "cov_gene": 3.727849163750602,
        "r2_depth": 0.9765355550161685,
        "r_mono": 1.0
    },
    "log1p": {
        "cov_gene": 4.1006014738638665,
        "r2_depth": 0.9791415027943158,
        "r_mono": 1.0
    },
    "log1pCP10k": {
        "cov_gene": 2.910535885663861,
        "r2_depth": 0.9026099466660991,
        "r_mono": 1.0
    },
    "log1pCPM": {
        "cov_gene": 2.772637771147591,
        "r2_depth": 0.9316652699410302,
        "r_mono": 1.0
    },
    "scalelog1pCP10k": {
        "cov_gene": 1.0113631836417508e-13,
        "r2_depth": 0.7713267239925958,
        "r_mono": 0.18288481958345115
    },
    "sctransform": {
        "cov_gene": 0.4624622236470203,
        "r2_depth": 0.005340894034829291,
        "r_mono": 0.15674467124783517
    },
    "log1pPF": {
        "cov_gene": 4.044882176574418,
        "r2_depth": 0.6302279051598039,
        "r_mono": 1.0
    },
    "PFlog1pPF": {
        "cov_gene": 4.347731498646929,
        "r2_depth": 0,
        "r_mono": 1.0
    },
    "ncells": 6826,
    "ngenes": 9654,
    "avg_per_cell": 149.66,
    "avg_per_gene": 105.82,
    "min_cell": 54.0,
    "max_cell": 978.0,
    "overdispersion": 0.97
}