{"ncells": 9200, "ngenes": 60623, "nvals": 11280911, "avg_per_cell": 3515.7427173913043, "avg_per_gene": 533.5406198967389, "min_cell": 154, "max_cell": 44737, "total_count": 32344833, "overdispersion": 2.6134932446360297, "raw": {"cov_gene": 51.00181536741724, "cov_cell": 1.0891208735424553, "r2_depth": 1.0, "r_mono": 1}, "PF": {"cov_gene": 63.98913104069965, "cov_cell": 1.7833085795174463e-14, "r2_depth": 0, "r_mono": 1}, "log1p": {"cov_gene": 5.450450124580138, "cov_cell": 0.8629709281751035, "r2_depth": 0.938104933588921, "r_mono": 1}, "log1pPF": {"cov_gene": 5.049302622902168, "cov_cell": 0.42903339966935766, "r2_depth": 0.4429042648104885, "r_mono": 1}, "PFlog1pPF": {"cov_gene": 15.127960139334892, "cov_cell": 1.3932907328106616e-14, "r2_depth": 0, "r_mono": 1}, "log1pCPM": {"cov_gene": 2.8376461492763676, "cov_cell": 0.6745550115300527, "r2_depth": 0.7970684832676463, "r_mono": 1}, "log1pCP10k": {"cov_gene": 3.9557598657218986, "cov_cell": 0.49916449347661934, "r2_depth": 0.5506868065477961, "r_mono": 1}, "sqrt": {"cov_gene": 8.860339867262772, "cov_cell": 0.86633335325725, "r2_depth": 0.9437108356994524, "r_mono": 1}, "density": 0.02022641535821173}