{"raw": {"cov_gene": 33.52890554192071, "r2_depth": 1.0, "r_mono": 1.0, "cov_cell": 1.0892633240007448}, "PF": {"cov_gene": 42.052032225521565, "r2_depth": 0, "r_mono": 1.0, "cov_cell": 1.7842752577349177e-14}, "sqrt": {"cov_gene": 5.782877721791446, "r2_depth": 0.9436379647585422, "r_mono": 1.0, "cov_cell": 0.8663149966987493}, "log1p": {"cov_gene": 3.5076077422593026, "r2_depth": 0.9380202247073549, "r_mono": 1.0, "cov_cell": 0.8629491259565453}, "log1pCP10k": {"cov_gene": 2.4934366106508103, "r2_depth": 0.5507655380113803, "r_mono": 1.0, "cov_cell": 0.4992053292048827}, "log1pCPM": {"cov_gene": 1.7112407851996592, "r2_depth": 0.7968954291020323, "r_mono": 1.0, "cov_cell": 0.6744877668887489}, "scalelog1pCP10k": {"cov_gene": 1.3463764733435668e-13, "r2_depth": 0.5382156344703332, "r_mono": 0.31676720743302667, "cov_cell": null}, "sctransform": {"cov_gene": 0.7372185525286717, "r2_depth": 0.5442963108364287, "r_mono": 0.21056341917028307, "cov_cell": null}, "log1pPF": {"cov_gene": 3.2378494422040522, "r2_depth": 0.44298533866184653, "r_mono": 1.0, "cov_cell": 0.42904863503265717}, "PFlog1pPF": {"cov_gene": 9.94271114951991, "r2_depth": 0, "r_mono": 1.0, "cov_cell": 1.4482438557522625e-14}, "ncells": 9200, "ngenes": 26210, "avg_per_cell": 3513.66, "avg_per_gene": 1233.33, "min_cell": 129.0, "max_cell": 44720.0, "overdispersion": 2.61, "total_count": 32325671, "nvals": 11262984, "density": 0.04670879020619412}