{"raw": {"cov_gene": 33.52890554192071, "r2_depth": 1.0, "r_mono": 1.0}, "PF": {"cov_gene": 42.052032225521565, "r2_depth": 0, "r_mono": 1.0}, "sqrt": {"cov_gene": 5.782877721791446, "r2_depth": 0.9436379647585422, "r_mono": 1.0}, "log1p": {"cov_gene": 3.5076077422593026, "r2_depth": 0.9380202247073549, "r_mono": 1.0}, "log1pCP10k": {"cov_gene": 2.4934366106508103, "r2_depth": 0.5507655380113803, "r_mono": 1.0}, "log1pCPM": {"cov_gene": 1.7112407851996592, "r2_depth": 0.7968954291020323, "r_mono": 1.0}, "scalelog1pCP10k": {"cov_gene": 1.3463764733435668e-13, "r2_depth": 0.5382156344703332, "r_mono": 0.31676720743302667}, "sctransform": {"cov_gene": 0.7372185525286717, "r2_depth": 0.5442963108364287, "r_mono": 0.21056341917028307}, "log1pPF": {"cov_gene": 3.2378494422040522, "r2_depth": 0.44298533866184653, "r_mono": 1.0}, "PFlog1pPF": {"cov_gene": 9.94271114951991, "r2_depth": 0, "r_mono": 1.0}}