{"ncells": 11916, "ngenes": 60623, "nvals": 842384, "avg_per_cell": 190.8739509902652, "avg_per_gene": 37.51800471768141, "min_cell": 1, "max_cell": 6427, "total_count": 2274454, "overdispersion": 1.502956993956957, "raw": {"cov_gene": 227.99829074369757, "cov_cell": 0.7469182706758122, "r2_depth": 1.0, "r_mono": 1}, "PF": {"cov_gene": 192.4393109383817, "cov_cell": 2.045030212752423e-15, "r2_depth": 0, "r_mono": 1}, "log1p": {"cov_gene": 14.543780015549443, "cov_cell": 0.6599418644557536, "r2_depth": 0.39792855030675167, "r_mono": 1}, "log1pPF": {"cov_gene": 13.638452924897928, "cov_cell": 0.40073243709869505, "r2_depth": 0.011822882080377517, "r_mono": 1}, "PFlog1pPF": {"cov_gene": 52.438253393534765, "cov_cell": 1.3864548924950416e-15, "r2_depth": 0, "r_mono": 1}, "log1pCPM": {"cov_gene": 6.428042427085745, "cov_cell": 0.619017269060105, "r2_depth": 0.2750854771373855, "r_mono": 1}, "log1pCP10k": {"cov_gene": 7.021696607092928, "cov_cell": 0.5479662695940236, "r2_depth": 0.1770853177808972, "r_mono": 1}, "sqrt": {"cov_gene": 41.85613920553861, "cov_cell": 0.6419701734835799, "r2_depth": 0.4443124092951918, "r_mono": 1}, "density": 0.0011661171719624204}