{"raw": {"cov_gene": 110.76677021756927, "r2_depth": 1.0, "r_mono": 1.0, "cov_cell": 0.7488579912883516}, "PF": {"cov_gene": 93.21500032355377, "r2_depth": 0, "r_mono": 1.0, "cov_cell": 8.137483680668631e-16}, "sqrt": {"cov_gene": 20.70393270693332, "r2_depth": 0.4382778815815409, "r_mono": 1.0, "cov_cell": 0.6367669137855573}, "log1p": {"cov_gene": 7.167560690380352, "r2_depth": 0.3906250122786187, "r_mono": 1.0, "cov_cell": 0.6547786765277492}, "log1pCP10k": {"cov_gene": 3.393248634113499, "r2_depth": 0.17198178908897876, "r_mono": 1.0, "cov_cell": 0.5453362750572438}, "log1pCPM": {"cov_gene": 3.0907754669345433, "r2_depth": 0.26819452337960625, "r_mono": 1.0, "cov_cell": 0.6152150319833012}, "scalelog1pCP10k": {"cov_gene": 1.8284828892562715e-13, "r2_depth": 0.17131577044894963, "r_mono": 0.11158385632604675, "cov_cell": null}, "sctransform": {"cov_gene": 0.4876740923329405, "r2_depth": 0.013887573184125923, "r_mono": 0.10040962222408897, "cov_cell": null}, "log1pPF": {"cov_gene": 6.693389341611592, "r2_depth": 0.010218378718898302, "r_mono": 1.0, "cov_cell": 0.40013999312838355}, "PFlog1pPF": {"cov_gene": 25.568063132917196, "r2_depth": 0, "r_mono": 1.0, "cov_cell": 9.304106633629266e-16}, "ncells": 11916, "ngenes": 14305, "avg_per_cell": 189.09, "avg_per_gene": 157.51, "min_cell": 1.0, "max_cell": 6333.0, "overdispersion": 1.5, "total_count": 2253229, "nvals": 821320, "density": 0.004818302274138707}