{
  "ncells": 1000,
  "ngenes": 60623,
  "nvals": 1645629,
  "density": 0.0271452913910562,
  "total_counts": 3797641,
  "overdispersion": 0.8889221385692551,
  "avg_per_cell": 3797.641,
  "avg_per_gene": 62.64356762284941,
  "max_cell": 28224,
  "min_cell": 1464,
  "raw": {
    "cov_gene": 86.422236034465,
    "cov_cell": 0.8584423917786077,
    "r2_depth": 1,
    "r_mono": 1
  },
  "PF": {
    "cov_gene": 80.73502424676464,
    "cov_cell": 2.1581328369351588e-14,
    "r2_depth": 0,
    "r_mono": 1
  },
  "sqrt": {
    "cov_gene": 4.956238259461331,
    "cov_cell": 0.6281446279274335,
    "r2_depth": 0.9651301351429712,
    "r_mono": 1
  },
  "log1p": {
    "cov_gene": 3.4626990330087777,
    "cov_cell": 0.6267119143089454,
    "r2_depth": 0.9623457628905725,
    "r_mono": 1
  },
  "log1pCP10k": {
    "cov_gene": 2.864949412224284,
    "cov_cell": 0.19822539594276142,
    "r2_depth": 0.6793783618677727,
    "r_mono": 1
  },
  "log1pCPM": {
    "cov_gene": 2.4652881054883453,
    "cov_cell": 0.4077095944139013,
    "r2_depth": 0.8823119207727049,
    "r_mono": 1
  },
  "log1pPF": {
    "cov_gene": 3.198197214838492,
    "cov_cell": 0.13467770584501979,
    "r2_depth": 0.5428807602947296,
    "r_mono": 1
  },
  "PFlog1pPF": {
    "cov_gene": 3.4641292830152177,
    "cov_cell": 1.8445973648241014e-14,
    "r2_depth": 0,
    "r_mono": 1
  }
}
