{
  "ncells": 12947,
  "ngenes": 27946,
  "nvals": 13207563,
  "density": 0.03650344797916024,
  "total_counts": 25713944,
  "overdispersion": 0.638806930297879,
  "avg_per_cell": 1986.0928400401638,
  "avg_per_gene": 920.1296786659988,
  "max_cell": 33740,
  "min_cell": 163,
  "raw": {
    "cov_gene": 96.10839182637679,
    "cov_cell": 1.0427661214937072,
    "r2_depth": 1,
    "r_mono": 1
  },
  "PF": {
    "cov_gene": 85.406280875706,
    "cov_cell": 1.4990522196707028e-14,
    "r2_depth": 0,
    "r_mono": 1
  },
  "sqrt": {
    "cov_gene": 7.442518448605435,
    "cov_cell": 0.7396151591456325,
    "r2_depth": 0.6499240460459594,
    "r_mono": 1
  },
  "log1p": {
    "cov_gene": 2.874833754788799,
    "cov_cell": 0.748252117986403,
    "r2_depth": 0.633889959254921,
    "r_mono": 1
  },
  "log1pCP10k": {
    "cov_gene": 1.9942245189975403,
    "cov_cell": 0.4198767337530082,
    "r2_depth": 0.3703712321239836,
    "r_mono": 1
  },
  "log1pCPM": {
    "cov_gene": 1.62424619933887,
    "cov_cell": 0.5763862697253653,
    "r2_depth": 0.5272296232989058,
    "r_mono": 1
  },
  "scalelog1pCP10k": {
    "cov_gene": 1.8382827404108325e-13,
    "cov_cell": null,
    "r2_depth": 0.3949999695522689,
    "r_mono": 0.299318632385605
  },
  "sctransform": {
    "cov_gene": 3.765028843868827,
    "cov_cell": null,
    "r2_depth": 0.6684084771473573,
    "r_mono": 0.22714104528748535
  },
  "log1pPF": {
    "cov_gene": 2.58896526188874,
    "cov_cell": 0.30442906619441346,
    "r2_depth": 0.24413395332502508,
    "r_mono": 1
  },
  "PFlog1pPF": {
    "cov_gene": 9.777420982851261,
    "cov_cell": 1.3406662283978217e-14,
    "r2_depth": 0,
    "r_mono": 1
  }
}
