{"raw": {"cov_gene": 103.77850944711255, "r2_depth": 1.0, "r_mono": 1.0}, "PF": {"cov_gene": 65.57182450597715, "r2_depth": 0, "r_mono": 1.0}, "sqrt": {"cov_gene": 5.24917401237392, "r2_depth": 0.9489889417880496, "r_mono": 1.0}, "log1p": {"cov_gene": 2.6276372137756003, "r2_depth": 0.9432589205907213, "r_mono": 1.0}, "log1pCP10k": {"cov_gene": 2.4512772130944205, "r2_depth": 0.5800155482380758, "r_mono": 1.0}, "log1pCPM": {"cov_gene": 1.6763540544168483, "r2_depth": 0.7886946027800805, "r_mono": 1.0}, "scalelog1pCP10k": {"cov_gene": 1.6949443098495198e-13, "r2_depth": 0.46511560850139433, "r_mono": 0.32340861980904834}, "sctransform": {"cov_gene": 0.8170231034919182, "r2_depth": 0.7300452970136994, "r_mono": 0.1220158343867669}, "log1pPF": {"cov_gene": 2.638858483289535, "r2_depth": 0.5446040598115738, "r_mono": 1.0}, "PFlog1pPF": {"cov_gene": 3.0117108722886865, "r2_depth": 0, "r_mono": 1.0}}