{"raw": {"cov_gene": 103.77850944711255, "r2_depth": 1.0, "r_mono": 1.0, "cov_cell": 1.6898205333743948}, "PF": {"cov_gene": 65.57182450597715, "r2_depth": 0, "r_mono": 1.0, "cov_cell": 2.427854433358392e-14}, "sqrt": {"cov_gene": 5.24917401237392, "r2_depth": 0.9489889417880496, "r_mono": 1.0, "cov_cell": 1.3276978694881432}, "log1p": {"cov_gene": 2.6276372137756003, "r2_depth": 0.9432589205907213, "r_mono": 1.0, "cov_cell": 1.3339121203448763}, "log1pCP10k": {"cov_gene": 2.4512772130944205, "r2_depth": 0.5800155482380758, "r_mono": 1.0, "cov_cell": 0.5536190451499603}, "log1pCPM": {"cov_gene": 1.6763540544168483, "r2_depth": 0.7886946027800805, "r_mono": 1.0, "cov_cell": 0.9169801897497777}, "scalelog1pCP10k": {"cov_gene": 1.6949443098495198e-13, "r2_depth": 0.46511560850139433, "r_mono": 0.32340861980904834, "cov_cell": null}, "sctransform": {"cov_gene": 0.8170231034919182, "r2_depth": 0.7300452970136994, "r_mono": 0.1220158343867669, "cov_cell": null}, "log1pPF": {"cov_gene": 2.638858483289535, "r2_depth": 0.5446040598115738, "r_mono": 1.0, "cov_cell": 0.47753911365229457}, "PFlog1pPF": {"cov_gene": 3.0117108722886865, "r2_depth": 0, "r_mono": 1.0, "cov_cell": 2.3128435455388243e-14}, "ncells": 11420, "ngenes": 35486, "avg_per_cell": 5732.23, "avg_per_gene": 1844.73, "min_cell": 383.0, "max_cell": 83685.0, "overdispersion": 20.75, "total_count": 65462057, "nvals": 22014312, "sparsity": 0.054322777251737765}