{"ncells": 11420, "ngenes": 60623, "nvals": 22030294, "avg_per_cell": 5733.642031523643, "avg_per_gene": 1080.0882833248106, "min_cell": 384, "max_cell": 83706, "total_count": 65478192, "overdispersion": 20.75351448781416, "raw": {"cov_gene": 135.6452694440167, "cov_cell": 1.6897074422525422, "r2_depth": 1.0, "r_mono": 1}, "PF": {"cov_gene": 85.71351276295182, "cov_cell": 2.4847747497093497e-14, "r2_depth": 0, "r_mono": 1}, "log1p": {"cov_gene": 3.5348588612578293, "cov_cell": 1.3338888241027844, "r2_depth": 0.9432719103514625, "r_mono": 1}, "log1pPF": {"cov_gene": 3.548969591567157, "cov_cell": 0.47759612721503814, "r2_depth": 0.54451935932448, "r_mono": 1}, "PFlog1pPF": {"cov_gene": 4.024305853340706, "cov_cell": 2.5197053277279714e-14, "r2_depth": 0, "r_mono": 1}, "log1pCPM": {"cov_gene": 2.3452629473738242, "cov_cell": 0.9170831728815128, "r2_depth": 0.788704997112878, "r_mono": 1}, "log1pCP10k": {"cov_gene": 3.3113215380983023, "cov_cell": 0.5536523085836759, "r2_depth": 0.5799174149323177, "r_mono": 1}, "sqrt": {"cov_gene": 6.910058306515519, "cov_cell": 1.3276777334149978, "r2_depth": 0.9489962966193148, "r_mono": 1}, "density": 0.03182121551492207}