{"raw": {"cov_gene": 58.92963151064796, "r2_depth": 1.0, "r_mono": 1.0, "cov_cell": 0.42528991198057353}, "PF": {"cov_gene": 57.969915392651636, "r2_depth": 0, "r_mono": 1.0, "cov_cell": 2.3294431414300513e-14}, "sqrt": {"cov_gene": 8.984923499446849, "r2_depth": 0.6164199503366372, "r_mono": 1.0, "cov_cell": 0.41796807651266893}, "log1p": {"cov_gene": 0.5820819871665837, "r2_depth": 0.4810357878960738, "r_mono": 1.0, "cov_cell": 0.3310483553660711}, "log1pCP10k": {"cov_gene": 1.4807035750449573, "r2_depth": 0.16838746726996667, "r_mono": 1.0, "cov_cell": 0.3215395742905461}, "log1pCPM": {"cov_gene": 0.6005579196133524, "r2_depth": 0.219868305816726, "r_mono": 1.0, "cov_cell": 0.27135443752097516}, "scalelog1pCP10k": {"cov_gene": 9.997066882060161e-16, "r2_depth": 0.14095445173954235, "r_mono": 0.44654494571617986, "cov_cell": null}, "sctransform": {"cov_gene": 0.8100116882165618, "r2_depth": 0.09732471654891817, "r_mono": -0.021589211045633928, "cov_cell": null}, "log1pPF": {"cov_gene": 0.5714461606063441, "r2_depth": 0.22367876573007817, "r_mono": 1.0, "cov_cell": 0.2636337633372116}, "PFlog1pPF": {"cov_gene": 1.1654284730970301, "r2_depth": 0, "r_mono": 1.0, "cov_cell": 1.4382208183835313e-14}, "ncells": 96, "ngenes": 13211, "avg_per_cell": 1760192.4, "avg_per_gene": 12790.74, "min_cell": 257734.0, "max_cell": 3516343.0, "overdispersion": 4.06, "total_count": 168978467, "nvals": 661595, "density": 0.5216572994726617}