{"raw": {"cov_gene": 58.92963151064796, "r2_depth": 1.0, "r_mono": 1.0}, "PF": {"cov_gene": 57.969915392651636, "r2_depth": 0, "r_mono": 1.0}, "sqrt": {"cov_gene": 8.984923499446849, "r2_depth": 0.6164199503366372, "r_mono": 1.0}, "log1p": {"cov_gene": 0.5820819871665837, "r2_depth": 0.4810357878960738, "r_mono": 1.0}, "log1pCP10k": {"cov_gene": 1.4807035750449573, "r2_depth": 0.16838746726996667, "r_mono": 1.0}, "log1pCPM": {"cov_gene": 0.6005579196133524, "r2_depth": 0.219868305816726, "r_mono": 1.0}, "scalelog1pCP10k": {"cov_gene": 9.997066882060161e-16, "r2_depth": 0.14095445173954235, "r_mono": 0.44654494571617986}, "sctransform": {"cov_gene": 0.8100116882165618, "r2_depth": 0.09732471654891817, "r_mono": -0.021589211045633928}, "log1pPF": {"cov_gene": 0.5714461606063441, "r2_depth": 0.22367876573007817, "r_mono": 1.0}, "PFlog1pPF": {"cov_gene": 1.1654284730970301, "r2_depth": 0, "r_mono": 1.0}}