{"raw": {"cov_gene": 82.34386816358894, "r2_depth": 1.0, "r_mono": 1.0, "cov_cell": 1.2447874536601502}, "PF": {"cov_gene": 80.17626423199324, "r2_depth": 0, "r_mono": 1.0, "cov_cell": 2.2112337031447453e-14}, "sqrt": {"cov_gene": 9.538172555844197, "r2_depth": 0.9606514626554943, "r_mono": 1.0, "cov_cell": 1.0724714503068584}, "log1p": {"cov_gene": 3.5634232648799467, "r2_depth": 0.9562841739160235, "r_mono": 1.0, "cov_cell": 1.0711398813876933}, "log1pCP10k": {"cov_gene": 3.335483762187254, "r2_depth": 0.6617789945684995, "r_mono": 1.0, "cov_cell": 0.6144715648289552}, "log1pCPM": {"cov_gene": 1.7957928448604057, "r2_depth": 0.8566032927593001, "r_mono": 1.0, "cov_cell": 0.8631582306750428}, "scalelog1pCP10k": {"cov_gene": 1.5441557420900996e-13, "r2_depth": 0.6415952256526772, "r_mono": 0.32153606571828297, "cov_cell": null}, "sctransform": {"cov_gene": 1.0398284970186011, "r2_depth": 0.49892323081077783, "r_mono": 0.1847944129179409, "cov_cell": null}, "log1pPF": {"cov_gene": 3.77492478497395, "r2_depth": 0.625007036472726, "r_mono": 1.0, "cov_cell": 0.5667453961308226}, "PFlog1pPF": {"cov_gene": 9.08889888372733, "r2_depth": 0, "r_mono": 1.0, "cov_cell": 1.9298347719720237e-14}, "ncells": 10285, "ngenes": 28665, "avg_per_cell": 6173.44, "avg_per_gene": 2215.03, "min_cell": 112.0, "max_cell": 78110.0, "overdispersion": 3.14, "total_count": 63493842, "nvals": 16441575, "density": 0.05576827043595569}