{"raw": {"cov_gene": 11.218179383091579, "r2_depth": 1.0, "r_mono": 1.0, "cov_cell": 0.3547673599298943}, "PF": {"cov_gene": 11.00372186097954, "r2_depth": 0, "r_mono": 1.0, "cov_cell": 6.490377430179674e-16}, "sqrt": {"cov_gene": 2.326924188451021, "r2_depth": 0.7333247680147774, "r_mono": 1.0, "cov_cell": 0.3239932404967287}, "log1p": {"cov_gene": 1.2550810611494856, "r2_depth": 0.6887504962779987, "r_mono": 1.0, "cov_cell": 0.3316345930860438}, "log1pCP10k": {"cov_gene": 0.5930060429899089, "r2_depth": 0.47827077337887636, "r_mono": 1.0, "cov_cell": 0.27562454289476185}, "log1pCPM": {"cov_gene": 0.5485953235070506, "r2_depth": 0.551354027892859, "r_mono": 1.0, "cov_cell": 0.30018936451149875}, "scalelog1pCP10k": {"cov_gene": 1.278059766350311e-15, "r2_depth": 0.4666191336536143, "r_mono": 0.6117102167435211, "cov_cell": null}, "sctransform": {"cov_gene": 0.3414532796484058, "r2_depth": 0.001149174649330953, "r_mono": 0.5020539022370268, "cov_cell": null}, "log1pPF": {"cov_gene": 1.2080532388172054, "r2_depth": 0.14818426266763407, "r_mono": 1.0, "cov_cell": 0.19566784740108403}, "PFlog1pPF": {"cov_gene": 1.7433134804537989, "r2_depth": 0, "r_mono": 1.0, "cov_cell": 6.993716287508142e-16}, "ncells": 79, "ngenes": 298, "avg_per_cell": 139.18, "avg_per_gene": 36.9, "min_cell": 25.0, "max_cell": 323.0, "overdispersion": 0.73, "total_count": 10995, "nvals": 4013, "sparsity": 0.17046130320278652}