{"raw": {"cov_gene": 11.218179383091579, "r2_depth": 1.0, "r_mono": 1.0}, "PF": {"cov_gene": 11.00372186097954, "r2_depth": 0, "r_mono": 1.0}, "sqrt": {"cov_gene": 2.326924188451021, "r2_depth": 0.7333247680147774, "r_mono": 1.0}, "log1p": {"cov_gene": 1.2550810611494856, "r2_depth": 0.6887504962779987, "r_mono": 1.0}, "log1pCP10k": {"cov_gene": 0.5930060429899089, "r2_depth": 0.47827077337887636, "r_mono": 1.0}, "log1pCPM": {"cov_gene": 0.5485953235070506, "r2_depth": 0.551354027892859, "r_mono": 1.0}, "scalelog1pCP10k": {"cov_gene": 1.278059766350311e-15, "r2_depth": 0.4666191336536143, "r_mono": 0.6117102167435211}, "sctransform": {"cov_gene": 0.3414532796484058, "r2_depth": 0.001149174649330953, "r_mono": 0.5020539022370268}, "log1pPF": {"cov_gene": 1.2080532388172054, "r2_depth": 0.14818426266763407, "r_mono": 1.0}, "PFlog1pPF": {"cov_gene": 1.7433134804537989, "r2_depth": 0, "r_mono": 1.0}}