{
  "ncells": 61,
  "ngenes": 6841,
  "nvals": 75826,
  "density": 0.18170577113402556,
  "total_counts": 313836,
  "overdispersion": 1.22,
  "avg_per_cell": 5144.85,
  "avg_per_gene": 45.88,
  "max_cell": 21463,
  "min_cell": 765,
  "raw": {
    "cov_gene": 30.522693265430508,
    "r2_depth": 1,
    "r_mono": 1,
    "cov_cell": 1.1226849713182199
  },
  "PF": {
    "cov_gene": 33.497767925367256,
    "r2_depth": 0,
    "r_mono": 1,
    "cov_cell": 2.0420645445625942e-14
  },
  "sqrt": {
    "cov_gene": 4.265247281525605,
    "r2_depth": 0.9524165708464085,
    "r_mono": 1,
    "cov_cell": 1.099420730807876
  },
  "log1p": {
    "cov_gene": 1.606108682539831,
    "r2_depth": 0.9465698329559324,
    "r_mono": 1,
    "cov_cell": 1.1189774833273072
  },
  "log1pCP10k": {
    "cov_gene": 1.2659298699841646,
    "r2_depth": 0.6538256672632181,
    "r_mono": 1,
    "cov_cell": 0.7092645073390931
  },
  "log1pCPM": {
    "cov_gene": 0.586694077558555,
    "r2_depth": 0.8430544178947208,
    "r_mono": 1,
    "cov_cell": 0.9148558157364076
  },
  "scalelog1pCP10k": {
    "cov_gene": 9.503758421952846e-16,
    "r2_depth": 0.6815871328855502,
    "r_mono": 0.5101679122858143,
    "cov_cell": null
  },
  "sctransform": {
    "cov_gene": 0.32442566975861076,
    "r2_depth": 0.1531602219794823,
    "r_mono": 0.4553811416534023,
    "cov_cell": null
  },
  "log1pPF": {
    "cov_gene": 1.5630864979128662,
    "r2_depth": 0.6016798180366403,
    "r_mono": 1,
    "cov_cell": 0.660301640171566
  },
  "PFlog1pPF": {
    "cov_gene": 7.511505597537252,
    "r2_depth": 0,
    "r_mono": 1,
    "cov_cell": 1.4991737102037688e-14
  }
}
