{
  "ncells": 1378,
  "ngenes": 12950,
  "nvals": 573720,
  "density": 0.03215000196132271,
  "total_counts": 1222387,
  "overdispersion": 2.073272399067281,
  "avg_per_cell": 887.0732946298984,
  "avg_per_gene": 94.39281853281854,
  "max_cell": 5803,
  "min_cell": 575,
  "raw": {
    "cov_gene": 102.8555685046858,
    "cov_cell": 0.449239645572305,
    "r2_depth": 1,
    "r_mono": 1
  },
  "PF": {
    "cov_gene": 103.70815097153138,
    "cov_cell": 7.191026155389255e-15,
    "r2_depth": 0,
    "r_mono": 1
  },
  "sqrt": {
    "cov_gene": 12.533388108940738,
    "cov_cell": 0.4337255693169726,
    "r2_depth": 0.46991348348736106,
    "r_mono": 1
  },
  "log1p": {
    "cov_gene": 2.4527069964232435,
    "cov_cell": 0.4453111901468676,
    "r2_depth": 0.4465819117133598,
    "r_mono": 1
  },
  "log1pCP10k": {
    "cov_gene": 1.5921881956374706,
    "cov_cell": 0.3126064020350214,
    "r2_depth": 0.14561768947253018,
    "r_mono": 1
  },
  "log1pCPM": {
    "cov_gene": 1.452969790290979,
    "cov_cell": 0.3769317330680742,
    "r2_depth": 0.31294728713762865,
    "r_mono": 1
  },
  "scalelog1pCP10k": {
    "cov_gene": 2.0172430861723382e-14,
    "cov_cell": null,
    "r2_depth": 0.18904937619238504,
    "r_mono": 0.28939154950566
  },
  "sctransform": {
    "cov_gene": null,
    "cov_cell": null,
    "r2_depth": null,
    "r_mono": null
  },
  "log1pPF": {
    "cov_gene": 2.3744128837014986,
    "cov_cell": 0.2611369622934244,
    "r2_depth": 0.006777392631966084,
    "r_mono": 1
  },
  "PFlog1pPF": {
    "cov_gene": 7.124677166270478,
    "cov_cell": 5.4255819211578e-15,
    "r2_depth": 0,
    "r_mono": 1
  }
}
