{"raw": {"cov_gene": 128.079795220463, "r2_depth": 1.0, "r_mono": 1.0, "cov_cell": 0.9922890006827163}, "PF": {"cov_gene": 127.81459624355003, "r2_depth": 0, "r_mono": 1.0, "cov_cell": 1.1972984867062964e-14}, "sqrt": {"cov_gene": 27.684148603043106, "r2_depth": 0.6555634702556613, "r_mono": 1.0, "cov_cell": 0.7017703221252104}, "log1p": {"cov_gene": 3.2386346480871886, "r2_depth": 0.628145274389585, "r_mono": 1.0, "cov_cell": 0.7036416654695569}, "log1pCP10k": {"cov_gene": 2.0829650202176864, "r2_depth": 0.031169190203889086, "r_mono": 1.0, "cov_cell": 0.34499835355551733}, "log1pCPM": {"cov_gene": 1.5701283226907106, "r2_depth": 0.34145722597877615, "r_mono": 1.0, "cov_cell": 0.47103419737825364}, "scalelog1pCP10k": {"cov_gene": 8.637310289229723e-14, "r2_depth": 0.061441910042550285, "r_mono": 0.3242040768280855, "cov_cell": null}, "sctransform": {"cov_gene": 0.78438395211428, "r2_depth": 0.17105790925689646, "r_mono": 0.26133440316380446, "cov_cell": null}, "log1pPF": {"cov_gene": 2.8662609865102544, "r2_depth": 0.0006297776231739549, "r_mono": 1.0, "cov_cell": 0.3252137511070546}, "PFlog1pPF": {"cov_gene": 46.28288126525936, "r2_depth": 0, "r_mono": 1.0, "cov_cell": 1.0646762906605056e-14}, "ncells": 6103, "ngenes": 25470, "avg_per_cell": 3499.93, "avg_per_gene": 838.64, "min_cell": 917.0, "max_cell": 44858.0, "overdispersion": 7.49, "total_count": 21360053, "nvals": 7006074, "sparsity": 0.045071540826336735}