{
    "raw": {
        "cov_gene": 128.079795220463,
        "r2_depth": 1.0,
        "r_mono": 1.0
    },
    "PF": {
        "cov_gene": 127.81459624355003,
        "r2_depth": 0,
        "r_mono": 1.0
    },
    "sqrt": {
        "cov_gene": 27.684148603043106,
        "r2_depth": 0.6555634702556613,
        "r_mono": 1.0
    },
    "log1p": {
        "cov_gene": 3.2386346480871886,
        "r2_depth": 0.628145274389585,
        "r_mono": 1.0
    },
    "log1pCP10k": {
        "cov_gene": 2.0829650202176864,
        "r2_depth": 0.031169190203889086,
        "r_mono": 1.0
    },
    "log1pCPM": {
        "cov_gene": 1.5701283226907106,
        "r2_depth": 0.34145722597877615,
        "r_mono": 1.0
    },
    "scalelog1pCP10k": {
        "cov_gene": 8.637310289229723e-14,
        "r2_depth": 0.061441910042550285,
        "r_mono": 0.3242040768280855
    },
    "sctransform": {
        "cov_gene": 0.78438395211428,
        "r2_depth": 0.17105790925689646,
        "r_mono": 0.26133440316380446
    },
    "log1pPF": {
        "cov_gene": 2.8662609865102544,
        "r2_depth": 0.0006297776231739549,
        "r_mono": 1.0
    },
    "PFlog1pPF": {
        "cov_gene": 46.28288126525936,
        "r2_depth": 0,
        "r_mono": 1.0
    },
    "ncells": 6103,
    "ngenes": 25470,
    "avg_per_cell": 3499.93,
    "avg_per_gene": 838.64,
    "min_cell": 917.0,
    "max_cell": 44858.0,
    "overdispersion": 7.49
}