{"ncells": 6103, "ngenes": 60623, "nvals": 7022291, "avg_per_cell": 3502.646731115845, "avg_per_gene": 352.6162182669944, "min_cell": 918, "max_cell": 44876, "total_count": 21376653, "overdispersion": 7.492559012424989, "raw": {"cov_gene": 197.6022358316045, "cov_cell": 0.9920753730644468, "r2_depth": 1.0, "r_mono": 1}, "PF": {"cov_gene": 197.22751555433732, "cov_cell": 1.613057737096944e-14, "r2_depth": 0, "r_mono": 1}, "log1p": {"cov_gene": 5.123640342858262, "cov_cell": 0.7039781339678195, "r2_depth": 0.6285576939188715, "r_mono": 1}, "log1pPF": {"cov_gene": 4.566807728954762, "cov_cell": 0.3252211331388785, "r2_depth": 0.000650299175262048, "r_mono": 1}, "PFlog1pPF": {"cov_gene": 71.40421582078056, "cov_cell": 1.1583736118889677e-14, "r2_depth": 0, "r_mono": 1}, "log1pCPM": {"cov_gene": 2.683775794272638, "cov_cell": 0.4714061509465595, "r2_depth": 0.3422142231260612, "r_mono": 1}, "log1pCP10k": {"cov_gene": 3.413887385405329, "cov_cell": 0.345033360179272, "r2_depth": 0.0313161370384788, "r_mono": 1}, "sqrt": {"cov_gene": 42.6713167161781, "cov_cell": 0.7021142418515328, "r2_depth": 0.6559047486338121, "r_mono": 1}, "density": 0.01898007955080668}