{"raw": {"cov_gene": 73.39859585412276, "r2_depth": 1.0, "r_mono": 1.0, "cov_cell": 1.0112779455925414}, "PF": {"cov_gene": 78.62995306680281, "r2_depth": 0, "r_mono": 1.0, "cov_cell": 2.7887385589080406e-14}, "sqrt": {"cov_gene": 9.703050707995372, "r2_depth": 0.927731001238062, "r_mono": 1.0, "cov_cell": 0.773194654176214}, "log1p": {"cov_gene": 2.8346795948911088, "r2_depth": 0.9122446077137181, "r_mono": 1.0, "cov_cell": 0.7620785595911115}, "log1pCP10k": {"cov_gene": 2.439834827762846, "r2_depth": 0.30960638083426706, "r_mono": 1.0, "cov_cell": 0.34299314219045696}, "log1pCPM": {"cov_gene": 1.483259085047754, "r2_depth": 0.7249005421764773, "r_mono": 1.0, "cov_cell": 0.5342953982563189}, "scalelog1pCP10k": {"cov_gene": 9.499002649910658e-14, "r2_depth": 0.1866632933552661, "r_mono": 0.394701436629137, "cov_cell": null}, "sctransform": {"cov_gene": 1.2478219296000514, "r2_depth": 0.49058669459788873, "r_mono": 0.20195935635074605, "cov_cell": null}, "log1pPF": {"cov_gene": 2.3020282259313616, "r2_depth": 0.3397458094933764, "r_mono": 1.0, "cov_cell": 0.35458655532533473}, "PFlog1pPF": {"cov_gene": 7.0772526041653885, "r2_depth": 0, "r_mono": 1.0, "cov_cell": 1.765550030463636e-14}, "ncells": 6601, "ngenes": 29865, "avg_per_cell": 12501.18, "avg_per_gene": 2763.11, "min_cell": 380.0, "max_cell": 75358.0, "overdispersion": 3.32, "total_count": 82520313, "nvals": 16495317, "density": 0.08367359221632933}