{"raw": {"cov_gene": 65.74441990147311, "r2_depth": 1.0, "r_mono": 1.0, "cov_cell": 0.7952711103022964}, "PF": {"cov_gene": 50.05599168194137, "r2_depth": 0, "r_mono": 1.0, "cov_cell": 2.6522017930947704e-14}, "sqrt": {"cov_gene": 4.692098722459849, "r2_depth": 0.9576103754924813, "r_mono": 1.0, "cov_cell": 0.6299542885208881}, "log1p": {"cov_gene": 2.677150051165072, "r2_depth": 0.9524530533665236, "r_mono": 1.0, "cov_cell": 0.6286406049556142}, "log1pCP10k": {"cov_gene": 2.1823476349297612, "r2_depth": 0.5586459517504736, "r_mono": 1.0, "cov_cell": 0.29789667236845924}, "log1pCPM": {"cov_gene": 1.5091679952386943, "r2_depth": 0.830741385552642, "r_mono": 1.0, "cov_cell": 0.4573308175238199}, "scalelog1pCP10k": {"cov_gene": 1.0719524042629816e-13, "r2_depth": 0.5139468071414256, "r_mono": 0.3957740833053735, "cov_cell": null}, "sctransform": {"cov_gene": 1.1599583213219111, "r2_depth": 0.736828089856405, "r_mono": 0.19018977768045378, "cov_cell": null}, "log1pPF": {"cov_gene": 2.448329539319815, "r2_depth": 0.5018642732262073, "r_mono": 1.0, "cov_cell": 0.27251540732284335}, "PFlog1pPF": {"cov_gene": 7.741869796223661, "r2_depth": 0, "r_mono": 1.0, "cov_cell": 2.1273673913095462e-14}, "ncells": 7564, "ngenes": 28990, "avg_per_cell": 6257.81, "avg_per_gene": 1632.77, "min_cell": 382.0, "max_cell": 40337.0, "overdispersion": 2.29, "total_count": 47334095, "nvals": 15940159, "density": 0.07269305376915652}