{
  "ncells": 6471,
  "ngenes": 26724,
  "nvals": 8768244,
  "density": 0.05070371302534044,
  "total_counts": 38228966,
  "overdispersion": 3.76,
  "avg_per_cell": 5907.74,
  "avg_per_gene": 1430.51,
  "max_cell": 96741,
  "min_cell": 219,
  "raw": {
    "cov_gene": 77.7041175256905,
    "r2_depth": 1,
    "r_mono": 1,
    "cov_cell": 1.9676222558654413
  },
  "PF": {
    "cov_gene": 51.93941036854253,
    "r2_depth": 0,
    "r_mono": 1,
    "cov_cell": 3.657049338130995e-14
  },
  "sqrt": {
    "cov_gene": 11.450013375795187,
    "r2_depth": 0.9712847435885331,
    "r_mono": 1,
    "cov_cell": 1.7123163031041564
  },
  "log1p": {
    "cov_gene": 3.303771729403704,
    "r2_depth": 0.9673517313866826,
    "r_mono": 1,
    "cov_cell": 1.7071455884879063
  },
  "log1pCP10k": {
    "cov_gene": 3.4996309523763274,
    "r2_depth": 0.7871584467322492,
    "r_mono": 1,
    "cov_cell": 0.7733172315018895
  },
  "log1pCPM": {
    "cov_gene": 1.8902058838216012,
    "r2_depth": 0.8959298059242053,
    "r_mono": 1,
    "cov_cell": 1.333602801132186
  },
  "scalelog1pCP10k": {
    "cov_gene": 9.864189048640374e-14,
    "r2_depth": 0.7275315829387083,
    "r_mono": 0.2713418627687269,
    "cov_cell": null
  },
  "sctransform": {
    "cov_gene": 0.8041496651117648,
    "r2_depth": 0.857294946104077,
    "r_mono": 0.14959542607251458,
    "cov_cell": null
  },
  "log1pPF": {
    "cov_gene": 3.7368010932368474,
    "r2_depth": 0.7680850646219467,
    "r_mono": 1,
    "cov_cell": 0.6576020395315808
  },
  "PFlog1pPF": {
    "cov_gene": 4.289402497284515,
    "r2_depth": 0,
    "r_mono": 1,
    "cov_cell": 2.382743584043128e-14
  }
}
