{
  "ncells": 5630,
  "ngenes": 60623,
  "nvals": 3884050,
  "density": 0.011379914340584791,
  "total_counts": 11387402,
  "overdispersion": 19.595427170068728,
  "avg_per_cell": 2022.6291296625222,
  "avg_per_gene": 187.8396318229055,
  "max_cell": 20108,
  "min_cell": 238,
  "raw": {
    "cov_gene": 115.56107693349709,
    "cov_cell": 0.9809007372391357,
    "r2_depth": 1,
    "r_mono": 1
  },
  "PF": {
    "cov_gene": 76.98250581233731,
    "cov_cell": 1.0483441029322249e-14,
    "r2_depth": 0,
    "r_mono": 1
  },
  "sqrt": {
    "cov_gene": 22.681766575114946,
    "cov_cell": 0.7625385717010406,
    "r2_depth": 0.7439828775413133,
    "r_mono": 1
  },
  "log1p": {
    "cov_gene": 6.600606059101779,
    "cov_cell": 0.7652658997466284,
    "r2_depth": 0.7196490317858637,
    "r_mono": 1
  },
  "log1pCP10k": {
    "cov_gene": 4.149993297807532,
    "cov_cell": 0.42331211019094245,
    "r2_depth": 0.31955914869338586,
    "r_mono": 1
  },
  "log1pCPM": {
    "cov_gene": 3.250869245225881,
    "cov_cell": 0.5838867292052855,
    "r2_depth": 0.580594370341426,
    "r_mono": 1
  },
  "log1pPF": {
    "cov_gene": 5.951780192813537,
    "cov_cell": 0.33561138655256284,
    "r2_depth": 0.1230212587500662,
    "r_mono": 1
  },
  "PFlog1pPF": {
    "cov_gene": 13.348424344762794,
    "cov_cell": 7.479412712782014e-15,
    "r2_depth": 0,
    "r_mono": 1
  }
}
