{"raw": {"cov_gene": 88.54987129164893, "r2_depth": 1.0, "r_mono": 1.0}, "PF": {"cov_gene": 71.30430166763739, "r2_depth": 0, "r_mono": 1.0}, "sqrt": {"cov_gene": 8.612246550586804, "r2_depth": 0.8878690033334378, "r_mono": 1.0}, "log1p": {"cov_gene": 5.368914386522553, "r2_depth": 0.8828142411047635, "r_mono": 1.0}, "log1pCP10k": {"cov_gene": 2.7681120710633453, "r2_depth": 0.5487197028472933, "r_mono": 1.0}, "log1pCPM": {"cov_gene": 2.518302083178863, "r2_depth": 0.7100557613541262, "r_mono": 1.0}, "scalelog1pCP10k": {"cov_gene": 1.666184755291331e-13, "r2_depth": 0.6142441955844733, "r_mono": 0.14899433100458606}, "sctransform": {"cov_gene": 0.6976804323459235, "r2_depth": 0.08153070630718295, "r_mono": 0.13573322483749464}, "log1pPF": {"cov_gene": 5.199273804704092, "r2_depth": 0.12580596843252523, "r_mono": 1.0}, "PFlog1pPF": {"cov_gene": 33.19494011098279, "r2_depth": 0, "r_mono": 1.0}}