{"ncells": 2965, "ngenes": 60623, "nvals": 10879648, "avg_per_cell": 12896.479932546374, "avg_per_gene": 630.7517443874438, "min_cell": 3997, "max_cell": 120661, "total_count": 38238063, "overdispersion": 0.6004785453607008, "raw": {"cov_gene": 102.63508124798302, "cov_cell": 0.806122412197866, "r2_depth": 1.0, "r_mono": 1}, "PF": {"cov_gene": 172.52344360512865, "cov_cell": 3.9518475013679866e-14, "r2_depth": 0, "r_mono": 1}, "log1p": {"cov_gene": 2.5476354028341, "cov_cell": 0.5318829779827778, "r2_depth": 0.9435248928055078, "r_mono": 1}, "log1pPF": {"cov_gene": 2.4278151354430064, "cov_cell": 0.1319377321984578, "r2_depth": 0.39449885953223074, "r_mono": 1}, "PFlog1pPF": {"cov_gene": 2.544225413012336, "cov_cell": 3.836934873480327e-14, "r2_depth": 0, "r_mono": 1}, "log1pCPM": {"cov_gene": 1.9641487696739202, "cov_cell": 0.29922318688828803, "r2_depth": 0.7894235274452005, "r_mono": 1}, "log1pCP10k": {"cov_gene": 2.527513044270437, "cov_cell": 0.12241041180923591, "r2_depth": 0.34657333628463893, "r_mono": 1}, "sqrt": {"cov_gene": 5.8284319076694695, "cov_cell": 0.5349657933040294, "r2_depth": 0.952285935302446, "r_mono": 1}, "density": 0.06052749807862092}