{"raw": {"cov_gene": 71.14393717999377, "r2_depth": 1.0, "r_mono": 1.0}, "PF": {"cov_gene": 119.61267521718706, "r2_depth": 0, "r_mono": 1.0}, "sqrt": {"cov_gene": 3.980518520227377, "r2_depth": 0.9522147871802705, "r_mono": 1.0}, "log1p": {"cov_gene": 1.6150200587339494, "r2_depth": 0.9434378824219869, "r_mono": 1.0}, "log1pCP10k": {"cov_gene": 1.5996751928022097, "r2_depth": 0.3465123397644213, "r_mono": 1.0}, "log1pCPM": {"cov_gene": 1.1593824840962144, "r2_depth": 0.7890709137854673, "r_mono": 1.0}, "scalelog1pCP10k": {"cov_gene": 3.9447200238780103e-14, "r2_depth": 0.3453123282834667, "r_mono": 0.48471429874782596}, "sctransform": {"cov_gene": 0.590155280847643, "r2_depth": 0.36558893057181974, "r_mono": 0.27052885390878967}, "log1pPF": {"cov_gene": 1.523779343686318, "r2_depth": 0.39433845441218696, "r_mono": 1.0}, "PFlog1pPF": {"cov_gene": 1.6123921886808934, "r2_depth": 0, "r_mono": 1.0}}