{"raw": {"cov_gene": 71.14393717999377, "r2_depth": 1.0, "r_mono": 1.0, "cov_cell": 0.8061373030706412}, "PF": {"cov_gene": 119.61267521718706, "r2_depth": 0, "r_mono": 1.0, "cov_cell": 4.0498091193161334e-14}, "sqrt": {"cov_gene": 3.980518520227377, "r2_depth": 0.9522147871802705, "r_mono": 1.0, "cov_cell": 0.5347207346332502}, "log1p": {"cov_gene": 1.6150200587339494, "r2_depth": 0.9434378824219869, "r_mono": 1.0, "cov_cell": 0.5316408417295915}, "log1pCP10k": {"cov_gene": 1.5996751928022097, "r2_depth": 0.3465123397644213, "r_mono": 1.0, "cov_cell": 0.12239014724242733}, "log1pCPM": {"cov_gene": 1.1593824840962144, "r2_depth": 0.7890709137854673, "r_mono": 1.0, "cov_cell": 0.29894761224632194}, "scalelog1pCP10k": {"cov_gene": 3.9447200238780103e-14, "r2_depth": 0.3453123282834667, "r_mono": 0.48471429874782596, "cov_cell": null}, "sctransform": {"cov_gene": 0.590155280847643, "r2_depth": 0.36558893057181974, "r_mono": 0.27052885390878967, "cov_cell": null}, "log1pPF": {"cov_gene": 1.523779343686318, "r2_depth": 0.39433845441218696, "r_mono": 1.0, "cov_cell": 0.13189199047209924}, "PFlog1pPF": {"cov_gene": 1.6123921886808934, "r2_depth": 0, "r_mono": 1.0, "cov_cell": 3.477418559231915e-14}, "ncells": 2965, "ngenes": 29131, "avg_per_cell": 12890.94, "avg_per_gene": 1312.06, "min_cell": 3994.0, "max_cell": 120606.0, "overdispersion": 0.6, "total_count": 38221629, "nvals": 10863565, "sparsity": 0.12577440639576426}