{
    "raw": {
        "cov_gene": 63.016673951322986,
        "r2_depth": 1.0,
        "r_mono": 1.0
    },
    "PF": {
        "cov_gene": 74.75991747242362,
        "r2_depth": 0,
        "r_mono": 1.0
    },
    "sqrt": {
        "cov_gene": 5.017475015102614,
        "r2_depth": 0.8827196096530069,
        "r_mono": 1.0
    },
    "log1p": {
        "cov_gene": 1.995610975368898,
        "r2_depth": 0.8571113075353501,
        "r_mono": 1.0
    },
    "log1pCP10k": {
        "cov_gene": 1.7935067711866444,
        "r2_depth": 0.3110672902121465,
        "r_mono": 1.0
    },
    "log1pCPM": {
        "cov_gene": 1.3686862170136112,
        "r2_depth": 0.6972891693848167,
        "r_mono": 1.0
    },
    "scalelog1pCP10k": {
        "cov_gene": 5.87470098944457e-14,
        "r2_depth": 0.3294903332243708,
        "r_mono": 0.42004923513928816
    },
    "sctransform": {
        "cov_gene": 0.9558197549250861,
        "r2_depth": 0.0082063909818616,
        "r_mono": 0.30963213556262886
    },
    "log1pPF": {
        "cov_gene": 1.954688462472931,
        "r2_depth": 0.2578410013496357,
        "r_mono": 1.0
    },
    "PFlog1pPF": {
        "cov_gene": 3.3139209072095235,
        "r2_depth": 0,
        "r_mono": 1.0
    },
    "ncells": "4226",
    "ngenes": 23062,
    "avg_per_cell": "7015.98",
    "avg_per_gene": "1285.64",
    "min_cell": "4760",
    "max_cell": "35695",
    "overdispersion": "1.59"
}