{"raw": {"cov_gene": 62.58205935155928, "r2_depth": 1.0, "r_mono": 1.0, "cov_cell": 1.2619825012370955}, "PF": {"cov_gene": 93.25106848279701, "r2_depth": 0, "r_mono": 1.0, "cov_cell": 8.389986568944476e-15}, "sqrt": {"cov_gene": 5.0136770530284895, "r2_depth": 0.9700921402149918, "r_mono": 1.0, "cov_cell": 0.9695924072287111}, "log1p": {"cov_gene": 2.8686838122726006, "r2_depth": 0.9697029458432198, "r_mono": 1.0, "cov_cell": 0.9841069371868654}, "log1pCP10k": {"cov_gene": 1.7996128274690604, "r2_depth": 0.7016127427824521, "r_mono": 1.0, "cov_cell": 0.44211460160895794}, "log1pCPM": {"cov_gene": 1.475569860353542, "r2_depth": 0.8642137213212071, "r_mono": 1.0, "cov_cell": 0.6612162896437105}, "scalelog1pCP10k": {"cov_gene": 2.70792911203015e-14, "r2_depth": 0.6928938259214867, "r_mono": 0.29255222459573565, "cov_cell": null}, "sctransform": {"cov_gene": 0.5479847533391492, "r2_depth": 0.7204745181602084, "r_mono": 0.24370965362684688, "cov_cell": null}, "log1pPF": {"cov_gene": 2.456383621280305, "r2_depth": 0.5157458548164768, "r_mono": 1.0, "cov_cell": 0.2590569568383338}, "PFlog1pPF": {"cov_gene": 3.3648492721511563, "r2_depth": 0, "r_mono": 1.0, "cov_cell": 7.118103974509269e-15}, "ncells": 1829, "ngenes": 17577, "avg_per_cell": 1293.48, "avg_per_gene": 134.6, "min_cell": 197.0, "max_cell": 21714.0, "overdispersion": 0.77, "total_count": 2365779, "nvals": 1132794, "sparsity": 0.0352364771137589}