{"ncells": 1829, "ngenes": 60623, "nvals": 1150845, "avg_per_cell": 1304.063969382176, "avg_per_gene": 39.34369793642677, "min_cell": 203, "max_cell": 21862, "total_count": 2385133, "overdispersion": 0.7745833325087541, "raw": {"cov_gene": 116.16958087703784, "cov_cell": 1.2575596580142503, "r2_depth": 1.0, "r_mono": 1}, "PF": {"cov_gene": 172.36401176513047, "cov_cell": 8.181239398926817e-15, "r2_depth": 0, "r_mono": 1}, "log1p": {"cov_gene": 5.489952070948552, "cov_cell": 0.9802642214403581, "r2_depth": 0.9698412339036409, "r_mono": 1}, "log1pPF": {"cov_gene": 4.751677302302471, "cov_cell": 0.25760066074754284, "r2_depth": 0.5140692300235159, "r_mono": 1}, "PFlog1pPF": {"cov_gene": 6.358569823098066, "cov_cell": 8.113396222910605e-15, "r2_depth": 0, "r_mono": 1}, "log1pCPM": {"cov_gene": 3.0939088567687802, "cov_cell": 0.6589121750965956, "r2_depth": 0.8641536580058471, "r_mono": 1}, "log1pCP10k": {"cov_gene": 3.626496013997399, "cov_cell": 0.43972647654460006, "r2_depth": 0.6999734860503157, "r_mono": 1}, "sqrt": {"cov_gene": 9.334797073707898, "cov_cell": 0.9657945746010581, "r2_depth": 0.970166703048721, "r_mono": 1}, "density": 0.010379243615952808}