{
  "ncells": 5675,
  "ngenes": 60623,
  "nvals": 6260074,
  "density": 0.018196010426539528,
  "total_counts": 20541259,
  "overdispersion": 11.242591373529793,
  "avg_per_cell": 3619.6051101321586,
  "avg_per_gene": 338.83606881876517,
  "max_cell": 45440,
  "min_cell": 1278,
  "raw": {
    "cov_gene": 153.9635975481186,
    "cov_cell": 0.8923365788993451,
    "r2_depth": 1,
    "r_mono": 1
  },
  "PF": {
    "cov_gene": 154.13188237956783,
    "cov_cell": 1.4256460795300885e-14,
    "r2_depth": 0,
    "r_mono": 1
  },
  "sqrt": {
    "cov_gene": 32.41391319321755,
    "cov_cell": 0.5604041382149663,
    "r2_depth": 0.6457221600220229,
    "r_mono": 1
  },
  "log1p": {
    "cov_gene": 4.527000476743652,
    "cov_cell": 0.553303458737507,
    "r2_depth": 0.6116255682447438,
    "r_mono": 1
  },
  "log1pCP10k": {
    "cov_gene": 3.3210271444015746,
    "cov_cell": 0.23666559699754952,
    "r2_depth": 0.016194717608496223,
    "r_mono": 1
  },
  "log1pCPM": {
    "cov_gene": 2.7171271972549658,
    "cov_cell": 0.36071127475501213,
    "r2_depth": 0.3522019187467459,
    "r_mono": 1
  },
  "log1pPF": {
    "cov_gene": 4.168213422490939,
    "cov_cell": 0.217903110566494,
    "r2_depth": 0.003190691516659405,
    "r_mono": 1
  },
  "PFlog1pPF": {
    "cov_gene": 51.014405034181245,
    "cov_cell": 1.0394932257332114e-14,
    "r2_depth": 0,
    "r_mono": 1
  }
}
