{
  "ncells": 666,
  "ngenes": 60623,
  "nvals": 4056717,
  "density": 0.10047616691134828,
  "total_counts": 27585199,
  "overdispersion": 1.0167344490643953,
  "avg_per_cell": 41419.217717717715,
  "avg_per_gene": 455.02860300545996,
  "max_cell": 131443,
  "min_cell": 13776,
  "raw": {
    "cov_gene": 71.08324690441901,
    "cov_cell": 0.4926843405979045,
    "r2_depth": 1,
    "r_mono": 1
  },
  "PF": {
    "cov_gene": 69.97851622768096,
    "cov_cell": 5.1768273528468426e-14,
    "r2_depth": 0,
    "r_mono": 1
  },
  "sqrt": {
    "cov_gene": 11.69402679937851,
    "cov_cell": 0.33947556786707067,
    "r2_depth": 0.9030985738643804,
    "r_mono": 1
  },
  "log1p": {
    "cov_gene": 2.5657260258539916,
    "cov_cell": 0.33240348518982815,
    "r2_depth": 0.8711291539361842,
    "r_mono": 1
  },
  "log1pCP10k": {
    "cov_gene": 4.547691690135514,
    "cov_cell": 0.13320706074371177,
    "r2_depth": 0.062047805472234874,
    "r_mono": 1
  },
  "log1pCPM": {
    "cov_gene": 1.7763183827009879,
    "cov_cell": 0.19481589727015686,
    "r2_depth": 0.5401309127100069,
    "r_mono": 1
  },
  "log1pPF": {
    "cov_gene": 2.46049153960768,
    "cov_cell": 0.1468847683902377,
    "r2_depth": 0.18219899311432752,
    "r_mono": 1
  },
  "PFlog1pPF": {
    "cov_gene": 3.6646153732303266,
    "cov_cell": 4.955327729635393e-14,
    "r2_depth": 0,
    "r_mono": 1
  }
}
