{
    "raw": {
        "cov_gene": 60.92639350790466,
        "r2_depth": 1.0,
        "r_mono": 1.0
    },
    "PF": {
        "cov_gene": 37.10857144875271,
        "r2_depth": 0,
        "r_mono": 1.0
    },
    "sqrt": {
        "cov_gene": 6.630593598981846,
        "r2_depth": 0.9355622773899352,
        "r_mono": 1.0
    },
    "log1p": {
        "cov_gene": 1.8880574406569202,
        "r2_depth": 0.9269013505336784,
        "r_mono": 1.0
    },
    "log1pCP10k": {
        "cov_gene": 1.797830951166995,
        "r2_depth": 0.5565817708814826,
        "r_mono": 1.0
    },
    "log1pCPM": {
        "cov_gene": 0.7175146297649854,
        "r2_depth": 0.8022544009536386,
        "r_mono": 1.0
    },
    "scalelog1pCP10k": {
        "cov_gene": 1.8899350521552254e-15,
        "r2_depth": 0.54777539406484,
        "r_mono": 0.5392504847120974
    },
    "sctransform": {
        "cov_gene": 0.31837876930767034,
        "r2_depth": 0.01098063308052133,
        "r_mono": 0.4272642338647527
    },
    "log1pPF": {
        "cov_gene": 1.7905206550824855,
        "r2_depth": 0.5575350658083295,
        "r_mono": 1.0
    },
    "PFlog1pPF": {
        "cov_gene": 15.887838345123418,
        "r2_depth": 0,
        "r_mono": 1.0
    },
    "ncells": 133,
    "ngenes": 11807,
    "avg_per_cell": 10104.19,
    "avg_per_gene": 113.82,
    "min_cell": 927.0,
    "max_cell": 34074.0,
    "overdispersion": 1.74
}