{"raw": {"cov_gene": 60.92639350790466, "r2_depth": 1.0, "r_mono": 1.0, "cov_cell": 0.8483656218228851}, "PF": {"cov_gene": 37.10857144875271, "r2_depth": 0, "r_mono": 1.0, "cov_cell": 2.7170420903327396e-14}, "sqrt": {"cov_gene": 6.630593598981846, "r2_depth": 0.9355622773899352, "r_mono": 1.0, "cov_cell": 0.8260924426662557}, "log1p": {"cov_gene": 1.8880574406569202, "r2_depth": 0.9269013505336784, "r_mono": 1.0, "cov_cell": 0.8362682071804752}, "log1pCP10k": {"cov_gene": 1.797830951166995, "r2_depth": 0.5565817708814826, "r_mono": 1.0, "cov_cell": 0.5755496087323213}, "log1pCPM": {"cov_gene": 0.7175146297649854, "r2_depth": 0.8022544009536386, "r_mono": 1.0, "cov_cell": 0.7131991159303395}, "scalelog1pCP10k": {"cov_gene": 1.8899350521552254e-15, "r2_depth": 0.54777539406484, "r_mono": 0.5392504847120974, "cov_cell": null}, "sctransform": {"cov_gene": 0.31837876930767034, "r2_depth": 0.01098063308052133, "r_mono": 0.4272642338647527, "cov_cell": null}, "log1pPF": {"cov_gene": 1.7905206550824855, "r2_depth": 0.5575350658083295, "r_mono": 1.0, "cov_cell": 0.5760074433097739}, "PFlog1pPF": {"cov_gene": 15.887838345123418, "r2_depth": 0, "r_mono": 1.0, "cov_cell": 2.0518109890186564e-14}, "ncells": 133, "ngenes": 11807, "avg_per_cell": 10104.19, "avg_per_gene": 113.82, "min_cell": 927.0, "max_cell": 34074.0, "overdispersion": 1.74, "total_count": 1343857, "nvals": 304640, "density": 0.19399731648932614}