{
  "ncells": 9683,
  "ngenes": 60623,
  "nvals": 2757090,
  "density": 0.004696816435303596,
  "total_counts": 9752907,
  "overdispersion": 23.049821306721096,
  "avg_per_cell": 1007.2195600537024,
  "avg_per_gene": 160.87800009897234,
  "max_cell": 97238,
  "min_cell": 78,
  "raw": {
    "cov_gene": 65.57419894869365,
    "cov_cell": 4.459979570007286,
    "r2_depth": 1,
    "r_mono": 1
  },
  "PF": {
    "cov_gene": 20.49539922604813,
    "cov_cell": 8.122396348222996e-15,
    "r2_depth": 0,
    "r_mono": 1
  },
  "sqrt": {
    "cov_gene": 11.561459871345349,
    "cov_cell": 3.303145121097492,
    "r2_depth": 0.9460603370168753,
    "r_mono": 1
  },
  "log1p": {
    "cov_gene": 6.382217194720789,
    "cov_cell": 3.2710170327058212,
    "r2_depth": 0.9376051855391031,
    "r_mono": 1
  },
  "log1pCP10k": {
    "cov_gene": 6.9976519805079365,
    "cov_cell": 1.1210796906803708,
    "r2_depth": 0.6033036044222171,
    "r_mono": 1
  },
  "log1pCPM": {
    "cov_gene": 5.025566358353175,
    "cov_cell": 2.0754353495127735,
    "r2_depth": 0.7920319935347101,
    "r_mono": 1
  },
  "log1pPF": {
    "cov_gene": 7.902335364205806,
    "cov_cell": 0.4762792613558821,
    "r2_depth": 0.4697787037157618,
    "r_mono": 1
  },
  "PFlog1pPF": {
    "cov_gene": 8.137103892348637,
    "cov_cell": 7.237085866018288e-15,
    "r2_depth": 0,
    "r_mono": 1
  }
}
