{
  "ncells": 932,
  "ngenes": 60623,
  "nvals": 556915,
  "density": 0.00985679170053944,
  "total_counts": 1232498,
  "overdispersion": 0.310525557196272,
  "avg_per_cell": 1322.4227467811158,
  "avg_per_gene": 20.330534615574948,
  "max_cell": 5213,
  "min_cell": 725,
  "raw": {
    "cov_gene": 81.92137674372734,
    "cov_cell": 0.32597370158425865,
    "r2_depth": 1,
    "r_mono": 1
  },
  "PF": {
    "cov_gene": 82.17727988362168,
    "cov_cell": 6.140385982927144e-15,
    "r2_depth": 0,
    "r_mono": 1
  },
  "sqrt": {
    "cov_gene": 6.099917220470259,
    "cov_cell": 0.27205702890934047,
    "r2_depth": 0.9628421298315,
    "r_mono": 1
  },
  "log1p": {
    "cov_gene": 5.5417770085101585,
    "cov_cell": 0.27305864812478564,
    "r2_depth": 0.9623527499115104,
    "r_mono": 1
  },
  "log1pCP10k": {
    "cov_gene": 4.026446244595408,
    "cov_cell": 0.14389899177197968,
    "r2_depth": 0.7786683177433251,
    "r_mono": 1
  },
  "log1pCPM": {
    "cov_gene": 3.578066214502729,
    "cov_cell": 0.20581291116127398,
    "r2_depth": 0.8721736119832452,
    "r_mono": 1
  },
  "log1pPF": {
    "cov_gene": 5.405101579286045,
    "cov_cell": 0.08562057411379734,
    "r2_depth": 0.5769437501358278,
    "r_mono": 1
  },
  "PFlog1pPF": {
    "cov_gene": 5.508600553373118,
    "cov_cell": 4.991182016127214e-15,
    "r2_depth": 0,
    "r_mono": 1
  }
}
