{
  "ncells": 1731,
  "ngenes": 60623,
  "nvals": 2101686,
  "density": 0.020027804308418502,
  "total_counts": 8009178,
  "overdispersion": 1.2726135924595,
  "avg_per_cell": 4626.908145580589,
  "avg_per_gene": 132.11451099417712,
  "max_cell": 86953,
  "min_cell": 275,
  "raw": {
    "cov_gene": 74.33122463084365,
    "cov_cell": 1.2523394904074792,
    "r2_depth": 1,
    "r_mono": 1
  },
  "PF": {
    "cov_gene": 76.28942160068569,
    "cov_cell": 1.2563323059118046e-14,
    "r2_depth": 0,
    "r_mono": 1
  },
  "sqrt": {
    "cov_gene": 10.183304425638537,
    "cov_cell": 0.9055962279046258,
    "r2_depth": 0.926920222693341,
    "r_mono": 1
  },
  "log1p": {
    "cov_gene": 5.162978566080626,
    "cov_cell": 0.8896818326655719,
    "r2_depth": 0.9132333185393878,
    "r_mono": 1
  },
  "log1pCP10k": {
    "cov_gene": 3.9685462178537474,
    "cov_cell": 0.4123765771512207,
    "r2_depth": 0.4549247472901913,
    "r_mono": 1
  },
  "log1pCPM": {
    "cov_gene": 2.7642789586469707,
    "cov_cell": 0.6325902230439241,
    "r2_depth": 0.7411780011912539,
    "r_mono": 1
  },
  "log1pPF": {
    "cov_gene": 4.746648417362543,
    "cov_cell": 0.358880357113173,
    "r2_depth": 0.37185083339679725,
    "r_mono": 1
  },
  "PFlog1pPF": {
    "cov_gene": 17.530837522295794,
    "cov_cell": 1.1098614300468205e-14,
    "r2_depth": 0,
    "r_mono": 1
  }
}
