{
    "raw": {
        "cov_gene": 43.43058462855623,
        "r2_depth": 1.0,
        "r_mono": 1.0
    },
    "PF": {
        "cov_gene": 60.01205813225615,
        "r2_depth": 0,
        "r_mono": 1.0
    },
    "sqrt": {
        "cov_gene": 2.966322420555673,
        "r2_depth": 0.8863816006854072,
        "r_mono": 1.0
    },
    "log1p": {
        "cov_gene": 1.1843933172502812,
        "r2_depth": 0.8777482081151541,
        "r_mono": 1.0
    },
    "log1pCP10k": {
        "cov_gene": 0.9081134640276965,
        "r2_depth": 0.46394871508499913,
        "r_mono": 1.0
    },
    "log1pCPM": {
        "cov_gene": 0.6000378930655837,
        "r2_depth": 0.7564722617634919,
        "r_mono": 1.0
    },
    "scalelog1pCP10k": {
        "cov_gene": 1.576770460156013e-15,
        "r2_depth": 0.5186977411332715,
        "r_mono": 0.6092791696796839
    },
    "sctransform": {
        "cov_gene": 0.3364560246258391,
        "r2_depth": 0.14670941056311282,
        "r_mono": 0.48520596343433925
    },
    "log1pPF": {
        "cov_gene": 1.1032211307198327,
        "r2_depth": 0.3654565608545214,
        "r_mono": 1.0
    },
    "PFlog1pPF": {
        "cov_gene": 11.264412535019126,
        "r2_depth": 0,
        "r_mono": 1.0
    },
    "ncells": "117",
    "ngenes": 11241,
    "avg_per_cell": "5082.66",
    "avg_per_gene": "52.9",
    "min_cell": "708",
    "max_cell": "16942",
    "overdispersion": "0.54"
}