{"ncells": 117, "ngenes": 60623, "nvals": 256455, "avg_per_cell": 5259.0940170940175, "avg_per_gene": 10.14984411856886, "min_cell": 711, "max_cell": 17483, "total_count": 615314, "overdispersion": 0.535501912945569, "raw": {"cov_gene": 99.59591695548689, "cov_cell": 0.6540942755351264, "r2_depth": 1.0, "r_mono": 1}, "PF": {"cov_gene": 140.0829688719638, "cov_cell": 2.4399234650698337e-14, "r2_depth": 0, "r_mono": 1}, "log1p": {"cov_gene": 3.2290510600257187, "cov_cell": 0.5586309671495847, "r2_depth": 0.8849214653839854, "r_mono": 1}, "log1pPF": {"cov_gene": 3.0837368635448477, "cov_cell": 0.22837459077303499, "r2_depth": 0.3743484539100229, "r_mono": 1}, "PFlog1pPF": {"cov_gene": 21.910425734816975, "cov_cell": 2.6212279491659537e-14, "r2_depth": 0, "r_mono": 1}, "log1pCPM": {"cov_gene": 2.260393283144766, "cov_cell": 0.4060653434863421, "r2_depth": 0.7696486993336639, "r_mono": 1}, "log1pCP10k": {"cov_gene": 2.756890456932484, "cov_cell": 0.2577132009257547, "r2_depth": 0.47054123564914796, "r_mono": 1}, "sqrt": {"cov_gene": 6.748574804227465, "cov_cell": 0.5516678755873401, "r2_depth": 0.8926737241343086, "r_mono": 1}, "density": 0.03615662499254535}