{
  "ncells": 1988,
  "ngenes": 60623,
  "nvals": 3120626,
  "density": 0.025893330721508005,
  "total_counts": 7742927,
  "overdispersion": 0.3020517712547598,
  "avg_per_cell": 3894.832494969819,
  "avg_per_gene": 127.72259703412897,
  "max_cell": 15263,
  "min_cell": 50,
  "raw": {
    "cov_gene": 145.57061225495417,
    "cov_cell": 0.5502970687635189,
    "r2_depth": 1,
    "r_mono": 1
  },
  "PF": {
    "cov_gene": 66.52451215964261,
    "cov_cell": 2.0850422633362954e-14,
    "r2_depth": 0,
    "r_mono": 1
  },
  "sqrt": {
    "cov_gene": 8.324224382395137,
    "cov_cell": 0.5131474410178052,
    "r2_depth": 0.9741147040360727,
    "r_mono": 1
  },
  "log1p": {
    "cov_gene": 4.2941863888761445,
    "cov_cell": 0.513661413632639,
    "r2_depth": 0.9714195740457265,
    "r_mono": 1
  },
  "log1pCP10k": {
    "cov_gene": 3.3235918224077445,
    "cov_cell": 0.41859893294663025,
    "r2_depth": 0.8066344392295821,
    "r_mono": 1
  },
  "log1pCPM": {
    "cov_gene": 2.4755029557036115,
    "cov_cell": 0.46968203178118795,
    "r2_depth": 0.9109819641214195,
    "r_mono": 1
  },
  "log1pPF": {
    "cov_gene": 4.308667204933534,
    "cov_cell": 0.3929197718246822,
    "r2_depth": 0.7648117921910262,
    "r_mono": 1
  },
  "PFlog1pPF": {
    "cov_gene": 18.989254279695505,
    "cov_cell": 1.6074814888426264e-14,
    "r2_depth": 0,
    "r_mono": 1
  }
}
