{"raw": {"cov_gene": 104.10548374940905, "r2_depth": 1.0, "r_mono": 1.0}, "PF": {"cov_gene": 91.85655637674878, "r2_depth": 0, "r_mono": 1.0}, "sqrt": {"cov_gene": 14.78359770817375, "r2_depth": 0.8735733236176053, "r_mono": 1.0}, "log1p": {"cov_gene": 3.7226958126836456, "r2_depth": 0.8625719082940928, "r_mono": 1.0}, "log1pCP10k": {"cov_gene": 2.315209791880827, "r2_depth": 0.577846996537775, "r_mono": 1.0}, "log1pCPM": {"cov_gene": 1.633837347972256, "r2_depth": 0.7790760070004663, "r_mono": 1.0}, "scalelog1pCP10k": {"cov_gene": 5.4593460646079056e-14, "r2_depth": 0.5202388186902447, "r_mono": 0.2834762814034909}, "sctransform": {"cov_gene": 0.47914345919117474, "r2_depth": 0.0006658826564902576, "r_mono": 0.24335168028109802}, "log1pPF": {"cov_gene": 3.6149758158849155, "r2_depth": 0.39857849563162195, "r_mono": 1.0}, "PFlog1pPF": {"cov_gene": 82.38061787901478, "r2_depth": 0, "r_mono": 1.0}}