{"raw": {"cov_gene": 104.10548374940905, "r2_depth": 1.0, "r_mono": 1.0, "cov_cell": 0.706227234158596}, "PF": {"cov_gene": 91.85655637674878, "r2_depth": 0, "r_mono": 1.0, "cov_cell": 1.1821626311929755e-14}, "sqrt": {"cov_gene": 14.78359770817375, "r2_depth": 0.8735733236176053, "r_mono": 1.0, "cov_cell": 0.721919915780995}, "log1p": {"cov_gene": 3.7226958126836456, "r2_depth": 0.8625719082940928, "r_mono": 1.0, "cov_cell": 0.7352052665082007}, "log1pCP10k": {"cov_gene": 2.315209791880827, "r2_depth": 0.577846996537775, "r_mono": 1.0, "cov_cell": 0.4820783644604938}, "log1pCPM": {"cov_gene": 1.633837347972256, "r2_depth": 0.7790760070004663, "r_mono": 1.0, "cov_cell": 0.6239936645933059}, "scalelog1pCP10k": {"cov_gene": 5.4593460646079056e-14, "r2_depth": 0.5202388186902447, "r_mono": 0.2834762814034909, "cov_cell": null}, "sctransform": {"cov_gene": 0.47914345919117474, "r2_depth": 0.0006658826564902576, "r_mono": 0.24335168028109802, "cov_cell": null}, "log1pPF": {"cov_gene": 3.6149758158849155, "r2_depth": 0.39857849563162195, "r_mono": 1.0, "cov_cell": 0.41544643449674157}, "PFlog1pPF": {"cov_gene": 82.38061787901478, "r2_depth": 0, "r_mono": 1.0, "cov_cell": 1.0257079606148502e-14}, "ncells": 3750, "ngenes": 24762, "avg_per_cell": 2636.2, "avg_per_gene": 399.23, "min_cell": 24.0, "max_cell": 18686.0, "overdispersion": 2.38, "total_count": 9885744, "nvals": 3213514, "density": 0.034606940742535605}