{"ncells": 3750, "ngenes": 60623, "nvals": 3230332, "avg_per_cell": 2641.266666666667, "avg_per_gene": 163.38270953268562, "min_cell": 24, "max_cell": 18811, "total_count": 9904750, "overdispersion": 2.3826080263120346, "raw": {"cov_gene": 162.8935293629264, "cov_cell": 0.7066162351318099, "r2_depth": 1.0, "r_mono": 1}, "PF": {"cov_gene": 143.8208507858727, "cov_cell": 1.4280520357425197e-14, "r2_depth": 0, "r_mono": 1}, "log1p": {"cov_gene": 5.9227688831421865, "cov_cell": 0.7366220239223104, "r2_depth": 0.8628057067770221, "r_mono": 1}, "log1pPF": {"cov_gene": 5.760756881423766, "cov_cell": 0.415649944480179, "r2_depth": 0.39922932222688257, "r_mono": 1}, "PFlog1pPF": {"cov_gene": 128.94701330887892, "cov_cell": 1.0931957786713758e-14, "r2_depth": 0, "r_mono": 1}, "log1pCPM": {"cov_gene": 2.8073170946876695, "cov_cell": 0.6253168853740176, "r2_depth": 0.7795177993953396, "r_mono": 1}, "log1pCP10k": {"cov_gene": 3.7997582472036693, "cov_cell": 0.4824519339985308, "r2_depth": 0.5783856920703335, "r_mono": 1}, "sqrt": {"cov_gene": 23.083735329693347, "cov_cell": 0.7233464087010377, "r2_depth": 0.8737404651918912, "r_mono": 1}, "density": 0.014209489247755253}