{
    "raw": {
        "cov_gene": 54.663470043535625,
        "r2_depth": 1.0,
        "r_mono": 1.0
    },
    "PF": {
        "cov_gene": 46.49613726513479,
        "r2_depth": 0,
        "r_mono": 1.0
    },
    "sqrt": {
        "cov_gene": 5.726993002210254,
        "r2_depth": 0.9907500783603065,
        "r_mono": 1.0
    },
    "log1p": {
        "cov_gene": 2.735785710081713,
        "r2_depth": 0.9918740604901584,
        "r_mono": 1.0
    },
    "log1pCP10k": {
        "cov_gene": 1.926822648925566,
        "r2_depth": 0.8088420933618705,
        "r_mono": 1.0
    },
    "log1pCPM": {
        "cov_gene": 1.5653323190758017,
        "r2_depth": 0.9441413054782584,
        "r_mono": 1.0
    },
    "scalelog1pCP10k": {
        "cov_gene": 1.2621577803014434e-13,
        "r2_depth": 0.8090472491898789,
        "r_mono": 0.30856338321474147
    },
    "sctransform": {
        "cov_gene": 0.3457532865996543,
        "r2_depth": 0.7147611585253103,
        "r_mono": 0.23723002925295564
    },
    "log1pPF": {
        "cov_gene": 2.580675965843043,
        "r2_depth": 0.6708155284987507,
        "r_mono": 1.0
    },
    "PFlog1pPF": {
        "cov_gene": 3.1437083341592214,
        "r2_depth": 0,
        "r_mono": 1.0
    },
    "ncells": 8802,
    "ngenes": 24999,
    "avg_per_cell": 1998.0,
    "avg_per_gene": 703.48,
    "min_cell": 364.0,
    "max_cell": 25535.0,
    "overdispersion": 1.31
}