{
  "ncells": 9290,
  "ngenes": 22780,
  "nvals": 9337416,
  "density": 0.04412221171102633,
  "total_counts": 27242619,
  "overdispersion": 0.75,
  "avg_per_cell": 2932.47,
  "avg_per_gene": 1195.9,
  "max_cell": 16882,
  "min_cell": 371,
  "raw": {
    "cov_gene": 88.12013656820095,
    "r2_depth": 1,
    "r_mono": 1,
    "cov_cell": 0.4959332460792953
  },
  "PF": {
    "cov_gene": 53.248560370988095,
    "r2_depth": 0,
    "r_mono": 1,
    "cov_cell": 1.2600409786219132e-14
  },
  "sqrt": {
    "cov_gene": 4.864209192578734,
    "r2_depth": 0.950909881654918,
    "r_mono": 1,
    "cov_cell": 0.38649728559089
  },
  "log1p": {
    "cov_gene": 2.6509713644836763,
    "r2_depth": 0.9443395844404773,
    "r_mono": 1,
    "cov_cell": 0.38301009228505706
  },
  "log1pCP10k": {
    "cov_gene": 1.978553669240442,
    "r2_depth": 0.6669438750877793,
    "r_mono": 1,
    "cov_cell": 0.17954110538925805
  },
  "log1pCPM": {
    "cov_gene": 1.7041851603745077,
    "r2_depth": 0.8511308399376781,
    "r_mono": 1,
    "cov_cell": 0.28488198029387035
  },
  "scalelog1pCP10k": {
    "cov_gene": 1.3203637419127042e-13,
    "r2_depth": 0.3878688832516165,
    "r_mono": 0.3122187495082509,
    "cov_cell": null
  },
  "sctransform": {
    "cov_gene": 0.4002232463819108,
    "r2_depth": 0.2615222849329315,
    "r_mono": 0.22912199840661981,
    "cov_cell": null
  },
  "log1pPF": {
    "cov_gene": 2.382543354146951,
    "r2_depth": 0.49080558636509397,
    "r_mono": 1,
    "cov_cell": 0.12897273153263134
  },
  "PFlog1pPF": {
    "cov_gene": 2.5420935268637557,
    "r2_depth": 0,
    "r_mono": 1,
    "cov_cell": 1.0869719440406683e-14
  }
}
