{"ncells": 2742, "ngenes": 60623, "nvals": 3299925, "avg_per_cell": 4477.854850474107, "avg_per_gene": 202.53497847351665, "min_cell": 715, "max_cell": 57529, "total_count": 12278278, "overdispersion": 2.1738887799813487, "raw": {"cov_gene": 44.037769218033475, "cov_cell": 1.6713630589937618, "r2_depth": 1.0, "r_mono": 1}, "PF": {"cov_gene": 97.38522566918542, "cov_cell": 1.4699190537825212e-14, "r2_depth": 0, "r_mono": 1}, "log1p": {"cov_gene": 5.163298591044611, "cov_cell": 0.9979681091364114, "r2_depth": 0.9368955800728694, "r_mono": 1}, "log1pPF": {"cov_gene": 4.170463283627097, "cov_cell": 0.20901300674000742, "r2_depth": 0.29935854887279, "r_mono": 1}, "PFlog1pPF": {"cov_gene": 4.461341225781929, "cov_cell": 1.2101199747248302e-14, "r2_depth": 0, "r_mono": 1}, "log1pCPM": {"cov_gene": 2.855635357164074, "cov_cell": 0.5977898877840124, "r2_depth": 0.7814112522522593, "r_mono": 1}, "log1pCP10k": {"cov_gene": 3.6421976969141885, "cov_cell": 0.27447605770905575, "r2_depth": 0.4138788265295603, "r_mono": 1}, "sqrt": {"cov_gene": 11.042837573636985, "cov_cell": 1.035940946871215, "r2_depth": 0.9477551173263403, "r_mono": 1}, "density": 0.0198517681704025}