{
    "raw": {
        "cov_gene": 25.64804148234712,
        "r2_depth": 1.0,
        "r_mono": 1.0
    },
    "PF": {
        "cov_gene": 56.77150985809289,
        "r2_depth": 0,
        "r_mono": 1.0
    },
    "sqrt": {
        "cov_gene": 6.400132630267807,
        "r2_depth": 0.947721831513574,
        "r_mono": 1.0
    },
    "log1p": {
        "cov_gene": 2.907258156548171,
        "r2_depth": 0.9368280432322205,
        "r_mono": 1.0
    },
    "log1pCP10k": {
        "cov_gene": 1.9749761727025132,
        "r2_depth": 0.4145129699651757,
        "r_mono": 1.0
    },
    "log1pCPM": {
        "cov_gene": 1.4666379811953223,
        "r2_depth": 0.7810769511655151,
        "r_mono": 1.0
    },
    "scalelog1pCP10k": {
        "cov_gene": 3.968899631983098e-14,
        "r2_depth": 0.36543294066260135,
        "r_mono": 0.3481911724144575
    },
    "sctransform": {
        "cov_gene": 0.6983478410272305,
        "r2_depth": 0.6712721104964303,
        "r_mono": 0.2484312341633266
    },
    "log1pPF": {
        "cov_gene": 2.3051835577279323,
        "r2_depth": 0.3001107240862564,
        "r_mono": 1.0
    },
    "PFlog1pPF": {
        "cov_gene": 2.487502286439033,
        "r2_depth": 0,
        "r_mono": 1.0
    },
    "ncells": 2742,
    "ngenes": 20583,
    "avg_per_cell": 4471.18,
    "avg_per_gene": 595.64,
    "min_cell": 707.0,
    "max_cell": 57493.0,
    "overdispersion": 2.17
}