{
  "ncells": 4701,
  "ngenes": 26146,
  "nvals": 9346466,
  "density": 0.07604171838034887,
  "total_counts": 20863576,
  "overdispersion": 0.2842378919172345,
  "avg_per_cell": 4438.114443735375,
  "avg_per_gene": 797.964354012086,
  "max_cell": 24208,
  "min_cell": 444,
  "raw": {
    "cov_gene": 91.7173030772173,
    "cov_cell": 0.5178092250032399,
    "r2_depth": 1,
    "r_mono": 1
  },
  "PF": {
    "cov_gene": 86.25650597914262,
    "cov_cell": 2.0316741518556595e-14,
    "r2_depth": 0,
    "r_mono": 1
  },
  "sqrt": {
    "cov_gene": 4.703254243697457,
    "cov_cell": 0.42927460848326415,
    "r2_depth": 0.771834959924617,
    "r_mono": 1
  },
  "log1p": {
    "cov_gene": 1.9295007900581578,
    "cov_cell": 0.43294359116431236,
    "r2_depth": 0.7598375979707885,
    "r_mono": 1
  },
  "log1pCP10k": {
    "cov_gene": 1.5358218776479118,
    "cov_cell": 0.227146073688373,
    "r2_depth": 0.3849609254637306,
    "r_mono": 1
  },
  "log1pCPM": {
    "cov_gene": 1.265096924898518,
    "cov_cell": 0.3341063970477725,
    "r2_depth": 0.6373263478314023,
    "r_mono": 1
  },
  "scalelog1pCP10k": {
    "cov_gene": 6.45040070704532e-14,
    "cov_cell": null,
    "r2_depth": 0.4076159988280824,
    "r_mono": 0.42284268021841614
  },
  "sctransform": {
    "cov_gene": 3.4262621725390634,
    "cov_cell": null,
    "r2_depth": 0.5552436941414689,
    "r_mono": 0.2761044696755692
  },
  "log1pPF": {
    "cov_gene": 1.7715179377811168,
    "cov_cell": 0.19582953158069955,
    "r2_depth": 0.27222342582931913,
    "r_mono": 1
  },
  "PFlog1pPF": {
    "cov_gene": 21.83436519864979,
    "cov_cell": 2.2883031148450492e-14,
    "r2_depth": 0,
    "r_mono": 1
  }
}
