{
    "raw": {
        "cov_gene": 59.5197528096053,
        "r2_depth": 1.0,
        "r_mono": 1.0
    },
    "PF": {
        "cov_gene": 51.95856927636976,
        "r2_depth": 0,
        "r_mono": 1.0
    },
    "sqrt": {
        "cov_gene": 9.82828675879244,
        "r2_depth": 0.963964642305368,
        "r_mono": 1.0
    },
    "log1p": {
        "cov_gene": 2.5745091596382363,
        "r2_depth": 0.9610007239375579,
        "r_mono": 1.0
    },
    "log1pCP10k": {
        "cov_gene": 2.0363115677123966,
        "r2_depth": 0.5694935626688592,
        "r_mono": 1.0
    },
    "log1pCPM": {
        "cov_gene": 1.2903165405455372,
        "r2_depth": 0.8687458410547719,
        "r_mono": 1.0
    },
    "scalelog1pCP10k": {
        "cov_gene": 2.9296831177946985e-14,
        "r2_depth": 0.6308649563937236,
        "r_mono": 0.36378012615383026
    },
    "sctransform": {
        "cov_gene": 0.45206653499522664,
        "r2_depth": 0.09039000409208953,
        "r_mono": 0.300869747538312
    },
    "log1pPF": {
        "cov_gene": 2.670571820033385,
        "r2_depth": 0.430402329845764,
        "r_mono": 1.0
    },
    "PFlog1pPF": {
        "cov_gene": 17.25175362498715,
        "r2_depth": 0,
        "r_mono": 1.0
    },
    "ncells": "2021",
    "ngenes": 22341,
    "avg_per_cell": "4197.2",
    "avg_per_gene": "379.69",
    "min_cell": "446",
    "max_cell": "42955",
    "overdispersion": "2.14"
}