{
  "ncells": 85238,
  "ngenes": 26994,
  "nvals": 14208924,
  "density": 0.006175337482281806,
  "total_counts": 38620625,
  "overdispersion": 15.093613969318929,
  "avg_per_cell": 453.0916375325559,
  "avg_per_gene": 1430.7114543972734,
  "max_cell": 57452,
  "min_cell": 7,
  "raw": {
    "cov_gene": 51.333440268358956,
    "cov_cell": 3.667820061813266,
    "r2_depth": 1,
    "r_mono": 1
  },
  "PF": {
    "cov_gene": 26.69570115130664,
    "cov_cell": 4.709573854534972e-15,
    "r2_depth": 0,
    "r_mono": 1
  },
  "sqrt": {
    "cov_gene": 10.132893687646519,
    "cov_cell": 3.210881152231162,
    "r2_depth": 0.9598810290155635,
    "r_mono": 1
  },
  "log1p": {
    "cov_gene": 6.495862790735964,
    "cov_cell": 3.2193758302379436,
    "r2_depth": 0.9565613239374836,
    "r_mono": 1
  },
  "log1pCP10k": {
    "cov_gene": 6.491072048037509,
    "cov_cell": 1.8213387033641637,
    "r2_depth": 0.7401848406166142,
    "r_mono": 1
  },
  "log1pCPM": {
    "cov_gene": 3.8320051858726933,
    "cov_cell": 2.5385315411008955,
    "r2_depth": 0.8708568213491797,
    "r_mono": 1
  },
  "scalelog1pCP10k": {
    "cov_gene": 1.374023244699811e-12,
    "cov_cell": null,
    "r2_depth": 0.748872771602858,
    "r_mono": 0.08431441399368267
  },
  "sctransform": {
    "cov_gene": null,
    "cov_cell": null,
    "r2_depth": null,
    "r_mono": null
  },
  "log1pPF": {
    "cov_gene": 8.97717313172354,
    "cov_cell": 0.7729714685729215,
    "r2_depth": 0.5475446221210385,
    "r_mono": 1
  },
  "PFlog1pPF": {
    "cov_gene": 10.764303960092645,
    "cov_cell": 4.2271366357627166e-15,
    "r2_depth": 0,
    "r_mono": 1
  }
}
