{"raw": {"cov_gene": 96.78828437475724, "r2_depth": 1.0, "r_mono": 1.0, "cov_cell": 2.262070031029757}, "PF": {"cov_gene": 32.15076058668742, "r2_depth": 0, "r_mono": 1.0, "cov_cell": 1.5316971240994092e-14}, "sqrt": {"cov_gene": 8.485801669075792, "r2_depth": 0.9702621393554168, "r_mono": 1.0, "cov_cell": 1.9331149097133498}, "log1p": {"cov_gene": 4.457734698040118, "r2_depth": 0.9677571837050458, "r_mono": 1.0, "cov_cell": 1.9317219165289796}, "log1pCP10k": {"cov_gene": 3.9838665959490998, "r2_depth": 0.7529121641891746, "r_mono": 1.0, "cov_cell": 0.9755341946076579}, "log1pCPM": {"cov_gene": 2.4189714721978643, "r2_depth": 0.8955194057418308, "r_mono": 1.0, "cov_cell": 1.4877342561893574}, "scalelog1pCP10k": {"cov_gene": 1.5462658159139183e-13, "r2_depth": 0.7562851594265397, "r_mono": 0.19007214917609813, "cov_cell": null}, "sctransform": {"cov_gene": 0.8439067677056538, "r2_depth": 0.5248901564259177, "r_mono": 0.13842354966302414, "cov_cell": null}, "log1pPF": {"cov_gene": 5.467746493285866, "r2_depth": 0.5835681279558361, "r_mono": 1.0, "cov_cell": 0.5620458136579058}, "PFlog1pPF": {"cov_gene": 8.374424975607125, "r2_depth": 0, "r_mono": 1.0, "cov_cell": 1.3683243884351752e-14}, "ncells": 9939, "ngenes": 23729, "avg_per_cell": 1344.97, "avg_per_gene": 563.35, "min_cell": 80.0, "max_cell": 53403.0, "overdispersion": 8.7, "total_count": 13367694, "nvals": 5122483, "sparsity": 0.02171992887915539}