{"raw": {"cov_gene": 112.13469074608732, "r2_depth": 1.0, "r_mono": 1.0, "cov_cell": 1.0040600015199357}, "PF": {"cov_gene": 121.9253188298305, "r2_depth": 0, "r_mono": 1.0, "cov_cell": 1.3602647053331806e-14}, "sqrt": {"cov_gene": 36.56666490462764, "r2_depth": 0.6396150691829308, "r_mono": 1.0, "cov_cell": 0.8667424496762147}, "log1p": {"cov_gene": 3.3458418140072075, "r2_depth": 0.6099129778955514, "r_mono": 1.0, "cov_cell": 0.87540150302995}, "log1pCP10k": {"cov_gene": 2.4831861311516805, "r2_depth": 0.023202339531025018, "r_mono": 1.0, "cov_cell": 0.43851369951304453}, "log1pCPM": {"cov_gene": 1.6426425639501405, "r2_depth": 0.3504666877893219, "r_mono": 1.0, "cov_cell": 0.5969722630555089}, "scalelog1pCP10k": {"cov_gene": 8.63503104677037e-14, "r2_depth": 0.03900062242102287, "r_mono": 0.31631209901207075, "cov_cell": null}, "sctransform": {"cov_gene": 0.778282878696758, "r2_depth": 0.09563881525615903, "r_mono": 0.261376975435819, "cov_cell": null}, "log1pPF": {"cov_gene": 3.004098993594787, "r2_depth": 0.0038680324248486775, "r_mono": 1.0, "cov_cell": 0.42771885790139813}, "PFlog1pPF": {"cov_gene": 28.997290948289958, "r2_depth": 0, "r_mono": 1.0, "cov_cell": 9.222365167585989e-15}, "ncells": 6053, "ngenes": 23656, "avg_per_cell": 5651.78, "avg_per_gene": 1446.15, "min_cell": 1434.0, "max_cell": 53872.0, "overdispersion": 2.99, "total_count": 34210221, "nvals": 6762090, "sparsity": 0.04722467320430326}