{"raw": {"cov_gene": 98.58796066492222, "r2_depth": 1.0, "r_mono": 1.0}, "PF": {"cov_gene": 85.97960408351022, "r2_depth": 0, "r_mono": 1.0}, "sqrt": {"cov_gene": 16.322096945491083, "r2_depth": 0.7009982561225545, "r_mono": 1.0}, "log1p": {"cov_gene": 4.92864054499144, "r2_depth": 0.6776243322674596, "r_mono": 1.0}, "log1pCP10k": {"cov_gene": 2.855915027563408, "r2_depth": 0.45806405643810844, "r_mono": 1.0}, "log1pCPM": {"cov_gene": 2.499402568481705, "r2_depth": 0.5881759172646805, "r_mono": 1.0}, "scalelog1pCP10k": {"cov_gene": 1.3834661469873962e-13, "r2_depth": 0.4719506647079226, "r_mono": 0.23769207246245022}, "sctransform": {"cov_gene": 0.6256486040944267, "r2_depth": 0.02399482007729825, "r_mono": 0.18894128251105416}, "log1pPF": {"cov_gene": 4.486012394239983, "r2_depth": 0.2009029494123592, "r_mono": 1.0}, "PFlog1pPF": {"cov_gene": 64.1126493154956, "r2_depth": 0, "r_mono": 1.0}}