{"raw": {"cov_gene": 98.58796066492222, "r2_depth": 1.0, "r_mono": 1.0, "cov_cell": 0.6598845786596893}, "PF": {"cov_gene": 85.97960408351022, "r2_depth": 0, "r_mono": 1.0, "cov_cell": 2.9467907816471082e-15}, "sqrt": {"cov_gene": 16.322096945491083, "r2_depth": 0.7009982561225545, "r_mono": 1.0, "cov_cell": 0.5937503356333511}, "log1p": {"cov_gene": 4.92864054499144, "r2_depth": 0.6776243322674596, "r_mono": 1.0, "cov_cell": 0.5982153572168739}, "log1pCP10k": {"cov_gene": 2.855915027563408, "r2_depth": 0.45806405643810844, "r_mono": 1.0, "cov_cell": 0.41157148825352574}, "log1pCPM": {"cov_gene": 2.499402568481705, "r2_depth": 0.5881759172646805, "r_mono": 1.0, "cov_cell": 0.49877746354261304}, "scalelog1pCP10k": {"cov_gene": 1.3834661469873962e-13, "r2_depth": 0.4719506647079226, "r_mono": 0.23769207246245022, "cov_cell": null}, "sctransform": {"cov_gene": 0.6256486040944267, "r2_depth": 0.02399482007729825, "r_mono": 0.18894128251105416, "cov_cell": null}, "log1pPF": {"cov_gene": 4.486012394239983, "r2_depth": 0.2009029494123592, "r_mono": 1.0, "cov_cell": 0.30630874091275856}, "PFlog1pPF": {"cov_gene": 64.1126493154956, "r2_depth": 0, "r_mono": 1.0, "cov_cell": 3.3980831572140257e-15}, "ncells": 9331, "ngenes": 12952, "avg_per_cell": 898.65, "avg_per_gene": 647.41, "min_cell": 114.0, "max_cell": 5723.0, "overdispersion": 3.45, "total_count": 8385276, "nvals": 2796310, "sparsity": 0.023137705585842328}