{"ncells": 17075, "ngenes": 22892, "nvals": 10330033, "density": 0.02642757167208733, "avg_per_cell": 1610.6359004392386, "avg_per_gene": 1201.3632710117072, "min_cell": 85, "max_cell": 20840, "total_count": 27501608, "overdispersion": 5.984860258592338, "sctransform": {"cov_gene": 7.85589148385879, "cov_cell": null, "r2_depth": 0.5183179170846369, "r_mono": 0.16097176141823144}, "scalelog1pCP10k": {"cov_gene": 2.502507739805002e-13, "cov_cell": null, "r2_depth": 0.7864935861784437, "r_mono": 0.2304325602839309}, "raw": {"cov_gene": 89.60386208132297, "cov_cell": 1.1977375182928718, "r2_depth": 1, "r_mono": 1}, "PF": {"cov_gene": 75.74610949119977, "cov_cell": 9.831019183215429e-15, "r2_depth": 0, "r_mono": 1}, "log1p": {"cov_gene": 4.962289064201812, "cov_cell": 1.0985802977318886, "r2_depth": 0.9450276437112441, "r_mono": 1}, "sqrt": {"cov_gene": 8.431307611315386, "cov_cell": 1.09901618617265, "r2_depth": 0.9498893267848292, "r_mono": 1}, "log1pPF": {"cov_gene": 4.906945887663775, "cov_cell": 0.547214097793962, "r2_depth": 0.6301571216076758, "r_mono": 1}, "PFlog1pPF": {"cov_gene": 11.18125447200611, "cov_cell": 9.882173457114078e-15, "r2_depth": 0, "r_mono": 1}, "log1pCPM": {"cov_gene": 2.2477318785644527, "cov_cell": 0.9292994800166863, "r2_depth": 0.8901912304250563, "r_mono": 1}, "log1pCP10k": {"cov_gene": 3.34210546850574, "cov_cell": 0.7330471448443168, "r2_depth": 0.7703663305313113, "r_mono": 1}}