{
  "ncells": 1645,
  "ngenes": 22537,
  "nvals": 3931773,
  "density": 0.10605384755335805,
  "total_counts": 13710653,
  "overdispersion": 3.54,
  "avg_per_cell": 8334.74,
  "avg_per_gene": 608.36,
  "max_cell": 65679,
  "min_cell": 434,
  "raw": {
    "cov_gene": 77.14404085478462,
    "r2_depth": 1,
    "r_mono": 1,
    "cov_cell": 0.8561963146844163
  },
  "PF": {
    "cov_gene": 71.56526809014221,
    "r2_depth": 0,
    "r_mono": 1,
    "cov_cell": 2.832536712899786e-14
  },
  "sqrt": {
    "cov_gene": 5.325137553504258,
    "r2_depth": 0.897809885787396,
    "r_mono": 1,
    "cov_cell": 0.7135911058349065
  },
  "log1p": {
    "cov_gene": 2.2301166495610114,
    "r2_depth": 0.8870635515999349,
    "r_mono": 1,
    "cov_cell": 0.7117486601932903
  },
  "log1pCP10k": {
    "cov_gene": 1.8146256309126447,
    "r2_depth": 0.49521748600316373,
    "r_mono": 1,
    "cov_cell": 0.3667482070523258
  },
  "log1pCPM": {
    "cov_gene": 1.1459026861690336,
    "r2_depth": 0.7507447442661171,
    "r_mono": 1,
    "cov_cell": 0.5460206364691138
  },
  "scalelog1pCP10k": {
    "cov_gene": 2.321805654887605e-14,
    "r2_depth": 0.41380673576816485,
    "r_mono": 0.45873777044064035,
    "cov_cell": null
  },
  "sctransform": {
    "cov_gene": 0.5065802981431722,
    "r2_depth": 0.6051577939342714,
    "r_mono": 0.25132126565559054,
    "cov_cell": null
  },
  "log1pPF": {
    "cov_gene": 1.8944324643757706,
    "r2_depth": 0.47537207168308004,
    "r_mono": 1,
    "cov_cell": 0.35441417999103336
  },
  "PFlog1pPF": {
    "cov_gene": 7.854908774835834,
    "r2_depth": 0,
    "r_mono": 1,
    "cov_cell": 1.902365265669837e-14
  }
}
