{
    "raw": {
        "cov_gene": 76.87531011505114,
        "r2_depth": 1.0,
        "r_mono": 1.0
    },
    "PF": {
        "cov_gene": 37.46502335188203,
        "r2_depth": 0,
        "r_mono": 1.0
    },
    "sqrt": {
        "cov_gene": 8.868781070857409,
        "r2_depth": 0.8609030745822691,
        "r_mono": 1.0
    },
    "log1p": {
        "cov_gene": 3.443235243286976,
        "r2_depth": 0.8407571285482547,
        "r_mono": 1.0
    },
    "log1pCP10k": {
        "cov_gene": 3.2124033084688617,
        "r2_depth": 0.4110116527482315,
        "r_mono": 1.0
    },
    "log1pCPM": {
        "cov_gene": 1.6781108681176935,
        "r2_depth": 0.6580522309910243,
        "r_mono": 1.0
    },
    "scalelog1pCP10k": {
        "cov_gene": 8.652695891624987e-14,
        "r2_depth": 0.42376994488847886,
        "r_mono": 0.32866826383562886
    },
    "sctransform": {
        "cov_gene": 1.332907616457803,
        "r2_depth": 0.5625248569982063,
        "r_mono": 0.1887511627978466
    },
    "log1pPF": {
        "cov_gene": 3.7409080695662325,
        "r2_depth": 0.3744347184547905,
        "r_mono": 1.0
    },
    "PFlog1pPF": {
        "cov_gene": 9.582898345098155,
        "r2_depth": 0,
        "r_mono": 1.0
    },
    "ncells": "5943",
    "ngenes": 24934,
    "avg_per_cell": "5841.33",
    "avg_per_gene": "1392.28",
    "min_cell": "56",
    "max_cell": "77488",
    "overdispersion": "12.05"
}