{"ncells": 5943, "ngenes": 60623, "nvals": 8675340, "avg_per_cell": 5844.100622581188, "avg_per_gene": 572.9094568068225, "min_cell": 56, "max_cell": 77505, "total_count": 34731490, "overdispersion": 12.047394657525139, "raw": {"cov_gene": 119.87545992558941, "cov_cell": 1.3792873179670224, "r2_depth": 1.0, "r_mono": 1}, "PF": {"cov_gene": 58.424207612645624, "cov_cell": 2.0053461178635576e-14, "r2_depth": 0, "r_mono": 1}, "log1p": {"cov_gene": 5.4955116942097755, "cov_cell": 1.0337060426384597, "r2_depth": 0.8409829286172241, "r_mono": 1}, "log1pPF": {"cov_gene": 5.948893276648995, "cov_cell": 0.6058625316369234, "r2_depth": 0.37451338701539416, "r_mono": 1}, "PFlog1pPF": {"cov_gene": 14.984243183309403, "cov_cell": 1.5948084349939602e-14, "r2_depth": 0, "r_mono": 1}, "log1pCPM": {"cov_gene": 2.8710382765137337, "cov_cell": 0.840161607250093, "r2_depth": 0.6584817117706505, "r_mono": 1}, "log1pCP10k": {"cov_gene": 5.144858946642674, "cov_cell": 0.6465147733318884, "r2_depth": 0.41109162456564463, "r_mono": 1}, "sqrt": {"cov_gene": 13.87029324571575, "cov_cell": 1.045141639117841, "r2_depth": 0.8610895552696437, "r_mono": 1}, "density": 0.024079271862696608}