{
  "ncells": 3140,
  "ngenes": 60623,
  "nvals": 241579,
  "density": 0.0012690890794112217,
  "total_counts": 402988,
  "overdispersion": 5.26860772860756,
  "avg_per_cell": 128.34012738853502,
  "avg_per_gene": 6.64744403939099,
  "max_cell": 1893,
  "min_cell": 27,
  "raw": {
    "cov_gene": 45.370195988812746,
    "cov_cell": 0.9173000746667062,
    "r2_depth": 1,
    "r_mono": 1
  },
  "PF": {
    "cov_gene": 38.27202288604508,
    "cov_cell": 1.2880302228363808e-15,
    "r2_depth": 0,
    "r_mono": 1
  },
  "sqrt": {
    "cov_gene": 11.950633782466113,
    "cov_cell": 0.9065102421828796,
    "r2_depth": 0.9478497213702968,
    "r_mono": 1
  },
  "log1p": {
    "cov_gene": 10.537775740628492,
    "cov_cell": 0.91389612821997,
    "r2_depth": 0.9427846430880005,
    "r_mono": 1
  },
  "log1pCP10k": {
    "cov_gene": 5.63876426070035,
    "cov_cell": 0.6392447940919442,
    "r2_depth": 0.8306094065139211,
    "r_mono": 1
  },
  "log1pCPM": {
    "cov_gene": 5.140525536540353,
    "cov_cell": 0.7689282761450167,
    "r2_depth": 0.8924983652599943,
    "r_mono": 1
  },
  "log1pPF": {
    "cov_gene": 11.021704568801734,
    "cov_cell": 0.29475203065725925,
    "r2_depth": 0.42304838448409576,
    "r_mono": 1
  },
  "PFlog1pPF": {
    "cov_gene": 14.99153766856347,
    "cov_cell": 1.2929985009300386e-15,
    "r2_depth": 0,
    "r_mono": 1
  }
}
