{"ncells": 12882, "ngenes": 60623, "nvals": 2324666, "avg_per_cell": 371.077006675982, "avg_per_gene": 78.85149200798377, "min_cell": 0, "max_cell": 2922, "total_count": 4780214, "overdispersion": 2.6217006594824017, "raw": {"cov_gene": 165.71371069841172, "cov_cell": 0.6010083276848088, "r2_depth": 1.0, "r_mono": 1}, "PF": {"cov_gene": 159.27605103568303, "cov_cell": 0.01246111965698067, "r2_depth": 0, "r_mono": 1}, "log1p": {"cov_gene": 10.034498648972153, "cov_cell": 0.5169098959810484, "r2_depth": 0.7695747994252099, "r_mono": 1}, "log1pPF": {"cov_gene": 9.4073665364118, "cov_cell": 0.2281100709895951, "r2_depth": 0.07850211154614684, "r_mono": 1}, "PFlog1pPF": {"cov_gene": 61.62880273929232, "cov_cell": 0.012461119656980671, "r2_depth": 0, "r_mono": 1}, "log1pCPM": {"cov_gene": 4.605498987103944, "cov_cell": 0.44465343890749814, "r2_depth": 0.6842999063712467, "r_mono": 1}, "log1pCP10k": {"cov_gene": 5.008008150199868, "cov_cell": 0.3561546206276741, "r2_depth": 0.5376149928813353, "r_mono": 1}, "sqrt": {"cov_gene": 28.278783350605064, "cov_cell": 0.5173009853577109, "r2_depth": 0.7947236888138594, "r_mono": 1}, "density": 0.002976732744697624}