{"raw": {"cov_gene": 95.9356805765502, "r2_depth": 1.0, "r_mono": 1.0}, "PF": {"cov_gene": 92.14799529785405, "r2_depth": 0, "r_mono": 1.0}, "sqrt": {"cov_gene": 16.458386351105563, "r2_depth": 0.7936513436498788, "r_mono": 1.0}, "log1p": {"cov_gene": 5.793260991025664, "r2_depth": 0.7682194746598974, "r_mono": 1.0}, "log1pCP10k": {"cov_gene": 2.8095131613650772, "r2_depth": 0.5355050128772378, "r_mono": 1.0}, "log1pCPM": {"cov_gene": 2.5656877696896867, "r2_depth": 0.6825239466043471, "r_mono": 1.0}, "scalelog1pCP10k": {"cov_gene": 1.8929553220289289e-13, "r2_depth": 0.531280760193596, "r_mono": 0.15103587511574906}, "sctransform": {"cov_gene": 0.5659120510144379, "r2_depth": 0.020134766507290847, "r_mono": 0.1377553613393599}, "log1pPF": {"cov_gene": 5.420006789323427, "r2_depth": 0.0764398697544546, "r_mono": 1.0}, "PFlog1pPF": {"cov_gene": 35.60612990478625, "r2_depth": 0, "r_mono": 1.0}}