{
  "ncells": 6192,
  "ngenes": 60623,
  "nvals": 5557115,
  "density": 0.014804065994174782,
  "total_counts": 14131299,
  "overdispersion": 0.9122716123129856,
  "avg_per_cell": 2282.186531007752,
  "avg_per_gene": 233.10128169176716,
  "max_cell": 47419,
  "min_cell": 276,
  "raw": {
    "cov_gene": 55.734240071640706,
    "cov_cell": 1.3305732507796482,
    "r2_depth": 1,
    "r_mono": 1
  },
  "PF": {
    "cov_gene": 65.09770814695567,
    "cov_cell": 1.0206291200365888e-14,
    "r2_depth": 0,
    "r_mono": 1
  },
  "sqrt": {
    "cov_gene": 7.84877283303993,
    "cov_cell": 0.8438361026193701,
    "r2_depth": 0.9362192480120692,
    "r_mono": 1
  },
  "log1p": {
    "cov_gene": 5.3605733590190825,
    "cov_cell": 0.8247190993570781,
    "r2_depth": 0.9254001124573296,
    "r_mono": 1
  },
  "log1pCP10k": {
    "cov_gene": 3.6547617289295973,
    "cov_cell": 0.28380337697245017,
    "r2_depth": 0.48244946804921474,
    "r_mono": 1
  },
  "log1pCPM": {
    "cov_gene": 3.0064996900816277,
    "cov_cell": 0.5222313288037524,
    "r2_depth": 0.7815368073839526,
    "r_mono": 1
  },
  "log1pPF": {
    "cov_gene": 4.605057840008834,
    "cov_cell": 0.17708602934018808,
    "r2_depth": 0.28474083349697443,
    "r_mono": 1
  },
  "PFlog1pPF": {
    "cov_gene": 4.654475733116931,
    "cov_cell": 1.1595300554343275e-14,
    "r2_depth": 0,
    "r_mono": 1
  }
}
