{"raw": {"cov_gene": 80.58760207581392, "r2_depth": 1.0, "r_mono": 1.0}, "PF": {"cov_gene": 12.410168897100148, "r2_depth": 0, "r_mono": 1.0}, "sqrt": {"cov_gene": 10.863123039325304, "r2_depth": 0.9595833632645963, "r_mono": 1.0}, "log1p": {"cov_gene": 5.5468903774982845, "r2_depth": 0.9551488153946361, "r_mono": 1.0}, "log1pCP10k": {"cov_gene": 5.563772833517407, "r2_depth": 0.6749919656009754, "r_mono": 1.0}, "log1pCPM": {"cov_gene": 4.12580466771967, "r2_depth": 0.8455840835094655, "r_mono": 1.0}, "scalelog1pCP10k": {"cov_gene": 1.192366058073179e-12, "r2_depth": 0.6381643869655643, "r_mono": 0.07831850641437077}, "sctransform": {"cov_gene": 0.7827680312153299, "r2_depth": 0.5202703956560208, "r_mono": 0.0699494303402246}, "log1pPF": {"cov_gene": 6.5588623681301925, "r2_depth": 0.4408515203375043, "r_mono": 1.0}, "PFlog1pPF": {"cov_gene": 6.7142184707306365, "r2_depth": 0, "r_mono": 1.0}}