{
  "ncells": 36,
  "ngenes": 3234,
  "nvals": 25834,
  "density": 0.22189582903868618,
  "total_counts": 129771,
  "overdispersion": 5.78,
  "avg_per_cell": 3604.75,
  "avg_per_gene": 40.13,
  "max_cell": 18010,
  "min_cell": 261,
  "raw": {
    "cov_gene": 42.25364563899889,
    "r2_depth": 1,
    "r_mono": 1,
    "cov_cell": 1.295677767566572
  },
  "PF": {
    "cov_gene": 46.34262049787654,
    "r2_depth": 0,
    "r_mono": 1,
    "cov_cell": 4.775815990104577e-15
  },
  "sqrt": {
    "cov_gene": 6.081246585747239,
    "r2_depth": 0.9191761392098465,
    "r_mono": 1,
    "cov_cell": 1.218531188402342
  },
  "log1p": {
    "cov_gene": 1.4791822112435422,
    "r2_depth": 0.9087884836626892,
    "r_mono": 1,
    "cov_cell": 1.2241876294142697
  },
  "log1pCP10k": {
    "cov_gene": 1.1226594813000585,
    "r2_depth": 0.5392979561930227,
    "r_mono": 1,
    "cov_cell": 0.7094177042423685
  },
  "log1pCPM": {
    "cov_gene": 0.48570859589963133,
    "r2_depth": 0.7513816537301747,
    "r_mono": 1,
    "cov_cell": 0.930450536053378
  },
  "scalelog1pCP10k": {
    "cov_gene": 5.368356251592443e-16,
    "r2_depth": 0.603346870297004,
    "r_mono": 0.5309100816054665,
    "cov_cell": null
  },
  "sctransform": {
    "cov_gene": 0.3505605789252321,
    "r2_depth": 0.04667776891702713,
    "r_mono": 0.48241505604134527,
    "cov_cell": null
  },
  "log1pPF": {
    "cov_gene": 1.5638269216598732,
    "r2_depth": 0.43143310020421355,
    "r_mono": 1,
    "cov_cell": 0.6291914099131569
  },
  "PFlog1pPF": {
    "cov_gene": 10.945514301428489,
    "r2_depth": 0,
    "r_mono": 1,
    "cov_cell": 8.539143870856345e-15
  }
}
