{
  "ncells": 79,
  "ngenes": 60623,
  "nvals": 8383,
  "density": 0.001750390512687147,
  "total_counts": 15586,
  "overdispersion": 0.7268874143963728,
  "avg_per_cell": 197.29113924050634,
  "avg_per_gene": 0.257097141348993,
  "max_cell": 456,
  "min_cell": 63,
  "raw": {
    "cov_gene": 154.17905592747755,
    "cov_cell": 0.3678807917728112,
    "r2_depth": 1,
    "r_mono": 1
  },
  "PF": {
    "cov_gene": 160.8817251222366,
    "cov_cell": 2.0416917070402806e-15,
    "r2_depth": 0,
    "r_mono": 1
  },
  "sqrt": {
    "cov_gene": 18.594435002383577,
    "cov_cell": 0.3968892796456856,
    "r2_depth": 0.854148381463677,
    "r_mono": 1
  },
  "log1p": {
    "cov_gene": 11.783482423337805,
    "cov_cell": 0.4020101626998197,
    "r2_depth": 0.8402398957687232,
    "r_mono": 1
  },
  "log1pCP10k": {
    "cov_gene": 7.399246886141757,
    "cov_cell": 0.33110872562211585,
    "r2_depth": 0.7213972745126895,
    "r_mono": 1
  },
  "log1pCPM": {
    "cov_gene": 7.044415329895833,
    "cov_cell": 0.3714786420441898,
    "r2_depth": 0.7713199374058866,
    "r_mono": 1
  },
  "log1pPF": {
    "cov_gene": 12.012585789680145,
    "cov_cell": 0.20654757636972082,
    "r2_depth": 0.42220545024654665,
    "r_mono": 1
  },
  "PFlog1pPF": {
    "cov_gene": 17.06682624966014,
    "cov_cell": 1.5072679602058185e-15,
    "r2_depth": 0,
    "r_mono": 1
  }
}
