{
    "raw": {
        "cov_gene": 45.71860865267112,
        "r2_depth": 1.0,
        "r_mono": 1.0
    },
    "PF": {
        "cov_gene": 21.652986406501295,
        "r2_depth": 0,
        "r_mono": 1.0
    },
    "sqrt": {
        "cov_gene": 5.722380847989184,
        "r2_depth": 0.9609936473066912,
        "r_mono": 1.0
    },
    "log1p": {
        "cov_gene": 4.134091545751031,
        "r2_depth": 0.9581981948244592,
        "r_mono": 1.0
    },
    "log1pCP10k": {
        "cov_gene": 2.9622558145775613,
        "r2_depth": 0.6801508934200383,
        "r_mono": 1.0
    },
    "log1pCPM": {
        "cov_gene": 2.0663243260328557,
        "r2_depth": 0.8530510681806074,
        "r_mono": 1.0
    },
    "scalelog1pCP10k": {
        "cov_gene": 1.2838656420122558e-13,
        "r2_depth": 0.6732543922913783,
        "r_mono": 0.2367922595015267
    },
    "sctransform": {
        "cov_gene": 0.5969655665300875,
        "r2_depth": 0.5390932781613329,
        "r_mono": 0.17161325126463986
    },
    "log1pPF": {
        "cov_gene": 4.174941456129784,
        "r2_depth": 0.5426339869044536,
        "r_mono": 1.0
    },
    "PFlog1pPF": {
        "cov_gene": 5.0575913112317075,
        "r2_depth": 0,
        "r_mono": 1.0
    },
    "ncells": "8603",
    "ngenes": 23656,
    "avg_per_cell": "1424.3",
    "avg_per_gene": "517.98",
    "min_cell": "97",
    "max_cell": "38482",
    "overdispersion": "3.49"
}