{"ncells": 7426, "ngenes": 60623, "nvals": 14267668, "avg_per_cell": 5929.358739563695, "avg_per_gene": 726.3153918479785, "min_cell": 196, "max_cell": 55863, "total_count": 44031418, "overdispersion": 9.067873251112157, "raw": {"cov_gene": 156.32943935205947, "cov_cell": 1.1107190140461907, "r2_depth": 1.0, "r_mono": 1}, "PF": {"cov_gene": 93.79845244976768, "cov_cell": 2.7904712620222374e-14, "r2_depth": 0, "r_mono": 1}, "log1p": {"cov_gene": 4.566159461685354, "cov_cell": 0.8783341629240522, "r2_depth": 0.9155476666498815, "r_mono": 1}, "log1pPF": {"cov_gene": 4.1923253263455695, "cov_cell": 0.4034618424440905, "r2_depth": 0.4395511524755744, "r_mono": 1}, "PFlog1pPF": {"cov_gene": 6.2765771473543595, "cov_cell": 2.4981789484072107e-14, "r2_depth": 0, "r_mono": 1}, "log1pCPM": {"cov_gene": 2.383125619804411, "cov_cell": 0.6673925244710299, "r2_depth": 0.7776362892437034, "r_mono": 1}, "log1pCP10k": {"cov_gene": 3.680316473992109, "cov_cell": 0.44695696515194205, "r2_depth": 0.4946391867824922, "r_mono": 1}, "sqrt": {"cov_gene": 13.821329384893737, "cov_cell": 0.8793655509284403, "r2_depth": 0.9234654664592736, "r_mono": 1}, "density": 0.03169280116721785}