{
    "raw": {
        "cov_gene": 108.39905496588608,
        "r2_depth": 1.0,
        "r_mono": 1.0
    },
    "PF": {
        "cov_gene": 65.04609079398476,
        "r2_depth": 0,
        "r_mono": 1.0
    },
    "sqrt": {
        "cov_gene": 9.56241945602184,
        "r2_depth": 0.9234505244612132,
        "r_mono": 1.0
    },
    "log1p": {
        "cov_gene": 3.0854076089694416,
        "r2_depth": 0.9155256902432196,
        "r_mono": 1.0
    },
    "log1pCP10k": {
        "cov_gene": 2.4501963364567705,
        "r2_depth": 0.49467240997230644,
        "r_mono": 1.0
    },
    "log1pCPM": {
        "cov_gene": 1.4897659575660398,
        "r2_depth": 0.7775556887124325,
        "r_mono": 1.0
    },
    "scalelog1pCP10k": {
        "cov_gene": 1.0579741181328683e-13,
        "r2_depth": 0.4321630097357688,
        "r_mono": 0.3677663751542959
    },
    "sctransform": {
        "cov_gene": 0.8407280221000689,
        "r2_depth": 0.6153902587728239,
        "r_mono": 0.2261204584605698
    },
    "log1pPF": {
        "cov_gene": 2.818528114705013,
        "r2_depth": 0.4395611198071626,
        "r_mono": 1.0
    },
    "PFlog1pPF": {
        "cov_gene": 4.293634459462414,
        "r2_depth": 0,
        "r_mono": 1.0
    },
    "ncells": 7426,
    "ngenes": 29149,
    "avg_per_cell": 5927.28,
    "avg_per_gene": 1510.03,
    "min_cell": 195.0,
    "max_cell": 55851.0,
    "overdispersion": 9.07
}