{
  "ncells": 4671,
  "ngenes": 23851,
  "nvals": 4710831,
  "density": 0.042284486859343814,
  "total_counts": 10065023,
  "overdispersion": 0.29,
  "avg_per_cell": 2154.79,
  "avg_per_gene": 422,
  "max_cell": 13641,
  "min_cell": 389,
  "raw": {
    "cov_gene": 40.55213313139808,
    "r2_depth": 1,
    "r_mono": 1,
    "cov_cell": 0.48367650709182075
  },
  "PF": {
    "cov_gene": 68.32305223796435,
    "r2_depth": 0,
    "r_mono": 1,
    "cov_cell": 1.6803975078833927e-14
  },
  "sqrt": {
    "cov_gene": 3.222618069772443,
    "r2_depth": 0.9753094871256681,
    "r_mono": 1,
    "cov_cell": 0.4029131051146808
  },
  "log1p": {
    "cov_gene": 2.850011026061387,
    "r2_depth": 0.9734803547942219,
    "r_mono": 1,
    "cov_cell": 0.4034181867314006
  },
  "log1pCP10k": {
    "cov_gene": 1.9299314951964788,
    "r2_depth": 0.7754284067561894,
    "r_mono": 1,
    "cov_cell": 0.20914898904204132
  },
  "log1pCPM": {
    "cov_gene": 1.589645758711665,
    "r2_depth": 0.910463604324754,
    "r_mono": 1,
    "cov_cell": 0.30713603516026183
  },
  "scalelog1pCP10k": {
    "cov_gene": 6.542572505681726e-14,
    "r2_depth": 0.6922183814776597,
    "r_mono": 0.32045633749022007,
    "cov_cell": null
  },
  "sctransform": {
    "cov_gene": 0.5181415778251507,
    "r2_depth": 0.4292873156180784,
    "r_mono": 0.2453423542523083,
    "cov_cell": null
  },
  "log1pPF": {
    "cov_gene": 2.643239967131569,
    "r2_depth": 0.6198528668962828,
    "r_mono": 1,
    "cov_cell": 0.1441428882866656
  },
  "PFlog1pPF": {
    "cov_gene": 2.8577283238452678,
    "r2_depth": 0,
    "r_mono": 1,
    "cov_cell": 1.195320355903617e-14
  }
}
