{
  "ncells": 15775,
  "ngenes": 26125,
  "nvals": 18067225,
  "density": 0.04383951955959629,
  "total_counts": 48065926,
  "overdispersion": 0.74,
  "avg_per_cell": 3046.97,
  "avg_per_gene": 1839.84,
  "max_cell": 53104,
  "min_cell": 397,
  "raw": {
    "cov_gene": 59.55082432576459,
    "r2_depth": 1,
    "r_mono": 1,
    "cov_cell": 0.8728048405257957
  },
  "PF": {
    "cov_gene": 70.77656576257698,
    "r2_depth": 0,
    "r_mono": 1,
    "cov_cell": 1.669883964541394e-14
  },
  "sqrt": {
    "cov_gene": 5.1166626218075795,
    "r2_depth": 0.9621026613758666,
    "r_mono": 1,
    "cov_cell": 0.6363536044602173
  },
  "log1p": {
    "cov_gene": 2.7267611638635256,
    "r2_depth": 0.9584393146169471,
    "r_mono": 1,
    "cov_cell": 0.6288985688523983
  },
  "log1pCP10k": {
    "cov_gene": 2.0803950766686747,
    "r2_depth": 0.6287649631381083,
    "r_mono": 1,
    "cov_cell": 0.23348725816259416
  },
  "log1pCPM": {
    "cov_gene": 1.7439175241840057,
    "r2_depth": 0.8536346294598933,
    "r_mono": 1,
    "cov_cell": 0.4275505451501345
  },
  "scalelog1pCP10k": {
    "cov_gene": 2.2282392630318294e-13,
    "r2_depth": 0.7047713727765998,
    "r_mono": 0.31299593148514404,
    "cov_cell": null
  },
  "sctransform": {
    "cov_gene": 0.5206597035617169,
    "r2_depth": 0.05405242670608179,
    "r_mono": 0.2318813947991008,
    "cov_cell": null
  },
  "log1pPF": {
    "cov_gene": 2.5026866433291532,
    "r2_depth": 0.505956078888087,
    "r_mono": 1,
    "cov_cell": 0.15862867342008075
  },
  "PFlog1pPF": {
    "cov_gene": 2.7571226016000274,
    "r2_depth": 0,
    "r_mono": 1,
    "cov_cell": 1.4653209693581817e-14
  }
}
