{"ncells": 163, "ngenes": 60623, "nvals": 431370, "avg_per_cell": 10041.171779141105, "avg_per_gene": 26.99818550715075, "min_cell": 334, "max_cell": 83241, "total_count": 1636711, "overdispersion": 3.0897726298662493, "raw": {"cov_gene": 118.6906808487976, "cov_cell": 1.2514092095217177, "r2_depth": 1.0, "r_mono": 1}, "PF": {"cov_gene": 104.97215879923046, "cov_cell": 3.286190620244784e-14, "r2_depth": 0, "r_mono": 1}, "log1p": {"cov_gene": 3.3916991310412055, "cov_cell": 0.9589162640724365, "r2_depth": 0.8962426249911046, "r_mono": 1}, "log1pPF": {"cov_gene": 3.2866893591842223, "cov_cell": 0.43350120229802735, "r2_depth": 0.2939160252191372, "r_mono": 1}, "PFlog1pPF": {"cov_gene": 23.544466609476576, "cov_cell": 2.536392039309735e-14, "r2_depth": 0, "r_mono": 1}, "log1pCPM": {"cov_gene": 2.0962380101595377, "cov_cell": 0.643975646411008, "r2_depth": 0.6707488838770161, "r_mono": 1}, "log1pCP10k": {"cov_gene": 3.2901495280695343, "cov_cell": 0.43327594893107746, "r2_depth": 0.2934851489430017, "r_mono": 1}, "sqrt": {"cov_gene": 12.602440675758883, "cov_cell": 0.956691561713359, "r2_depth": 0.9057881184579978, "r_mono": 1}, "density": 0.043654087026234446}