{"raw": {"cov_gene": 86.63064011460412, "r2_depth": 1.0, "r_mono": 1.0, "cov_cell": 0.5392028884216383}, "PF": {"cov_gene": 109.01863999718404, "r2_depth": 0, "r_mono": 1.0, "cov_cell": 1.2709123911664139e-14}, "sqrt": {"cov_gene": 3.0832343696551288, "r2_depth": 0.9780877408821508, "r_mono": 1.0, "cov_cell": 0.453692912465857}, "log1p": {"cov_gene": 2.351650277199809, "r2_depth": 0.9765258368029155, "r_mono": 1.0, "cov_cell": 0.4561888770314242}, "log1pCP10k": {"cov_gene": 1.5743461386620263, "r2_depth": 0.792396172477936, "r_mono": 1.0, "cov_cell": 0.23047613123433563}, "log1pCPM": {"cov_gene": 1.3568048647148094, "r2_depth": 0.9208766499597545, "r_mono": 1.0, "cov_cell": 0.34409865676322465}, "scalelog1pCP10k": {"cov_gene": 4.237961436280464e-14, "r2_depth": 0.7642972667275383, "r_mono": 0.3603482013675933, "cov_cell": null}, "sctransform": {"cov_gene": 0.36322109410446574, "r2_depth": 0.7194107375533936, "r_mono": 0.286273385856404, "cov_cell": null}, "log1pPF": {"cov_gene": 1.9948485710031443, "r2_depth": 0.6639889909364421, "r_mono": 1.0, "cov_cell": 0.1592141880779409}, "PFlog1pPF": {"cov_gene": 2.114244485392842, "r2_depth": 0, "r_mono": 1.0, "cov_cell": 1.2549770050479804e-14}, "ncells": 3017, "ngenes": 21653, "avg_per_cell": 2387.44, "avg_per_gene": 332.65, "min_cell": 324.0, "max_cell": 14495.0, "overdispersion": 0.17, "total_count": 7202907, "nvals": 3400028, "density": 0.052046209734609224}