{
    "raw": {
        "cov_gene": 86.63064011460412,
        "r2_depth": 1.0,
        "r_mono": 1.0
    },
    "PF": {
        "cov_gene": 109.01863999718404,
        "r2_depth": 0,
        "r_mono": 1.0
    },
    "sqrt": {
        "cov_gene": 3.0832343696551288,
        "r2_depth": 0.9780877408821508,
        "r_mono": 1.0
    },
    "log1p": {
        "cov_gene": 2.351650277199809,
        "r2_depth": 0.9765258368029155,
        "r_mono": 1.0
    },
    "log1pCP10k": {
        "cov_gene": 1.5743461386620263,
        "r2_depth": 0.792396172477936,
        "r_mono": 1.0
    },
    "log1pCPM": {
        "cov_gene": 1.3568048647148094,
        "r2_depth": 0.9208766499597545,
        "r_mono": 1.0
    },
    "scalelog1pCP10k": {
        "cov_gene": 4.237961436280464e-14,
        "r2_depth": 0.7642972667275383,
        "r_mono": 0.3603482013675933
    },
    "sctransform": {
        "cov_gene": 0.36322109410446574,
        "r2_depth": 0.7194107375533936,
        "r_mono": 0.286273385856404
    },
    "log1pPF": {
        "cov_gene": 1.9948485710031443,
        "r2_depth": 0.6639889909364421,
        "r_mono": 1.0
    },
    "PFlog1pPF": {
        "cov_gene": 2.114244485392842,
        "r2_depth": 0,
        "r_mono": 1.0
    },
    "ncells": "3017",
    "ngenes": 21653,
    "avg_per_cell": "2387.44",
    "avg_per_gene": "332.65",
    "min_cell": "324",
    "max_cell": "14495",
    "overdispersion": "0.17"
}