{
  "ncells": 6799,
  "ngenes": 60623,
  "nvals": 10690488,
  "density": 0.025936720682156925,
  "total_counts": 33955911,
  "overdispersion": 0.949413332519324,
  "avg_per_cell": 4994.250772172379,
  "avg_per_gene": 560.115979083846,
  "max_cell": 45736,
  "min_cell": 61,
  "raw": {
    "cov_gene": 94.4417094378395,
    "cov_cell": 0.9722141445286139,
    "r2_depth": 1,
    "r_mono": 1
  },
  "PF": {
    "cov_gene": 43.07632043923183,
    "cov_cell": 1.7043181678831313e-14,
    "r2_depth": 0,
    "r_mono": 1
  },
  "sqrt": {
    "cov_gene": 9.437980644556559,
    "cov_cell": 0.8771835329066429,
    "r2_depth": 0.9767488021145642,
    "r_mono": 1
  },
  "log1p": {
    "cov_gene": 5.159792732880622,
    "cov_cell": 0.8762343347496577,
    "r2_depth": 0.9742716508027913,
    "r_mono": 1
  },
  "log1pCP10k": {
    "cov_gene": 4.447134769106513,
    "cov_cell": 0.6156780843334,
    "r2_depth": 0.7572707792318832,
    "r_mono": 1
  },
  "log1pCPM": {
    "cov_gene": 2.6522554165625225,
    "cov_cell": 0.75806007491309,
    "r2_depth": 0.9054726488327408,
    "r_mono": 1
  },
  "log1pPF": {
    "cov_gene": 5.343887860267232,
    "cov_cell": 0.5696482809193907,
    "r2_depth": 0.717198614791646,
    "r_mono": 1
  },
  "PFlog1pPF": {
    "cov_gene": 9.243534395009073,
    "cov_cell": 1.6354528330557524e-14,
    "r2_depth": 0,
    "r_mono": 1
  }
}
