{
  "ncells": 5881,
  "ngenes": 60623,
  "nvals": 5892158,
  "density": 0.01652668618145204,
  "total_counts": 14965411,
  "overdispersion": 0.9942176986829421,
  "avg_per_cell": 2544.7051521850026,
  "avg_per_gene": 246.86028405060785,
  "max_cell": 42381,
  "min_cell": 303,
  "raw": {
    "cov_gene": 77.20788300293067,
    "cov_cell": 1.0944337455577875,
    "r2_depth": 1,
    "r_mono": 1
  },
  "PF": {
    "cov_gene": 86.62927653426814,
    "cov_cell": 1.1133411377264746e-14,
    "r2_depth": 0,
    "r_mono": 1
  },
  "sqrt": {
    "cov_gene": 7.263402430862614,
    "cov_cell": 0.7309307307420582,
    "r2_depth": 0.9165323963255453,
    "r_mono": 1
  },
  "log1p": {
    "cov_gene": 4.864501831123223,
    "cov_cell": 0.7176107875044985,
    "r2_depth": 0.9029901241841402,
    "r_mono": 1
  },
  "log1pCP10k": {
    "cov_gene": 3.490910760503371,
    "cov_cell": 0.2856790658778177,
    "r2_depth": 0.4709037030275043,
    "r_mono": 1
  },
  "log1pCPM": {
    "cov_gene": 2.8745033670301527,
    "cov_cell": 0.4870469666518904,
    "r2_depth": 0.7561567081945807,
    "r_mono": 1
  },
  "log1pPF": {
    "cov_gene": 4.379165882877948,
    "cov_cell": 0.1950690121281143,
    "r2_depth": 0.29807075243222225,
    "r_mono": 1
  },
  "PFlog1pPF": {
    "cov_gene": 9.279480684410062,
    "cov_cell": 1.2668397094250379e-14,
    "r2_depth": 0,
    "r_mono": 1
  }
}
