{
  "ncells": 3000,
  "ngenes": 60623,
  "nvals": 4616929,
  "density": 0.02538601410905652,
  "total_counts": 14970752,
  "overdispersion": 2.5958691388386392,
  "avg_per_cell": 4990.250666666667,
  "avg_per_gene": 246.94838592613365,
  "max_cell": 117660,
  "min_cell": 645,
  "raw": {
    "cov_gene": 90.27479915389615,
    "cov_cell": 1.6115689225655871,
    "r2_depth": 1,
    "r_mono": 1
  },
  "PF": {
    "cov_gene": 85.04306750387636,
    "cov_cell": 1.6849959669169615e-14,
    "r2_depth": 0,
    "r_mono": 1
  },
  "sqrt": {
    "cov_gene": 9.880538236094493,
    "cov_cell": 1.0716598178668129,
    "r2_depth": 0.9450205943952463,
    "r_mono": 1
  },
  "log1p": {
    "cov_gene": 4.116610833547548,
    "cov_cell": 1.0555182863298929,
    "r2_depth": 0.9370396337473491,
    "r_mono": 1
  },
  "log1pCP10k": {
    "cov_gene": 3.310598902541644,
    "cov_cell": 0.3209343992321299,
    "r2_depth": 0.4421167944309796,
    "r_mono": 1
  },
  "log1pCPM": {
    "cov_gene": 2.513983096138425,
    "cov_cell": 0.6429755581928327,
    "r2_depth": 0.7736275347707838,
    "r_mono": 1
  },
  "log1pPF": {
    "cov_gene": 3.7524615842120888,
    "cov_cell": 0.2636083082259114,
    "r2_depth": 0.35527683163335444,
    "r_mono": 1
  },
  "PFlog1pPF": {
    "cov_gene": 5.996458927354205,
    "cov_cell": 1.79148646022192e-14,
    "r2_depth": 0,
    "r_mono": 1
  }
}
