{
  "ncells": 9210,
  "ngenes": 15314,
  "nvals": 914792,
  "density": 0.00648595729752441,
  "total_counts": 1560500,
  "overdispersion": 2.95,
  "avg_per_cell": 169.44,
  "avg_per_gene": 101.9,
  "max_cell": 1789,
  "min_cell": 1,
  "raw": {
    "cov_gene": 79.16497353639595,
    "r2_depth": 1,
    "r_mono": 1,
    "cov_cell": 0.6102739092077385
  },
  "PF": {
    "cov_gene": 66.32521747790769,
    "r2_depth": 0,
    "r_mono": 1,
    "cov_cell": 1.8534443573252137e-15
  },
  "sqrt": {
    "cov_gene": 11.044855449518236,
    "r2_depth": 0.8207195727398214,
    "r_mono": 1,
    "cov_cell": 0.49716084228788676
  },
  "log1p": {
    "cov_gene": 6.161053659833034,
    "r2_depth": 0.7954695894778577,
    "r_mono": 1,
    "cov_cell": 0.49391814651984745
  },
  "log1pCP10k": {
    "cov_gene": 2.980562017302167,
    "r2_depth": 0.6085069135929141,
    "r_mono": 1,
    "cov_cell": 0.3428255133836667
  },
  "log1pCPM": {
    "cov_gene": 2.7619878300332434,
    "r2_depth": 0.7148712341489869,
    "r_mono": 1,
    "cov_cell": 0.4179263646535748
  },
  "scalelog1pCP10k": {
    "cov_gene": 1.396212678516575e-13,
    "r2_depth": 0.6163709844146976,
    "r_mono": 0.13137000128814463,
    "cov_cell": null
  },
  "sctransform": {
    "cov_gene": 0.8849925875550977,
    "r2_depth": 0.0030179317554211993,
    "r_mono": 0.12169169488680877,
    "cov_cell": null
  },
  "log1pPF": {
    "cov_gene": 5.688367246891602,
    "r2_depth": 0.06390807953201649,
    "r_mono": 1,
    "cov_cell": 0.18092853678521742
  },
  "PFlog1pPF": {
    "cov_gene": 22.705009251773614,
    "r2_depth": 0,
    "r_mono": 1,
    "cov_cell": 1.2501426257046868e-15
  }
}
