{
  "ncells": 5779,
  "ngenes": 60623,
  "nvals": 10371212,
  "density": 0.029603250030740824,
  "total_counts": 41670515,
  "overdispersion": 5.553066448247169,
  "avg_per_cell": 7210.679183249697,
  "avg_per_gene": 687.3713772000726,
  "max_cell": 66210,
  "min_cell": 80,
  "raw": {
    "cov_gene": 128.04976753992875,
    "cov_cell": 1.0578440618325347,
    "r2_depth": 1,
    "r_mono": 1
  },
  "PF": {
    "cov_gene": 81.37383544040146,
    "cov_cell": 2.4683433410527013e-14,
    "r2_depth": 0,
    "r_mono": 1
  },
  "sqrt": {
    "cov_gene": 16.203478393435113,
    "cov_cell": 0.8655843243102662,
    "r2_depth": 0.9159909329487609,
    "r_mono": 1
  },
  "log1p": {
    "cov_gene": 4.9971261521647845,
    "cov_cell": 0.859843125376421,
    "r2_depth": 0.9064470612461231,
    "r_mono": 1
  },
  "log1pCP10k": {
    "cov_gene": 4.540116183135782,
    "cov_cell": 0.5190049758843658,
    "r2_depth": 0.479067501613748,
    "r_mono": 1
  },
  "log1pCPM": {
    "cov_gene": 2.5872911301127024,
    "cov_cell": 0.6889966747297168,
    "r2_depth": 0.762929562456075,
    "r_mono": 1
  },
  "log1pPF": {
    "cov_gene": 4.999966141360461,
    "cov_cell": 0.4997659859291264,
    "r2_depth": 0.44657833942509084,
    "r_mono": 1
  },
  "PFlog1pPF": {
    "cov_gene": 15.854842828566438,
    "cov_cell": 2.1575244787107955e-14,
    "r2_depth": 0,
    "r_mono": 1
  }
}
