{
  "ncells": 3379,
  "ngenes": 12797,
  "nvals": 506075,
  "density": 0.01170357444727943,
  "total_counts": 1178112,
  "overdispersion": 3.47,
  "avg_per_cell": 348.66,
  "avg_per_gene": 92.06,
  "max_cell": 6033,
  "min_cell": 1,
  "raw": {
    "cov_gene": 64.34337573297897,
    "r2_depth": 1,
    "r_mono": 1,
    "cov_cell": 1.0195630830342222
  },
  "PF": {
    "cov_gene": 61.90620448507259,
    "r2_depth": 0,
    "r_mono": 1,
    "cov_cell": 3.1661828182008587e-15
  },
  "sqrt": {
    "cov_gene": 12.034726426070062,
    "r2_depth": 0.8222160079702927,
    "r_mono": 1,
    "cov_cell": 0.9031530094269801
  },
  "log1p": {
    "cov_gene": 5.414669974262256,
    "r2_depth": 0.8048299874281448,
    "r_mono": 1,
    "cov_cell": 0.9319083440116955
  },
  "log1pCP10k": {
    "cov_gene": 2.5487237622833008,
    "r2_depth": 0.4590217052283416,
    "r_mono": 1,
    "cov_cell": 0.529394217604655
  },
  "log1pCPM": {
    "cov_gene": 2.1513790616170865,
    "r2_depth": 0.6390974352211003,
    "r_mono": 1,
    "cov_cell": 0.6688974390500451
  },
  "scalelog1pCP10k": {
    "cov_gene": 5.1548516933916043e-14,
    "r2_depth": 0.5112144737773204,
    "r_mono": 0.1733435222552566,
    "cov_cell": null
  },
  "sctransform": {
    "cov_gene": 0.8283652834742276,
    "r2_depth": 0.011471275144900428,
    "r_mono": 0.15825600845745227,
    "cov_cell": null
  },
  "log1pPF": {
    "cov_gene": 5.616059895516683,
    "r2_depth": 0.10501833906049873,
    "r_mono": 1,
    "cov_cell": 0.36882097379965717
  },
  "PFlog1pPF": {
    "cov_gene": 35.14746765914818,
    "r2_depth": 0,
    "r_mono": 1,
    "cov_cell": 2.276127689882755e-15
  }
}
