{
  "ncells": 87,
  "ngenes": 11260,
  "nvals": 218596,
  "density": 0.22314366795287968,
  "total_counts": 695552,
  "overdispersion": 10.37,
  "avg_per_cell": 7994.85,
  "avg_per_gene": 61.77,
  "max_cell": 68559,
  "min_cell": 947,
  "raw": {
    "cov_gene": 81.19050039467795,
    "r2_depth": 1,
    "r_mono": 1,
    "cov_cell": 1.0522735163655894
  },
  "PF": {
    "cov_gene": 56.68632469524782,
    "r2_depth": 0,
    "r_mono": 1,
    "cov_cell": 2.647778957465627e-14
  },
  "sqrt": {
    "cov_gene": 6.836271027995236,
    "r2_depth": 0.8530293880107032,
    "r_mono": 1,
    "cov_cell": 0.6302986387210248
  },
  "log1p": {
    "cov_gene": 1.0234241745890718,
    "r2_depth": 0.8374202502904281,
    "r_mono": 1,
    "cov_cell": 0.625618230153671
  },
  "log1pCP10k": {
    "cov_gene": 0.8929124187175238,
    "r2_depth": 0.14699172285906448,
    "r_mono": 1,
    "cov_cell": 0.22526586404299404
  },
  "log1pCPM": {
    "cov_gene": 0.5344295915561827,
    "r2_depth": 0.5279513435233694,
    "r_mono": 1,
    "cov_cell": 0.3595648029301996
  },
  "scalelog1pCP10k": {
    "cov_gene": 1.1915975612791276e-15,
    "r2_depth": 0.1964861474599373,
    "r_mono": 0.6470839112752291,
    "cov_cell": null
  },
  "sctransform": {
    "cov_gene": 0.3312730734262362,
    "r2_depth": 0.1970544806558977,
    "r_mono": 0.5105467857871803,
    "cov_cell": null
  },
  "log1pPF": {
    "cov_gene": 0.9572310761991468,
    "r2_depth": 0.12536368867363257,
    "r_mono": 1,
    "cov_cell": 0.21849520789524343
  },
  "PFlog1pPF": {
    "cov_gene": 14.26846670476412,
    "r2_depth": 0,
    "r_mono": 1,
    "cov_cell": 1.792312173124206e-14
  }
}
