{
  "ncells": 5193,
  "ngenes": 60623,
  "nvals": 8184013,
  "density": 0.02599624156059358,
  "total_counts": 32429469,
  "overdispersion": 7.5116638480599125,
  "avg_per_cell": 6244.842865395725,
  "avg_per_gene": 534.9367236857298,
  "max_cell": 82726,
  "min_cell": 56,
  "raw": {
    "cov_gene": 102.43100187579067,
    "cov_cell": 1.3048964952191184,
    "r2_depth": 1,
    "r_mono": 1
  },
  "PF": {
    "cov_gene": 56.1954552723324,
    "cov_cell": 2.208950868763165e-14,
    "r2_depth": 0,
    "r_mono": 1
  },
  "sqrt": {
    "cov_gene": 12.394746214673244,
    "cov_cell": 1.0042400142022896,
    "r2_depth": 0.8735831283920649,
    "r_mono": 1
  },
  "log1p": {
    "cov_gene": 5.2947647346126425,
    "cov_cell": 0.9939249138617215,
    "r2_depth": 0.8560207859280982,
    "r_mono": 1
  },
  "log1pCP10k": {
    "cov_gene": 4.974777628516082,
    "cov_cell": 0.6218263598883469,
    "r2_depth": 0.4287950344372481,
    "r_mono": 1
  },
  "log1pCPM": {
    "cov_gene": 2.7814428293420193,
    "cov_cell": 0.8072294054567808,
    "r2_depth": 0.6798351167364525,
    "r_mono": 1
  },
  "log1pPF": {
    "cov_gene": 5.657918782583983,
    "cov_cell": 0.5885609074723542,
    "r2_depth": 0.3956030792249535,
    "r_mono": 1
  },
  "PFlog1pPF": {
    "cov_gene": 14.308811391587026,
    "cov_cell": 1.8110209362187128e-14,
    "r2_depth": 0,
    "r_mono": 1
  }
}
