{
  "ncells": 8509,
  "ngenes": 23908,
  "nvals": 7078075,
  "density": 0.03479312115331908,
  "total_counts": 18374459,
  "overdispersion": 1.62,
  "avg_per_cell": 2159.41,
  "avg_per_gene": 768.55,
  "max_cell": 84371,
  "min_cell": 276,
  "raw": {
    "cov_gene": 39.06462738137862,
    "r2_depth": 1,
    "r_mono": 1,
    "cov_cell": 1.6453963760403278
  },
  "PF": {
    "cov_gene": 58.754580588952884,
    "r2_depth": 0,
    "r_mono": 1,
    "cov_cell": 1.5539362728237005e-14
  },
  "sqrt": {
    "cov_gene": 5.900079080920875,
    "r2_depth": 0.8787701015325926,
    "r_mono": 1,
    "cov_cell": 0.9637170725038308
  },
  "log1p": {
    "cov_gene": 3.414446516295329,
    "r2_depth": 0.861125334086493,
    "r_mono": 1,
    "cov_cell": 0.9415844248851076
  },
  "log1pCP10k": {
    "cov_gene": 2.289671730491349,
    "r2_depth": 0.3382254213005046,
    "r_mono": 1,
    "cov_cell": 0.3769156148405721
  },
  "log1pCPM": {
    "cov_gene": 1.732302266641015,
    "r2_depth": 0.6214080658320523,
    "r_mono": 1,
    "cov_cell": 0.6155983685625057
  },
  "scalelog1pCP10k": {
    "cov_gene": 1.2196177726530146e-13,
    "r2_depth": 0.3216765570462441,
    "r_mono": 0.2820753765006564,
    "cov_cell": null
  },
  "sctransform": {
    "cov_gene": 0.8621566150085044,
    "r2_depth": 0.3673793720493166,
    "r_mono": 0.2108557949111181,
    "cov_cell": null
  },
  "log1pPF": {
    "cov_gene": 3.1027485910411574,
    "r2_depth": 0.22699341207020707,
    "r_mono": 1,
    "cov_cell": 0.24585313466448291
  },
  "PFlog1pPF": {
    "cov_gene": 3.5668935340900414,
    "r2_depth": 0,
    "r_mono": 1,
    "cov_cell": 1.0480090756528647e-14
  }
}
