{"raw": {"cov_gene": 28.259356148536003, "r2_depth": 1.0, "r_mono": 1.0, "cov_cell": 0.8648926484550782}, "PF": {"cov_gene": 47.996062375513056, "r2_depth": 0, "r_mono": 1.0, "cov_cell": 2.5759338757989002e-14}, "sqrt": {"cov_gene": 5.75338320175592, "r2_depth": 0.9660079357850062, "r_mono": 1.0, "cov_cell": 0.6910346542015002}, "log1p": {"cov_gene": 2.315354195713126, "r2_depth": 0.9614806183966316, "r_mono": 1.0, "cov_cell": 0.6857804685005594}, "log1pCP10k": {"cov_gene": 1.9213946633977592, "r2_depth": 0.5547465896987998, "r_mono": 1.0, "cov_cell": 0.30029066116875897}, "log1pCPM": {"cov_gene": 1.2065610299864067, "r2_depth": 0.8408431816658639, "r_mono": 1.0, "cov_cell": 0.506145890212218}, "scalelog1pCP10k": {"cov_gene": 2.5509358020089582e-14, "r2_depth": 0.4439836475485771, "r_mono": 0.4620383870168121, "cov_cell": null}, "sctransform": {"cov_gene": 0.5012093572697698, "r2_depth": 0.6266708426485145, "r_mono": 0.27564412218639733, "cov_cell": null}, "log1pPF": {"cov_gene": 1.8490371176704488, "r2_depth": 0.5722770587733181, "r_mono": 1.0, "cov_cell": 0.3110328718203263}, "PFlog1pPF": {"cov_gene": 5.6580730182049015, "r2_depth": 0, "r_mono": 1.0, "cov_cell": 1.9544640381541613e-14}, "ncells": 1760, "ngenes": 24357, "avg_per_cell": 11703.86, "avg_per_gene": 845.7, "min_cell": 708.0, "max_cell": 55992.0, "overdispersion": 0.88, "total_count": 20598797, "nvals": 4767549, "sparsity": 0.11121380543954137}