{"raw": {"cov_gene": 28.259356148536003, "r2_depth": 1.0, "r_mono": 1.0}, "PF": {"cov_gene": 47.996062375513056, "r2_depth": 0, "r_mono": 1.0}, "sqrt": {"cov_gene": 5.75338320175592, "r2_depth": 0.9660079357850062, "r_mono": 1.0}, "log1p": {"cov_gene": 2.315354195713126, "r2_depth": 0.9614806183966316, "r_mono": 1.0}, "log1pCP10k": {"cov_gene": 1.9213946633977592, "r2_depth": 0.5547465896987998, "r_mono": 1.0}, "log1pCPM": {"cov_gene": 1.2065610299864067, "r2_depth": 0.8408431816658639, "r_mono": 1.0}, "scalelog1pCP10k": {"cov_gene": 2.5509358020089582e-14, "r2_depth": 0.4439836475485771, "r_mono": 0.4620383870168121}, "sctransform": {"cov_gene": 0.5012093572697698, "r2_depth": 0.6266708426485145, "r_mono": 0.27564412218639733}, "log1pPF": {"cov_gene": 1.8490371176704488, "r2_depth": 0.5722770587733181, "r_mono": 1.0}, "PFlog1pPF": {"cov_gene": 5.6580730182049015, "r2_depth": 0, "r_mono": 1.0}}