{"ncells": 1760, "ngenes": 60623, "nvals": 4784190, "avg_per_cell": 11713.62784090909, "avg_per_gene": 340.0687032974284, "min_cell": 708, "max_cell": 56022, "total_count": 20615985, "overdispersion": 0.8761413446073438, "raw": {"cov_gene": 44.598592412689136, "cov_cell": 0.8647072132188096, "r2_depth": 1.0, "r_mono": 1}, "PF": {"cov_gene": 75.69198853273633, "cov_cell": 3.051963648510804e-14, "r2_depth": 0, "r_mono": 1}, "log1p": {"cov_gene": 3.841481032603915, "cov_cell": 0.6857480280545044, "r2_depth": 0.9614682522589056, "r_mono": 1}, "log1pPF": {"cov_gene": 3.15090622337656, "cov_cell": 0.31100050521035943, "r2_depth": 0.5715145535140134, "r_mono": 1}, "PFlog1pPF": {"cov_gene": 8.996929813474146, "cov_cell": 2.5748930659945784e-14, "r2_depth": 0, "r_mono": 1}, "log1pCPM": {"cov_gene": 2.2483535503028818, "cov_cell": 0.5062417228065579, "r2_depth": 0.8408129063201202, "r_mono": 1}, "log1pCP10k": {"cov_gene": 3.257141250151903, "cov_cell": 0.3001983676112262, "r2_depth": 0.5538478969261398, "r_mono": 1}, "sqrt": {"cov_gene": 9.13953385935465, "cov_cell": 0.6909876939539488, "r2_depth": 0.9659881205762272, "r_mono": 1}, "density": 0.04483924867999394}