{
  "ncells": 3839,
  "ngenes": 60623,
  "nvals": 5146167,
  "density": 0.022112015966608965,
  "total_counts": 20396285,
  "overdispersion": 1.0425952597251473,
  "avg_per_cell": 5312.9161239906225,
  "avg_per_gene": 336.44466621579267,
  "max_cell": 52931,
  "min_cell": 477,
  "raw": {
    "cov_gene": 72.52687454183364,
    "cov_cell": 1.10641035883877,
    "r2_depth": 1,
    "r_mono": 1
  },
  "PF": {
    "cov_gene": 88.96833253412066,
    "cov_cell": 1.942803425412328e-14,
    "r2_depth": 0,
    "r_mono": 1
  },
  "sqrt": {
    "cov_gene": 11.40908121628026,
    "cov_cell": 0.9091162718750576,
    "r2_depth": 0.9303805455134229,
    "r_mono": 1
  },
  "log1p": {
    "cov_gene": 5.329235992471657,
    "cov_cell": 0.9073268109439134,
    "r2_depth": 0.9177258163841348,
    "r_mono": 1
  },
  "log1pCP10k": {
    "cov_gene": 4.079374295617432,
    "cov_cell": 0.4298265665364025,
    "r2_depth": 0.4721127765927753,
    "r_mono": 1
  },
  "log1pCPM": {
    "cov_gene": 2.8300477692055472,
    "cov_cell": 0.6487860356120448,
    "r2_depth": 0.7936208959317714,
    "r_mono": 1
  },
  "log1pPF": {
    "cov_gene": 4.750607233818298,
    "cov_cell": 0.3932748949028861,
    "r2_depth": 0.3886366455719116,
    "r_mono": 1
  },
  "PFlog1pPF": {
    "cov_gene": 17.990755163195654,
    "cov_cell": 1.3776534769909827e-14,
    "r2_depth": 0,
    "r_mono": 1
  }
}
