{"raw": {"cov_gene": 21.498085529738272, "r2_depth": 1.0, "r_mono": 1.0}, "PF": {"cov_gene": 30.747411846449353, "r2_depth": 0, "r_mono": 1.0}, "sqrt": {"cov_gene": 3.7977317633068393, "r2_depth": 0.9774981359082334, "r_mono": 1.0}, "log1p": {"cov_gene": 2.436113888465047, "r2_depth": 0.9719897305237425, "r_mono": 1.0}, "log1pCP10k": {"cov_gene": 1.7694192620106415, "r2_depth": 0.806105873444914, "r_mono": 1.0}, "log1pCPM": {"cov_gene": 1.368948552447062, "r2_depth": 0.9020048438080103, "r_mono": 1.0}, "scalelog1pCP10k": {"cov_gene": 9.364884269006034e-15, "r2_depth": 0.7995926001648764, "r_mono": 0.36332105658606384}, "sctransform": {"cov_gene": 0.7115550800457113, "r2_depth": 0.07041617522246757, "r_mono": 0.27160690718330316}, "log1pPF": {"cov_gene": 2.378223756271972, "r2_depth": 0.7014227230505548, "r_mono": 1.0}, "PFlog1pPF": {"cov_gene": 3.037468465955971, "r2_depth": 0, "r_mono": 1.0}}