{"ncells": 604, "ngenes": 60623, "nvals": 289936, "avg_per_cell": 1995.385761589404, "avg_per_gene": 19.880457912013593, "min_cell": 150, "max_cell": 11500, "total_count": 1205213, "overdispersion": 1.749377142829874, "raw": {"cov_gene": 57.8083531991148, "cov_cell": 0.7759441777362174, "r2_depth": 1.0, "r_mono": 1}, "PF": {"cov_gene": 80.13851075182116, "cov_cell": 4.192260747619558e-15, "r2_depth": 0, "r_mono": 1}, "log1p": {"cov_gene": 6.7428546807876275, "cov_cell": 0.6397180254347128, "r2_depth": 0.9735286239790139, "r_mono": 1}, "log1pPF": {"cov_gene": 6.55007885462918, "cov_cell": 0.2904980488769583, "r2_depth": 0.7020449142715477, "r_mono": 1}, "PFlog1pPF": {"cov_gene": 8.035232561124664, "cov_cell": 2.9466278748467913e-15, "r2_depth": 0, "r_mono": 1}, "log1pCPM": {"cov_gene": 4.141478099767001, "cov_cell": 0.48785057813675275, "r2_depth": 0.9053160880698576, "r_mono": 1}, "log1pCP10k": {"cov_gene": 5.083271781058303, "cov_cell": 0.3745057982876007, "r2_depth": 0.8076155416592403, "r_mono": 1}, "sqrt": {"cov_gene": 10.149490883877974, "cov_cell": 0.6465184488444637, "r2_depth": 0.9784766967876667, "r_mono": 1}, "density": 0.007918223942500786}