{"raw": {"cov_gene": 68.08992530699693, "r2_depth": 1.0, "r_mono": 1.0}, "PF": {"cov_gene": 53.3249963967603, "r2_depth": 0, "r_mono": 1.0}, "sqrt": {"cov_gene": 12.135475064916335, "r2_depth": 0.5588968658014303, "r_mono": 1.0}, "log1p": {"cov_gene": 4.737374976828965, "r2_depth": 0.511666268640762, "r_mono": 1.0}, "log1pCP10k": {"cov_gene": 2.029335002818397, "r2_depth": 0.21800293481604616, "r_mono": 1.0}, "log1pCPM": {"cov_gene": 1.7669719048930879, "r2_depth": 0.36684694521291106, "r_mono": 1.0}, "scalelog1pCP10k": {"cov_gene": 2.060945418994751e-14, "r2_depth": 0.21716016529145954, "r_mono": 0.22870439548387286}, "sctransform": {"cov_gene": 0.513650654452446, "r2_depth": 0.12149735854404153, "r_mono": 0.20122025840025573}, "log1pPF": {"cov_gene": 4.229381828852307, "r2_depth": 0.003955919959659604, "r_mono": 1.0}, "PFlog1pPF": {"cov_gene": 30.91991932555799, "r2_depth": 0, "r_mono": 1.0}}