{
    "raw": {
        "cov_gene": 114.16266300209011,
        "r2_depth": 1.0,
        "r_mono": 1.0
    },
    "PF": {
        "cov_gene": 76.14469151686828,
        "r2_depth": 0,
        "r_mono": 1.0
    },
    "sqrt": {
        "cov_gene": 9.848231940103194,
        "r2_depth": 0.9700388996252972,
        "r_mono": 1.0
    },
    "log1p": {
        "cov_gene": 3.7410470855926423,
        "r2_depth": 0.9667373351318447,
        "r_mono": 1.0
    },
    "log1pCP10k": {
        "cov_gene": 3.079973601474414,
        "r2_depth": 0.6592737208552842,
        "r_mono": 1.0
    },
    "log1pCPM": {
        "cov_gene": 1.7313452317786169,
        "r2_depth": 0.8663282552865714,
        "r_mono": 1.0
    },
    "scalelog1pCP10k": {
        "cov_gene": 8.672926673222554e-14,
        "r2_depth": 0.6962152945810123,
        "r_mono": 0.314810828243473
    },
    "sctransform": {
        "cov_gene": 0.5674644203853353,
        "r2_depth": 0.6158868066477894,
        "r_mono": 0.18514812982078838
    },
    "log1pPF": {
        "cov_gene": 3.8257115204738503,
        "r2_depth": 0.6012005843634849,
        "r_mono": 1.0
    },
    "PFlog1pPF": {
        "cov_gene": 5.6325438119275075,
        "r2_depth": 0,
        "r_mono": 1.0
    },
    "ncells": 5932,
    "ngenes": 25597,
    "avg_per_cell": 4201.35,
    "avg_per_gene": 973.65,
    "min_cell": 59.0,
    "max_cell": 49813.0,
    "overdispersion": 1.44
}