{"ncells": 6435, "ngenes": 60623, "nvals": 3607623, "avg_per_cell": 1868.613986013986, "avg_per_gene": 198.34932286425945, "min_cell": 82, "max_cell": 144797, "total_count": 12024531, "overdispersion": 5.998151625889245, "raw": {"cov_gene": 67.11570250465999, "cov_cell": 2.811593595092401, "r2_depth": 1.0, "r_mono": 1}, "PF": {"cov_gene": 98.7638316916019, "cov_cell": 1.3453350330832475e-14, "r2_depth": 0, "r_mono": 1}, "log1p": {"cov_gene": 6.771421833478443, "cov_cell": 1.9604280510750454, "r2_depth": 0.8360535855617379, "r_mono": 1}, "log1pPF": {"cov_gene": 8.936282660388002, "cov_cell": 0.7658411349651678, "r2_depth": 0.26300147244575534, "r_mono": 1}, "PFlog1pPF": {"cov_gene": 23.102670868818407, "cov_cell": 1.1208854027500463e-14, "r2_depth": 0, "r_mono": 1}, "log1pCPM": {"cov_gene": 3.6455007238430115, "cov_cell": 1.4492585856428122, "r2_depth": 0.6194663720158042, "r_mono": 1}, "log1pCP10k": {"cov_gene": 6.149094412857071, "cov_cell": 1.0280850585062176, "r2_depth": 0.36315848303444886, "r_mono": 1}, "sqrt": {"cov_gene": 14.166785303339715, "cov_cell": 1.979817664423747, "r2_depth": 0.8556918957453088, "r_mono": 1}, "density": 0.009247730643900415}