{"raw": {"cov_gene": 42.28523604914761, "r2_depth": 1.0, "r_mono": 1.0, "cov_cell": 2.8115632908831447}, "PF": {"cov_gene": 62.22163788561299, "r2_depth": 0, "r_mono": 1.0, "cov_cell": 1.9904094309168808e-14}, "sqrt": {"cov_gene": 8.90999410985688, "r2_depth": 0.8547610112863526, "r_mono": 1.0, "cov_cell": 1.9774749968099945}, "log1p": {"cov_gene": 4.205432830295069, "r2_depth": 0.834982788544255, "r_mono": 1.0, "cov_cell": 1.9581065142525422}, "log1pCP10k": {"cov_gene": 3.804900295165772, "r2_depth": 0.36296489797194864, "r_mono": 1.0, "cov_cell": 1.027681434509367}, "log1pCPM": {"cov_gene": 2.1721351856092554, "r2_depth": 0.6178852120079524, "r_mono": 1.0, "cov_cell": 1.4474889547804803}, "scalelog1pCP10k": {"cov_gene": 1.0176583605124412e-13, "r2_depth": 0.3777745340815608, "r_mono": 0.18944891604683015, "cov_cell": null}, "sctransform": {"cov_gene": 0.8641828712440932, "r2_depth": 0.234310925952949, "r_mono": 0.1508916561186657, "cov_cell": null}, "log1pPF": {"cov_gene": 5.587126820984093, "r2_depth": 0.26293545208843705, "r_mono": 1.0, "cov_cell": 0.7654150440573827}, "PFlog1pPF": {"cov_gene": 14.555870917251742, "r2_depth": 0, "r_mono": 1.0, "cov_cell": 1.4700030893861893e-14}, "ncells": 6435, "ngenes": 24070, "avg_per_cell": 1865.73, "avg_per_gene": 498.79, "min_cell": 81.0, "max_cell": 144579.0, "overdispersion": 6.0, "total_count": 12005982, "nvals": 3590671, "sparsity": 0.023182003796877085}