{"raw": {"cov_gene": 42.28523604914761, "r2_depth": 1.0, "r_mono": 1.0}, "PF": {"cov_gene": 62.22163788561299, "r2_depth": 0, "r_mono": 1.0}, "sqrt": {"cov_gene": 8.90999410985688, "r2_depth": 0.8547610112863526, "r_mono": 1.0}, "log1p": {"cov_gene": 4.205432830295069, "r2_depth": 0.834982788544255, "r_mono": 1.0}, "log1pCP10k": {"cov_gene": 3.804900295165772, "r2_depth": 0.36296489797194864, "r_mono": 1.0}, "log1pCPM": {"cov_gene": 2.1721351856092554, "r2_depth": 0.6178852120079524, "r_mono": 1.0}, "scalelog1pCP10k": {"cov_gene": 1.0176583605124412e-13, "r2_depth": 0.3777745340815608, "r_mono": 0.18944891604683015}, "sctransform": {"cov_gene": 0.8641828712440932, "r2_depth": 0.234310925952949, "r_mono": 0.1508916561186657}, "log1pPF": {"cov_gene": 5.587126820984093, "r2_depth": 0.26293545208843705, "r_mono": 1.0}, "PFlog1pPF": {"cov_gene": 14.555870917251742, "r2_depth": 0, "r_mono": 1.0}}