{"raw": {"cov_gene": 109.41372486455451, "r2_depth": 1.0, "r_mono": 1.0, "cov_cell": 1.4687534896977226}, "PF": {"cov_gene": 91.87296084864923, "r2_depth": 0, "r_mono": 1.0, "cov_cell": 4.202524506325606e-15}, "sqrt": {"cov_gene": 47.15664576748664, "r2_depth": 0.316555754676081, "r_mono": 1.0, "cov_cell": 0.9666634102883453}, "log1p": {"cov_gene": 6.777033270122033, "r2_depth": 0.27051791883121856, "r_mono": 1.0, "cov_cell": 0.9890030609699112}, "log1pCP10k": {"cov_gene": 3.4380712534431344, "r2_depth": 0.054620300443435243, "r_mono": 1.0, "cov_cell": 0.6982864999233652}, "log1pCPM": {"cov_gene": 2.7017937133327847, "r2_depth": 0.15384443793846592, "r_mono": 1.0, "cov_cell": 0.8007721980549186}, "scalelog1pCP10k": {"cov_gene": 1.1803233427514022e-13, "r2_depth": 0.05383246995185054, "r_mono": 0.18517129510352714, "cov_cell": null}, "sctransform": {"cov_gene": 1.5442460033501209, "r2_depth": 0.26785584726684464, "r_mono": 0.16066856440375338, "cov_cell": null}, "log1pPF": {"cov_gene": 6.430159607969762, "r2_depth": 0.006709260006018569, "r_mono": 1.0, "cov_cell": 0.6140026250759056}, "PFlog1pPF": {"cov_gene": 66.4112296887282, "r2_depth": 0, "r_mono": 1.0, "cov_cell": 2.2509391049023414e-15}, "ncells": 7926, "ngenes": 12427, "avg_per_cell": 1022.68, "avg_per_gene": 652.27, "min_cell": 54.0, "max_cell": 17631.0, "overdispersion": 11.25, "total_count": 8105723, "nvals": 1603080, "sparsity": 0.016275518368681123}