{
    "raw": {
        "cov_gene": 109.41372486455451,
        "r2_depth": 1.0,
        "r_mono": 1.0
    },
    "PF": {
        "cov_gene": 91.87296084864923,
        "r2_depth": 0,
        "r_mono": 1.0
    },
    "sqrt": {
        "cov_gene": 47.15664576748664,
        "r2_depth": 0.316555754676081,
        "r_mono": 1.0
    },
    "log1p": {
        "cov_gene": 6.777033270122033,
        "r2_depth": 0.27051791883121856,
        "r_mono": 1.0
    },
    "log1pCP10k": {
        "cov_gene": 3.4380712534431344,
        "r2_depth": 0.054620300443435243,
        "r_mono": 1.0
    },
    "log1pCPM": {
        "cov_gene": 2.7017937133327847,
        "r2_depth": 0.15384443793846592,
        "r_mono": 1.0
    },
    "scalelog1pCP10k": {
        "cov_gene": 1.1803233427514022e-13,
        "r2_depth": 0.05383246995185054,
        "r_mono": 0.18517129510352714
    },
    "sctransform": {
        "cov_gene": 1.5442460033501209,
        "r2_depth": 0.26785584726684464,
        "r_mono": 0.16066856440375338
    },
    "log1pPF": {
        "cov_gene": 6.430159607969762,
        "r2_depth": 0.006709260006018569,
        "r_mono": 1.0
    },
    "PFlog1pPF": {
        "cov_gene": 66.4112296887282,
        "r2_depth": 0,
        "r_mono": 1.0
    },
    "ncells": "7926",
    "ngenes": 12427,
    "avg_per_cell": "1022.68",
    "avg_per_gene": "652.27",
    "min_cell": "54",
    "max_cell": "17631",
    "overdispersion": "11.25"
}