{
  "ncells": 6100,
  "ngenes": 60623,
  "nvals": 11516249,
  "density": 0.03114180545553911,
  "total_counts": 69474982,
  "overdispersion": 8.796223896822543,
  "avg_per_cell": 11389.34131147541,
  "avg_per_gene": 1146.0168912788874,
  "max_cell": 80088,
  "min_cell": 123,
  "raw": {
    "cov_gene": 101.16042265430735,
    "cov_cell": 1.3559404288626307,
    "r2_depth": 1,
    "r_mono": 1
  },
  "PF": {
    "cov_gene": 80.59654785980584,
    "cov_cell": 2.5287033577023223e-14,
    "r2_depth": 0,
    "r_mono": 1
  },
  "sqrt": {
    "cov_gene": 15.515188307657,
    "cov_cell": 1.1703471332193531,
    "r2_depth": 0.9311967570522003,
    "r_mono": 1
  },
  "log1p": {
    "cov_gene": 5.2553806534056875,
    "cov_cell": 1.1622645673323677,
    "r2_depth": 0.9180511852189928,
    "r_mono": 1
  },
  "log1pCP10k": {
    "cov_gene": 5.647338625573902,
    "cov_cell": 0.6959889623738437,
    "r2_depth": 0.5182389630085573,
    "r_mono": 1
  },
  "log1pCPM": {
    "cov_gene": 2.781685533945012,
    "cov_cell": 0.9461691398401986,
    "r2_depth": 0.7852431615443365,
    "r_mono": 1
  },
  "log1pPF": {
    "cov_gene": 5.466781099461269,
    "cov_cell": 0.7081019325742335,
    "r2_depth": 0.5291869589529634,
    "r_mono": 1
  },
  "PFlog1pPF": {
    "cov_gene": 12.308095318693468,
    "cov_cell": 2.3752526689768025e-14,
    "r2_depth": 0,
    "r_mono": 1
  }
}
