{
  "ncells": 4064,
  "ngenes": 60623,
  "nvals": 8061109,
  "density": 0.03271927486917013,
  "total_counts": 19063463,
  "overdispersion": 0.4726751691173161,
  "avg_per_cell": 4690.812746062992,
  "avg_per_gene": 314.45924814014484,
  "max_cell": 23103,
  "min_cell": 136,
  "raw": {
    "cov_gene": 83.28858553573697,
    "cov_cell": 0.5481605017708517,
    "r2_depth": 1,
    "r_mono": 1
  },
  "PF": {
    "cov_gene": 137.19964065772507,
    "cov_cell": 1.9974571766989755e-14,
    "r2_depth": 0,
    "r_mono": 1
  },
  "sqrt": {
    "cov_gene": 5.126109035968794,
    "cov_cell": 0.4689423739820673,
    "r2_depth": 0.9717787706140879,
    "r_mono": 1
  },
  "log1p": {
    "cov_gene": 3.4848813137366865,
    "cov_cell": 0.46921642770666294,
    "r2_depth": 0.9698350799064153,
    "r_mono": 1
  },
  "log1pCP10k": {
    "cov_gene": 2.8537415906025263,
    "cov_cell": 0.2752932804276175,
    "r2_depth": 0.6723896660362148,
    "r_mono": 1
  },
  "log1pCPM": {
    "cov_gene": 2.2954788920707876,
    "cov_cell": 0.37716846407231414,
    "r2_depth": 0.8874884525288488,
    "r_mono": 1
  },
  "log1pPF": {
    "cov_gene": 3.3113318614386364,
    "cov_cell": 0.24467570371598946,
    "r2_depth": 0.5915074942545069,
    "r_mono": 1
  },
  "PFlog1pPF": {
    "cov_gene": 6.362472825674291,
    "cov_cell": 2.3409109906013238e-14,
    "r2_depth": 0,
    "r_mono": 1
  }
}
