{"ncells": 3158, "ngenes": 60623, "nvals": 1302479, "density": 0.006803324404964341, "avg_per_cell": 887.9385687143762, "avg_per_gene": 46.254886759150814, "min_cell": 514, "max_cell": 3739, "total_count": 2804110, "overdispersion": 1.7056614896780466, "log1pCP10k": {"cov_gene": 4.101577505620699, "cov_cell": 0.22275517154376145, "r2_depth": 0.5691066838321518, "r_mono": 1}, "log1p": {"cov_gene": 6.549506578831759, "cov_cell": 0.3631370215495792, "r2_depth": 0.8159987701824107, "r_mono": 1}, "log1pCPM": {"cov_gene": 3.7369470890539644, "cov_cell": 0.29870796030791497, "r2_depth": 0.7283015477387093, "r_mono": 1}, "log1pPF": {"cov_gene": 6.210059153337111, "cov_cell": 0.14407392993863335, "r2_depth": 0.18600187585222516, "r_mono": 1}, "PFlog1pPF": {"cov_gene": 7.232602672604794, "cov_cell": 4.989235479468643e-15, "r2_depth": 0, "r_mono": 1}, "PF": {"cov_gene": 147.76530883480547, "cov_cell": 7.003735044993201e-15, "r2_depth": 0, "r_mono": 1}, "sqrt": {"cov_gene": 13.948724980560831, "cov_cell": 0.3617171695174383, "r2_depth": 0.8301311161467162, "r_mono": 1}, "raw": {"cov_gene": 179.52813968556816, "cov_cell": 0.41246040571593157, "r2_depth": 1, "r_mono": 1}}