{
    "raw": {
        "cov_gene": 47.95974383532412,
        "r2_depth": 1.0,
        "r_mono": 1.0
    },
    "PF": {
        "cov_gene": 55.35414976255727,
        "r2_depth": 0,
        "r_mono": 1.0
    },
    "sqrt": {
        "cov_gene": 8.229509350212918,
        "r2_depth": 0.9686331011550772,
        "r_mono": 1.0
    },
    "log1p": {
        "cov_gene": 4.909745932279528,
        "r2_depth": 0.9662185420586243,
        "r_mono": 1.0
    },
    "log1pCP10k": {
        "cov_gene": 2.9104329557487416,
        "r2_depth": 0.7938936889423407,
        "r_mono": 1.0
    },
    "log1pCPM": {
        "cov_gene": 2.2514844159690868,
        "r2_depth": 0.9080817441915309,
        "r_mono": 1.0
    },
    "scalelog1pCP10k": {
        "cov_gene": 2.0927943949011532e-13,
        "r2_depth": 0.7010566640026794,
        "r_mono": 0.22932028639665442
    },
    "sctransform": {
        "cov_gene": 0.6855555220001296,
        "r2_depth": 0.5544259566193122,
        "r_mono": 0.17448554324489146
    },
    "log1pPF": {
        "cov_gene": 4.215625327569123,
        "r2_depth": 0.5735516314629246,
        "r_mono": 1.0
    },
    "PFlog1pPF": {
        "cov_gene": 6.798982943681278,
        "r2_depth": 0,
        "r_mono": 1.0
    },
    "ncells": 14126,
    "ngenes": 18573,
    "avg_per_cell": 1027.51,
    "avg_per_gene": 781.49,
    "min_cell": 66.0,
    "max_cell": 12501.0,
    "overdispersion": 2.74
}