{"raw": {"cov_gene": 47.95974383532412, "r2_depth": 1.0, "r_mono": 1.0, "cov_cell": 1.2309035279792004}, "PF": {"cov_gene": 55.35414976255727, "r2_depth": 0, "r_mono": 1.0, "cov_cell": 9.600269539651079e-15}, "sqrt": {"cov_gene": 8.229509350212918, "r2_depth": 0.9686331011550772, "r_mono": 1.0, "cov_cell": 1.0428297357101617}, "log1p": {"cov_gene": 4.909745932279528, "r2_depth": 0.9662185420586243, "r_mono": 1.0, "cov_cell": 1.0456152123557227}, "log1pCP10k": {"cov_gene": 2.9104329557487416, "r2_depth": 0.7938936889423407, "r_mono": 1.0, "cov_cell": 0.6368293545245594}, "log1pCPM": {"cov_gene": 2.2514844159690868, "r2_depth": 0.9080817441915309, "r_mono": 1.0, "cov_cell": 0.8314264308585437}, "scalelog1pCP10k": {"cov_gene": 2.0927943949011532e-13, "r2_depth": 0.7010566640026794, "r_mono": 0.22932028639665442, "cov_cell": null}, "sctransform": {"cov_gene": 0.6855555220001296, "r2_depth": 0.5544259566193122, "r_mono": 0.17448554324489146, "cov_cell": null}, "log1pPF": {"cov_gene": 4.215625327569123, "r2_depth": 0.5735516314629246, "r_mono": 1.0, "cov_cell": 0.40739831287938655}, "PFlog1pPF": {"cov_gene": 6.798982943681278, "r2_depth": 0, "r_mono": 1.0, "cov_cell": 7.094899521691191e-15}, "ncells": 14126, "ngenes": 18573, "avg_per_cell": 1027.51, "avg_per_gene": 781.49, "min_cell": 66.0, "max_cell": 12501.0, "overdispersion": 2.74, "total_count": 14514572, "nvals": 6219301, "sparsity": 0.023705019425092635}