{"raw": {"cov_gene": 39.515695490917985, "r2_depth": 1.0, "r_mono": 1.0}, "PF": {"cov_gene": 83.85052623317362, "r2_depth": 0, "r_mono": 1.0}, "sqrt": {"cov_gene": 3.4181238636077875, "r2_depth": 0.8890625621253179, "r_mono": 1.0}, "log1p": {"cov_gene": 2.446449338250634, "r2_depth": 0.8673405703275552, "r_mono": 1.0}, "log1pCP10k": {"cov_gene": 1.7466437677074347, "r2_depth": 0.2973780574579502, "r_mono": 1.0}, "log1pCPM": {"cov_gene": 1.4212222861056538, "r2_depth": 0.664005902135939, "r_mono": 1.0}, "scalelog1pCP10k": {"cov_gene": 6.007298503002277e-14, "r2_depth": 0.3066965743403972, "r_mono": 0.34513157733609084}, "sctransform": {"cov_gene": 0.6116915689158874, "r2_depth": 0.2073587152787627, "r_mono": 0.2754993783868403}, "log1pPF": {"cov_gene": 2.2769243725072434, "r2_depth": 0.11469697441815341, "r_mono": 1.0}, "PFlog1pPF": {"cov_gene": 19.95814135641225, "r2_depth": 0, "r_mono": 1.0}}