{"ncells": 4291, "ngenes": 60623, "nvals": 4741027, "avg_per_cell": 3103.9233278955953, "avg_per_gene": 219.70102106461243, "min_cell": 381, "max_cell": 33643, "total_count": 13318935, "overdispersion": 0.21608978027424794, "raw": {"cov_gene": 66.4124425154052, "cov_cell": 0.5023601902851299, "r2_depth": 1.0, "r_mono": 1}, "PF": {"cov_gene": 141.00244993811026, "cov_cell": 1.3586014419237388e-14, "r2_depth": 0, "r_mono": 1}, "log1p": {"cov_gene": 4.314200681467355, "cov_cell": 0.3569224543202063, "r2_depth": 0.8679009439779167, "r_mono": 1}, "log1pPF": {"cov_gene": 4.044926942052356, "cov_cell": 0.14062854147468465, "r2_depth": 0.11530032041661675, "r_mono": 1}, "PFlog1pPF": {"cov_gene": 33.16248866987619, "cov_cell": 1.1345791800098761e-14, "r2_depth": 0, "r_mono": 1}, "log1pCPM": {"cov_gene": 2.730967204586666, "cov_cell": 0.26227229378407046, "r2_depth": 0.6653452983129517, "r_mono": 1}, "log1pCP10k": {"cov_gene": 3.2191316140945143, "cov_cell": 0.1695140024559174, "r2_depth": 0.29838300357558245, "r_mono": 1}, "sqrt": {"cov_gene": 5.883430097191151, "cov_cell": 0.362610918438606, "r2_depth": 0.8894912458448969, "r_mono": 1}, "density": 0.018225375711520324}