{
  "ncells": 5932,
  "ngenes": 60623,
  "nvals": 8060191,
  "density": 0.022413349679823155,
  "total_counts": 24938999,
  "overdispersion": 1.4385438508188428,
  "avg_per_cell": 4204.146830748483,
  "avg_per_gene": 411.37850320835327,
  "max_cell": 49846,
  "min_cell": 60,
  "raw": {
    "cov_gene": 175.69204384628776,
    "cov_cell": 1.2236782340276045,
    "r2_depth": 1,
    "r_mono": 1
  },
  "PF": {
    "cov_gene": 117.15881396588328,
    "cov_cell": 1.9157466888923666e-14,
    "r2_depth": 0,
    "r_mono": 1
  },
  "sqrt": {
    "cov_gene": 15.18458224966109,
    "cov_cell": 1.0567913890735985,
    "r2_depth": 0.9701474169042473,
    "r_mono": 1
  },
  "log1p": {
    "cov_gene": 5.868096036621325,
    "cov_cell": 1.05424666727788,
    "r2_depth": 0.96685265822805,
    "r_mono": 1
  },
  "log1pCP10k": {
    "cov_gene": 4.873700290541634,
    "cov_cell": 0.693765477275052,
    "r2_depth": 0.6593420225340674,
    "r_mono": 1
  },
  "log1pCPM": {
    "cov_gene": 2.9027173809000484,
    "cov_cell": 0.8759568523532009,
    "r2_depth": 0.8666776133096462,
    "r_mono": 1
  },
  "log1pPF": {
    "cov_gene": 5.991752897901452,
    "cov_cell": 0.6256271736721317,
    "r2_depth": 0.6012418570472131,
    "r_mono": 1
  },
  "PFlog1pPF": {
    "cov_gene": 8.723375319279555,
    "cov_cell": 1.583494854023656e-14,
    "r2_depth": 0,
    "r_mono": 1
  }
}
