{
    "raw": {
        "cov_gene": 74.82684148264785,
        "r2_depth": 1.0,
        "r_mono": 1.0
    },
    "PF": {
        "cov_gene": 47.50816807449636,
        "r2_depth": 0,
        "r_mono": 1.0
    },
    "sqrt": {
        "cov_gene": 7.817948086857118,
        "r2_depth": 0.936304608255655,
        "r_mono": 1.0
    },
    "log1p": {
        "cov_gene": 3.658944354933449,
        "r2_depth": 0.9289917083916699,
        "r_mono": 1.0
    },
    "log1pCP10k": {
        "cov_gene": 2.554620432901043,
        "r2_depth": 0.6344191560855206,
        "r_mono": 1.0
    },
    "log1pCPM": {
        "cov_gene": 1.6927112286191097,
        "r2_depth": 0.8327718700313513,
        "r_mono": 1.0
    },
    "scalelog1pCP10k": {
        "cov_gene": 7.464588314039829e-14,
        "r2_depth": 0.5832304066550017,
        "r_mono": 0.31668356096761757
    },
    "sctransform": {
        "cov_gene": 0.6218033080210997,
        "r2_depth": 0.3221507668897523,
        "r_mono": 0.22254315376117717
    },
    "log1pPF": {
        "cov_gene": 3.480795567795485,
        "r2_depth": 0.5259412469163816,
        "r_mono": 1.0
    },
    "PFlog1pPF": {
        "cov_gene": 12.326952366725997,
        "r2_depth": 0,
        "r_mono": 1.0
    },
    "ncells": "5173",
    "ngenes": 23773,
    "avg_per_cell": "3321.99",
    "avg_per_gene": "722.86",
    "min_cell": "197",
    "max_cell": "34415",
    "overdispersion": "2.82"
}