{"ncells": 7337, "ngenes": 60623, "nvals": 7376029, "density": 0.016583136377700272, "avg_per_cell": 3379.299032302031, "avg_per_gene": 408.98531910331064, "min_cell": 53, "max_cell": 47730, "total_count": 24793917, "overdispersion": 4.659501239799522, "log1pCP10k": {"cov_gene": 5.355648604049543, "cov_cell": 0.7029273465063032, "r2_depth": 0.6535327081707547, "r_mono": 1}, "log1pCPM": {"cov_gene": 3.1548071256590924, "cov_cell": 0.9028136960193553, "r2_depth": 0.8330752732237922, "r_mono": 1}, "PFlog1pPF": {"cov_gene": 17.271357499263168, "cov_cell": 1.421697324852595e-14, "r2_depth": 0, "r_mono": 1}, "log1pPF": {"cov_gene": 7.181834545832942, "cov_cell": 0.6077923866559582, "r2_depth": 0.5702083792880188, "r_mono": 1}, "log1p": {"cov_gene": 6.535887596239967, "cov_cell": 1.076077234652006, "r2_depth": 0.9252002765278716, "r_mono": 1}, "raw": {"cov_gene": 114.7635808544381, "cov_cell": 1.2520082347689574, "r2_depth": 1, "r_mono": 1}, "PF": {"cov_gene": 62.058640061215385, "cov_cell": 1.6365158150683835e-14, "r2_depth": 0, "r_mono": 1}, "sqrt": {"cov_gene": 12.960772944564495, "cov_cell": 1.0796965833418368, "r2_depth": 0.932485919974249, "r_mono": 1}}