{
    "raw": {
        "cov_gene": 47.85641205703196,
        "r2_depth": 1.0,
        "r_mono": 1.0
    },
    "PF": {
        "cov_gene": 67.30360100861773,
        "r2_depth": 0,
        "r_mono": 1.0
    },
    "sqrt": {
        "cov_gene": 4.9389107170046325,
        "r2_depth": 0.9405710413338721,
        "r_mono": 1.0
    },
    "log1p": {
        "cov_gene": 3.487593117754028,
        "r2_depth": 0.9333296925343045,
        "r_mono": 1.0
    },
    "log1pCP10k": {
        "cov_gene": 2.550368619939179,
        "r2_depth": 0.44815316101650005,
        "r_mono": 1.0
    },
    "log1pCPM": {
        "cov_gene": 2.083275526262667,
        "r2_depth": 0.7462538236867171,
        "r_mono": 1.0
    },
    "scalelog1pCP10k": {
        "cov_gene": 1.8419543115314517e-13,
        "r2_depth": 0.4947596076148394,
        "r_mono": 0.24018348220260025
    },
    "sctransform": {
        "cov_gene": 0.8726902093009987,
        "r2_depth": 0.24920104932189158,
        "r_mono": 0.17160970957080152
    },
    "log1pPF": {
        "cov_gene": 3.4808716035937324,
        "r2_depth": 0.24729548236032906,
        "r_mono": 1.0
    },
    "PFlog1pPF": {
        "cov_gene": 4.555031528789071,
        "r2_depth": 0,
        "r_mono": 1.0
    },
    "ncells": 12650,
    "ngenes": 23252,
    "avg_per_cell": 1313.24,
    "avg_per_gene": 714.45,
    "min_cell": 228.0,
    "max_cell": 58095.0,
    "overdispersion": 3.05
}