{"ncells": 12650, "ngenes": 60623, "nvals": 7428525, "avg_per_cell": 1314.6395256916996, "avg_per_gene": 274.3214621513287, "min_cell": 229, "max_cell": 58149, "total_count": 16630190, "overdispersion": 3.0472495580688004, "raw": {"cov_gene": 77.27894490398641, "cov_cell": 1.9630643688380827, "r2_depth": 1.0, "r_mono": 1}, "PF": {"cov_gene": 108.59142973700718, "cov_cell": 8.055193297631819e-15, "r2_depth": 0, "r_mono": 1}, "log1p": {"cov_gene": 5.762967499049021, "cov_cell": 1.246499421913857, "r2_depth": 0.9336293675541597, "r_mono": 1}, "log1pPF": {"cov_gene": 5.751576293537158, "cov_cell": 0.2481930503525829, "r2_depth": 0.24751234972884895, "r_mono": 1}, "PFlog1pPF": {"cov_gene": 7.4490681461148025, "cov_cell": 7.790842572808312e-15, "r2_depth": 0, "r_mono": 1}, "log1pCPM": {"cov_gene": 3.5850754937567793, "cov_cell": 0.7425555182178774, "r2_depth": 0.7471327072334956, "r_mono": 1}, "log1pCP10k": {"cov_gene": 4.299577658471799, "cov_cell": 0.4303385591631445, "r2_depth": 0.4484222900446936, "r_mono": 1}, "sqrt": {"cov_gene": 8.061919952008257, "cov_cell": 1.2590004692038463, "r2_depth": 0.940839531196337, "r_mono": 1}, "density": 0.009686673009676404}