{"ncells": 3798, "ngenes": 60623, "nvals": 12355099, "avg_per_cell": 7639.046340179041, "avg_per_gene": 478.5823532322716, "min_cell": 3014, "max_cell": 48738, "total_count": 29013098, "overdispersion": 3.330142556640205, "raw": {"cov_gene": 163.31169539037867, "cov_cell": 0.5523749051693075, "r2_depth": 1.0, "r_mono": 1}, "PF": {"cov_gene": 100.8213584492984, "cov_cell": 3.990128591933881e-14, "r2_depth": 0, "r_mono": 1}, "log1p": {"cov_gene": 2.9240936242685667, "cov_cell": 0.4302426636197052, "r2_depth": 0.8634601710664918, "r_mono": 1}, "log1pPF": {"cov_gene": 2.830331393322197, "cov_cell": 0.16350119025599422, "r2_depth": 0.24616941210678311, "r_mono": 1}, "PFlog1pPF": {"cov_gene": 3.3280367838027183, "cov_cell": 3.363644899127225e-14, "r2_depth": 0, "r_mono": 1}, "log1pCPM": {"cov_gene": 1.9822967355441075, "cov_cell": 0.28795042780431773, "r2_depth": 0.6783526475280748, "r_mono": 1}, "log1pCP10k": {"cov_gene": 2.652366593815212, "cov_cell": 0.1716637022212237, "r2_depth": 0.2874114933595552, "r_mono": 1}, "sqrt": {"cov_gene": 5.125974459666441, "cov_cell": 0.4238867187727522, "r2_depth": 0.8749760685714503, "r_mono": 1}, "density": 0.05366039252060645}