{"raw": {"cov_gene": 38.10333380598065, "r2_depth": 1.0, "r_mono": 1.0, "cov_cell": 3.592318930076778}, "PF": {"cov_gene": 13.435152678924878, "r2_depth": 0, "r_mono": 1.0, "cov_cell": 1.0017678241292496e-14}, "sqrt": {"cov_gene": 5.889269281600098, "r2_depth": 0.9766653214803077, "r_mono": 1.0, "cov_cell": 2.885446326476741}, "log1p": {"cov_gene": 3.0517426885666503, "r2_depth": 0.9735693746846622, "r_mono": 1.0, "cov_cell": 2.8750875040390724}, "log1pCP10k": {"cov_gene": 3.277872016008493, "r2_depth": 0.6943637487672837, "r_mono": 1.0, "cov_cell": 1.1254668181206986}, "log1pCPM": {"cov_gene": 2.1869758050585055, "r2_depth": 0.8779417836184795, "r_mono": 1.0, "cov_cell": 1.938196144092686}, "scalelog1pCP10k": {"cov_gene": 5.0009684731313496e-14, "r2_depth": 0.6986393830193074, "r_mono": 0.17575166101424294, "cov_cell": null}, "sctransform": {"cov_gene": 0.8997165429346574, "r2_depth": 0.6431278254474161, "r_mono": 0.14346430278495723, "cov_cell": null}, "log1pPF": {"cov_gene": 3.792966764936779, "r2_depth": 0.5606456912942902, "r_mono": 1.0, "cov_cell": 0.5687238025901571}, "PFlog1pPF": {"cov_gene": 3.9195713980381255, "r2_depth": 0, "r_mono": 1.0, "cov_cell": 8.575756697984555e-15}, "ncells": 2959, "ngenes": 17468, "avg_per_cell": 1298.9, "avg_per_gene": 220.03, "min_cell": 79.0, "max_cell": 51949.0, "overdispersion": 10.64, "total_count": 3843448, "nvals": 1092271, "sparsity": 0.02113208042158952}