{"ncells": 2959, "ngenes": 60623, "nvals": 1110357, "avg_per_cell": 1306.0266982088544, "avg_per_gene": 63.74697721986705, "min_cell": 83, "max_cell": 52464, "total_count": 3864533, "overdispersion": 10.638854423606496, "raw": {"cov_gene": 70.98918595281499, "cov_cell": 3.5918373773150565, "r2_depth": 1.0, "r_mono": 1}, "PF": {"cov_gene": 24.81447631386832, "cov_cell": 8.195066313022078e-15, "r2_depth": 0, "r_mono": 1}, "log1p": {"cov_gene": 5.857107158518994, "cov_cell": 2.881563909528265, "r2_depth": 0.9741010488328188, "r_mono": 1}, "log1pPF": {"cov_gene": 7.1995839507252875, "cov_cell": 0.5707547585192402, "r2_depth": 0.5597844842907648, "r_mono": 1}, "PFlog1pPF": {"cov_gene": 7.430834170844634, "cov_cell": 6.170138162814384e-15, "r2_depth": 0, "r_mono": 1}, "log1pCPM": {"cov_gene": 4.316217154010385, "cov_cell": 1.9483002872181625, "r2_depth": 0.8795854659642356, "r_mono": 1}, "log1pCP10k": {"cov_gene": 6.266933932164989, "cov_cell": 1.1287221733285189, "r2_depth": 0.6936712936793763, "r_mono": 1}, "sqrt": {"cov_gene": 11.016038906472776, "cov_cell": 2.89183215509251, "r2_depth": 0.9771135405212072, "r_mono": 1}, "density": 0.006189851720830645}