{"raw": {"cov_gene": 68.8828776633785, "r2_depth": 1.0, "r_mono": 1.0}, "PF": {"cov_gene": 91.71284892040256, "r2_depth": 0, "r_mono": 1.0}, "sqrt": {"cov_gene": 8.357780622929733, "r2_depth": 0.8728887038358308, "r_mono": 1.0}, "log1p": {"cov_gene": 4.216418191170887, "r2_depth": 0.8534557917125901, "r_mono": 1.0}, "log1pCP10k": {"cov_gene": 2.7110110741222186, "r2_depth": 0.2779686420044325, "r_mono": 1.0}, "log1pCPM": {"cov_gene": 2.381053670002551, "r2_depth": 0.5744728868803859, "r_mono": 1.0}, "scalelog1pCP10k": {"cov_gene": 1.7139226382518616e-13, "r2_depth": 0.256269571474276, "r_mono": 0.19680949834359426}, "sctransform": {"cov_gene": 0.6828195835473146, "r2_depth": 0.22122414579173155, "r_mono": 0.14109963254157967}, "log1pPF": {"cov_gene": 3.746106854875441, "r2_depth": 0.10336718962869451, "r_mono": 1.0}, "PFlog1pPF": {"cov_gene": 3.9149956627631997, "r2_depth": 0, "r_mono": 1.0}}