{"raw": {"cov_gene": 68.8828776633785, "r2_depth": 1.0, "r_mono": 1.0, "cov_cell": 2.634267245998829}, "PF": {"cov_gene": 91.71284892040256, "r2_depth": 0, "r_mono": 1.0, "cov_cell": 4.938576513226054e-15}, "sqrt": {"cov_gene": 8.357780622929733, "r2_depth": 0.8728887038358308, "r_mono": 1.0, "cov_cell": 1.1237243434306843}, "log1p": {"cov_gene": 4.216418191170887, "r2_depth": 0.8534557917125901, "r_mono": 1.0, "cov_cell": 1.074709325234846}, "log1pCP10k": {"cov_gene": 2.7110110741222186, "r2_depth": 0.2779686420044325, "r_mono": 1.0, "cov_cell": 0.2914508044464045}, "log1pCPM": {"cov_gene": 2.381053670002551, "r2_depth": 0.5744728868803859, "r_mono": 1.0, "cov_cell": 0.5627962638492828}, "scalelog1pCP10k": {"cov_gene": 1.7139226382518616e-13, "r2_depth": 0.256269571474276, "r_mono": 0.19680949834359426, "cov_cell": null}, "sctransform": {"cov_gene": 0.6828195835473146, "r2_depth": 0.22122414579173155, "r_mono": 0.14109963254157967, "cov_cell": null}, "log1pPF": {"cov_gene": 3.746106854875441, "r2_depth": 0.10336718962869451, "r_mono": 1.0, "cov_cell": 0.11027764996215095}, "PFlog1pPF": {"cov_gene": 3.9149956627631997, "r2_depth": 0, "r_mono": 1.0, "cov_cell": 3.866988540901165e-15}, "ncells": 11752, "ngenes": 21439, "avg_per_cell": 737.66, "avg_per_gene": 404.35, "min_cell": 248.0, "max_cell": 116945.0, "overdispersion": 6.79, "total_count": 8668921, "nvals": 4136719, "density": 0.016418735779583412}