{"ncells": 85238, "ngenes": 60623, "nvals": 14227453, "avg_per_cell": 453.3178863886999, "avg_per_gene": 637.3803671873711, "min_cell": 8, "max_cell": 57514, "total_count": 38639910, "overdispersion": 15.09361396834692, "raw": {"cov_gene": 76.93515936490299, "cov_cell": 3.667755227366659, "r2_depth": 1.0, "r_mono": 1}, "PF": {"cov_gene": 40.02234909151824, "cov_cell": 6.279871237437008e-15, "r2_depth": 0, "r_mono": 1}, "log1p": {"cov_gene": 9.792741230394302, "cov_cell": 3.219565641703266, "r2_depth": 0.9566229414419326, "r_mono": 1}, "log1pPF": {"cov_gene": 13.489624440153108, "cov_cell": 0.7729715152149271, "r2_depth": 0.547537932109828, "r_mono": 1}, "PFlog1pPF": {"cov_gene": 16.160700960318607, "cov_cell": 5.2468825320905375e-15, "r2_depth": 0, "r_mono": 1}, "log1pCPM": {"cov_gene": 5.843568381985935, "cov_cell": 2.538878210508921, "r2_depth": 0.8709815736174963, "r_mono": 1}, "log1pCP10k": {"cov_gene": 9.783798610448143, "cov_cell": 1.8213903971004617, "r2_depth": 0.7401953782467916, "r_mono": 1}, "sqrt": {"cov_gene": 15.21775096024633, "cov_cell": 3.2110878991185654, "r2_depth": 0.959936706911081, "r_mono": 1}, "density": 0.0027533187003151646}