{"raw": {"cov_gene": 73.47794907187385, "r2_depth": 1.0, "r_mono": 1.0, "cov_cell": 0.7097594422319965}, "PF": {"cov_gene": 73.56073099744651, "r2_depth": 0, "r_mono": 1.0, "cov_cell": 1.3340405377003046e-15}, "sqrt": {"cov_gene": 16.120030158061326, "r2_depth": 0.5475880564780347, "r_mono": 1.0, "cov_cell": 0.5335514381822717}, "log1p": {"cov_gene": 5.798734988429157, "r2_depth": 0.49968176594672986, "r_mono": 1.0, "cov_cell": 0.5372267393145584}, "log1pCP10k": {"cov_gene": 2.507740094279098, "r2_depth": 0.22480185759468552, "r_mono": 1.0, "cov_cell": 0.41271385252473847}, "log1pCPM": {"cov_gene": 2.2340456437650067, "r2_depth": 0.3609338181215087, "r_mono": 1.0, "cov_cell": 0.47650052865632836}, "scalelog1pCP10k": {"cov_gene": 5.834994966554001e-14, "r2_depth": 0.2610004926624194, "r_mono": 0.16454856160182066, "cov_cell": null}, "sctransform": {"cov_gene": 3.87656684470772, "r2_depth": 0.10409421750962045, "r_mono": 0.1514293613178702, "cov_cell": null}, "log1pPF": {"cov_gene": 5.3287776777223845, "r2_depth": 0.003244759046887813, "r_mono": 1.0, "cov_cell": 0.320469720674492}, "PFlog1pPF": {"cov_gene": 39.328778539173484, "r2_depth": 0, "r_mono": 1.0, "cov_cell": 1.7595508231475978e-15}, "ncells": 3843, "ngenes": 13000, "avg_per_cell": 293.9, "avg_per_gene": 86.88, "min_cell": 2.0, "max_cell": 3339.0, "overdispersion": 3.21, "total_count": 1129458, "nvals": 518728, "density": 0.010383074120779039}