{"raw": {"cov_gene": 41.66762295121091, "r2_depth": 1.0, "r_mono": 1.0, "cov_cell": 0.7262953973601836}, "PF": {"cov_gene": 80.89140897074512, "r2_depth": 0, "r_mono": 1.0, "cov_cell": 1.157101319236012e-14}, "sqrt": {"cov_gene": 3.613235810117379, "r2_depth": 0.969383861185235, "r_mono": 1.0, "cov_cell": 0.6023556263991868}, "log1p": {"cov_gene": 2.9666479034229156, "r2_depth": 0.965587416878486, "r_mono": 1.0, "cov_cell": 0.6029117855288132}, "log1pCP10k": {"cov_gene": 1.8370157225641992, "r2_depth": 0.7227122963473682, "r_mono": 1.0, "cov_cell": 0.3192151031396435}, "log1pCPM": {"cov_gene": 1.4104492020818387, "r2_depth": 0.8899646240182875, "r_mono": 1.0, "cov_cell": 0.4598014292750806}, "scalelog1pCP10k": {"cov_gene": 3.277709214600399e-14, "r2_depth": 0.662750098766079, "r_mono": 0.34475350339024136, "cov_cell": null}, "sctransform": {"cov_gene": 0.457320212519602, "r2_depth": 0.5226510982231584, "r_mono": 0.2601527279078266, "cov_cell": null}, "log1pPF": {"cov_gene": 2.5248786020572593, "r2_depth": 0.5786792011411002, "r_mono": 1.0, "cov_cell": 0.23448918589032}, "PFlog1pPF": {"cov_gene": 3.1687662833779098, "r2_depth": 0, "r_mono": 1.0, "cov_cell": 1.0910658355712221e-14}, "ncells": 2249, "ngenes": 21450, "avg_per_cell": 2417.52, "avg_per_gene": 253.47, "min_cell": 223.0, "max_cell": 15704.0, "overdispersion": 0.32, "total_count": 5437003, "nvals": 2355881, "sparsity": 0.048835607848502466}