{
  "ncells": 96,
  "ngenes": 25590,
  "nvals": 668954,
  "density": 0.2723044483522209,
  "total_counts": 169164561,
  "overdispersion": 4.060686082430686,
  "avg_per_cell": 1762130.84375,
  "avg_per_gene": 6610.572919109027,
  "max_cell": 3519323,
  "min_cell": 259281,
  "raw": {
    "cov_gene": 82.0211358837583,
    "cov_cell": 0.4251430614523499,
    "r2_depth": 1,
    "r_mono": 1
  },
  "PF": {
    "cov_gene": 80.69456982026128,
    "cov_cell": 1.2187471116596156e-14,
    "r2_depth": 0,
    "r_mono": 1
  },
  "sqrt": {
    "cov_gene": 12.508174210245297,
    "cov_cell": 0.41796092786254857,
    "r2_depth": 0.6164882868068429,
    "r_mono": 1
  },
  "log1p": {
    "cov_gene": 1.2400580857981611,
    "cov_cell": 0.331640009939683,
    "r2_depth": 0.4808733062633661,
    "r_mono": 1
  },
  "log1pCP10k": {
    "cov_gene": 2.2707398972398254,
    "cov_cell": 0.3214300727627176,
    "r2_depth": 0.16842140964267371,
    "r_mono": 1
  },
  "log1pCPM": {
    "cov_gene": 1.258514990231652,
    "cov_cell": 0.27178149280888886,
    "r2_depth": 0.21946193456399887,
    "r_mono": 1
  },
  "log1pPF": {
    "cov_gene": 1.2296943869603552,
    "cov_cell": 0.264138855243943,
    "r2_depth": 0.22320167332170393,
    "r_mono": 1
  },
  "PFlog1pPF": {
    "cov_gene": 1.867676693830879,
    "cov_cell": 1.1381331375234447e-14,
    "r2_depth": 0,
    "r_mono": 1
  }
}
