{
    "raw": {
        "cov_gene": 69.04291011751863,
        "r2_depth": 1.0,
        "r_mono": 1.0
    },
    "PF": {
        "cov_gene": 35.17256986278663,
        "r2_depth": 0,
        "r_mono": 1.0
    },
    "sqrt": {
        "cov_gene": 7.9343084891018485,
        "r2_depth": 0.8817754576988732,
        "r_mono": 1.0
    },
    "log1p": {
        "cov_gene": 3.434949494795723,
        "r2_depth": 0.8647694906751489,
        "r_mono": 1.0
    },
    "log1pCP10k": {
        "cov_gene": 3.2315140528618804,
        "r2_depth": 0.4630579068542193,
        "r_mono": 1.0
    },
    "log1pCPM": {
        "cov_gene": 1.6631863469618169,
        "r2_depth": 0.6993516509719636,
        "r_mono": 1.0
    },
    "scalelog1pCP10k": {
        "cov_gene": 7.970782021201977e-14,
        "r2_depth": 0.4817800796080548,
        "r_mono": 0.32725178335835253
    },
    "sctransform": {
        "cov_gene": 1.2161670037530925,
        "r2_depth": 0.5698137747525972,
        "r_mono": 0.18684326630695441
    },
    "log1pPF": {
        "cov_gene": 3.7878251705505757,
        "r2_depth": 0.42505492907120956,
        "r_mono": 1.0
    },
    "PFlog1pPF": {
        "cov_gene": 9.23155476944142,
        "r2_depth": 0,
        "r_mono": 1.0
    },
    "ncells": "5360",
    "ngenes": 24778,
    "avg_per_cell": "5701.28",
    "avg_per_gene": "1233.31",
    "min_cell": "48",
    "max_cell": "71510",
    "overdispersion": "7.15"
}