{"ncells": 4092, "ngenes": 60623, "nvals": 1089092, "avg_per_cell": 957.5403225806451, "avg_per_gene": 64.633142536661, "min_cell": 85, "max_cell": 23866, "total_count": 3918255, "overdispersion": 12.609748256970278, "raw": {"cov_gene": 190.16683926863914, "cov_cell": 1.993943778456634, "r2_depth": 1.0, "r_mono": 1}, "PF": {"cov_gene": 194.07452269683455, "cov_cell": 4.81039352141763e-15, "r2_depth": 0, "r_mono": 1}, "log1p": {"cov_gene": 9.151490587390523, "cov_cell": 1.6556164142227043, "r2_depth": 0.6153611038164477, "r_mono": 1}, "log1pPF": {"cov_gene": 9.17414988042304, "cov_cell": 0.5855970112865538, "r2_depth": 0.09483534927037995, "r_mono": 1}, "PFlog1pPF": {"cov_gene": 37.081786105128714, "cov_cell": 4.612802850172196e-15, "r2_depth": 0, "r_mono": 1}, "log1pCPM": {"cov_gene": 4.759825681739832, "cov_cell": 1.190211154697103, "r2_depth": 0.4803098803257213, "r_mono": 1}, "log1pCP10k": {"cov_gene": 6.357423786619695, "cov_cell": 0.8804624792706933, "r2_depth": 0.2795593749922419, "r_mono": 1}, "sqrt": {"cov_gene": 55.45884538993623, "cov_cell": 1.6317515959597435, "r2_depth": 0.6461214933079608, "r_mono": 1}, "density": 0.004390272918719218}