{"raw": {"cov_gene": 97.27989197666119, "r2_depth": 1.0, "r_mono": 1.0, "cov_cell": 1.996792666335476}, "PF": {"cov_gene": 99.1540226603598, "r2_depth": 0, "r_mono": 1.0, "cov_cell": 3.942025725901162e-15}, "sqrt": {"cov_gene": 28.547517890735314, "r2_depth": 0.6444343510265158, "r_mono": 1.0, "cov_cell": 1.6277196769113398}, "log1p": {"cov_gene": 4.6497475649865905, "r2_depth": 0.6130935966546991, "r_mono": 1.0, "cov_cell": 1.6517013346966765}, "log1pCP10k": {"cov_gene": 3.1794910191123753, "r2_depth": 0.2775901709405584, "r_mono": 1.0, "cov_cell": 0.877598118368169}, "log1pCPM": {"cov_gene": 2.3238114708987108, "r2_depth": 0.47748568715236395, "r_mono": 1.0, "cov_cell": 1.1845331948137947}, "scalelog1pCP10k": {"cov_gene": 6.4741061390941e-14, "r2_depth": 0.32002605786512417, "r_mono": 0.18054350169950184, "cov_cell": null}, "sctransform": {"cov_gene": 0.6189648695356282, "r2_depth": 0.1831021465189836, "r_mono": 0.15503326169906154, "cov_cell": null}, "log1pPF": {"cov_gene": 4.659321403855058, "r2_depth": 0.09316983306062865, "r_mono": 1.0, "cov_cell": 0.5842496954824238}, "PFlog1pPF": {"cov_gene": 19.005302754809122, "r2_depth": 0, "r_mono": 1.0, "cov_cell": 3.670751119796974e-15}, "ncells": 4092, "ngenes": 15865, "avg_per_cell": 952.42, "avg_per_gene": 245.65, "min_cell": 83.0, "max_cell": 23767.0, "overdispersion": 12.61, "total_count": 3897288, "nvals": 1070264, "sparsity": 0.016485996982728478}