{"raw": {"cov_gene": 102.40006387014762, "r2_depth": 1.0, "r_mono": 1.0, "cov_cell": 1.1061218375597097}, "PF": {"cov_gene": 71.82115588778927, "r2_depth": 0, "r_mono": 1.0, "cov_cell": 3.0229540217941425e-14}, "sqrt": {"cov_gene": 8.945149249457813, "r2_depth": 0.7830504777366615, "r_mono": 1.0, "cov_cell": 0.8924599567488088}, "log1p": {"cov_gene": 2.884426363737363, "r2_depth": 0.7720094994350775, "r_mono": 1.0, "cov_cell": 0.897771081288469}, "log1pCP10k": {"cov_gene": 2.260624371373161, "r2_depth": 0.4432188034115022, "r_mono": 1.0, "cov_cell": 0.5372474020912946}, "log1pCPM": {"cov_gene": 1.5355546872916364, "r2_depth": 0.6391273239104218, "r_mono": 1.0, "cov_cell": 0.7177958678690964}, "scalelog1pCP10k": {"cov_gene": 1.5237126549878782e-13, "r2_depth": 0.43133066294429, "r_mono": 0.3347521874433215, "cov_cell": null}, "sctransform": {"cov_gene": 0.6435605793004063, "r2_depth": 0.6945759209211725, "r_mono": 0.21011504379895588, "cov_cell": null}, "log1pPF": {"cov_gene": 2.8615699575657465, "r2_depth": 0.36423557209613655, "r_mono": 1.0, "cov_cell": 0.45419805949798125}, "PFlog1pPF": {"cov_gene": 7.273398580830759, "r2_depth": 0, "r_mono": 1.0, "cov_cell": 2.0867991898958062e-14}, "ncells": 10860, "ngenes": 29414, "avg_per_cell": 3676.98, "avg_per_gene": 1357.58, "min_cell": 177.0, "max_cell": 92097.0, "overdispersion": 2.78, "total_count": 39931973, "nvals": 17077844, "sparsity": 0.05346248344426008}