{
  "ncells": 1987,
  "ngenes": 60623,
  "nvals": 271153,
  "density": 0.002251018801996226,
  "total_counts": 446408,
  "overdispersion": 3.965342155940234,
  "avg_per_cell": 224.66431806743836,
  "avg_per_gene": 7.363673853158042,
  "max_cell": 1823,
  "min_cell": 104,
  "raw": {
    "cov_gene": 53.646194724007294,
    "cov_cell": 0.6415356908457429,
    "r2_depth": 1,
    "r_mono": 1
  },
  "PF": {
    "cov_gene": 49.570661816588036,
    "cov_cell": 1.964544947642812e-15,
    "r2_depth": 0,
    "r_mono": 1
  },
  "sqrt": {
    "cov_gene": 12.052924270683643,
    "cov_cell": 0.6583356309090587,
    "r2_depth": 0.9374368488837468,
    "r_mono": 1
  },
  "log1p": {
    "cov_gene": 9.336783496471343,
    "cov_cell": 0.6704360090716754,
    "r2_depth": 0.9326366720303869,
    "r_mono": 1
  },
  "log1pCP10k": {
    "cov_gene": 5.172529623830268,
    "cov_cell": 0.4670494228386456,
    "r2_depth": 0.8092649811392655,
    "r_mono": 1
  },
  "log1pCPM": {
    "cov_gene": 4.790016240240818,
    "cov_cell": 0.5606762606355499,
    "r2_depth": 0.874840590085918,
    "r_mono": 1
  },
  "log1pPF": {
    "cov_gene": 9.613901797159047,
    "cov_cell": 0.251140171010172,
    "r2_depth": 0.42395799247687316,
    "r_mono": 1
  },
  "PFlog1pPF": {
    "cov_gene": 13.194685647053484,
    "cov_cell": 2.076243940799465e-15,
    "r2_depth": 0,
    "r_mono": 1
  }
}
