{
  "ncells": 6179,
  "ngenes": 60623,
  "nvals": 7647909,
  "density": 0.02041677263488396,
  "total_counts": 28098441,
  "overdispersion": 6.635340600158403,
  "avg_per_cell": 4547.409127690565,
  "avg_per_gene": 463.4947297230424,
  "max_cell": 47653,
  "min_cell": 1143,
  "raw": {
    "cov_gene": 213.2707659221477,
    "cov_cell": 0.9132969080088731,
    "r2_depth": 1,
    "r_mono": 1
  },
  "PF": {
    "cov_gene": 207.3698604845041,
    "cov_cell": 1.350926728657547e-14,
    "r2_depth": 0,
    "r_mono": 1
  },
  "sqrt": {
    "cov_gene": 44.67831462477055,
    "cov_cell": 0.7047464223771597,
    "r2_depth": 0.707739321570934,
    "r_mono": 1
  },
  "log1p": {
    "cov_gene": 4.830296058370579,
    "cov_cell": 0.7032957277752971,
    "r2_depth": 0.6832820247441059,
    "r_mono": 1
  },
  "log1pCP10k": {
    "cov_gene": 3.4510163453788207,
    "cov_cell": 0.3258484555117439,
    "r2_depth": 0.05246936803093227,
    "r_mono": 1
  },
  "log1pCPM": {
    "cov_gene": 2.588352337228216,
    "cov_cell": 0.47570099618023814,
    "r2_depth": 0.432697402827405,
    "r_mono": 1
  },
  "log1pPF": {
    "cov_gene": 4.3753364293089945,
    "cov_cell": 0.3095724732060879,
    "r2_depth": 0.00939437508583263,
    "r_mono": 1
  },
  "PFlog1pPF": {
    "cov_gene": 37.26037226527293,
    "cov_cell": 1.2259094275884215e-14,
    "r2_depth": 0,
    "r_mono": 1
  }
}
