{"raw": {"cov_gene": 56.39799508591758, "r2_depth": 1.0, "r_mono": 1.0, "cov_cell": 1.0422746564902512}, "PF": {"cov_gene": 38.237497946798015, "r2_depth": 0, "r_mono": 1.0, "cov_cell": 1.9802885538407188e-14}, "sqrt": {"cov_gene": 7.6808152341908436, "r2_depth": 0.9889382816114911, "r_mono": 1.0, "cov_cell": 0.8798322201433344}, "log1p": {"cov_gene": 3.436340501970492, "r2_depth": 0.9899775704375859, "r_mono": 1.0, "cov_cell": 0.8850545089675151}, "log1pCP10k": {"cov_gene": 2.1973549480218737, "r2_depth": 0.7749642342326704, "r_mono": 1.0, "cov_cell": 0.3911135175527067}, "log1pCPM": {"cov_gene": 1.6102648930961507, "r2_depth": 0.9385211740862776, "r_mono": 1.0, "cov_cell": 0.6587766892307213}, "scalelog1pCP10k": {"cov_gene": 1.3121593904471713e-13, "r2_depth": 0.7767652266235688, "r_mono": 0.307110963143575, "cov_cell": null}, "sctransform": {"cov_gene": 0.38094405172069845, "r2_depth": 0.5731162435882587, "r_mono": 0.23836105356307177, "cov_cell": null}, "log1pPF": {"cov_gene": 3.3176901998577106, "r2_depth": 0.6184002317012396, "r_mono": 1.0, "cov_cell": 0.24267465096548127}, "PFlog1pPF": {"cov_gene": 3.767109800654227, "r2_depth": 0, "r_mono": 1.0, "cov_cell": 1.9338142688925942e-14}, "ncells": 9260, "ngenes": 27265, "avg_per_cell": 2348.58, "avg_per_gene": 797.65, "min_cell": 448.0, "max_cell": 21576.0, "overdispersion": 2.15, "total_count": 21747833, "nvals": 10772244, "sparsity": 0.04266676278221234}