{
    "raw": {
        "cov_gene": 56.39799508591758,
        "r2_depth": 1.0,
        "r_mono": 1.0
    },
    "PF": {
        "cov_gene": 38.237497946798015,
        "r2_depth": 0,
        "r_mono": 1.0
    },
    "sqrt": {
        "cov_gene": 7.6808152341908436,
        "r2_depth": 0.9889382816114911,
        "r_mono": 1.0
    },
    "log1p": {
        "cov_gene": 3.436340501970492,
        "r2_depth": 0.9899775704375859,
        "r_mono": 1.0
    },
    "log1pCP10k": {
        "cov_gene": 2.1973549480218737,
        "r2_depth": 0.7749642342326704,
        "r_mono": 1.0
    },
    "log1pCPM": {
        "cov_gene": 1.6102648930961507,
        "r2_depth": 0.9385211740862776,
        "r_mono": 1.0
    },
    "scalelog1pCP10k": {
        "cov_gene": 1.3121593904471713e-13,
        "r2_depth": 0.7767652266235688,
        "r_mono": 0.307110963143575
    },
    "sctransform": {
        "cov_gene": 0.38094405172069845,
        "r2_depth": 0.5731162435882587,
        "r_mono": 0.23836105356307177
    },
    "log1pPF": {
        "cov_gene": 3.3176901998577106,
        "r2_depth": 0.6184002317012396,
        "r_mono": 1.0
    },
    "PFlog1pPF": {
        "cov_gene": 3.767109800654227,
        "r2_depth": 0,
        "r_mono": 1.0
    },
    "ncells": 9260,
    "ngenes": 27265,
    "avg_per_cell": 2348.58,
    "avg_per_gene": 797.65,
    "min_cell": 448.0,
    "max_cell": 21576.0,
    "overdispersion": 2.15
}