{
  "ncells": 8013,
  "ngenes": 60623,
  "nvals": 836519,
  "density": 0.0017220400301335545,
  "total_counts": 1188333,
  "overdispersion": 3.646050570601454,
  "avg_per_cell": 148.30063646574317,
  "avg_per_gene": 19.60201573660162,
  "max_cell": 1174,
  "min_cell": 1,
  "raw": {
    "cov_gene": 206.10745455455609,
    "cov_cell": 0.5232329956897678,
    "r2_depth": 1,
    "r_mono": 1
  },
  "PF": {
    "cov_gene": 148.09375128170288,
    "cov_cell": 1.436472781322076e-15,
    "r2_depth": 0,
    "r_mono": 1
  },
  "sqrt": {
    "cov_gene": 15.564721237722098,
    "cov_cell": 0.4864913831483466,
    "r2_depth": 0.8053693706780684,
    "r_mono": 1
  },
  "log1p": {
    "cov_gene": 10.94127160245429,
    "cov_cell": 0.4900411531520501,
    "r2_depth": 0.7914212525438034,
    "r_mono": 1
  },
  "log1pCP10k": {
    "cov_gene": 5.916120487681905,
    "cov_cell": 0.355160634578519,
    "r2_depth": 0.6362622296576218,
    "r_mono": 1
  },
  "log1pCPM": {
    "cov_gene": 5.518014370333163,
    "cov_cell": 0.4187396213271957,
    "r2_depth": 0.7100834501046609,
    "r_mono": 1
  },
  "log1pPF": {
    "cov_gene": 10.918669500248,
    "cov_cell": 0.18649229915391793,
    "r2_depth": 0.17209326882998943,
    "r_mono": 1
  },
  "PFlog1pPF": {
    "cov_gene": 46.79168147359887,
    "cov_cell": 1.3725559524777217e-15,
    "r2_depth": 0,
    "r_mono": 1
  }
}
