{
  "ncells": 1517,
  "ngenes": 12131,
  "nvals": 486114,
  "density": 0.026415324207113434,
  "total_counts": 1215300,
  "overdispersion": 1.5716788747388946,
  "avg_per_cell": 801.1206328279499,
  "avg_per_gene": 100.18135355700272,
  "max_cell": 2872,
  "min_cell": 523,
  "raw": {
    "cov_gene": 106.09149986987795,
    "cov_cell": 0.3559139599928996,
    "r2_depth": 1,
    "r_mono": 1
  },
  "PF": {
    "cov_gene": 101.06155725527913,
    "cov_cell": 5.937923212532429e-15,
    "r2_depth": 0,
    "r_mono": 1
  },
  "sqrt": {
    "cov_gene": 15.062503210776852,
    "cov_cell": 0.34307427826976006,
    "r2_depth": 0.21240437563738424,
    "r_mono": 1
  },
  "log1p": {
    "cov_gene": 2.7267009981637567,
    "cov_cell": 0.35252463311738164,
    "r2_depth": 0.181982191861931,
    "r_mono": 1
  },
  "log1pCP10k": {
    "cov_gene": 1.7118132558549484,
    "cov_cell": 0.3030812795791633,
    "r2_depth": 0.020962283833127926,
    "r_mono": 1
  },
  "log1pCPM": {
    "cov_gene": 1.5677937327346378,
    "cov_cell": 0.33701023673378994,
    "r2_depth": 0.09564882053197199,
    "r_mono": 1
  },
  "scalelog1pCP10k": {
    "cov_gene": 2.2783573663411024e-14,
    "cov_cell": null,
    "r2_depth": 0.03197725742913915,
    "r_mono": 0.259184031841796
  },
  "sctransform": {
    "cov_gene": 0.18609640278013453,
    "cov_cell": null,
    "r2_depth": 0.11907485804119655,
    "r_mono": 0.2321467343809448
  },
  "log1pPF": {
    "cov_gene": 2.6452951367969737,
    "cov_cell": 0.2694626767520826,
    "r2_depth": 0.01757225942002616,
    "r_mono": 1
  },
  "PFlog1pPF": {
    "cov_gene": 7.221019669746944,
    "cov_cell": 3.569778950841251e-15,
    "r2_depth": 0,
    "r_mono": 1
  }
}
