{"raw": {"cov_gene": 29.312074160164798, "r2_depth": 1.0, "r_mono": 1.0}, "PF": {"cov_gene": 50.18066646382356, "r2_depth": 0, "r_mono": 1.0}, "sqrt": {"cov_gene": 6.964579055672566, "r2_depth": 0.9633441480680001, "r_mono": 1.0}, "log1p": {"cov_gene": 3.507341662425672, "r2_depth": 0.9561245673588632, "r_mono": 1.0}, "log1pCP10k": {"cov_gene": 3.9676370136065575, "r2_depth": 0.6150339064422048, "r_mono": 1.0}, "log1pCPM": {"cov_gene": 1.842370386963649, "r2_depth": 0.8224715226916604, "r_mono": 1.0}, "scalelog1pCP10k": {"cov_gene": 1.2649594138887436e-13, "r2_depth": 0.5066239217798654, "r_mono": 0.2982506517499}, "sctransform": {"cov_gene": 1.2792675734809595, "r2_depth": 0.6260890106453758, "r_mono": 0.13643376326414605}, "log1pPF": {"cov_gene": 4.042846820774907, "r2_depth": 0.610751614093359, "r_mono": 1.0}, "PFlog1pPF": {"cov_gene": 14.38070805075547, "r2_depth": 0, "r_mono": 1.0}}