{
  "ncells": 7791,
  "ngenes": 60623,
  "nvals": 17897449,
  "density": 0.0378931322041658,
  "total_counts": 58602015,
  "overdispersion": 0.676682773499112,
  "avg_per_cell": 7521.757797458606,
  "avg_per_gene": 966.663065173284,
  "max_cell": 43029,
  "min_cell": 184,
  "raw": {
    "cov_gene": 50.164012192103904,
    "cov_cell": 0.6881187292512458,
    "r2_depth": 1,
    "r_mono": 1
  },
  "PF": {
    "cov_gene": 80.60137057532036,
    "cov_cell": 2.8669219563693624e-14,
    "r2_depth": 0,
    "r_mono": 1
  },
  "sqrt": {
    "cov_gene": 7.046651109954253,
    "cov_cell": 0.5744671792823515,
    "r2_depth": 0.9521966926079061,
    "r_mono": 1
  },
  "log1p": {
    "cov_gene": 3.94481683241766,
    "cov_cell": 0.5722139955067899,
    "r2_depth": 0.9448716908487997,
    "r_mono": 1
  },
  "log1pCP10k": {
    "cov_gene": 3.243728366586909,
    "cov_cell": 0.3316642998672207,
    "r2_depth": 0.5820318076628102,
    "r_mono": 1
  },
  "log1pCPM": {
    "cov_gene": 2.2973169415388357,
    "cov_cell": 0.46077891356720696,
    "r2_depth": 0.8358974715300913,
    "r_mono": 1
  },
  "log1pPF": {
    "cov_gene": 3.4825289603207708,
    "cov_cell": 0.31753355954092355,
    "r2_depth": 0.5530437156771915,
    "r_mono": 1
  },
  "PFlog1pPF": {
    "cov_gene": 8.77953517803676,
    "cov_cell": 2.2351015015465963e-14,
    "r2_depth": 0,
    "r_mono": 1
  }
}
