{"ncells": 2562, "ngenes": 60623, "nvals": 8104276, "avg_per_cell": 14619.27556596409, "avg_per_gene": 617.8279530871122, "min_cell": 388, "max_cell": 49553, "total_count": 37454584, "overdispersion": 0.24961352704707257, "raw": {"cov_gene": 39.543618698026854, "cov_cell": 0.4574009795625228, "r2_depth": 1.0, "r_mono": 1}, "PF": {"cov_gene": 87.4118004710715, "cov_cell": 3.3771173930223405e-14, "r2_depth": 0, "r_mono": 1}, "log1p": {"cov_gene": 3.041857666840881, "cov_cell": 0.35639677180328444, "r2_depth": 0.9688100084338472, "r_mono": 1}, "log1pPF": {"cov_gene": 2.735589684158415, "cov_cell": 0.14836848096217806, "r2_depth": 0.6398164064061533, "r_mono": 1}, "PFlog1pPF": {"cov_gene": 3.1621051996191567, "cov_cell": 3.011310196301788e-14, "r2_depth": 0, "r_mono": 1}, "log1pCPM": {"cov_gene": 2.1696847009140323, "cov_cell": 0.24730285048773323, "r2_depth": 0.8760181395850292, "r_mono": 1}, "log1pCP10k": {"cov_gene": 2.939115291097437, "cov_cell": 0.13568975068615885, "r2_depth": 0.6020623321921093, "r_mono": 1}, "sqrt": {"cov_gene": 5.504723839804984, "cov_cell": 0.359647493051811, "r2_depth": 0.9744652734760102, "r_mono": 1}, "density": 0.05217923089325573}