{
  "ncells": 4801,
  "ngenes": 60623,
  "nvals": 2057633,
  "density": 0.007069664207983216,
  "total_counts": 4774351,
  "overdispersion": 1.003547028969538,
  "avg_per_cell": 994.4492813997084,
  "avg_per_gene": 78.75477953911881,
  "max_cell": 4653,
  "min_cell": 459,
  "raw": {
    "cov_gene": 147.2616862756846,
    "cov_cell": 0.5036109717324708,
    "r2_depth": 1,
    "r_mono": 1
  },
  "PF": {
    "cov_gene": 130.47524040753257,
    "cov_cell": 6.7406771110646445e-15,
    "r2_depth": 0,
    "r_mono": 1
  },
  "sqrt": {
    "cov_gene": 15.023735352144598,
    "cov_cell": 0.45928322044229125,
    "r2_depth": 0.8693514549807714,
    "r_mono": 1
  },
  "log1p": {
    "cov_gene": 7.469348088310651,
    "cov_cell": 0.4602771894712475,
    "r2_depth": 0.8574036448812494,
    "r_mono": 1
  },
  "log1pCP10k": {
    "cov_gene": 4.132269288082587,
    "cov_cell": 0.2849125178800275,
    "r2_depth": 0.6168867350432174,
    "r_mono": 1
  },
  "log1pCPM": {
    "cov_gene": 3.5528222625814103,
    "cov_cell": 0.3875850366127932,
    "r2_depth": 0.7625133137390179,
    "r_mono": 1
  },
  "log1pPF": {
    "cov_gene": 7.21901853138637,
    "cov_cell": 0.1807598230854473,
    "r2_depth": 0.26962670026165814,
    "r_mono": 1
  },
  "PFlog1pPF": {
    "cov_gene": 9.112700181490021,
    "cov_cell": 5.4538231852535495e-15,
    "r2_depth": 0,
    "r_mono": 1
  }
}
