{
  "ncells": 3494,
  "ngenes": 60623,
  "nvals": 13030023,
  "density": 0.061515542381863055,
  "total_counts": 35872390,
  "overdispersion": 0.4094140170630762,
  "avg_per_cell": 10266.854607899257,
  "avg_per_gene": 591.7290467314385,
  "max_cell": 36288,
  "min_cell": 2695,
  "raw": {
    "cov_gene": 37.663455387556795,
    "cov_cell": 0.41072730571092186,
    "r2_depth": 1,
    "r_mono": 1
  },
  "PF": {
    "cov_gene": 32.80465166820658,
    "cov_cell": 3.484867177438792e-14,
    "r2_depth": 0,
    "r_mono": 1
  },
  "sqrt": {
    "cov_gene": 3.3771986860142165,
    "cov_cell": 0.29008577548441933,
    "r2_depth": 0.9541220347226121,
    "r_mono": 1
  },
  "log1p": {
    "cov_gene": 2.561710529406495,
    "cov_cell": 0.2906622839839191,
    "r2_depth": 0.9469557348528777,
    "r_mono": 1
  },
  "log1pCP10k": {
    "cov_gene": 2.474169010407839,
    "cov_cell": 0.08042700595251356,
    "r2_depth": 0.37721724772906606,
    "r_mono": 1
  },
  "log1pCPM": {
    "cov_gene": 2.0360112652248237,
    "cov_cell": 0.1774897300373284,
    "r2_depth": 0.8057256098861943,
    "r_mono": 1
  },
  "log1pPF": {
    "cov_gene": 2.465469002702126,
    "cov_cell": 0.08109985038816753,
    "r2_depth": 0.38332850116400363,
    "r_mono": 1
  },
  "PFlog1pPF": {
    "cov_gene": 2.4880373941137854,
    "cov_cell": 3.8370162268160454e-14,
    "r2_depth": 0,
    "r_mono": 1
  }
}
