{
  "ncells": 14917,
  "ngenes": 26226,
  "nvals": 13063166,
  "density": 0.033391420835391865,
  "total_counts": 40183085,
  "overdispersion": 1.51,
  "avg_per_cell": 2693.78,
  "avg_per_gene": 1532.18,
  "max_cell": 61540,
  "min_cell": 409,
  "raw": {
    "cov_gene": 29.622571590572637,
    "r2_depth": 1,
    "r_mono": 1,
    "cov_cell": 1.582954425068729
  },
  "PF": {
    "cov_gene": 56.930906790207366,
    "r2_depth": 0,
    "r_mono": 1,
    "cov_cell": 1.3779997471178013e-14
  },
  "sqrt": {
    "cov_gene": 6.491257514294341,
    "r2_depth": 0.9367251812749793,
    "r_mono": 1,
    "cov_cell": 0.9774670743349456
  },
  "log1p": {
    "cov_gene": 3.74458541131881,
    "r2_depth": 0.9250916290928444,
    "r_mono": 1,
    "cov_cell": 0.9447403759110513
  },
  "log1pCP10k": {
    "cov_gene": 2.4587529458295148,
    "r2_depth": 0.42720194126159583,
    "r_mono": 1,
    "cov_cell": 0.3140104260661812
  },
  "log1pCPM": {
    "cov_gene": 1.9132701195748443,
    "r2_depth": 0.7570709924151666,
    "r_mono": 1,
    "cov_cell": 0.5961184701802279
  },
  "scalelog1pCP10k": {
    "cov_gene": 2.1554146342310458e-13,
    "r2_depth": 0.4123782367590155,
    "r_mono": 0.26939812717069567,
    "cov_cell": null
  },
  "sctransform": {
    "cov_gene": 0.8127660260195241,
    "r2_depth": 0.45677431976932414,
    "r_mono": 0.19911235656519619,
    "cov_cell": null
  },
  "log1pPF": {
    "cov_gene": 3.160570547878544,
    "r2_depth": 0.2771321420688104,
    "r_mono": 1,
    "cov_cell": 0.20991204031853217
  },
  "PFlog1pPF": {
    "cov_gene": 3.421403035487978,
    "r2_depth": 0,
    "r_mono": 1,
    "cov_cell": 1.0485081625537023e-14
  }
}
