{
  "ncells": 1988,
  "ngenes": 21571,
  "nvals": 3106111,
  "density": 0.07243197257813255,
  "total_counts": 7727360,
  "overdispersion": 0.30205177125436267,
  "avg_per_cell": 3887.002012072435,
  "avg_per_gene": 358.2291038894812,
  "max_cell": 15156,
  "min_cell": 50,
  "raw": {
    "cov_gene": 86.84761072978397,
    "cov_cell": 0.5501194665358725,
    "r2_depth": 1,
    "r_mono": 1
  },
  "PF": {
    "cov_gene": 39.70531507026044,
    "cov_cell": 2.0626953660248632e-14,
    "r2_depth": 0,
    "r_mono": 1
  },
  "sqrt": {
    "cov_gene": 4.920896068299778,
    "cov_cell": 0.51285952477149,
    "r2_depth": 0.9738267287696758,
    "r_mono": 1
  },
  "log1p": {
    "cov_gene": 2.4437583191086576,
    "cov_cell": 0.513382688821987,
    "r2_depth": 0.9710977706745204,
    "r_mono": 1
  },
  "log1pCP10k": {
    "cov_gene": 1.8224843167787093,
    "cov_cell": 0.41856010194227106,
    "r2_depth": 0.8065563564842835,
    "r_mono": 1
  },
  "log1pCPM": {
    "cov_gene": 1.251484475952395,
    "cov_cell": 0.46947177438850457,
    "r2_depth": 0.9103743347536722,
    "r_mono": 1
  },
  "scalelog1pCP10k": {
    "cov_gene": 2.74385010641253e-14,
    "cov_cell": null,
    "r2_depth": 0.7948861668279683,
    "r_mono": 0.403900066004115
  },
  "sctransform": {
    "cov_gene": 0.5660731315750196,
    "cov_cell": null,
    "r2_depth": 0.7369766625183785,
    "r_mono": 0.2823281241513961
  },
  "log1pPF": {
    "cov_gene": 2.4521276746142497,
    "cov_cell": 0.392842906826543,
    "r2_depth": 0.7648556579135648,
    "r_mono": 1
  },
  "PFlog1pPF": {
    "cov_gene": 11.319139702157413,
    "cov_cell": 1.5888727979726777e-14,
    "r2_depth": 0,
    "r_mono": 1
  }
}
