{
  "ncells": 86769,
  "ngenes": 60623,
  "nvals": 21118631,
  "density": 0.004014798428787465,
  "total_counts": 90942272,
  "overdispersion": 32.51920740303231,
  "avg_per_cell": 1048.0963477739747,
  "avg_per_gene": 1500.1282021674942,
  "max_cell": 116644,
  "min_cell": 24,
  "raw": {
    "cov_gene": 89.14962722529727,
    "cov_cell": 4.764318799058417,
    "r2_depth": 1,
    "r_mono": 1
  },
  "PF": {
    "cov_gene": 30.39986323328998,
    "cov_cell": 7.510490576008799e-15,
    "r2_depth": 0,
    "r_mono": 1
  },
  "sqrt": {
    "cov_gene": 14.880502427320135,
    "cov_cell": 3.8482772402409133,
    "r2_depth": 0.960262960943248,
    "r_mono": 1
  },
  "log1p": {
    "cov_gene": 6.938592018099171,
    "cov_cell": 3.8233186503110557,
    "r2_depth": 0.9538157629615653,
    "r_mono": 1
  },
  "log1pCP10k": {
    "cov_gene": 9.400702995278174,
    "cov_cell": 1.3092090760890127,
    "r2_depth": 0.6875301270079293,
    "r_mono": 1
  },
  "log1pCPM": {
    "cov_gene": 6.193710414250315,
    "cov_cell": 2.531760795547093,
    "r2_depth": 0.859047429074496,
    "r_mono": 1
  },
  "log1pPF": {
    "cov_gene": 10.481124693125095,
    "cov_cell": 0.5476442229215069,
    "r2_depth": 0.5496669372050036,
    "r_mono": 1
  },
  "PFlog1pPF": {
    "cov_gene": 10.894537308102237,
    "cov_cell": 7.163440078550997e-15,
    "r2_depth": 0,
    "r_mono": 1
  }
}
