{"ncells": 7310, "ngenes": 60623, "nvals": 3215208, "avg_per_cell": 1313.3673050615596, "avg_per_gene": 158.3675337743101, "min_cell": 96, "max_cell": 9511, "total_count": 9600715, "overdispersion": 1.000181572956074, "raw": {"cov_gene": 210.30691490773756, "cov_cell": 0.8687935957228864, "r2_depth": 1.0, "r_mono": 1}, "PF": {"cov_gene": 183.21255610684946, "cov_cell": 5.2344929873239525e-15, "r2_depth": 0, "r_mono": 1}, "log1p": {"cov_gene": 8.759725527354034, "cov_cell": 0.7489290452304797, "r2_depth": 0.9730013355748124, "r_mono": 1}, "log1pPF": {"cov_gene": 8.031159979570578, "cov_cell": 0.3056826873473832, "r2_depth": 0.6642178012839981, "r_mono": 1}, "PFlog1pPF": {"cov_gene": 9.4799990609722, "cov_cell": 4.954805092057758e-15, "r2_depth": 0, "r_mono": 1}, "log1pCPM": {"cov_gene": 4.82920426368124, "cov_cell": 0.5974889284312914, "r2_depth": 0.9280961777863116, "r_mono": 1}, "log1pCP10k": {"cov_gene": 5.761591681705927, "cov_cell": 0.45776352452833563, "r2_depth": 0.8331058597195447, "r_mono": 1}, "sqrt": {"cov_gene": 27.317629607616727, "cov_cell": 0.7466174444330367, "r2_depth": 0.9750498875832435, "r_mono": 1}, "density": 0.007255281587920663}