{
  "ncells": 4529,
  "ngenes": 22285,
  "nvals": 4712647,
  "density": 0.04669280358280417,
  "total_counts": 14634154,
  "overdispersion": 0.13,
  "avg_per_cell": 3231.21,
  "avg_per_gene": 656.68,
  "max_cell": 23106,
  "min_cell": 1201,
  "raw": {
    "cov_gene": 97.6299271607846,
    "r2_depth": 1,
    "r_mono": 1,
    "cov_cell": 0.47634677912402146
  },
  "PF": {
    "cov_gene": 53.02588831828515,
    "r2_depth": 0,
    "r_mono": 1,
    "cov_cell": 1.7742547249027567e-14
  },
  "sqrt": {
    "cov_gene": 3.076223984262483,
    "r2_depth": 0.8952540813580545,
    "r_mono": 1,
    "cov_cell": 0.3484101378860974
  },
  "log1p": {
    "cov_gene": 2.2651650489058643,
    "r2_depth": 0.8784502616511771,
    "r_mono": 1,
    "cov_cell": 0.34258981342242273
  },
  "log1pCP10k": {
    "cov_gene": 1.8226651505363638,
    "r2_depth": 0.37653343405234607,
    "r_mono": 1,
    "cov_cell": 0.1410782233624862
  },
  "log1pCPM": {
    "cov_gene": 1.5719823775834092,
    "r2_depth": 0.7241617741496196,
    "r_mono": 1,
    "cov_cell": 0.24693240173631092
  },
  "scalelog1pCP10k": {
    "cov_gene": 6.389999059479362e-14,
    "r2_depth": 0.3795176102369541,
    "r_mono": 0.32415415684000654,
    "cov_cell": null
  },
  "sctransform": {
    "cov_gene": 0.5298980002762144,
    "r2_depth": 0.031237552996513207,
    "r_mono": 0.26101495445032347,
    "cov_cell": null
  },
  "log1pPF": {
    "cov_gene": 2.178388953944304,
    "r2_depth": 0.17455999310930403,
    "r_mono": 1,
    "cov_cell": 0.109623114540636
  },
  "PFlog1pPF": {
    "cov_gene": 2.215458042929168,
    "r2_depth": 0,
    "r_mono": 1,
    "cov_cell": 1.2988252595950691e-14
  }
}
