{
  "ncells": 166,
  "ngenes": 60623,
  "nvals": 143946,
  "density": 0.014303887605582915,
  "total_counts": 603931,
  "overdispersion": 5.137980937346168,
  "avg_per_cell": 3638.1385542168673,
  "avg_per_gene": 9.962077099450704,
  "max_cell": 74025,
  "min_cell": 181,
  "raw": {
    "cov_gene": 155.5437243780455,
    "cov_cell": 2.185513927393262,
    "r2_depth": 1,
    "r_mono": 1
  },
  "PF": {
    "cov_gene": 203.10458634620107,
    "cov_cell": 2.2368095981404377e-14,
    "r2_depth": 0,
    "r_mono": 1
  },
  "sqrt": {
    "cov_gene": 32.18626624982281,
    "cov_cell": 1.9056321909513445,
    "r2_depth": 0.8814590567341262,
    "r_mono": 1
  },
  "log1p": {
    "cov_gene": 5.415697028081288,
    "cov_cell": 1.9138551367736338,
    "r2_depth": 0.8699317045581961,
    "r_mono": 1
  },
  "log1pCP10k": {
    "cov_gene": 5.5413153818434,
    "cov_cell": 0.9951627492038051,
    "r2_depth": 0.4626795797152288,
    "r_mono": 1
  },
  "log1pCPM": {
    "cov_gene": 3.1779639463580067,
    "cov_cell": 1.4778594496053759,
    "r2_depth": 0.697658280770578,
    "r_mono": 1
  },
  "log1pPF": {
    "cov_gene": 6.668628072720064,
    "cov_cell": 0.8165718577669274,
    "r2_depth": 0.3751090767751275,
    "r_mono": 1
  },
  "PFlog1pPF": {
    "cov_gene": 28.169200529895935,
    "cov_cell": 1.3909863025259397e-14,
    "r2_depth": 0,
    "r_mono": 1
  }
}
