{
    "raw": {
        "cov_gene": 37.65856626298061,
        "r2_depth": 1.0,
        "r_mono": 1.0
    },
    "PF": {
        "cov_gene": 8.663604509727179,
        "r2_depth": 0,
        "r_mono": 1.0
    },
    "sqrt": {
        "cov_gene": 4.02683658212034,
        "r2_depth": 0.9498013008215458,
        "r_mono": 1.0
    },
    "log1p": {
        "cov_gene": 4.217962887337484,
        "r2_depth": 0.9480489126359346,
        "r_mono": 1.0
    },
    "log1pCP10k": {
        "cov_gene": 3.2304116312032876,
        "r2_depth": 0.5540130519228014,
        "r_mono": 1.0
    },
    "log1pCPM": {
        "cov_gene": 3.0029147409721486,
        "r2_depth": 0.7988313669147773,
        "r_mono": 1.0
    },
    "scalelog1pCP10k": {
        "cov_gene": 1.2614845128646467e-12,
        "r2_depth": 0.6120421172013595,
        "r_mono": 0.1635831669554508
    },
    "sctransform": {
        "cov_gene": 0.38451393946239204,
        "r2_depth": 0.3329548093601674,
        "r_mono": 0.1283205909832419
    },
    "log1pPF": {
        "cov_gene": 4.055433724956358,
        "r2_depth": 0.2603770036875426,
        "r_mono": 1.0
    },
    "PFlog1pPF": {
        "cov_gene": 4.115852489183721,
        "r2_depth": 0,
        "r_mono": 1.0
    },
    "ncells": "87799",
    "ngenes": 26022,
    "avg_per_cell": "349.3",
    "avg_per_gene": "1178.55",
    "min_cell": "158",
    "max_cell": "28198",
    "overdispersion": "3.59"
}