{"ncells": 1000, "ngenes": 18524, "nvals": 1629929, "density": 0.08799012092420644, "avg_per_cell": 3781.191, "avg_per_gene": 204.12389332757505, "min_cell": 1459, "max_cell": 28095, "total_count": 3781191, "overdispersion": 0.8889221391041932, "raw": {"cov_gene": 47.78212513819446, "cov_cell": 0.8585800180931068, "r2_depth": 1, "r_mono": 1}, "PF": {"cov_gene": 44.73503481160328, "cov_cell": 2.0567740793380546e-14, "r2_depth": 0, "r_mono": 1}, "log1p": {"cov_gene": 1.7418228026251457, "cov_cell": 0.6251670881005961, "r2_depth": 0.9624816139835151, "r_mono": 1}, "sqrt": {"cov_gene": 2.634736512297845, "cov_cell": 0.6265692970659034, "r2_depth": 0.9653111373793413, "r_mono": 1}, "log1pPF": {"cov_gene": 1.5775554792336854, "cov_cell": 0.13406541851224807, "r2_depth": 0.5431623908899221, "r_mono": 1}, "PFlog1pPF": {"cov_gene": 1.7438846706363764, "cov_cell": 1.771855883860848e-14, "r2_depth": 0, "r_mono": 1}, "log1pCPM": {"cov_gene": 1.1024204949888965, "cov_cell": 0.40557116042169816, "r2_depth": 0.8825810497168922, "r_mono": 1}, "log1pCP10k": {"cov_gene": 1.3659052922454389, "cov_cell": 0.19753881353771047, "r2_depth": 0.6804665075768015, "r_mono": 1}, "sctransform": {"cov_gene": 0.7799258552121823, "cov_cell": null, "r2_depth": 0.42259379721811385, "r_mono": 0.31573866244749116}, "scalelog1pCP10k": {"cov_gene": 1.4098543648350545e-14, "cov_cell": null, "r2_depth": 0.5666570857909468, "r_mono": 0.4405974803278613}}