{
  "ncells": 2515,
  "ngenes": 60623,
  "nvals": 5945767,
  "density": 0.03899711442182725,
  "total_counts": 25128762,
  "overdispersion": 1.5471190580508083,
  "avg_per_cell": 9991.555467196818,
  "avg_per_gene": 414.50871781337116,
  "max_cell": 66612,
  "min_cell": 195,
  "raw": {
    "cov_gene": 107.38535440341849,
    "cov_cell": 1.1280948203364936,
    "r2_depth": 1,
    "r_mono": 1
  },
  "PF": {
    "cov_gene": 102.61682073422327,
    "cov_cell": 2.921956314007061e-14,
    "r2_depth": 0,
    "r_mono": 1
  },
  "sqrt": {
    "cov_gene": 15.734137681005661,
    "cov_cell": 0.9935895307815492,
    "r2_depth": 0.9701015549905357,
    "r_mono": 1
  },
  "log1p": {
    "cov_gene": 4.7583511408264885,
    "cov_cell": 0.9910119853487767,
    "r2_depth": 0.9659108209327968,
    "r_mono": 1
  },
  "log1pCP10k": {
    "cov_gene": 4.802317835221874,
    "cov_cell": 0.5461528273124514,
    "r2_depth": 0.7170918096534549,
    "r_mono": 1
  },
  "log1pCPM": {
    "cov_gene": 2.4272066445551155,
    "cov_cell": 0.8149487538570586,
    "r2_depth": 0.8851025869901064,
    "r_mono": 1
  },
  "log1pPF": {
    "cov_gene": 4.803381300221509,
    "cov_cell": 0.5460614408392842,
    "r2_depth": 0.7170359394725798,
    "r_mono": 1
  },
  "PFlog1pPF": {
    "cov_gene": 9.098871807742624,
    "cov_cell": 2.6953614391571732e-14,
    "r2_depth": 0,
    "r_mono": 1
  }
}
