{"ncells": 16881, "ngenes": 24987, "nvals": 18268581, "density": 0.04331043327886819, "avg_per_cell": 3043.165807712813, "avg_per_gene": 2055.936366910794, "min_cell": 156, "max_cell": 28392, "total_count": 51371682, "overdispersion": 1.8337867961304797, "raw": {"cov_gene": 58.65524845109555, "cov_cell": 0.7718287372694089, "r2_depth": 1, "r_mono": 1}, "PF": {"cov_gene": 68.58218608973473, "cov_cell": 1.0310722604465937e-14, "r2_depth": 0, "r_mono": 1}, "log1p": {"cov_gene": 3.129933379065266, "cov_cell": 0.6264113381501653, "r2_depth": 0.954893351371395, "r_mono": 1}, "sqrt": {"cov_gene": 5.396512609478624, "cov_cell": 0.6287875844154619, "r2_depth": 0.9608404597671851, "r_mono": 1}, "log1pPF": {"cov_gene": 2.770577788418032, "cov_cell": 0.25192029717727954, "r2_depth": 0.5410278816137757, "r_mono": 1}, "PFlog1pPF": {"cov_gene": 4.181603780367071, "cov_cell": 1.2425545022743806e-14, "r2_depth": 0, "r_mono": 1}, "log1pCPM": {"cov_gene": 1.7659470763895246, "cov_cell": 0.47911881444615734, "r2_depth": 0.875357768678417, "r_mono": 1}, "log1pCP10k": {"cov_gene": 2.2089205619143693, "cov_cell": 0.3256611699384575, "r2_depth": 0.6801730171545532, "r_mono": 1}, "sctransform": {"cov_gene": NaN, "cov_cell": null, "r2_depth": null, "r_mono": NaN}, "scalelog1pCP10k": {"cov_gene": 2.456610985593895e-13, "cov_cell": null, "r2_depth": 0.693563210924911, "r_mono": 0.31435013481511026}}