{"ncells": 16881, "ngenes": 60623, "nvals": 18287785, "avg_per_cell": 3044.339138676619, "avg_per_gene": 847.7226300249081, "min_cell": 158, "max_cell": 28410, "total_count": 51391489, "overdispersion": 1.8337867961304806, "raw": {"cov_gene": 91.36888055552818, "cov_cell": 0.771816647011899, "r2_depth": 1.0, "r_mono": 1}, "PF": {"cov_gene": 106.83856726023315, "cov_cell": 1.4529556741807444e-14, "r2_depth": 0, "r_mono": 1}, "log1p": {"cov_gene": 5.015301704428639, "cov_cell": 0.626499564612627, "r2_depth": 0.9549368801572347, "r_mono": 1}, "log1pPF": {"cov_gene": 4.472997978012198, "cov_cell": 0.2518672230142066, "r2_depth": 0.5410995238852219, "r_mono": 1}, "PFlog1pPF": {"cov_gene": 6.613845079118322, "cov_cell": 1.3326593447657698e-14, "r2_depth": 0, "r_mono": 1}, "log1pCPM": {"cov_gene": 2.994281550327061, "cov_cell": 0.47921006241640507, "r2_depth": 0.8755015817150391, "r_mono": 1}, "log1pCP10k": {"cov_gene": 3.6377688022502217, "cov_cell": 0.32562132536966093, "r2_depth": 0.6802697023308555, "r_mono": 1}, "sqrt": {"cov_gene": 8.483481651835403, "cov_cell": 0.6288751733821841, "r2_depth": 0.9608772556013669, "r_mono": 1}, "density": 0.01787003953400889}