{
  "ncells": 918,
  "ngenes": 10311,
  "nvals": 282547,
  "density": 0.02985019911260876,
  "total_counts": 537596,
  "overdispersion": 3.3,
  "avg_per_cell": 585.62,
  "avg_per_gene": 52.14,
  "max_cell": 5228,
  "min_cell": 8,
  "raw": {
    "cov_gene": 57.424771959734095,
    "r2_depth": 1,
    "r_mono": 1,
    "cov_cell": 0.8610403898322999
  },
  "PF": {
    "cov_gene": 52.179980047863786,
    "r2_depth": 0,
    "r_mono": 1,
    "cov_cell": 3.5089173908490738e-15
  },
  "sqrt": {
    "cov_gene": 4.6618544483293745,
    "r2_depth": 0.9500689867105835,
    "r_mono": 1,
    "cov_cell": 0.662738165779696
  },
  "log1p": {
    "cov_gene": 3.0746217005995455,
    "r2_depth": 0.9495589185593862,
    "r_mono": 1,
    "cov_cell": 0.672813421528015
  },
  "log1pCP10k": {
    "cov_gene": 1.7050811551189713,
    "r2_depth": 0.672653092401738,
    "r_mono": 1,
    "cov_cell": 0.35634993712943336
  },
  "log1pCPM": {
    "cov_gene": 1.4517500027617007,
    "r2_depth": 0.8192555856059032,
    "r_mono": 1,
    "cov_cell": 0.4736922220680625
  },
  "scalelog1pCP10k": {
    "cov_gene": 1.3804171918024229e-14,
    "r2_depth": 0.7165057391851375,
    "r_mono": 0.28048935871644326,
    "cov_cell": null
  },
  "sctransform": {
    "cov_gene": 0.46754734810052195,
    "r2_depth": 0.12141766780986984,
    "r_mono": 0.24757949243564423,
    "cov_cell": null
  },
  "log1pPF": {
    "cov_gene": 3.0636546268002087,
    "r2_depth": 0.3448659242711348,
    "r_mono": 1,
    "cov_cell": 0.21164198344124102
  },
  "PFlog1pPF": {
    "cov_gene": 50.925621854462584,
    "r2_depth": 0,
    "r_mono": 1,
    "cov_cell": 3.9370522343569915e-15
  }
}
