{"ncells": 70373, "ngenes": 60623, "nvals": 10623887, "avg_per_cell": 277.10911855399087, "avg_per_gene": 321.67659139270575, "min_cell": 66, "max_cell": 47456, "total_count": 19501000, "overdispersion": 10.542956757565303, "raw": {"cov_gene": 108.91114446507272, "cov_cell": 2.661184138534938, "r2_depth": 1.0, "r_mono": 1}, "PF": {"cov_gene": 37.73715984654647, "cov_cell": 2.870474803980058e-15, "r2_depth": 0, "r_mono": 1}, "log1p": {"cov_gene": 9.39074699102013, "cov_cell": 1.96839324150768, "r2_depth": 0.9560722763808117, "r_mono": 1}, "log1pPF": {"cov_gene": 9.334674722369776, "cov_cell": 0.20217056251836385, "r2_depth": 0.5366647773248098, "r_mono": 1}, "PFlog1pPF": {"cov_gene": 9.509888661088697, "cov_cell": 3.5981754711497755e-15, "r2_depth": 0, "r_mono": 1}, "log1pCPM": {"cov_gene": 6.397740622558355, "cov_cell": 1.3041198130842555, "r2_depth": 0.8752367698286748, "r_mono": 1}, "log1pCP10k": {"cov_gene": 7.589931454308603, "cov_cell": 0.8326564665038685, "r2_depth": 0.7630426744313159, "r_mono": 1}, "sqrt": {"cov_gene": 14.979782352407458, "cov_cell": 1.9590945249569844, "r2_depth": 0.9582332772674118, "r_mono": 1}, "density": 0.0024902328233743485}