{
    "raw": {
        "cov_gene": 67.69236933226603,
        "r2_depth": 1.0,
        "r_mono": 1.0
    },
    "PF": {
        "cov_gene": 23.471760223554025,
        "r2_depth": 0,
        "r_mono": 1.0
    },
    "sqrt": {
        "cov_gene": 9.287716274749956,
        "r2_depth": 0.9580369287291257,
        "r_mono": 1.0
    },
    "log1p": {
        "cov_gene": 5.790391219222888,
        "r2_depth": 0.9558674044820052,
        "r_mono": 1.0
    },
    "log1pCP10k": {
        "cov_gene": 4.657767620581339,
        "r2_depth": 0.7631073269267804,
        "r_mono": 1.0
    },
    "log1pCPM": {
        "cov_gene": 3.9046803080873898,
        "r2_depth": 0.8749783215870128,
        "r_mono": 1.0
    },
    "scalelog1pCP10k": {
        "cov_gene": 1.0476508421668964e-12,
        "r2_depth": 0.7129992287282256,
        "r_mono": 0.11781989982732537
    },
    "sctransform": {
        "cov_gene": 0.5803382035458096,
        "r2_depth": 0.27403868781901053,
        "r_mono": 0.10901833380303144
    },
    "log1pPF": {
        "cov_gene": 5.754653141340225,
        "r2_depth": 0.5368128582513119,
        "r_mono": 1.0
    },
    "PFlog1pPF": {
        "cov_gene": 5.864428332741304,
        "r2_depth": 0,
        "r_mono": 1.0
    },
    "ncells": "70373",
    "ngenes": 23421,
    "avg_per_cell": "276.87",
    "avg_per_gene": "831.92",
    "min_cell": "65",
    "max_cell": "47360",
    "overdispersion": "10.54"
}