{"ncells": 1215, "ngenes": 60623, "nvals": 1291317, "avg_per_cell": 3474.7201646090534, "avg_per_gene": 69.63998812331953, "min_cell": 364, "max_cell": 58505, "total_count": 4221785, "overdispersion": 0.5278810378451977, "raw": {"cov_gene": 82.1322661517035, "cov_cell": 0.9803776654708871, "r2_depth": 1.0, "r_mono": 1}, "PF": {"cov_gene": 107.06432473681501, "cov_cell": 1.4919472748505698e-14, "r2_depth": 0, "r_mono": 1}, "log1p": {"cov_gene": 5.602778925684512, "cov_cell": 0.6767544237044467, "r2_depth": 0.8962885824109253, "r_mono": 1}, "log1pPF": {"cov_gene": 4.855496124820223, "cov_cell": 0.26816350799042316, "r2_depth": 0.30278165652023414, "r_mono": 1}, "PFlog1pPF": {"cov_gene": 17.158369189159902, "cov_cell": 1.1864394743330921e-14, "r2_depth": 0, "r_mono": 1}, "log1pCPM": {"cov_gene": 2.7721382731269384, "cov_cell": 0.4885551614604748, "r2_depth": 0.7022499939977342, "r_mono": 1}, "log1pCP10k": {"cov_gene": 3.7432166217305416, "cov_cell": 0.32657343326776217, "r2_depth": 0.414856150770879, "r_mono": 1}, "sqrt": {"cov_gene": 9.856413188086032, "cov_cell": 0.6885322694681639, "r2_depth": 0.9107215196955899, "r_mono": 1}, "density": 0.017531503648433967}