{"raw": {"cov_gene": 44.18866344283785, "r2_depth": 1.0, "r_mono": 1.0, "cov_cell": 0.9812053767227122}, "PF": {"cov_gene": 57.721838751831335, "r2_depth": 0, "r_mono": 1.0, "cov_cell": 1.1404496783601996e-14}, "sqrt": {"cov_gene": 5.276166224380147, "r2_depth": 0.9100067604687683, "r_mono": 1.0, "cov_cell": 0.6879843577040161}, "log1p": {"cov_gene": 2.9208798798891125, "r2_depth": 0.8953390078023711, "r_mono": 1.0, "cov_cell": 0.6760897633568366}, "log1pCP10k": {"cov_gene": 1.8540741733099086, "r2_depth": 0.414310023510266, "r_mono": 1.0, "cov_cell": 0.32698869554529386}, "log1pCPM": {"cov_gene": 1.259336600807071, "r2_depth": 0.7000152140441089, "r_mono": 1.0, "cov_cell": 0.4878461748197833}, "scalelog1pCP10k": {"cov_gene": 1.7483513941106434e-14, "r2_depth": 0.39827468260127363, "r_mono": 0.3713403528922785, "cov_cell": null}, "sctransform": {"cov_gene": 0.5600462806598024, "r2_depth": 0.2526738718044147, "r_mono": 0.29282686051872003, "cov_cell": null}, "log1pPF": {"cov_gene": 2.4998286120457682, "r2_depth": 0.30251060740049507, "r_mono": 1.0, "cov_cell": 0.2685850938825729}, "PFlog1pPF": {"cov_gene": 9.664276974468919, "r2_depth": 0, "r_mono": 1.0, "cov_cell": 1.0231765327568972e-14}, "ncells": 1215, "ngenes": 17549, "avg_per_cell": 3460.48, "avg_per_gene": 239.59, "min_cell": 364.0, "max_cell": 58337.0, "overdispersion": 0.53, "total_count": 4204480, "nvals": 1275847, "sparsity": 0.059837018370901274}