{
    "raw": {
        "cov_gene": 60.101110654362735,
        "r2_depth": 1.0,
        "r_mono": 1.0
    },
    "PF": {
        "cov_gene": 77.6782669751001,
        "r2_depth": 0,
        "r_mono": 1.0
    },
    "sqrt": {
        "cov_gene": 13.14261144148142,
        "r2_depth": 0.8682573919391753,
        "r_mono": 1.0
    },
    "log1p": {
        "cov_gene": 2.0739227226085615,
        "r2_depth": 0.853539086924995,
        "r_mono": 1.0
    },
    "log1pCP10k": {
        "cov_gene": 2.0646506932767,
        "r2_depth": 0.44904661263268186,
        "r_mono": 1.0
    },
    "log1pCPM": {
        "cov_gene": 1.0535180925892575,
        "r2_depth": 0.6662415354184816,
        "r_mono": 1.0
    },
    "scalelog1pCP10k": {
        "cov_gene": 3.006006412452236e-15,
        "r2_depth": 0.5019218430961767,
        "r_mono": 0.3269111927893529
    },
    "sctransform": {
        "cov_gene": 1.1106561885450001,
        "r2_depth": 0.010592580072956381,
        "r_mono": 0.29030297455075205
    },
    "log1pPF": {
        "cov_gene": 2.5501796689668335,
        "r2_depth": 0.3576009657840754,
        "r_mono": 1.0
    },
    "PFlog1pPF": {
        "cov_gene": 11.106169456496751,
        "r2_depth": 0,
        "r_mono": 1.0
    },
    "ncells": "166",
    "ngenes": 8977,
    "avg_per_cell": "3469.98",
    "avg_per_gene": "64.17",
    "min_cell": "171",
    "max_cell": "70796",
    "overdispersion": "5.14"
}