{
  "ncells": 12849,
  "ngenes": 60623,
  "nvals": 24388011,
  "density": 0.03130903117108304,
  "total_counts": 63027759,
  "overdispersion": 0.9968302471818383,
  "avg_per_cell": 4905.265701611021,
  "avg_per_gene": 1039.6674364515118,
  "max_cell": 81906,
  "min_cell": 111,
  "raw": {
    "cov_gene": 152.53657355617418,
    "cov_cell": 0.8606164207791759,
    "r2_depth": 1,
    "r_mono": 1
  },
  "PF": {
    "cov_gene": 78.78199300456245,
    "cov_cell": 2.103029007964787e-14,
    "r2_depth": 0,
    "r_mono": 1
  },
  "sqrt": {
    "cov_gene": 6.774620813376013,
    "cov_cell": 0.7015252823117625,
    "r2_depth": 0.9328726009003043,
    "r_mono": 1
  },
  "log1p": {
    "cov_gene": 4.1943666729249385,
    "cov_cell": 0.7009686750000176,
    "r2_depth": 0.928756013836119,
    "r_mono": 1
  },
  "log1pCP10k": {
    "cov_gene": 3.2957301328785085,
    "cov_cell": 0.4118849206101623,
    "r2_depth": 0.5718121915127623,
    "r_mono": 1
  },
  "log1pCPM": {
    "cov_gene": 2.4054167191562636,
    "cov_cell": 0.5574811664993835,
    "r2_depth": 0.8137719422844463,
    "r_mono": 1
  },
  "log1pPF": {
    "cov_gene": 3.8764882557528897,
    "cov_cell": 0.3723047400557544,
    "r2_depth": 0.5040846200730662,
    "r_mono": 1
  },
  "PFlog1pPF": {
    "cov_gene": 10.188737053394336,
    "cov_cell": 2.3293200345249313e-14,
    "r2_depth": 0,
    "r_mono": 1
  }
}
