{
  "ncells": 6831,
  "ngenes": 60623,
  "nvals": 17312512,
  "density": 0.04180597706515908,
  "total_counts": 91866183,
  "overdispersion": 3.686683315521736,
  "avg_per_cell": 13448.42380324989,
  "avg_per_gene": 1515.3684740115139,
  "max_cell": 97466,
  "min_cell": 262,
  "raw": {
    "cov_gene": 104.02607332328012,
    "cov_cell": 1.0501751943394342,
    "r2_depth": 1,
    "r_mono": 1
  },
  "PF": {
    "cov_gene": 112.33852178529763,
    "cov_cell": 3.079164459681724e-14,
    "r2_depth": 0,
    "r_mono": 1
  },
  "sqrt": {
    "cov_gene": 14.699299632391245,
    "cov_cell": 0.8335497059564945,
    "r2_depth": 0.921691412001454,
    "r_mono": 1
  },
  "log1p": {
    "cov_gene": 4.296106664165724,
    "cov_cell": 0.8239404418667116,
    "r2_depth": 0.906602481253508,
    "r_mono": 1
  },
  "log1pCP10k": {
    "cov_gene": 4.13676864099632,
    "cov_cell": 0.4349002402723945,
    "r2_depth": 0.35246503573711696,
    "r_mono": 1
  },
  "log1pCPM": {
    "cov_gene": 2.406842415906056,
    "cov_cell": 0.6160762964349626,
    "r2_depth": 0.7150929461186424,
    "r_mono": 1
  },
  "log1pPF": {
    "cov_gene": 3.8238726873356397,
    "cov_cell": 0.45118466538441054,
    "r2_depth": 0.3851394288649076,
    "r_mono": 1
  },
  "PFlog1pPF": {
    "cov_gene": 12.272973568156646,
    "cov_cell": 2.3119279252338243e-14,
    "r2_depth": 0,
    "r_mono": 1
  }
}
