{
  "ncells": 8534,
  "ngenes": 25796,
  "nvals": 12225297,
  "density": 0.05553341894069395,
  "total_counts": 41012916,
  "overdispersion": 1.05779025759362,
  "avg_per_cell": 4805.825638621983,
  "avg_per_gene": 1589.8944022329042,
  "max_cell": 63604,
  "min_cell": 472,
  "raw": {
    "cov_gene": 29.287141943009498,
    "cov_cell": 1.1183017339726269,
    "r2_depth": 1,
    "r_mono": 1
  },
  "PF": {
    "cov_gene": 42.50416854141626,
    "cov_cell": 1.5516942450166216e-14,
    "r2_depth": 0,
    "r_mono": 1
  },
  "sqrt": {
    "cov_gene": 5.152983932777447,
    "cov_cell": 0.8302604414924042,
    "r2_depth": 0.9463070221899226,
    "r_mono": 1
  },
  "log1p": {
    "cov_gene": 2.967403590589345,
    "cov_cell": 0.8176555162152954,
    "r2_depth": 0.9368899500606296,
    "r_mono": 1
  },
  "log1pCP10k": {
    "cov_gene": 2.282981759900887,
    "cov_cell": 0.3437696063244462,
    "r2_depth": 0.5237198873016835,
    "r_mono": 1
  },
  "log1pCPM": {
    "cov_gene": 1.5728814433054474,
    "cov_cell": 0.5791945507014612,
    "r2_depth": 0.8046379756471513,
    "r_mono": 1
  },
  "scalelog1pCP10k": {
    "cov_gene": 1.215849202517449e-13,
    "cov_cell": null,
    "r2_depth": 0.565564028096907,
    "r_mono": 0.34293504793609614
  },
  "sctransform": {
    "cov_gene": 1.877592377401542,
    "cov_cell": null,
    "r2_depth": 0.4441524051351906,
    "r_mono": 0.22873087699187078
  },
  "log1pPF": {
    "cov_gene": 2.699055469994367,
    "cov_cell": 0.2896359326931478,
    "r2_depth": 0.4377026395452335,
    "r_mono": 1
  },
  "PFlog1pPF": {
    "cov_gene": 8.045037684814705,
    "cov_cell": 1.523493041207169e-14,
    "r2_depth": 0,
    "r_mono": 1
  }
}
