{
  "ncells": 6028,
  "ngenes": 60623,
  "nvals": 11454886,
  "density": 0.03134585379736728,
  "total_counts": 23206413,
  "overdispersion": 0.3666746285463537,
  "avg_per_cell": 3849.769907100199,
  "avg_per_gene": 382.79882222918695,
  "max_cell": 48028,
  "min_cell": 1372,
  "raw": {
    "cov_gene": 148.13471823361584,
    "cov_cell": 0.6387051965170305,
    "r2_depth": 1,
    "r_mono": 1
  },
  "PF": {
    "cov_gene": 122.7398842866252,
    "cov_cell": 2.4387182570528245e-14,
    "r2_depth": 0,
    "r_mono": 1
  },
  "sqrt": {
    "cov_gene": 8.853508330356327,
    "cov_cell": 0.4742755142835366,
    "r2_depth": 0.7425352079375833,
    "r_mono": 1
  },
  "log1p": {
    "cov_gene": 3.129830295752392,
    "cov_cell": 0.4808038042953915,
    "r2_depth": 0.7300866790842169,
    "r_mono": 1
  },
  "log1pCP10k": {
    "cov_gene": 2.577898389755783,
    "cov_cell": 0.19944610204962604,
    "r2_depth": 0.26617075363137244,
    "r_mono": 1
  },
  "log1pCPM": {
    "cov_gene": 2.2640617193941455,
    "cov_cell": 0.3316872126967376,
    "r2_depth": 0.5670487624056653,
    "r_mono": 1
  },
  "log1pPF": {
    "cov_gene": 2.9230343355447292,
    "cov_cell": 0.16110346112290605,
    "r2_depth": 0.130597525657824,
    "r_mono": 1
  },
  "PFlog1pPF": {
    "cov_gene": 17.685577179532174,
    "cov_cell": 2.1952907482020375e-14,
    "r2_depth": 0,
    "r_mono": 1
  }
}
