{
  "ncells": 4260,
  "ngenes": 21567,
  "nvals": 3453742,
  "density": 0.037591577812651086,
  "total_counts": 10886578,
  "overdispersion": 7.36,
  "avg_per_cell": 2555.53,
  "avg_per_gene": 504.78,
  "max_cell": 36954,
  "min_cell": 689,
  "raw": {
    "cov_gene": 94.78758835457458,
    "r2_depth": 1,
    "r_mono": 1,
    "cov_cell": 0.9272102064933473
  },
  "PF": {
    "cov_gene": 100.49403211662278,
    "r2_depth": 0,
    "r_mono": 1,
    "cov_cell": 1.0082311290831325e-14
  },
  "sqrt": {
    "cov_gene": 21.604116727145016,
    "r2_depth": 0.694412324170453,
    "r_mono": 1,
    "cov_cell": 0.7080031218543296
  },
  "log1p": {
    "cov_gene": 3.660579699929674,
    "r2_depth": 0.66835271409114,
    "r_mono": 1,
    "cov_cell": 0.7091129405292902
  },
  "log1pCP10k": {
    "cov_gene": 2.185928794323394,
    "r2_depth": 0.12204382551904358,
    "r_mono": 1,
    "cov_cell": 0.3232847508917245
  },
  "log1pCPM": {
    "cov_gene": 1.6377170137750847,
    "r2_depth": 0.4710803392352516,
    "r_mono": 1,
    "cov_cell": 0.48887016035829484
  },
  "scalelog1pCP10k": {
    "cov_gene": 6.091050200965686e-14,
    "r2_depth": 0.2103598987137737,
    "r_mono": 0.2992455786681785,
    "cov_cell": null
  },
  "sctransform": {
    "cov_gene": 0.713428296495006,
    "r2_depth": 0.05910441433106606,
    "r_mono": 0.24430169088814876,
    "cov_cell": null
  },
  "log1pPF": {
    "cov_gene": 3.3427440720261723,
    "r2_depth": 0.014147254567612455,
    "r_mono": 1,
    "cov_cell": 0.28184761497066785
  },
  "PFlog1pPF": {
    "cov_gene": 29.862891224384448,
    "r2_depth": 0,
    "r_mono": 1,
    "cov_cell": 6.527913714123062e-15
  }
}
