{
  "ncells": 604,
  "ngenes": 8338,
  "nvals": 272443,
  "density": 0.05409745377025951,
  "total_counts": 1175621,
  "overdispersion": 1.75,
  "avg_per_cell": 1946.39,
  "avg_per_gene": 141,
  "max_cell": 11209,
  "min_cell": 143,
  "raw": {
    "cov_gene": 21.498085529738272,
    "r2_depth": 1,
    "r_mono": 1,
    "cov_cell": 0.7803143433821711
  },
  "PF": {
    "cov_gene": 30.747411846449353,
    "r2_depth": 0,
    "r_mono": 1,
    "cov_cell": 4.4370733202356986e-15
  },
  "sqrt": {
    "cov_gene": 3.7977317633068393,
    "r2_depth": 0.9774981359082334,
    "r_mono": 1,
    "cov_cell": 0.6488958451679429
  },
  "log1p": {
    "cov_gene": 2.436113888465047,
    "r2_depth": 0.9719897305237425,
    "r_mono": 1,
    "cov_cell": 0.6417039288507035
  },
  "log1pCP10k": {
    "cov_gene": 1.7694192620106415,
    "r2_depth": 0.806105873444914,
    "r_mono": 1,
    "cov_cell": 0.38018025506139497
  },
  "log1pCPM": {
    "cov_gene": 1.368948552447062,
    "r2_depth": 0.9020048438080103,
    "r_mono": 1,
    "cov_cell": 0.4891161907024734
  },
  "scalelog1pCP10k": {
    "cov_gene": 9.364884269006034e-15,
    "r2_depth": 0.7995926001648764,
    "r_mono": 0.36332105658606384,
    "cov_cell": null
  },
  "sctransform": {
    "cov_gene": 0.7115550800457113,
    "r2_depth": 0.07041617522246757,
    "r_mono": 0.27160690718330316,
    "cov_cell": null
  },
  "log1pPF": {
    "cov_gene": 2.378223756271972,
    "r2_depth": 0.7014227230505548,
    "r_mono": 1,
    "cov_cell": 0.2969057459840906
  },
  "PFlog1pPF": {
    "cov_gene": 3.037468465955971,
    "r2_depth": 0,
    "r_mono": 1,
    "cov_cell": 2.9393301075240724e-15
  }
}
