{
    "raw": {
        "cov_gene": 59.288405714634415,
        "r2_depth": 1.0,
        "r_mono": 1.0
    },
    "PF": {
        "cov_gene": 31.383528203811544,
        "r2_depth": 0,
        "r_mono": 1.0
    },
    "sqrt": {
        "cov_gene": 8.284057476609357,
        "r2_depth": 0.9598025826446976,
        "r_mono": 1.0
    },
    "log1p": {
        "cov_gene": 3.7987995980444444,
        "r2_depth": 0.9545563114551906,
        "r_mono": 1.0
    },
    "log1pCP10k": {
        "cov_gene": 3.3185687462282893,
        "r2_depth": 0.6080175984873493,
        "r_mono": 1.0
    },
    "log1pCPM": {
        "cov_gene": 1.690794477158247,
        "r2_depth": 0.8534505736010306,
        "r_mono": 1.0
    },
    "scalelog1pCP10k": {
        "cov_gene": 8.141473329427216e-14,
        "r2_depth": 0.6488528629032377,
        "r_mono": 0.32768389332711767
    },
    "sctransform": {
        "cov_gene": 0.6454710302984682,
        "r2_depth": 0.45207704040104846,
        "r_mono": 0.21584458407485868
    },
    "log1pPF": {
        "cov_gene": 3.8336581519927795,
        "r2_depth": 0.5677101989072263,
        "r_mono": 1.0
    },
    "PFlog1pPF": {
        "cov_gene": 6.039810936474065,
        "r2_depth": 0,
        "r_mono": 1.0
    },
    "ncells": 5555,
    "ngenes": 25721,
    "avg_per_cell": 5932.56,
    "avg_per_gene": 1281.26,
    "min_cell": 96.0,
    "max_cell": 69800.0,
    "overdispersion": 1.65
}