{"raw": {"cov_gene": 59.288405714634415, "r2_depth": 1.0, "r_mono": 1.0, "cov_cell": 1.2352252210116559}, "PF": {"cov_gene": 31.383528203811544, "r2_depth": 0, "r_mono": 1.0, "cov_cell": 2.985850944221482e-14}, "sqrt": {"cov_gene": 8.284057476609357, "r2_depth": 0.9598025826446976, "r_mono": 1.0, "cov_cell": 1.0398377284936504}, "log1p": {"cov_gene": 3.7987995980444444, "r2_depth": 0.9545563114551906, "r_mono": 1.0, "cov_cell": 1.031968166453825}, "log1pCP10k": {"cov_gene": 3.3185687462282893, "r2_depth": 0.6080175984873493, "r_mono": 1.0, "cov_cell": 0.5888000977098407}, "log1pCPM": {"cov_gene": 1.690794477158247, "r2_depth": 0.8534505736010306, "r_mono": 1.0, "cov_cell": 0.8244212479147317}, "scalelog1pCP10k": {"cov_gene": 8.141473329427216e-14, "r2_depth": 0.6488528629032377, "r_mono": 0.32768389332711767, "cov_cell": null}, "sctransform": {"cov_gene": 0.6454710302984682, "r2_depth": 0.45207704040104846, "r_mono": 0.21584458407485868, "cov_cell": null}, "log1pPF": {"cov_gene": 3.8336581519927795, "r2_depth": 0.5677101989072263, "r_mono": 1.0, "cov_cell": 0.541973869797805}, "PFlog1pPF": {"cov_gene": 6.039810936474065, "r2_depth": 0, "r_mono": 1.0, "cov_cell": 1.817686117521064e-14}, "ncells": 5555, "ngenes": 25721, "avg_per_cell": 5932.56, "avg_per_gene": 1281.26, "min_cell": 96.0, "max_cell": 69800.0, "overdispersion": 1.65, "total_count": 32955358, "nvals": 8239073, "density": 0.05766422215877355}