{"ncells": 4552, "ngenes": 26672, "nvals": 9336611, "density": 0.07690090112469597, "avg_per_cell": 6617.238796133568, "avg_per_gene": 1129.3367951409718, "min_cell": 80, "max_cell": 51502, "total_count": 30121671, "overdispersion": 0.49090163652448326, "sctransform": {"cov_gene": 1.561943195951422, "cov_cell": null, "r2_depth": 0.47246654652956654, "r_mono": 0.2544063085052094}, "scalelog1pCP10k": {"cov_gene": 6.397184863400216e-14, "cov_cell": null, "r2_depth": 0.6233526241091645, "r_mono": 0.40845298495874316}, "raw": {"cov_gene": 57.55218658913824, "cov_cell": 0.6869700282830539, "r2_depth": 1, "r_mono": 1}, "PF": {"cov_gene": 57.026402118826226, "cov_cell": 2.30353554861955e-14, "r2_depth": 0, "r_mono": 1}, "log1p": {"cov_gene": 2.3667723279631767, "cov_cell": 0.5825715583828717, "r2_depth": 0.9552879489570127, "r_mono": 1}, "sqrt": {"cov_gene": 4.447324458678829, "cov_cell": 0.5841773993105522, "r2_depth": 0.9606279932737556, "r_mono": 1}, "log1pPF": {"cov_gene": 2.2232725711211785, "cov_cell": 0.3208890664407326, "r2_depth": 0.5884262983030012, "r_mono": 1}, "PFlog1pPF": {"cov_gene": 6.853415028545916, "cov_cell": 2.2909858462024006e-14, "r2_depth": 0, "r_mono": 1}, "log1pCPM": {"cov_gene": 1.3453666945564555, "cov_cell": 0.4658433197683436, "r2_depth": 0.8545062010622104, "r_mono": 1}, "log1pCP10k": {"cov_gene": 1.9973238214994125, "cov_cell": 0.34015920862622584, "r2_depth": 0.6270706169620772, "r_mono": 1}}