{"raw": {"cov_gene": 62.78960532770938, "r2_depth": 1.0, "r_mono": 1.0, "cov_cell": 0.4715264047974182}, "PF": {"cov_gene": 81.52221066793294, "r2_depth": 0, "r_mono": 1.0, "cov_cell": 6.3203747177867124e-15}, "sqrt": {"cov_gene": 5.288998024039245, "r2_depth": 0.8609266802427537, "r_mono": 1.0, "cov_cell": 0.3918425800653916}, "log1p": {"cov_gene": 3.1468377258190423, "r2_depth": 0.8461169796226242, "r_mono": 1.0, "cov_cell": 0.3968292002671971}, "log1pCP10k": {"cov_gene": 2.3772061745791646, "r2_depth": 0.6088136220928693, "r_mono": 1.0, "cov_cell": 0.21374688596072214}, "log1pCPM": {"cov_gene": 2.110342953061657, "r2_depth": 0.7584501589634388, "r_mono": 1.0, "cov_cell": 0.2909674421400289}, "scalelog1pCP10k": {"cov_gene": 5.5220293475925686e-14, "r2_depth": 0.5736795786458679, "r_mono": 0.2998268681135948, "cov_cell": null}, "sctransform": {"cov_gene": 0.6228258647280105, "r2_depth": 0.011223060919084649, "r_mono": 0.23528424370253706, "cov_cell": null}, "log1pPF": {"cov_gene": 3.059982829011513, "r2_depth": 0.3706341789119201, "r_mono": 1.0, "cov_cell": 0.1556932259232835}, "PFlog1pPF": {"cov_gene": 7.302689348506313, "r2_depth": 0, "r_mono": 1.0, "cov_cell": 5.076242646586485e-15}, "ncells": 3727, "ngenes": 12765, "avg_per_cell": 1518.59, "avg_per_gene": 443.38, "min_cell": 485.0, "max_cell": 9246.0, "overdispersion": 0.26, "total_count": 5659771, "nvals": 1731645, "sparsity": 0.036398094761856264}