{"raw": {"cov_gene": 62.78960532770938, "r2_depth": 1.0, "r_mono": 1.0}, "PF": {"cov_gene": 81.52221066793294, "r2_depth": 0, "r_mono": 1.0}, "sqrt": {"cov_gene": 5.288998024039245, "r2_depth": 0.8609266802427537, "r_mono": 1.0}, "log1p": {"cov_gene": 3.1468377258190423, "r2_depth": 0.8461169796226242, "r_mono": 1.0}, "log1pCP10k": {"cov_gene": 2.3772061745791646, "r2_depth": 0.6088136220928693, "r_mono": 1.0}, "log1pCPM": {"cov_gene": 2.110342953061657, "r2_depth": 0.7584501589634388, "r_mono": 1.0}, "scalelog1pCP10k": {"cov_gene": 5.5220293475925686e-14, "r2_depth": 0.5736795786458679, "r_mono": 0.2998268681135948}, "sctransform": {"cov_gene": 0.6228258647280105, "r2_depth": 0.011223060919084649, "r_mono": 0.23528424370253706}, "log1pPF": {"cov_gene": 3.059982829011513, "r2_depth": 0.3706341789119201, "r_mono": 1.0}, "PFlog1pPF": {"cov_gene": 7.302689348506313, "r2_depth": 0, "r_mono": 1.0}}