{"raw": {"cov_gene": 60.1147556907365, "r2_depth": 1.0, "r_mono": 1.0, "cov_cell": 4.902911918438789}, "PF": {"cov_gene": 11.940334216576018, "r2_depth": 0, "r_mono": 1.0, "cov_cell": 9.469938400803896e-15}, "sqrt": {"cov_gene": 6.307346292992344, "r2_depth": 0.9781755658852108, "r_mono": 1.0, "cov_cell": 3.642614753900118}, "log1p": {"cov_gene": 3.270141859664007, "r2_depth": 0.9756416499372791, "r_mono": 1.0, "cov_cell": 3.646738165284922}, "log1pCP10k": {"cov_gene": 3.593830592508509, "r2_depth": 0.6773036463181316, "r_mono": 1.0, "cov_cell": 0.96602056439062}, "log1pCPM": {"cov_gene": 2.7708046281429715, "r2_depth": 0.8813948197979864, "r_mono": 1.0, "cov_cell": 2.047865635728782}, "scalelog1pCP10k": {"cov_gene": 1.8151882247589004e-13, "r2_depth": 0.6739760828052332, "r_mono": 0.14552346198535013, "cov_cell": null}, "sctransform": {"cov_gene": 0.749822760520705, "r2_depth": 0.6306893513197704, "r_mono": 0.12187246403174552, "cov_cell": null}, "log1pPF": {"cov_gene": 4.028199814666829, "r2_depth": 0.45251622849756035, "r_mono": 1.0, "cov_cell": 0.35750193840223277}, "PFlog1pPF": {"cov_gene": 4.12415068647396, "r2_depth": 0, "r_mono": 1.0, "cov_cell": 8.944426934478744e-15}, "ncells": 10669, "ngenes": 22792, "avg_per_cell": 853.11, "avg_per_gene": 399.34, "min_cell": 89.0, "max_cell": 87709.0, "overdispersion": 24.52, "total_count": 9101841, "nvals": 3044778, "sparsity": 0.012521301747096104}