{"raw": {"cov_gene": 90.7900830013752, "r2_depth": 1.0, "r_mono": 1.0, "cov_cell": 1.0715689991202217}, "PF": {"cov_gene": 60.27045315174468, "r2_depth": 0, "r_mono": 1.0, "cov_cell": 3.16604297232117e-14}, "sqrt": {"cov_gene": 12.703414294881181, "r2_depth": 0.9011708783951021, "r_mono": 1.0, "cov_cell": 0.8445721472253058}, "log1p": {"cov_gene": 3.3483172111267714, "r2_depth": 0.891627432883121, "r_mono": 1.0, "cov_cell": 0.8394977622367733}, "log1pCP10k": {"cov_gene": 2.8757594537018636, "r2_depth": 0.4811710707327924, "r_mono": 1.0, "cov_cell": 0.47253081797593355}, "log1pCPM": {"cov_gene": 1.6228653311468368, "r2_depth": 0.7572956763391498, "r_mono": 1.0, "cov_cell": 0.6666976886850953}, "scalelog1pCP10k": {"cov_gene": 1.1465548021906306e-13, "r2_depth": 0.4466362503505442, "r_mono": 0.35827574211793284, "cov_cell": null}, "sctransform": {"cov_gene": 0.924832258262271, "r2_depth": 0.664965312121176, "r_mono": 0.21827503315820282, "cov_cell": null}, "log1pPF": {"cov_gene": 3.1646551578031343, "r2_depth": 0.4466099650723815, "r_mono": 1.0, "cov_cell": 0.4474648142578778}, "PFlog1pPF": {"cov_gene": 5.890002528916954, "r2_depth": 0, "r_mono": 1.0, "cov_cell": 2.200060686235502e-14}, "ncells": 7970, "ngenes": 28201, "avg_per_cell": 7081.43, "avg_per_gene": 2001.31, "min_cell": 136.0, "max_cell": 69332.0, "overdispersion": 2.93, "total_count": 56439022, "nvals": 14505786, "density": 0.06453843592846245}