{
    "raw": {
        "cov_gene": 90.7900830013752,
        "r2_depth": 1.0,
        "r_mono": 1.0
    },
    "PF": {
        "cov_gene": 60.27045315174468,
        "r2_depth": 0,
        "r_mono": 1.0
    },
    "sqrt": {
        "cov_gene": 12.703414294881181,
        "r2_depth": 0.9011708783951021,
        "r_mono": 1.0
    },
    "log1p": {
        "cov_gene": 3.3483172111267714,
        "r2_depth": 0.891627432883121,
        "r_mono": 1.0
    },
    "log1pCP10k": {
        "cov_gene": 2.8757594537018636,
        "r2_depth": 0.4811710707327924,
        "r_mono": 1.0
    },
    "log1pCPM": {
        "cov_gene": 1.6228653311468368,
        "r2_depth": 0.7572956763391498,
        "r_mono": 1.0
    },
    "scalelog1pCP10k": {
        "cov_gene": 1.1465548021906306e-13,
        "r2_depth": 0.4466362503505442,
        "r_mono": 0.35827574211793284
    },
    "sctransform": {
        "cov_gene": 0.924832258262271,
        "r2_depth": 0.664965312121176,
        "r_mono": 0.21827503315820282
    },
    "log1pPF": {
        "cov_gene": 3.1646551578031343,
        "r2_depth": 0.4466099650723815,
        "r_mono": 1.0
    },
    "PFlog1pPF": {
        "cov_gene": 5.890002528916954,
        "r2_depth": 0,
        "r_mono": 1.0
    },
    "ncells": "7970",
    "ngenes": 28201,
    "avg_per_cell": "7081.43",
    "avg_per_gene": "2001.31",
    "min_cell": "136",
    "max_cell": "69332",
    "overdispersion": "2.93"
}