{
  "ncells": 3952,
  "ngenes": 26560,
  "nvals": 12926313,
  "density": 0.12314865166638213,
  "total_counts": 80255300,
  "overdispersion": 1.07,
  "avg_per_cell": 20307.51,
  "avg_per_gene": 3021.66,
  "max_cell": 77175,
  "min_cell": 2789,
  "raw": {
    "cov_gene": 88.32019320283948,
    "r2_depth": 1,
    "r_mono": 1,
    "cov_cell": 0.686648244531942
  },
  "PF": {
    "cov_gene": 112.74552114540253,
    "r2_depth": 0,
    "r_mono": 1,
    "cov_cell": 3.445840581260382e-14
  },
  "sqrt": {
    "cov_gene": 11.306192463811131,
    "r2_depth": 0.9304267004059961,
    "r_mono": 1,
    "cov_cell": 0.554060375577595
  },
  "log1p": {
    "cov_gene": 2.308372187326124,
    "r2_depth": 0.9144996323424973,
    "r_mono": 1,
    "cov_cell": 0.5471543315187791
  },
  "log1pCP10k": {
    "cov_gene": 2.6294321304994415,
    "r2_depth": 0.31785250960649125,
    "r_mono": 1,
    "cov_cell": 0.23471757794198644
  },
  "log1pCPM": {
    "cov_gene": 1.332660737812883,
    "r2_depth": 0.7370246558797102,
    "r_mono": 1,
    "cov_cell": 0.3649253924378428
  },
  "scalelog1pCP10k": {
    "cov_gene": 5.458429856738722e-14,
    "r2_depth": 0.13939776944141202,
    "r_mono": 0.44125611331136855,
    "cov_cell": null
  },
  "sctransform": {
    "cov_gene": 1.2564373396120734,
    "r2_depth": 0.20588959562666254,
    "r_mono": 0.19403593537998814,
    "cov_cell": null
  },
  "log1pPF": {
    "cov_gene": 2.0259811195012425,
    "r2_depth": 0.4157206417169509,
    "r_mono": 1,
    "cov_cell": 0.254057478571372
  },
  "PFlog1pPF": {
    "cov_gene": 3.364288048049025,
    "r2_depth": 0,
    "r_mono": 1,
    "cov_cell": 2.6173316893856237e-14
  }
}
