{"ncells": 1919, "ngenes": 60623, "nvals": 360129, "avg_per_cell": 307.2193850964044, "avg_per_gene": 9.724922884053907, "min_cell": 2, "max_cell": 2978, "total_count": 589554, "overdispersion": 4.290576099735045, "raw": {"cov_gene": 127.06174788994687, "cov_cell": 0.833474441868454, "r2_depth": 1.0, "r_mono": 1}, "PF": {"cov_gene": 125.84203420228981, "cov_cell": 2.8058216854055538e-15, "r2_depth": 0, "r_mono": 1}, "log1p": {"cov_gene": 10.65820686416643, "cov_cell": 0.6942383528550847, "r2_depth": 0.889157204170437, "r_mono": 1}, "log1pPF": {"cov_gene": 9.952785187804372, "cov_cell": 0.23487134206447935, "r2_depth": 0.21410719255544808, "r_mono": 1}, "PFlog1pPF": {"cov_gene": 42.46028434821457, "cov_cell": 2.3489754672254174e-15, "r2_depth": 0, "r_mono": 1}, "log1pCPM": {"cov_gene": 4.268734597549106, "cov_cell": 0.5640964464848407, "r2_depth": 0.7968876870980685, "r_mono": 1}, "log1pCP10k": {"cov_gene": 4.932029479189446, "cov_cell": 0.44647865989256513, "r2_depth": 0.6789911984546131, "r_mono": 1}, "sqrt": {"cov_gene": 17.08911529245032, "cov_cell": 0.6946001868046205, "r2_depth": 0.8978799536500234, "r_mono": 1}, "density": 0.0030956061173293935}