{"raw": {"cov_gene": 58.56075144823693, "r2_depth": 1.0, "r_mono": 1.0, "cov_cell": 0.8370752591658858}, "PF": {"cov_gene": 57.617748253138096, "r2_depth": 0, "r_mono": 1.0, "cov_cell": 2.2857594189706075e-15}, "sqrt": {"cov_gene": 8.208411159986241, "r2_depth": 0.8926186781357439, "r_mono": 1.0, "cov_cell": 0.6885044267012045}, "log1p": {"cov_gene": 5.076566819098816, "r2_depth": 0.8827218855158725, "r_mono": 1.0, "cov_cell": 0.6882771174800553}, "log1pCP10k": {"cov_gene": 2.238646434879881, "r2_depth": 0.6676169364968336, "r_mono": 1.0, "cov_cell": 0.44210057647593476}, "log1pCPM": {"cov_gene": 1.9051014247580174, "r2_depth": 0.78683446858249, "r_mono": 1.0, "cov_cell": 0.5566333062176193}, "scalelog1pCP10k": {"cov_gene": 2.926671244966723e-14, "r2_depth": 0.6385128526857682, "r_mono": 0.190877641061672, "cov_cell": null}, "sctransform": {"cov_gene": 0.47152202410825517, "r2_depth": 0.13845422512847982, "r_mono": 0.17650169091112966, "cov_cell": null}, "log1pPF": {"cov_gene": 4.701121318381283, "r2_depth": 0.19717308657851818, "r_mono": 1.0, "cov_cell": 0.23403531168652017}, "PFlog1pPF": {"cov_gene": 19.417376121347196, "r2_depth": 0, "r_mono": 1.0, "cov_cell": 2.17213166141471e-15}, "ncells": 1919, "ngenes": 12797, "avg_per_cell": 294.86, "avg_per_gene": 44.22, "min_cell": 2.0, "max_cell": 2880.0, "overdispersion": 4.29, "total_count": 565840, "nvals": 337404, "sparsity": 0.013739378322083452}