{
  "ncells": 346,
  "ngenes": 10300,
  "nvals": 191534,
  "density": 0.05374431786295527,
  "total_counts": 598365,
  "overdispersion": 0.29,
  "avg_per_cell": 1729.38,
  "avg_per_gene": 58.09,
  "max_cell": 10730,
  "min_cell": 593,
  "raw": {
    "cov_gene": 37.17280280577727,
    "r2_depth": 1,
    "r_mono": 1,
    "cov_cell": 0.8833989771014407
  },
  "PF": {
    "cov_gene": 45.870080139397594,
    "r2_depth": 0,
    "r_mono": 1,
    "cov_cell": 7.180815685747105e-15
  },
  "sqrt": {
    "cov_gene": 4.418038159924604,
    "r2_depth": 0.9128835193236542,
    "r_mono": 1,
    "cov_cell": 1.1905304283198466
  },
  "log1p": {
    "cov_gene": 2.2040752773433963,
    "r2_depth": 0.9064721239423594,
    "r_mono": 1,
    "cov_cell": 1.2421435173216446
  },
  "log1pCP10k": {
    "cov_gene": 1.495621216093288,
    "r2_depth": 0.6836107219130086,
    "r_mono": 1,
    "cov_cell": 0.9066774067588674
  },
  "log1pCPM": {
    "cov_gene": 1.025513867206057,
    "r2_depth": 0.8235552763771186,
    "r_mono": 1,
    "cov_cell": 1.1091976295346122
  },
  "scalelog1pCP10k": {
    "cov_gene": 4.9492632719748325e-15,
    "r2_depth": 0.7057755673818855,
    "r_mono": 0.3118216397240538,
    "cov_cell": null
  },
  "sctransform": {
    "cov_gene": 0.47025007810162195,
    "r2_depth": 0.38045883629571065,
    "r_mono": 0.28964637468044735,
    "cov_cell": null
  },
  "log1pPF": {
    "cov_gene": 2.4043394788792685,
    "r2_depth": 0.5630968860516661,
    "r_mono": 1,
    "cov_cell": 0.748349381798071
  },
  "PFlog1pPF": {
    "cov_gene": 14.309114737350896,
    "r2_depth": 0,
    "r_mono": 1,
    "cov_cell": 9.158937028558828e-15
  }
}
