{"raw": {"cov_gene": 56.7034839052402, "r2_depth": 1.0, "r_mono": 1.0, "cov_cell": 0.8621072453190519}, "PF": {"cov_gene": 71.00085245054278, "r2_depth": 0, "r_mono": 1.0, "cov_cell": 1.9565432119776715e-14}, "sqrt": {"cov_gene": 5.085875470107489, "r2_depth": 0.95621306434625, "r_mono": 1.0, "cov_cell": 0.6771337102935217}, "log1p": {"cov_gene": 3.39112715120575, "r2_depth": 0.9492265074498485, "r_mono": 1.0, "cov_cell": 0.6691103232542063}, "log1pCP10k": {"cov_gene": 2.423228222573675, "r2_depth": 0.5716036655166323, "r_mono": 1.0, "cov_cell": 0.33676736871407303}, "log1pCPM": {"cov_gene": 1.7910401632459372, "r2_depth": 0.840592892602638, "r_mono": 1.0, "cov_cell": 0.5029308547244946}, "scalelog1pCP10k": {"cov_gene": 2.1993473170915447e-13, "r2_depth": 0.6014067881969799, "r_mono": 0.31851530493718033, "cov_cell": null}, "sctransform": {"cov_gene": 1.357179249424837, "r2_depth": 0.3840972704568615, "r_mono": 0.20825111723884346, "cov_cell": null}, "log1pPF": {"cov_gene": 3.0445082273603155, "r2_depth": 0.4523059611409682, "r_mono": 1.0, "cov_cell": 0.28304756637262035}, "PFlog1pPF": {"cov_gene": 10.59319742998768, "r2_depth": 0, "r_mono": 1.0, "cov_cell": 1.2978576735039593e-14}, "ncells": 15506, "ngenes": 27944, "avg_per_cell": 3756.23, "avg_per_gene": 2084.31, "min_cell": 342.0, "max_cell": 35615.0, "overdispersion": 0.54, "total_count": 58244085, "nvals": 19321362, "density": 0.044591223130973856}