{"ncells": 15506, "ngenes": 60623, "nvals": 19336949, "avg_per_cell": 3757.2608667612535, "avg_per_gene": 961.0228296191215, "min_cell": 343, "max_cell": 35617, "total_count": 58260087, "overdispersion": 0.5399059923278768, "raw": {"cov_gene": 83.52478483269591, "cov_cell": 0.86206346036389, "r2_depth": 1.0, "r_mono": 1}, "PF": {"cov_gene": 104.5250268448642, "cov_cell": 1.682809129788273e-14, "r2_depth": 0, "r_mono": 1}, "log1p": {"cov_gene": 5.107550666550989, "cov_cell": 0.6691188879929904, "r2_depth": 0.949284160215151, "r_mono": 1}, "log1pPF": {"cov_gene": 4.6090413084546515, "cov_cell": 0.28291885212240464, "r2_depth": 0.45233962749172063, "r_mono": 1}, "PFlog1pPF": {"cov_gene": 15.629297867161535, "cov_cell": 1.1736633828706206e-14, "r2_depth": 0, "r_mono": 1}, "log1pCPM": {"cov_gene": 2.84772816078849, "cov_cell": 0.5029111087639909, "r2_depth": 0.8407585344922786, "r_mono": 1}, "log1pCP10k": {"cov_gene": 3.726042384851292, "cov_cell": 0.3366410191117823, "r2_depth": 0.5716749611936702, "r_mono": 1}, "sqrt": {"cov_gene": 7.564426059094537, "cov_cell": 0.6771397672042354, "r2_depth": 0.9562631524317997, "r_mono": 1}, "density": 0.020570779455920608}