{
  "ncells": 5235,
  "ngenes": 60623,
  "nvals": 5700776,
  "density": 0.017963041221096182,
  "total_counts": 16798786,
  "overdispersion": 0.2340334479663011,
  "avg_per_cell": 3208.937153772684,
  "avg_per_gene": 277.10251884598256,
  "max_cell": 30525,
  "min_cell": 408,
  "raw": {
    "cov_gene": 149.33744344450778,
    "cov_cell": 0.6051004580143429,
    "r2_depth": 1,
    "r_mono": 1
  },
  "PF": {
    "cov_gene": 96.55269702494246,
    "cov_cell": 1.3612295354834605e-14,
    "r2_depth": 0,
    "r_mono": 1
  },
  "sqrt": {
    "cov_gene": 6.356465008532044,
    "cov_cell": 0.4272252281881622,
    "r2_depth": 0.9166252425406389,
    "r_mono": 1
  },
  "log1p": {
    "cov_gene": 4.594690434219334,
    "cov_cell": 0.4185540895874788,
    "r2_depth": 0.9000311969038759,
    "r_mono": 1
  },
  "log1pCP10k": {
    "cov_gene": 3.3878892995953587,
    "cov_cell": 0.17658939884473854,
    "r2_depth": 0.408039777097307,
    "r_mono": 1
  },
  "log1pCPM": {
    "cov_gene": 2.8581546065600314,
    "cov_cell": 0.29551520305185397,
    "r2_depth": 0.7458772651214121,
    "r_mono": 1
  },
  "log1pPF": {
    "cov_gene": 4.16216820509867,
    "cov_cell": 0.13602159253749305,
    "r2_depth": 0.20933817427928936,
    "r_mono": 1
  },
  "PFlog1pPF": {
    "cov_gene": 5.416988632919154,
    "cov_cell": 1.0943618718033645e-14,
    "r2_depth": 0,
    "r_mono": 1
  }
}
