{"ncells": 2614, "ngenes": 60623, "nvals": 7878218, "avg_per_cell": 6928.73947972456, "avg_per_gene": 298.7599590914339, "min_cell": 3061, "max_cell": 26985, "total_count": 18111725, "overdispersion": 0.3089384240074169, "raw": {"cov_gene": 78.70035067806533, "cov_cell": 0.44421563465423264, "r2_depth": 1.0, "r_mono": 1}, "PF": {"cov_gene": 119.85327432051363, "cov_cell": 3.342436608200435e-14, "r2_depth": 0, "r_mono": 1}, "log1p": {"cov_gene": 2.7562597711069645, "cov_cell": 0.3312369114263169, "r2_depth": 0.9736707264440384, "r_mono": 1}, "log1pPF": {"cov_gene": 2.6849137183971727, "cov_cell": 0.08326114144305968, "r2_depth": 0.5799030471706794, "r_mono": 1}, "PFlog1pPF": {"cov_gene": 2.682888267109257, "cov_cell": 2.8286489121843388e-14, "r2_depth": 0, "r_mono": 1}, "log1pCPM": {"cov_gene": 2.0646104626152386, "cov_cell": 0.2072172405578371, "r2_depth": 0.8958722197517109, "r_mono": 1}, "log1pCP10k": {"cov_gene": 2.522004111526383, "cov_cell": 0.09500575344453, "r2_depth": 0.6398571406418688, "r_mono": 1}, "sqrt": {"cov_gene": 3.288732738098161, "cov_cell": 0.32908445208423853, "r2_depth": 0.9766518127314765, "r_mono": 1}, "density": 0.04971471873764305}