{"raw": {"cov_gene": 52.04851037674545, "r2_depth": 1.0, "r_mono": 1.0}, "PF": {"cov_gene": 79.27086028108545, "r2_depth": 0, "r_mono": 1.0}, "sqrt": {"cov_gene": 2.0463665192277323, "r2_depth": 0.9765372204003154, "r_mono": 1.0}, "log1p": {"cov_gene": 1.6653199010588577, "r2_depth": 0.9735454667085536, "r_mono": 1.0}, "log1pCP10k": {"cov_gene": 1.4937783639538593, "r2_depth": 0.6389105726946227, "r_mono": 1.0}, "log1pCPM": {"cov_gene": 1.1465490305393682, "r2_depth": 0.8953216976367508, "r_mono": 1.0}, "scalelog1pCP10k": {"cov_gene": 3.4443402614834797e-14, "r2_depth": 0.6163965438654814, "r_mono": 0.4935398890945906}, "sctransform": {"cov_gene": 0.5872425691979205, "r2_depth": 0.7458867061819965, "r_mono": 0.24004324602086927}, "log1pPF": {"cov_gene": 1.6135578834640911, "r2_depth": 0.5788069685226651, "r_mono": 1.0}, "PFlog1pPF": {"cov_gene": 1.6121851706366563, "r2_depth": 0, "r_mono": 1.0}}