{
  "ncells": 1157,
  "ngenes": 6562,
  "nvals": 458685,
  "density": 0.06041502408908893,
  "total_counts": 1182564,
  "overdispersion": 0.29052258060365627,
  "avg_per_cell": 1022.09507346586,
  "avg_per_gene": 180.21395915879305,
  "max_cell": 4573,
  "min_cell": 589,
  "raw": {
    "cov_gene": 10.733105579849253,
    "cov_cell": 0.5774339992663542,
    "r2_depth": 1,
    "r_mono": 1
  },
  "PF": {
    "cov_gene": 7.515108368992746,
    "cov_cell": 3.85933790326995e-15,
    "r2_depth": 0,
    "r_mono": 1
  },
  "sqrt": {
    "cov_gene": 2.35834370564641,
    "cov_cell": 0.34512002677688464,
    "r2_depth": 0.9714394960866776,
    "r_mono": 1
  },
  "log1p": {
    "cov_gene": 2.267674955396926,
    "cov_cell": 0.3411208271941227,
    "r2_depth": 0.9680981165879177,
    "r_mono": 1
  },
  "log1pCP10k": {
    "cov_gene": 1.8335597547297773,
    "cov_cell": 0.11935257248541714,
    "r2_depth": 0.7211187719076072,
    "r_mono": 1
  },
  "log1pCPM": {
    "cov_gene": 1.713501325471871,
    "cov_cell": 0.18539258029110156,
    "r2_depth": 0.8366070012296576,
    "r_mono": 1
  },
  "scalelog1pCP10k": {
    "cov_gene": 1.8408885210991015e-14,
    "cov_cell": null,
    "r2_depth": 0.7571330605529323,
    "r_mono": 0.3562986197220569
  },
  "sctransform": {
    "cov_gene": 0.9875996661455851,
    "cov_cell": null,
    "r2_depth": 0.06441181538380947,
    "r_mono": 0.2529536111317455
  },
  "log1pPF": {
    "cov_gene": 2.180425915035338,
    "cov_cell": 0.05564994194748255,
    "r2_depth": 0.4590138365605331,
    "r_mono": 1
  },
  "PFlog1pPF": {
    "cov_gene": 2.188548169906828,
    "cov_cell": 3.6111743693880955e-15,
    "r2_depth": 0,
    "r_mono": 1
  }
}
