{
  "ncells": 2893,
  "ngenes": 60623,
  "nvals": 13505179,
  "density": 0.0770042130638935,
  "total_counts": 34785308,
  "overdispersion": 0.2926961077492409,
  "avg_per_cell": 12023.957137919115,
  "avg_per_gene": 573.7972056810122,
  "max_cell": 35002,
  "min_cell": 8210,
  "raw": {
    "cov_gene": 49.40278053514105,
    "cov_cell": 0.2858424707888921,
    "r2_depth": 1,
    "r_mono": 1
  },
  "PF": {
    "cov_gene": 50.015144154388025,
    "cov_cell": 5.061182691617809e-14,
    "r2_depth": 0,
    "r_mono": 1
  },
  "sqrt": {
    "cov_gene": 2.7266976768041187,
    "cov_cell": 0.19905427893242983,
    "r2_depth": 0.949107884097223,
    "r_mono": 1
  },
  "log1p": {
    "cov_gene": 2.1645470988768594,
    "cov_cell": 0.20063159388479682,
    "r2_depth": 0.9449700505505074,
    "r_mono": 1
  },
  "log1pCP10k": {
    "cov_gene": 2.183866408210179,
    "cov_cell": 0.05083242276734181,
    "r2_depth": 0.24949331363735439,
    "r_mono": 1
  },
  "log1pCPM": {
    "cov_gene": 1.7551826613761672,
    "cov_cell": 0.1166619107038696,
    "r2_depth": 0.7647372471220273,
    "r_mono": 1
  },
  "log1pPF": {
    "cov_gene": 2.120205092686334,
    "cov_cell": 0.0533773646992968,
    "r2_depth": 0.2901278402289469,
    "r_mono": 1
  },
  "PFlog1pPF": {
    "cov_gene": 2.1334846561017615,
    "cov_cell": 3.6088764643345265e-14,
    "r2_depth": 0,
    "r_mono": 1
  }
}
