{
  "ncells": 3244,
  "ngenes": 27956,
  "nvals": 12178320,
  "density": 0.13428623701257517,
  "total_counts": 52689609,
  "overdispersion": 0.7758842161418164,
  "avg_per_cell": 16242.172934648583,
  "avg_per_gene": 1884.7334740306196,
  "max_cell": 133721,
  "min_cell": 2614,
  "raw": {
    "cov_gene": 25.091520277602477,
    "cov_cell": 0.9796254907393965,
    "r2_depth": 1,
    "r_mono": 1
  },
  "PF": {
    "cov_gene": 69.11207282483484,
    "cov_cell": 4.192323130351595e-14,
    "r2_depth": 0,
    "r_mono": 1
  },
  "sqrt": {
    "cov_gene": 4.588766968039897,
    "cov_cell": 0.6007323689077739,
    "r2_depth": 0.9438032990278502,
    "r_mono": 1
  },
  "log1p": {
    "cov_gene": 1.5990493259879166,
    "cov_cell": 0.5905371412464303,
    "r2_depth": 0.9340470973139422,
    "r_mono": 1
  },
  "log1pCP10k": {
    "cov_gene": 1.659934111984419,
    "cov_cell": 0.12728995214698124,
    "r2_depth": 0.2595553262570871,
    "r_mono": 1
  },
  "log1pCPM": {
    "cov_gene": 1.1656289912636177,
    "cov_cell": 0.3233995177003247,
    "r2_depth": 0.7351520299930187,
    "r_mono": 1
  },
  "scalelog1pCP10k": {
    "cov_gene": 4.3770350524079653e-14,
    "cov_cell": null,
    "r2_depth": 0.29466989961592027,
    "r_mono": 0.47989589906414304
  },
  "sctransform": {
    "cov_gene": 0.8585303440291073,
    "cov_cell": null,
    "r2_depth": 0.39424505421093015,
    "r_mono": 0.2790338973482331
  },
  "log1pPF": {
    "cov_gene": 1.5107823222510883,
    "cov_cell": 0.1476656166160682,
    "r2_depth": 0.33839958776484336,
    "r_mono": 1
  },
  "PFlog1pPF": {
    "cov_gene": 1.6525019709418172,
    "cov_cell": 3.8088542664931793e-14,
    "r2_depth": 0,
    "r_mono": 1
  }
}
