{"ncells": 3599, "ngenes": 60623, "nvals": 4698317, "avg_per_cell": 4829.889135871075, "avg_per_gene": 286.73557890569583, "min_cell": 2466, "max_cell": 27529, "total_count": 17382771, "overdispersion": 0.7710903021459111, "raw": {"cov_gene": 106.11322686178713, "cov_cell": 0.32453263905122326, "r2_depth": 1.0, "r_mono": 1}, "PF": {"cov_gene": 110.49329874375785, "cov_cell": 1.316357259250082e-14, "r2_depth": 0, "r_mono": 1}, "log1p": {"cov_gene": 3.6508018683934194, "cov_cell": 0.25965055181182256, "r2_depth": 0.8571531443317394, "r_mono": 1}, "log1pPF": {"cov_gene": 3.598107869428513, "cov_cell": 0.10583213980040143, "r2_depth": 0.21072390723748868, "r_mono": 1}, "PFlog1pPF": {"cov_gene": 4.262281928447257, "cov_cell": 1.195778873857814e-14, "r2_depth": 0, "r_mono": 1}, "log1pCPM": {"cov_gene": 2.990285222562268, "cov_cell": 0.1943574483231253, "r2_depth": 0.6924670177693825, "r_mono": 1}, "log1pCP10k": {"cov_gene": 3.31871086022251, "cov_cell": 0.12062367790528697, "r2_depth": 0.33023515345283927, "r_mono": 1}, "sqrt": {"cov_gene": 7.654206559803361, "cov_cell": 0.2596003719447195, "r2_depth": 0.8864177105925826, "r_mono": 1}, "density": 0.021533917502344842}