{
    "raw": {
        "cov_gene": 55.900806401287596,
        "r2_depth": 1.0,
        "r_mono": 1.0
    },
    "PF": {
        "cov_gene": 58.2338691493704,
        "r2_depth": 0,
        "r_mono": 1.0
    },
    "sqrt": {
        "cov_gene": 3.959779121106544,
        "r2_depth": 0.8863010916737741,
        "r_mono": 1.0
    },
    "log1p": {
        "cov_gene": 1.7352141776037628,
        "r2_depth": 0.8568689653192205,
        "r_mono": 1.0
    },
    "log1pCP10k": {
        "cov_gene": 1.5382405620799693,
        "r2_depth": 0.3290419524039657,
        "r_mono": 1.0
    },
    "log1pCPM": {
        "cov_gene": 1.3390441497110923,
        "r2_depth": 0.6914024764993274,
        "r_mono": 1.0
    },
    "scalelog1pCP10k": {
        "cov_gene": 5.011684992284501e-14,
        "r2_depth": 0.3502632123821804,
        "r_mono": 0.40093741897027346
    },
    "sctransform": {
        "cov_gene": 0.5439038011289475,
        "r2_depth": 0.001874231773095869,
        "r_mono": 0.3071427429993312
    },
    "log1pPF": {
        "cov_gene": 1.7042099641088162,
        "r2_depth": 0.20955632051302564,
        "r_mono": 1.0
    },
    "PFlog1pPF": {
        "cov_gene": 2.137664816837998,
        "r2_depth": 0,
        "r_mono": 1.0
    },
    "ncells": "3599",
    "ngenes": 16825,
    "avg_per_cell": "4824.25",
    "avg_per_gene": "1031.95",
    "min_cell": "2462",
    "max_cell": "27443",
    "overdispersion": "0.77"
}