{"raw": {"cov_gene": 73.57786365432462, "r2_depth": 1.0, "r_mono": 1.0}, "PF": {"cov_gene": 60.58986707613787, "r2_depth": 0, "r_mono": 1.0}, "sqrt": {"cov_gene": 30.186400375237838, "r2_depth": 0.6179303113157855, "r_mono": 1.0}, "log1p": {"cov_gene": 7.447287612993299, "r2_depth": 0.5666831477528135, "r_mono": 1.0}, "log1pCP10k": {"cov_gene": 3.7754788737905063, "r2_depth": 0.26816023852537985, "r_mono": 1.0}, "log1pCPM": {"cov_gene": 2.599126581903507, "r2_depth": 0.4472942892021565, "r_mono": 1.0}, "scalelog1pCP10k": {"cov_gene": 7.997096089900325e-14, "r2_depth": 0.2913743506956453, "r_mono": 0.16609118462208514}, "sctransform": {"cov_gene": 1.1202225838969573, "r2_depth": 0.030144329952925042, "r_mono": 0.13744452194915954}, "log1pPF": {"cov_gene": 6.8389297620331515, "r2_depth": 0.10532522810336598, "r_mono": 1.0}, "PFlog1pPF": {"cov_gene": 20.96048401466283, "r2_depth": 0, "r_mono": 1.0}}