{"ncells": 5218, "ngenes": 60623, "nvals": 930754, "avg_per_cell": 1209.431008049061, "avg_per_gene": 104.09928574963298, "min_cell": 13, "max_cell": 14930, "total_count": 6310811, "overdispersion": 1.2591237773870478, "raw": {"cov_gene": 162.3089026101916, "cov_cell": 1.0701875275688923, "r2_depth": 1.0, "r_mono": 1}, "PF": {"cov_gene": 134.02231329324982, "cov_cell": 4.152855509537069e-15, "r2_depth": 0, "r_mono": 1}, "log1p": {"cov_gene": 16.37080806527033, "cov_cell": 1.7145558411421098, "r2_depth": 0.5694074902930364, "r_mono": 1}, "log1pPF": {"cov_gene": 15.083738725201039, "cov_cell": 0.9259586984389861, "r2_depth": 0.10711431700398921, "r_mono": 1}, "PFlog1pPF": {"cov_gene": 46.31649171406129, "cov_cell": 3.259605677759194e-15, "r2_depth": 0, "r_mono": 1}, "log1pCPM": {"cov_gene": 5.941329198846872, "cov_cell": 1.4256116037635984, "r2_depth": 0.45080510472785007, "r_mono": 1}, "log1pCP10k": {"cov_gene": 8.436855471749489, "cov_cell": 1.129887679262737, "r2_depth": 0.27087420680783614, "r_mono": 1}, "sqrt": {"cov_gene": 66.20747716532644, "cov_cell": 1.5827467263195127, "r2_depth": 0.6192391877548991, "r_mono": 1}, "density": 0.0029423437705313146}