{"raw": {"cov_gene": 73.57786365432462, "r2_depth": 1.0, "r_mono": 1.0, "cov_cell": 1.067481572197821}, "PF": {"cov_gene": 60.58986707613787, "r2_depth": 0, "r_mono": 1.0, "cov_cell": 4.220044965999652e-15}, "sqrt": {"cov_gene": 30.186400375237838, "r2_depth": 0.6179303113157855, "r_mono": 1.0, "cov_cell": 1.5643203601163698}, "log1p": {"cov_gene": 7.447287612993299, "r2_depth": 0.5666831477528135, "r_mono": 1.0, "cov_cell": 1.696487317066585}, "log1pCP10k": {"cov_gene": 3.7754788737905063, "r2_depth": 0.26816023852537985, "r_mono": 1.0, "cov_cell": 1.1209281561701288}, "log1pCPM": {"cov_gene": 2.599126581903507, "r2_depth": 0.4472942892021565, "r_mono": 1.0, "cov_cell": 1.4073356289007914}, "scalelog1pCP10k": {"cov_gene": 7.997096089900325e-14, "r2_depth": 0.2913743506956453, "r_mono": 0.16609118462208514, "cov_cell": null}, "sctransform": {"cov_gene": 1.1202225838969573, "r2_depth": 0.030144329952925042, "r_mono": 0.13744452194915954, "cov_cell": null}, "log1pPF": {"cov_gene": 6.8389297620331515, "r2_depth": 0.10532522810336598, "r_mono": 1.0, "cov_cell": 0.9214026192444684}, "PFlog1pPF": {"cov_gene": 20.96048401466283, "r2_depth": 0, "r_mono": 1.0, "cov_cell": 3.4046385249528876e-15}, "ncells": 5218, "ngenes": 12458, "avg_per_cell": 1205.61, "avg_per_gene": 504.96, "min_cell": 13.0, "max_cell": 14816.0, "overdispersion": 1.26, "total_count": 6290848, "nvals": 912139, "density": 0.014031646139384022}