{
    "raw": {
        "cov_gene": 58.06080949092195,
        "r2_depth": 1.0,
        "r_mono": 1.0
    },
    "PF": {
        "cov_gene": 44.79726617973176,
        "r2_depth": 0,
        "r_mono": 1.0
    },
    "sqrt": {
        "cov_gene": 7.411840060701502,
        "r2_depth": 0.9513793624901148,
        "r_mono": 1.0
    },
    "log1p": {
        "cov_gene": 3.528428206010938,
        "r2_depth": 0.943197969091666,
        "r_mono": 1.0
    },
    "log1pCP10k": {
        "cov_gene": 3.9380358214971714,
        "r2_depth": 0.5573228027698827,
        "r_mono": 1.0
    },
    "log1pCPM": {
        "cov_gene": 1.8294584442434279,
        "r2_depth": 0.795740807698325,
        "r_mono": 1.0
    },
    "scalelog1pCP10k": {
        "cov_gene": 1.0694388344182544e-13,
        "r2_depth": 0.46713058156982534,
        "r_mono": 0.2753301212698176
    },
    "sctransform": {
        "cov_gene": 1.3290846368624176,
        "r2_depth": 0.41115560357022685,
        "r_mono": 0.15684358704599932
    },
    "log1pPF": {
        "cov_gene": 4.3743275371077,
        "r2_depth": 0.5330576142251835,
        "r_mono": 1.0
    },
    "PFlog1pPF": {
        "cov_gene": 19.706299021066616,
        "r2_depth": 0,
        "r_mono": 1.0
    },
    "ncells": 7125,
    "ngenes": 28393,
    "avg_per_cell": 7101.68,
    "avg_per_gene": 1782.11,
    "min_cell": 60.0,
    "max_cell": 87667.0,
    "overdispersion": 9.02
}