{"raw": {"cov_gene": 17.54097663631851, "r2_depth": 1.0, "r_mono": 1.0, "cov_cell": 0.8740216441689034}, "PF": {"cov_gene": 10.162533027221752, "r2_depth": 0, "r_mono": 1.0, "cov_cell": 3.695398326306124e-16}, "sqrt": {"cov_gene": 6.221459019502489, "r2_depth": 0.9444167777483532, "r_mono": 1.0, "cov_cell": 0.6763725665441083}, "log1p": {"cov_gene": 6.496142730549766, "r2_depth": 0.9432689226868162, "r_mono": 1.0, "cov_cell": 0.681306704449352}, "log1pCP10k": {"cov_gene": 3.800128844201059, "r2_depth": 0.8010790586354116, "r_mono": 1.0, "cov_cell": 0.47978103923019677}, "log1pCPM": {"cov_gene": 3.6733494558772817, "r2_depth": 0.8362309617633352, "r_mono": 1.0, "cov_cell": 0.5331148498031015}, "scalelog1pCP10k": {"cov_gene": 1.7858391835262135e-13, "r2_depth": 0.566319952442425, "r_mono": 0.14723504456203917, "cov_cell": null}, "sctransform": {"cov_gene": 0.891887841145779, "r2_depth": 0.03646286720480163, "r_mono": 0.14221539069241676, "cov_cell": null}, "log1pPF": {"cov_gene": 5.407388432074412, "r2_depth": 0.4422037473009329, "r_mono": 1.0, "cov_cell": 0.20310598970480545}, "PFlog1pPF": {"cov_gene": 5.949445052444995, "r2_depth": 0, "r_mono": 1.0, "cov_cell": 3.233430478846755e-16}, "ncells": 11209, "ngenes": 2506, "avg_per_cell": 35.28, "avg_per_gene": 157.82, "min_cell": 3.0, "max_cell": 564.0, "overdispersion": 1.09, "total_count": 395496, "nvals": 224908, "sparsity": 0.008006762892975139}