{"ncells": 1675, "ngenes": 60623, "nvals": 443100, "avg_per_cell": 516.011343283582, "avg_per_gene": 14.257278590633918, "min_cell": 21, "max_cell": 6941, "total_count": 864319, "overdispersion": 2.3988395545940566, "raw": {"cov_gene": 112.23693492456218, "cov_cell": 1.631947252309811, "r2_depth": 1.0, "r_mono": 1}, "PF": {"cov_gene": 89.46861389177558, "cov_cell": 4.910144048891004e-15, "r2_depth": 0, "r_mono": 1}, "log1p": {"cov_gene": 8.80534147634288, "cov_cell": 1.4715014305590095, "r2_depth": 0.9842895589262708, "r_mono": 1}, "log1pPF": {"cov_gene": 9.741204736598592, "cov_cell": 0.6319009614071662, "r2_depth": 0.6401047431266204, "r_mono": 1}, "PFlog1pPF": {"cov_gene": 18.12917607046829, "cov_cell": 4.340396687670794e-15, "r2_depth": 0, "r_mono": 1}, "log1pCPM": {"cov_gene": 4.46066213767565, "cov_cell": 1.230236281541836, "r2_depth": 0.9335239189518926, "r_mono": 1}, "log1pCP10k": {"cov_gene": 5.935121514232879, "cov_cell": 1.0190971172409269, "r2_depth": 0.8418554937130387, "r_mono": 1}, "sqrt": {"cov_gene": 12.506393004733223, "cov_cell": 1.4649253711062915, "r2_depth": 0.9846226560654326, "r_mono": 1}, "density": 0.004363646032575686}