{"raw": {"cov_gene": 52.1572174088756, "r2_depth": 1.0, "r_mono": 1.0, "cov_cell": 1.6348976657099734}, "PF": {"cov_gene": 41.12660007738758, "r2_depth": 0, "r_mono": 1.0, "cov_cell": 4.9424918780173354e-15}, "sqrt": {"cov_gene": 5.899455472486091, "r2_depth": 0.9840154100269093, "r_mono": 1.0, "cov_cell": 1.4630908897078623}, "log1p": {"cov_gene": 4.100277677525091, "r2_depth": 0.9836103248225058, "r_mono": 1.0, "cov_cell": 1.469899518600776}, "log1pCP10k": {"cov_gene": 2.7027970572678095, "r2_depth": 0.8411860817347483, "r_mono": 1.0, "cov_cell": 1.0171467733348627}, "log1pCPM": {"cov_gene": 1.9712448487888279, "r2_depth": 0.931600641157786, "r_mono": 1.0, "cov_cell": 1.2256174289443797}, "scalelog1pCP10k": {"cov_gene": 2.5394533182095102e-14, "r2_depth": 0.8541979296639874, "r_mono": 0.18757949857365322, "cov_cell": null}, "sctransform": {"cov_gene": 0.5681395553762861, "r2_depth": 0.6260157897450629, "r_mono": 0.15556381650493994, "cov_cell": null}, "log1pPF": {"cov_gene": 4.537892964267902, "r2_depth": 0.6404717363882069, "r_mono": 1.0, "cov_cell": 0.6289591071517826}, "PFlog1pPF": {"cov_gene": 8.400069779685142, "r2_depth": 0, "r_mono": 1.0, "cov_cell": 4.027621904288112e-15}, "ncells": 1675, "ngenes": 13014, "avg_per_cell": 503.62, "avg_per_gene": 64.82, "min_cell": 18.0, "max_cell": 6769.0, "overdispersion": 2.4, "total_count": 843569, "nvals": 423987, "density": 0.019450327890285776}