{"ncells": 8474, "ngenes": 60623, "nvals": 6733047, "avg_per_cell": 3487.3637007316497, "avg_per_gene": 487.470432014252, "min_cell": 121, "max_cell": 108478, "total_count": 29551920, "overdispersion": 5.45383924207526, "raw": {"cov_gene": 98.77867786154538, "cov_cell": 2.1608531147978036, "r2_depth": 1.0, "r_mono": 1}, "PF": {"cov_gene": 127.69968214560909, "cov_cell": 1.696430444991137e-14, "r2_depth": 0, "r_mono": 1}, "log1p": {"cov_gene": 6.491756400357139, "cov_cell": 1.7238808233747225, "r2_depth": 0.9047305850634857, "r_mono": 1}, "log1pPF": {"cov_gene": 8.019716100108568, "cov_cell": 0.8031432822130227, "r2_depth": 0.40658123661856493, "r_mono": 1}, "PFlog1pPF": {"cov_gene": 19.467986299149104, "cov_cell": 1.1217094646608718e-14, "r2_depth": 0, "r_mono": 1}, "log1pCPM": {"cov_gene": 3.3731281256092402, "cov_cell": 1.3404500795797867, "r2_depth": 0.7334739060594699, "r_mono": 1}, "log1pCP10k": {"cov_gene": 6.301724772890623, "cov_cell": 0.9552413226465927, "r2_depth": 0.4789372027369847, "r_mono": 1}, "sqrt": {"cov_gene": 15.268255683489574, "cov_cell": 1.7387699208103011, "r2_depth": 0.9175077973622313, "r_mono": 1}, "density": 0.01310647073954017}