{"raw": {"cov_gene": 65.88810433118057, "r2_depth": 1.0, "r_mono": 1.0, "cov_cell": 2.1609937144734133}, "PF": {"cov_gene": 85.16689650865462, "r2_depth": 0, "r_mono": 1.0, "cov_cell": 2.612844317540361e-14}, "sqrt": {"cov_gene": 10.165656290339601, "r2_depth": 0.9173574138990734, "r_mono": 1.0, "cov_cell": 1.7383989972966047}, "log1p": {"cov_gene": 4.270499784904948, "r2_depth": 0.9045494895406516, "r_mono": 1.0, "cov_cell": 1.7234872124584788}, "log1pCP10k": {"cov_gene": 4.141839265407134, "r2_depth": 0.4789900002269404, "r_mono": 1.0, "cov_cell": 0.9550619596720958}, "log1pCPM": {"cov_gene": 2.1287909099652307, "r2_depth": 0.7331072412324429, "r_mono": 1.0, "cov_cell": 1.3399360379633487}, "scalelog1pCP10k": {"cov_gene": 1.29453374719644e-13, "r2_depth": 0.4537979780021667, "r_mono": 0.21175566381933245, "cov_cell": null}, "sctransform": {"cov_gene": 1.0065562001511548, "r2_depth": 0.19326129119421276, "r_mono": 0.16192238190090208, "cov_cell": null}, "log1pPF": {"cov_gene": 5.302579229778185, "r2_depth": 0.40664080459117, "r_mono": 1.0, "cov_cell": 0.8029220982759665}, "PFlog1pPF": {"cov_gene": 12.97166990183929, "r2_depth": 0, "r_mono": 1.0, "cov_cell": 1.4937963092611536e-14}, "ncells": 8474, "ngenes": 26976, "avg_per_cell": 3485.27, "avg_per_gene": 1094.83, "min_cell": 120.0, "max_cell": 108440.0, "overdispersion": 5.45, "total_count": 29534175, "nvals": 6716330, "density": 0.02938096216995899}