{
  "ncells": 2614,
  "ngenes": 25301,
  "nvals": 8976689,
  "density": 0.1357290812345451,
  "total_counts": 47076088,
  "overdispersion": 1.33,
  "avg_per_cell": 18009.22,
  "avg_per_gene": 1860.64,
  "max_cell": 62559,
  "min_cell": 6800,
  "raw": {
    "cov_gene": 74.93665850078226,
    "r2_depth": 1,
    "r_mono": 1,
    "cov_cell": 0.43804048846484755
  },
  "PF": {
    "cov_gene": 96.99190634794573,
    "r2_depth": 0,
    "r_mono": 1,
    "cov_cell": 4.2052039307255536e-14
  },
  "sqrt": {
    "cov_gene": 5.823329436399922,
    "r2_depth": 0.9431269635912811,
    "r_mono": 1,
    "cov_cell": 0.3023588948330781
  },
  "log1p": {
    "cov_gene": 1.8884952545378135,
    "r2_depth": 0.9292168805917385,
    "r_mono": 1,
    "cov_cell": 0.29314342531970533
  },
  "log1pCP10k": {
    "cov_gene": 2.17315157500916,
    "r2_depth": 0.22584343193480128,
    "r_mono": 1,
    "cov_cell": 0.08334045083648547
  },
  "log1pCPM": {
    "cov_gene": 1.2208178094296862,
    "r2_depth": 0.7603922486115628,
    "r_mono": 1,
    "cov_cell": 0.17074521642738963
  },
  "scalelog1pCP10k": {
    "cov_gene": 3.4937492555344204e-14,
    "r2_depth": 0.009973234010652754,
    "r_mono": 0.4544419661717748,
    "cov_cell": null
  },
  "sctransform": {
    "cov_gene": 0.7752811906339443,
    "r2_depth": 0.43923784722319037,
    "r_mono": 0.18965690105886793,
    "cov_cell": null
  },
  "log1pPF": {
    "cov_gene": 1.7802256935207807,
    "r2_depth": 0.33600292996395187,
    "r_mono": 1,
    "cov_cell": 0.0928992670658464
  },
  "PFlog1pPF": {
    "cov_gene": 1.8145947523180461,
    "r2_depth": 0,
    "r_mono": 1,
    "cov_cell": 2.8299575224294455e-14
  }
}
