{"ncells": 60000, "ngenes": 60623, "nvals": 3212433, "avg_per_cell": 82.31681666666667, "avg_per_gene": 81.47087738976956, "min_cell": 20, "max_cell": 7886, "total_count": 4939009, "overdispersion": 13.91059427909505, "raw": {"cov_gene": 133.06911970059826, "cov_cell": 3.790417730908922, "r2_depth": 1.0, "r_mono": 1}, "PF": {"cov_gene": 26.645038091158064, "cov_cell": 1.4629773489129115e-15, "r2_depth": 0, "r_mono": 1}, "log1p": {"cov_gene": 12.578629158476529, "cov_cell": 2.7739146057739252, "r2_depth": 0.9837805852070745, "r_mono": 1}, "log1pPF": {"cov_gene": 13.982525875006704, "cov_cell": 0.1382425451140047, "r2_depth": 0.4182876217645587, "r_mono": 1}, "PFlog1pPF": {"cov_gene": 14.218725650027997, "cov_cell": 1.3712464683803942e-15, "r2_depth": 0, "r_mono": 1}, "log1pCPM": {"cov_gene": 10.122405353948704, "cov_cell": 1.6593900024079886, "r2_depth": 0.9288377872055316, "r_mono": 1}, "log1pCP10k": {"cov_gene": 11.510143900842754, "cov_cell": 1.0284835431081816, "r2_depth": 0.8360374165501385, "r_mono": 1}, "sqrt": {"cov_gene": 16.726189907535208, "cov_cell": 2.743067800661998, "r2_depth": 0.9840679456314704, "r_mono": 1}, "density": 0.0008831722283621728}