{
    "raw": {
        "cov_gene": 72.29423779584346,
        "r2_depth": 1.0,
        "r_mono": 1.0
    },
    "PF": {
        "cov_gene": 14.525071870988635,
        "r2_depth": 0,
        "r_mono": 1.0
    },
    "sqrt": {
        "cov_gene": 9.0826958527079,
        "r2_depth": 0.9840286270168079,
        "r_mono": 1.0
    },
    "log1p": {
        "cov_gene": 6.807416927240375,
        "r2_depth": 0.9837191688175208,
        "r_mono": 1.0
    },
    "log1pCP10k": {
        "cov_gene": 6.2186213506668295,
        "r2_depth": 0.8365113126005801,
        "r_mono": 1.0
    },
    "log1pCPM": {
        "cov_gene": 5.459556914060777,
        "r2_depth": 0.928821790983091,
        "r_mono": 1.0
    },
    "scalelog1pCP10k": {
        "cov_gene": 9.37435609316848e-13,
        "r2_depth": 0.7420239078206298,
        "r_mono": 0.08263198406660414
    },
    "sctransform": {
        "cov_gene": 0.7272327422602314,
        "r2_depth": 0.02197923503745458,
        "r_mono": 0.08046524212189755
    },
    "log1pPF": {
        "cov_gene": 7.5707093475442715,
        "r2_depth": 0.4178413508035994,
        "r_mono": 1.0
    },
    "PFlog1pPF": {
        "cov_gene": 7.699880052122043,
        "r2_depth": 0,
        "r_mono": 1.0
    },
    "ncells": 60000,
    "ngenes": 17885,
    "avg_per_cell": 82.03,
    "avg_per_gene": 275.19,
    "min_cell": 19.0,
    "max_cell": 7871.0,
    "overdispersion": 13.91
}