{"raw": {"cov_gene": 39.29982518278744, "r2_depth": 1.0, "r_mono": 1.0, "cov_cell": 10.742003671978885}, "PF": {"cov_gene": 13.317317922341495, "r2_depth": 0, "r_mono": 1.0, "cov_cell": 1.452859750266194e-15}, "sqrt": {"cov_gene": 6.7056894136211005, "r2_depth": 0.9834720269022464, "r_mono": 1.0, "cov_cell": 7.462558891675918}, "log1p": {"cov_gene": 2.751091888794408, "r2_depth": 0.980709651841232, "r_mono": 1.0, "cov_cell": 7.490236485160557}, "log1pCP10k": {"cov_gene": 3.5158801364352548, "r2_depth": 0.749970922386935, "r_mono": 1.0, "cov_cell": 1.501951516966078}, "log1pCPM": {"cov_gene": 2.911729955553009, "r2_depth": 0.9279275964433317, "r_mono": 1.0, "cov_cell": 3.4786314868332835}, "scalelog1pCP10k": {"cov_gene": 3.5443085037983474e-14, "r2_depth": 0.844114154771014, "r_mono": 0.11197079348886756, "cov_cell": null}, "sctransform": {"cov_gene": 1.179591128708726, "r2_depth": 0.20406721066695221, "r_mono": 0.10624653885277589, "cov_cell": null}, "log1pPF": {"cov_gene": 4.435901682376302, "r2_depth": 0.11266782096487293, "r_mono": 1.0, "cov_cell": 0.368435749367158}, "PFlog1pPF": {"cov_gene": 6.432018775612092, "r2_depth": 0, "r_mono": 1.0, "cov_cell": 2.055552297743884e-15}, "ncells": 1750, "ngenes": 5355, "avg_per_cell": 132.89, "avg_per_gene": 43.43, "min_cell": 3.0, "max_cell": 27318.0, "overdispersion": 146.05, "total_count": 232556, "nvals": 72690, "sparsity": 0.007756702681072429}