{"ncells": 196, "ngenes": 60623, "nvals": 62591, "density": 0.005267667992918428, "avg_per_cell": 1139.5867346938776, "avg_per_gene": 3.684393711957508, "min_cell": 54, "max_cell": 30784, "total_count": 223359, "overdispersion": 20.802033522759594, "raw": {"cov_gene": 131.9176330587367, "cov_cell": 4.115144534349299, "r2_depth": 1, "r_mono": 1}, "PF": {"cov_gene": 100.20416056629016, "cov_cell": 1.1130857191084399e-14, "r2_depth": 0, "r_mono": 1}, "log1p": {"cov_gene": 6.191825358724894, "cov_cell": 3.660710025030663, "r2_depth": 0.9860779658212365, "r_mono": 1}, "sqrt": {"cov_gene": 19.539249358686856, "cov_cell": 3.6525883968271113, "r2_depth": 0.9878659056599765, "r_mono": 1}, "log1pPF": {"cov_gene": 9.474325949885964, "cov_cell": 0.6604934120349941, "r2_depth": 0.5920323148028862, "r_mono": 1}, "PFlog1pPF": {"cov_gene": 16.704581197189093, "cov_cell": 1.2293462622833595e-14, "r2_depth": 0, "r_mono": 1}, "log1pCPM": {"cov_gene": 4.7830752536810355, "cov_cell": 2.6704300404751944, "r2_depth": 0.9561283430743931, "r_mono": 1}, "log1pCP10k": {"cov_gene": 7.794738098130136, "cov_cell": 1.4189290080401493, "r2_depth": 0.8336686634525685, "r_mono": 1}}