{"ncells": 2305, "ngenes": 19012, "nvals": 1092951, "density": 0.024940316265603227, "avg_per_cell": 958.660737527115, "avg_per_gene": 116.22727750894173, "min_cell": 4, "max_cell": 4608, "total_count": 2209713, "overdispersion": 1.6999296403982505, "sctransform": {"cov_gene": 0.45248518045079966, "cov_cell": null, "r2_depth": 0.1255105898921286, "r_mono": 0.2225624508320594}, "scalelog1pCP10k": {"cov_gene": 3.408879875468939e-14, "cov_cell": null, "r2_depth": 0.5664579551779494, "r_mono": 0.2568175018500331}, "raw": {"cov_gene": 101.9751001879547, "cov_cell": 0.5489248952370469, "r2_depth": 1, "r_mono": 1}, "PF": {"cov_gene": 67.61789950646386, "cov_cell": 7.488368270968358e-15, "r2_depth": 0, "r_mono": 1}, "log1p": {"cov_gene": 3.7049531572100554, "cov_cell": 0.49268876372075593, "r2_depth": 0.8441011718284923, "r_mono": 1}, "sqrt": {"cov_gene": 9.512511361847515, "cov_cell": 0.4907718029960801, "r2_depth": 0.8554104057708887, "r_mono": 1}, "log1pPF": {"cov_gene": 3.5921804245756705, "cov_cell": 0.21619472734628642, "r2_depth": 0.26682208701254295, "r_mono": 1}, "PFlog1pPF": {"cov_gene": 72.98216029879917, "cov_cell": 6.213570031042914e-15, "r2_depth": 0, "r_mono": 1}, "log1pCPM": {"cov_gene": 1.6781595104945968, "cov_cell": 0.41366805786520106, "r2_depth": 0.7689883169987664, "r_mono": 1}, "log1pCP10k": {"cov_gene": 2.0069141254797285, "cov_cell": 0.31758699548690017, "r2_depth": 0.617503169132102, "r_mono": 1}}