{"ncells": 2305, "ngenes": 60623, "nvals": 1112365, "density": 0.007960474613506045, "avg_per_cell": 967.280694143167, "avg_per_gene": 36.77782359830427, "min_cell": 4, "max_cell": 4645, "total_count": 2229582, "overdispersion": 1.6999296307215774, "log1pCP10k": {"cov_gene": 3.803004795027995, "cov_cell": 0.31709785407458796, "r2_depth": 0.6189493295193644, "r_mono": 1}, "log1p": {"cov_gene": 6.677119015638438, "cov_cell": 0.49264015609835615, "r2_depth": 0.8456511150360698, "r_mono": 1}, "log1pCPM": {"cov_gene": 3.269743978942486, "cov_cell": 0.413683975145871, "r2_depth": 0.7707155168196396, "r_mono": 1}, "log1pPF": {"cov_gene": 6.482513865547646, "cov_cell": 0.2158298437425617, "r2_depth": 0.2684423300883898, "r_mono": 1}, "PFlog1pPF": {"cov_gene": 130.76763625718414, "cov_cell": 6.697438864101766e-15, "r2_depth": 0, "r_mono": 1}, "PF": {"cov_gene": 120.81925027975724, "cov_cell": 7.736568203247669e-15, "r2_depth": 0, "r_mono": 1}, "raw": {"cov_gene": 182.06410858130698, "cov_cell": 0.5478181829042386, "r2_depth": 1, "r_mono": 1}, "sqrt": {"cov_gene": 16.80928015835511, "cov_cell": 0.4907355734055181, "r2_depth": 0.8567052409871058, "r_mono": 1}}