{
    "raw": {
        "cov_gene": 105.73133456502221,
        "r2_depth": 1.0,
        "r_mono": 1.0
    },
    "PF": {
        "cov_gene": 51.26175352304116,
        "r2_depth": 0,
        "r_mono": 1.0
    },
    "sqrt": {
        "cov_gene": 12.563481853729332,
        "r2_depth": 0.9802994226945413,
        "r_mono": 1.0
    },
    "log1p": {
        "cov_gene": 3.6798659322401224,
        "r2_depth": 0.9785491985455584,
        "r_mono": 1.0
    },
    "log1pCP10k": {
        "cov_gene": 2.919296539829761,
        "r2_depth": 0.7667890813028935,
        "r_mono": 1.0
    },
    "log1pCPM": {
        "cov_gene": 1.9257339854194455,
        "r2_depth": 0.9257645037515096,
        "r_mono": 1.0
    },
    "scalelog1pCP10k": {
        "cov_gene": 1.538455059143367e-13,
        "r2_depth": 0.7411509090727766,
        "r_mono": 0.25276376667795447
    },
    "sctransform": {
        "cov_gene": 0.6500194749786125,
        "r2_depth": 0.7510070893133224,
        "r_mono": 0.1710093990333344
    },
    "log1pPF": {
        "cov_gene": 3.486020042522779,
        "r2_depth": 0.6253557160493605,
        "r_mono": 1.0
    },
    "PFlog1pPF": {
        "cov_gene": 4.593608549387149,
        "r2_depth": 0,
        "r_mono": 1.0
    },
    "ncells": 9826,
    "ngenes": 24507,
    "avg_per_cell": 2693.08,
    "avg_per_gene": 1079.78,
    "min_cell": 96.0,
    "max_cell": 34623.0,
    "overdispersion": 7.2
}