{
    "raw": {
        "cov_gene": 64.73360681879231,
        "r2_depth": 1.0,
        "r_mono": 1.0
    },
    "PF": {
        "cov_gene": 72.36891451915254,
        "r2_depth": 0,
        "r_mono": 1.0
    },
    "sqrt": {
        "cov_gene": 3.9305372850563236,
        "r2_depth": 0.9506655847229073,
        "r_mono": 1.0
    },
    "log1p": {
        "cov_gene": 2.38571122748376,
        "r2_depth": 0.9459419927958214,
        "r_mono": 1.0
    },
    "log1pCP10k": {
        "cov_gene": 1.9029750176972215,
        "r2_depth": 0.523723720724584,
        "r_mono": 1.0
    },
    "log1pCPM": {
        "cov_gene": 1.553692019419198,
        "r2_depth": 0.8243327067175586,
        "r_mono": 1.0
    },
    "scalelog1pCP10k": {
        "cov_gene": 1.5036793278621178e-13,
        "r2_depth": 0.5789078131387999,
        "r_mono": 0.3608517318261674
    },
    "sctransform": {
        "cov_gene": 0.5446683918103592,
        "r2_depth": 0.5234835091827867,
        "r_mono": 0.23809445948479038
    },
    "log1pPF": {
        "cov_gene": 2.1995781584164944,
        "r2_depth": 0.3912568175231792,
        "r_mono": 1.0
    },
    "PFlog1pPF": {
        "cov_gene": 9.666977241798813,
        "r2_depth": 0,
        "r_mono": 1.0
    },
    "ncells": 10711,
    "ngenes": 31444,
    "avg_per_cell": 4205.0,
    "avg_per_gene": 1432.38,
    "min_cell": 807.0,
    "max_cell": 65216.0,
    "overdispersion": 0.6
}