{"ncells": 10711, "ngenes": 60623, "nvals": 19046880, "avg_per_cell": 4206.657828400709, "avg_per_gene": 743.2412120812234, "min_cell": 807, "max_cell": 65239, "total_count": 45057512, "overdispersion": 0.5963658058015336, "raw": {"cov_gene": 89.88627940230953, "cov_cell": 0.771446011479941, "r2_depth": 1.0, "r_mono": 1}, "PF": {"cov_gene": 100.48156059475852, "cov_cell": 2.183295669771002e-14, "r2_depth": 0, "r_mono": 1}, "log1p": {"cov_gene": 3.4469779451723386, "cov_cell": 0.5773545771940393, "r2_depth": 0.946031174820608, "r_mono": 1}, "log1pPF": {"cov_gene": 3.1995883122371316, "cov_cell": 0.18249085923932423, "r2_depth": 0.3914294869148732, "r_mono": 1}, "PFlog1pPF": {"cov_gene": 13.451548674530873, "cov_cell": 2.0823156920739923e-14, "r2_depth": 0, "r_mono": 1}, "log1pCPM": {"cov_gene": 2.359402203789111, "cov_cell": 0.3964995810813735, "r2_depth": 0.8245840418369242, "r_mono": 1}, "log1pCP10k": {"cov_gene": 2.809630429070937, "cov_cell": 0.22646154588037898, "r2_depth": 0.5238893892086184, "r_mono": 1}, "sqrt": {"cov_gene": 5.537498699484777, "cov_cell": 0.5782795056028088, "r2_depth": 0.950748283152566, "r_mono": 1}, "density": 0.02933299459391521}