{"ncells": 8406, "ngenes": 60623, "nvals": 17420638, "avg_per_cell": 10583.506305020224, "avg_per_gene": 1467.5115715157613, "min_cell": 186, "max_cell": 73791, "total_count": 88964954, "overdispersion": 1.8156853056055604, "raw": {"cov_gene": 173.72975206789442, "cov_cell": 1.0800144011443187, "r2_depth": 1.0, "r_mono": 1}, "PF": {"cov_gene": 174.36929433171738, "cov_cell": 2.5664890182485105e-14, "r2_depth": 0, "r_mono": 1}, "log1p": {"cov_gene": 4.845210023368021, "cov_cell": 0.9697117577757431, "r2_depth": 0.9441788700185667, "r_mono": 1}, "log1pPF": {"cov_gene": 4.3009429147787, "cov_cell": 0.5148965105628461, "r2_depth": 0.5784560543198617, "r_mono": 1}, "PFlog1pPF": {"cov_gene": 9.13463260558377, "cov_cell": 2.4661528935035003e-14, "r2_depth": 0, "r_mono": 1}, "log1pCPM": {"cov_gene": 2.5839626687776542, "cov_cell": 0.7444028094824757, "r2_depth": 0.8360701017340992, "r_mono": 1}, "log1pCP10k": {"cov_gene": 4.363869543341243, "cov_cell": 0.5107229473320914, "r2_depth": 0.5723447540592579, "r_mono": 1}, "sqrt": {"cov_gene": 21.22348659414678, "cov_cell": 0.9715623397743729, "r2_depth": 0.950885875681691, "r_mono": 1}, "density": 0.034185130837658215}