{"raw": {"cov_gene": 121.14065107652155, "r2_depth": 1.0, "r_mono": 1.0, "cov_cell": 1.0800678264728407}, "PF": {"cov_gene": 121.57469701778868, "r2_depth": 0, "r_mono": 1.0, "cov_cell": 2.6550450227323162e-14}, "sqrt": {"cov_gene": 14.786978485287332, "r2_depth": 0.9509131854191256, "r_mono": 1.0, "cov_cell": 0.9716219829449627}, "log1p": {"cov_gene": 3.303328663173604, "r2_depth": 0.9442037797676, "r_mono": 1.0, "cov_cell": 0.9697684695843166}, "log1pCP10k": {"cov_gene": 2.95949178552881, "r2_depth": 0.5726907627096529, "r_mono": 1.0, "cov_cell": 0.5107320508625255}, "log1pCPM": {"cov_gene": 1.6556735794023862, "r2_depth": 0.8361921336703678, "r_mono": 1.0, "cov_cell": 0.7444007872685003}, "scalelog1pCP10k": {"cov_gene": 1.268268558789955e-13, "r2_depth": 0.44447776888615353, "r_mono": 0.3578081864737663, "cov_cell": null}, "sctransform": {"cov_gene": 1.2185919487767742, "r2_depth": 0.24554414406566027, "r_mono": 0.1969529627377816, "cov_cell": null}, "log1pPF": {"cov_gene": 2.9144788726173925, "r2_depth": 0.5787798381947864, "r_mono": 1.0, "cov_cell": 0.5148921302315702}, "PFlog1pPF": {"cov_gene": 6.331201224997599, "r2_depth": 0, "r_mono": 1.0, "cov_cell": 2.2638783569317987e-14}, "ncells": 8406, "ngenes": 29477, "avg_per_cell": 10581.51, "avg_per_gene": 3017.54, "min_cell": 186.0, "max_cell": 73784.0, "overdispersion": 1.82, "total_count": 88948159, "nvals": 17404223, "sparsity": 0.07023959069585467}