{"ncells": 3000, "ngenes": 24222, "nvals": 4602200, "density": 0.06333360856521619, "avg_per_cell": 4985.083, "avg_per_gene": 617.42420113946, "min_cell": 645, "max_cell": 117615, "total_count": 14955249, "overdispersion": 2.5958691388386366, "raw": {"cov_gene": 57.05839592862842, "cov_cell": 1.6118673886449129, "r2_depth": 1, "r_mono": 1}, "PF": {"cov_gene": 53.82215837886329, "cov_cell": 1.7633251451700676e-14, "r2_depth": 0, "r_mono": 1}, "log1p": {"cov_gene": 2.489660404815662, "cov_cell": 1.0548884530049851, "r2_depth": 0.9368633926021764, "r_mono": 1}, "sqrt": {"cov_gene": 6.208299241144058, "cov_cell": 1.0710525127499717, "r2_depth": 0.9448768212658918, "r_mono": 1}, "log1pPF": {"cov_gene": 2.2483213026134625, "cov_cell": 0.2635793258793556, "r2_depth": 0.35537006578144537, "r_mono": 1}, "PFlog1pPF": {"cov_gene": 3.7158249571542576, "cov_cell": 1.7830984960742003e-14, "r2_depth": 0, "r_mono": 1}, "log1pCPM": {"cov_gene": 1.3948645371586603, "cov_cell": 0.6422848694978627, "r2_depth": 0.7730168460786548, "r_mono": 1}, "log1pCP10k": {"cov_gene": 1.950169456680457, "cov_cell": 0.32094914355968174, "r2_depth": 0.44220561814507886, "r_mono": 1}, "sctransform": {"cov_gene": 0.9289480650819343, "cov_cell": null, "r2_depth": 0.37076559088323136, "r_mono": 0.25893766338720403}, "scalelog1pCP10k": {"cov_gene": 4.291047151886273e-14, "cov_cell": null, "r2_depth": 0.5093540782064603, "r_mono": 0.36353629691668204}}