{
    "raw": {
        "cov_gene": 58.61708301843355,
        "r2_depth": 1.0,
        "r_mono": 1.0
    },
    "PF": {
        "cov_gene": 13.485110128564976,
        "r2_depth": 0,
        "r_mono": 1.0
    },
    "sqrt": {
        "cov_gene": 9.131266873238589,
        "r2_depth": 0.928607075342816,
        "r_mono": 1.0
    },
    "log1p": {
        "cov_gene": 5.759751199538016,
        "r2_depth": 0.9209250802909759,
        "r_mono": 1.0
    },
    "log1pCP10k": {
        "cov_gene": 5.936291430424063,
        "r2_depth": 0.42720456145301766,
        "r_mono": 1.0
    },
    "log1pCPM": {
        "cov_gene": 4.797460770699531,
        "r2_depth": 0.7147044243788386,
        "r_mono": 1.0
    },
    "scalelog1pCP10k": {
        "cov_gene": 1.7455995965548068e-12,
        "r2_depth": 0.46418625390977153,
        "r_mono": 0.07066358033154585
    },
    "sctransform": {
        "cov_gene": 0.5886369022249994,
        "r2_depth": 0.30722332331856717,
        "r_mono": 0.06484667503874235
    },
    "log1pPF": {
        "cov_gene": 7.168744610843781,
        "r2_depth": 0.1307664778887654,
        "r_mono": 1.0
    },
    "PFlog1pPF": {
        "cov_gene": 7.6299353192252,
        "r2_depth": 0,
        "r_mono": 1.0
    },
    "ncells": "112015",
    "ngenes": 25791,
    "avg_per_cell": "177.31",
    "avg_per_gene": "770.09",
    "min_cell": "11",
    "max_cell": "117623",
    "overdispersion": "82.83"
}