{
  "ncells": 4552,
  "ngenes": 60623,
  "nvals": 9352793,
  "density": 0.03389234705824151,
  "total_counts": 30139980,
  "overdispersion": 0.4909016362444354,
  "avg_per_cell": 6621.260984182777,
  "avg_per_gene": 497.17071078633523,
  "max_cell": 51543,
  "min_cell": 81,
  "raw": {
    "cov_gene": 86.76978792763343,
    "cov_cell": 0.6869656434065302,
    "r2_depth": 1,
    "r_mono": 1
  },
  "PF": {
    "cov_gene": 85.96701618167512,
    "cov_cell": 2.2743341135454196e-14,
    "r2_depth": 0,
    "r_mono": 1
  },
  "sqrt": {
    "cov_gene": 6.79015080864963,
    "cov_cell": 0.5842410548096206,
    "r2_depth": 0.9606854624391427,
    "r_mono": 1
  },
  "log1p": {
    "cov_gene": 3.7370265589567913,
    "cov_cell": 0.5826359833157907,
    "r2_depth": 0.9553557036521618,
    "r_mono": 1
  },
  "log1pCP10k": {
    "cov_gene": 3.2105723737482452,
    "cov_cell": 0.3401211199798942,
    "r2_depth": 0.6270157162096491,
    "r_mono": 1
  },
  "log1pCPM": {
    "cov_gene": 2.314882196353396,
    "cov_cell": 0.4659131646792576,
    "r2_depth": 0.8546878094768093,
    "r_mono": 1
  },
  "log1pPF": {
    "cov_gene": 3.531181388991213,
    "cov_cell": 0.32087195362927406,
    "r2_depth": 0.5883982687525076,
    "r_mono": 1
  },
  "PFlog1pPF": {
    "cov_gene": 10.374461612673365,
    "cov_cell": 2.2459374624239495e-14,
    "r2_depth": 0,
    "r_mono": 1
  }
}
