{"raw": {"cov_gene": 55.108496826887325, "r2_depth": 1.0, "r_mono": 1.0}, "PF": {"cov_gene": 42.58171055080349, "r2_depth": 0, "r_mono": 1.0}, "sqrt": {"cov_gene": 3.8274644702371177, "r2_depth": 0.8592694109140789, "r_mono": 1.0}, "log1p": {"cov_gene": 2.0038327855433944, "r2_depth": 0.8395055782074643, "r_mono": 1.0}, "log1pCP10k": {"cov_gene": 1.590240682515155, "r2_depth": 0.30395840474541447, "r_mono": 1.0}, "log1pCPM": {"cov_gene": 1.176560363320314, "r2_depth": 0.5677362621559208, "r_mono": 1.0}, "scalelog1pCP10k": {"cov_gene": 2.0658860586410843e-14, "r2_depth": 0.3420359879956649, "r_mono": 0.4252656301631498}, "sctransform": {"cov_gene": 0.3684408436375694, "r2_depth": 0.32667454185981815, "r_mono": 0.31480039565420115}, "log1pPF": {"cov_gene": 1.9470415890896904, "r2_depth": 0.25892357705345803, "r_mono": 1.0}, "PFlog1pPF": {"cov_gene": 13.04990853752742, "r2_depth": 0, "r_mono": 1.0}}