{"raw": {"cov_gene": 102.74751100315032, "r2_depth": 1.0, "r_mono": 1.0, "cov_cell": 0.4393062684537682}, "PF": {"cov_gene": 86.6940425440417, "r2_depth": 0, "r_mono": 1.0, "cov_cell": 3.718537338124801e-14}, "sqrt": {"cov_gene": 9.420355502326212, "r2_depth": 0.9359268854722467, "r_mono": 1.0, "cov_cell": 0.32044149142620226}, "log1p": {"cov_gene": 2.259869373890096, "r2_depth": 0.9253142178976015, "r_mono": 1.0, "cov_cell": 0.3191840314243417}, "log1pCP10k": {"cov_gene": 2.27058224069414, "r2_depth": 0.32211974971388035, "r_mono": 1.0, "cov_cell": 0.10208354004885252}, "log1pCPM": {"cov_gene": 1.365093253438411, "r2_depth": 0.7862565726612439, "r_mono": 1.0, "cov_cell": 0.20328775885226955}, "scalelog1pCP10k": {"cov_gene": 6.963737565726125e-14, "r2_depth": 0.13817983832879088, "r_mono": 0.4477117823628761, "cov_cell": null}, "sctransform": {"cov_gene": 1.0158635545632855, "r2_depth": 0.15401200778473123, "r_mono": 0.26275929817642024, "cov_cell": null}, "log1pPF": {"cov_gene": 2.172545605523804, "r2_depth": 0.35007468585716395, "r_mono": 1.0, "cov_cell": 0.10501455389658156}, "PFlog1pPF": {"cov_gene": 3.615996673215137, "r2_depth": 0, "r_mono": 1.0, "cov_cell": 2.2958777246853033e-14}, "ncells": 5105, "ngenes": 25749, "avg_per_cell": 11389.5, "avg_per_gene": 2258.08, "min_cell": 4766.0, "max_cell": 48836.0, "overdispersion": 0.92, "total_count": 58143378, "nvals": 14138358, "sparsity": 0.1075580353072487}