{"ncells": 5105, "ngenes": 60623, "nvals": 14157941, "avg_per_cell": 11394.393143976493, "avg_per_gene": 959.5100374445343, "min_cell": 4770, "max_cell": 50175, "total_count": 58168377, "overdispersion": 0.9176266128298869, "raw": {"cov_gene": 157.58461238415433, "cov_cell": 0.43944135859065364, "r2_depth": 1.0, "r_mono": 1}, "PF": {"cov_gene": 132.99630214991456, "cov_cell": 3.0894104245342445e-14, "r2_depth": 0, "r_mono": 1}, "log1p": {"cov_gene": 3.6527950424590845, "cov_cell": 0.31928755742537956, "r2_depth": 0.9251364269282185, "r_mono": 1}, "log1pPF": {"cov_gene": 3.5260190203013075, "cov_cell": 0.10507315344900267, "r2_depth": 0.3493259618253658, "r_mono": 1}, "PFlog1pPF": {"cov_gene": 5.665770430319568, "cov_cell": 2.4538562870676824e-14, "r2_depth": 0, "r_mono": 1}, "log1pCPM": {"cov_gene": 2.3902404570594875, "cov_cell": 0.20344033319280766, "r2_depth": 0.7857648748509702, "r_mono": 1}, "log1pCP10k": {"cov_gene": 3.668885683294661, "cov_cell": 0.10213102344475283, "r2_depth": 0.32129784031193964, "r_mono": 1}, "sqrt": {"cov_gene": 14.483158606141624, "cov_cell": 0.32055239731291174, "r2_depth": 0.9357583223938677, "r_mono": 1}, "density": 0.04574745384130366}