{"ncells": 8509, "ngenes": 60623, "nvals": 24557461, "avg_per_cell": 10562.498530967212, "avg_per_gene": 1482.5445787902281, "min_cell": 285, "max_cell": 160187, "total_count": 89876300, "overdispersion": 1.241849174384856, "raw": {"cov_gene": 103.22889543754351, "cov_cell": 1.0241655861978955, "r2_depth": 1.0, "r_mono": 1}, "PF": {"cov_gene": 140.84255757747997, "cov_cell": 3.159847732004704e-14, "r2_depth": 0, "r_mono": 1}, "log1p": {"cov_gene": 3.585267333397973, "cov_cell": 0.7807211746209831, "r2_depth": 0.895084532814959, "r_mono": 1}, "log1pPF": {"cov_gene": 3.258982553595605, "cov_cell": 0.3937442330529195, "r2_depth": 0.4268082954878364, "r_mono": 1}, "PFlog1pPF": {"cov_gene": 6.476750136422905, "cov_cell": 2.846730311608946e-14, "r2_depth": 0, "r_mono": 1}, "log1pCPM": {"cov_gene": 2.172349860058337, "cov_cell": 0.5903581614159521, "r2_depth": 0.7036157943545445, "r_mono": 1}, "log1pCP10k": {"cov_gene": 3.2985149142683303, "cov_cell": 0.3897761141606859, "r2_depth": 0.4222215797353296, "r_mono": 1}, "sqrt": {"cov_gene": 9.585962961906164, "cov_cell": 0.7844428454671312, "r2_depth": 0.908811777483044, "r_mono": 1}, "density": 0.04760663829763377}