{
  "ncells": 12633,
  "ngenes": 60623,
  "nvals": 15363597,
  "density": 0.020060834103493578,
  "total_counts": 33925554,
  "overdispersion": 2.3966316135144368,
  "avg_per_cell": 2685.4709095226785,
  "avg_per_gene": 559.615228543622,
  "max_cell": 50190,
  "min_cell": 255,
  "raw": {
    "cov_gene": 74.03073246796026,
    "cov_cell": 1.1139951842273967,
    "r2_depth": 1,
    "r_mono": 1
  },
  "PF": {
    "cov_gene": 83.61810656392605,
    "cov_cell": 1.9899692279623907e-14,
    "r2_depth": 0,
    "r_mono": 1
  },
  "sqrt": {
    "cov_gene": 10.149158086012049,
    "cov_cell": 0.9166271564649552,
    "r2_depth": 0.9072760070406557,
    "r_mono": 1
  },
  "log1p": {
    "cov_gene": 4.5784861541444135,
    "cov_cell": 0.9322269830552579,
    "r2_depth": 0.8999009826781311,
    "r_mono": 1
  },
  "log1pCP10k": {
    "cov_gene": 3.04438343871935,
    "cov_cell": 0.48766840459913785,
    "r2_depth": 0.48710536616657163,
    "r_mono": 1
  },
  "log1pCPM": {
    "cov_gene": 2.419208601258872,
    "cov_cell": 0.6895752762817727,
    "r2_depth": 0.7495729053406016,
    "r_mono": 1
  },
  "log1pPF": {
    "cov_gene": 4.013467677026615,
    "cov_cell": 0.38979010035798356,
    "r2_depth": 0.34178108221831427,
    "r_mono": 1
  },
  "PFlog1pPF": {
    "cov_gene": 10.602605411529112,
    "cov_cell": 1.8515834708190025e-14,
    "r2_depth": 0,
    "r_mono": 1
  }
}
