{"ncells": 1289, "ngenes": 60623, "nvals": 721209, "avg_per_cell": 1564.8944918541506, "avg_per_gene": 33.27365851244577, "min_cell": 46, "max_cell": 54628, "total_count": 2017149, "overdispersion": 3.596804457076734, "raw": {"cov_gene": 102.37274192490803, "cov_cell": 1.8795660632490834, "r2_depth": 1.0, "r_mono": 1}, "PF": {"cov_gene": 76.56740666938238, "cov_cell": 1.0650505442900198e-14, "r2_depth": 0, "r_mono": 1}, "log1p": {"cov_gene": 7.497264496373007, "cov_cell": 1.4487551138184795, "r2_depth": 0.8715025160087375, "r_mono": 1}, "log1pPF": {"cov_gene": 8.465331994775024, "cov_cell": 0.664414314600056, "r2_depth": 0.42014410478460806, "r_mono": 1}, "PFlog1pPF": {"cov_gene": 16.193037891491077, "cov_cell": 9.349517205113055e-15, "r2_depth": 0, "r_mono": 1}, "log1pCPM": {"cov_gene": 3.546947445672815, "cov_cell": 1.1532781696579977, "r2_depth": 0.7121924383166489, "r_mono": 1}, "log1pCP10k": {"cov_gene": 5.5201569871314415, "cov_cell": 0.8928833424615226, "r2_depth": 0.5334469211341277, "r_mono": 1}, "sqrt": {"cov_gene": 15.586463578040107, "cov_cell": 1.4487765988624437, "r2_depth": 0.881588324832285, "r_mono": 1}, "density": 0.009229343206952244}