{
    "raw": {
        "cov_gene": 51.84859631044077,
        "r2_depth": 1.0,
        "r_mono": 1.0
    },
    "PF": {
        "cov_gene": 38.80425844339263,
        "r2_depth": 0,
        "r_mono": 1.0
    },
    "sqrt": {
        "cov_gene": 7.942536831595319,
        "r2_depth": 0.879432497346869,
        "r_mono": 1.0
    },
    "log1p": {
        "cov_gene": 3.750513521831235,
        "r2_depth": 0.8688480761630735,
        "r_mono": 1.0
    },
    "log1pCP10k": {
        "cov_gene": 2.7112552951605577,
        "r2_depth": 0.535416398533143,
        "r_mono": 1.0
    },
    "log1pCPM": {
        "cov_gene": 1.627485290800929,
        "r2_depth": 0.7103714943215786,
        "r_mono": 1.0
    },
    "scalelog1pCP10k": {
        "cov_gene": 1.9885016966434027e-14,
        "r2_depth": 0.5084658785922535,
        "r_mono": 0.24839165583730663
    },
    "sctransform": {
        "cov_gene": 0.5497162064613208,
        "r2_depth": 0.4079157503159897,
        "r_mono": 0.2061920325748752
    },
    "log1pPF": {
        "cov_gene": 4.263306419684853,
        "r2_depth": 0.4226025899729181,
        "r_mono": 1.0
    },
    "PFlog1pPF": {
        "cov_gene": 8.193450790095035,
        "r2_depth": 0,
        "r_mono": 1.0
    },
    "ncells": 1289,
    "ngenes": 15547,
    "avg_per_cell": 1550.07,
    "avg_per_gene": 128.52,
    "min_cell": 43.0,
    "max_cell": 54225.0,
    "overdispersion": 3.6
}