{"ncells": 2998, "ngenes": 60623, "nvals": 8925204, "density": 0.049107643993223704, "avg_per_cell": 14653.005670446964, "avg_per_gene": 724.6376952641737, "min_cell": 310, "max_cell": 89030, "total_count": 43929711, "overdispersion": 1.1196414462077438, "raw": {"cov_gene": 94.03229520936485, "cov_cell": 0.908266426344328, "r2_depth": 1, "r_mono": 1}, "PF": {"cov_gene": 135.7458043818463, "cov_cell": 3.6747082932576686e-14, "r2_depth": 0, "r_mono": 1}, "log1p": {"cov_gene": 4.124462324080081, "cov_cell": 0.7105837812619311, "r2_depth": 0.8395802663473183, "r_mono": 1}, "sqrt": {"cov_gene": 15.635420871051302, "cov_cell": 0.7160241790724493, "r2_depth": 0.8634534022805787, "r_mono": 1}, "log1pPF": {"cov_gene": 3.7871467060595916, "cov_cell": 0.41347948944087304, "r2_depth": 0.35794639292487873, "r_mono": 1}, "PFlog1pPF": {"cov_gene": 11.278003271257681, "cov_cell": 2.986293414160501e-14, "r2_depth": 0, "r_mono": 1}, "log1pCPM": {"cov_gene": 2.24861845641034, "cov_cell": 0.5579336085104656, "r2_depth": 0.6261293805761137, "r_mono": 1}, "log1pCP10k": {"cov_gene": 4.274456774713999, "cov_cell": 0.3913498360962963, "r2_depth": 0.3267820020667481, "r_mono": 1}}