{"ncells": 2998, "ngenes": 27180, "nvals": 8909262, "density": 0.10933536264794631, "avg_per_cell": 14647.619079386257, "avg_per_gene": 1615.657174392936, "min_cell": 310, "max_cell": 89014, "total_count": 43913562, "overdispersion": 1.1196414462077438, "raw": {"cov_gene": 62.95837218470935, "cov_cell": 0.9083776761045961, "r2_depth": 1, "r_mono": 1}, "PF": {"cov_gene": 90.9104930708604, "cov_cell": 3.6152869115803074e-14, "r2_depth": 0, "r_mono": 1}, "log1p": {"cov_gene": 2.662865389683598, "cov_cell": 0.7105359582455112, "r2_depth": 0.8396754276875891, "r_mono": 1}, "sqrt": {"cov_gene": 10.450257634827144, "cov_cell": 0.7159901459599677, "r2_depth": 0.8635709915929914, "r_mono": 1}, "log1pPF": {"cov_gene": 2.4277295894294717, "cov_cell": 0.41341426660882463, "r2_depth": 0.3581115860555675, "r_mono": 1}, "PFlog1pPF": {"cov_gene": 7.517334927184874, "cov_cell": 2.9214304285570517e-14, "r2_depth": 0, "r_mono": 1}, "log1pCPM": {"cov_gene": 1.3142522426242076, "cov_cell": 0.55775855226757, "r2_depth": 0.6262627165781001, "r_mono": 1}, "log1pCP10k": {"cov_gene": 2.7666807368241013, "cov_cell": 0.3913230563485263, "r2_depth": 0.3269706001501166, "r_mono": 1}, "sctransform": {"cov_gene": 2.708788096394733, "cov_cell": null, "r2_depth": 0.4180879513476927, "r_mono": 0.23245115609119382}, "scalelog1pCP10k": {"cov_gene": 4.2670314892309944e-14, "cov_cell": null, "r2_depth": 0.2168679882764838, "r_mono": 0.44048063899066636}}