{"raw": {"cov_gene": 63.94263388985872, "r2_depth": 1.0, "r_mono": 1.0, "cov_cell": 7.157518120152425}, "PF": {"cov_gene": 13.30028725560465, "r2_depth": 0, "r_mono": 1.0, "cov_cell": 9.917450905256624e-15}, "sqrt": {"cov_gene": 12.609293342228755, "r2_depth": 0.9312724969902926, "r_mono": 1.0, "cov_cell": 5.627466757897382}, "log1p": {"cov_gene": 4.60580818874538, "r2_depth": 0.920780598570624, "r_mono": 1.0, "cov_cell": 5.610805579960242}, "log1pCP10k": {"cov_gene": 6.97812375972087, "r2_depth": 0.6614008103258349, "r_mono": 1.0, "cov_cell": 1.7031905024961482}, "log1pCPM": {"cov_gene": 4.879201708904402, "r2_depth": 0.8156662136942276, "r_mono": 1.0, "cov_cell": 3.561659431120681}, "scalelog1pCP10k": {"cov_gene": 1.755003393444892e-12, "r2_depth": 0.5814667008953228, "r_mono": 0.07169585480720532, "cov_cell": null}, "sctransform": {"cov_gene": 0.9639703652039324, "r2_depth": 0.5664902909982932, "r_mono": 0.06298398470339989, "cov_cell": null}, "log1pPF": {"cov_gene": 7.837285671420439, "r2_depth": 0.3841142526959779, "r_mono": 1.0, "cov_cell": 0.4915541670645221}, "PFlog1pPF": {"cov_gene": 8.254694995953798, "r2_depth": 0, "r_mono": 1.0, "cov_cell": 9.48762735743431e-15}, "ncells": 101416, "ngenes": 27418, "avg_per_cell": 470.84, "avg_per_gene": 1741.57, "min_cell": 11.0, "max_cell": 89014.0, "overdispersion": 67.02, "total_count": 47750237, "nvals": 12273257, "sparsity": 0.004413850090609593}