{
    "raw": {
        "cov_gene": 86.4646643296934,
        "r2_depth": 1.0,
        "r_mono": 1.0
    },
    "PF": {
        "cov_gene": 63.236857708041676,
        "r2_depth": 0,
        "r_mono": 1.0
    },
    "sqrt": {
        "cov_gene": 2.203470566681236,
        "r2_depth": 0.8509887735828268,
        "r_mono": 1.0
    },
    "log1p": {
        "cov_gene": 1.5625338579420758,
        "r2_depth": 0.8289759981763576,
        "r_mono": 1.0
    },
    "log1pCP10k": {
        "cov_gene": 1.3404948233480392,
        "r2_depth": 0.23496677667949217,
        "r_mono": 1.0
    },
    "log1pCPM": {
        "cov_gene": 1.1030967333124866,
        "r2_depth": 0.6456131718522315,
        "r_mono": 1.0
    },
    "scalelog1pCP10k": {
        "cov_gene": 1.1927126815708833e-14,
        "r2_depth": 0.31111216466544833,
        "r_mono": 0.4339505538654366
    },
    "sctransform": {
        "cov_gene": 0.36953225361445774,
        "r2_depth": 0.16591794943811533,
        "r_mono": 0.34623343034468435
    },
    "log1pPF": {
        "cov_gene": 1.540328177748111,
        "r2_depth": 0.104135210671356,
        "r_mono": 1.0
    },
    "PFlog1pPF": {
        "cov_gene": 4.290641802281911,
        "r2_depth": 0,
        "r_mono": 1.0
    },
    "ncells": 853,
    "ngenes": 18817,
    "avg_per_cell": 4347.87,
    "avg_per_gene": 197.1,
    "min_cell": 2539.0,
    "max_cell": 20516.0,
    "overdispersion": 0.12
}