{"raw": {"cov_gene": 49.11348846929453, "r2_depth": 1.0, "r_mono": 1.0, "cov_cell": 1.1304141213413845}, "PF": {"cov_gene": 32.22409971781803, "r2_depth": 0, "r_mono": 1.0, "cov_cell": 5.705048747387267e-15}, "sqrt": {"cov_gene": 5.717996372500987, "r2_depth": 0.957274637027886, "r_mono": 1.0, "cov_cell": 0.9011572213497311}, "log1p": {"cov_gene": 3.854187430720506, "r2_depth": 0.9518438847497935, "r_mono": 1.0, "cov_cell": 0.9113121414680068}, "log1pCP10k": {"cov_gene": 2.6941991733386743, "r2_depth": 0.825833231452987, "r_mono": 1.0, "cov_cell": 0.4485050393962309}, "log1pCPM": {"cov_gene": 2.288397019267048, "r2_depth": 0.9074290854234944, "r_mono": 1.0, "cov_cell": 0.6465680713786305}, "scalelog1pCP10k": {"cov_gene": 1.5797722976925153e-13, "r2_depth": 0.7892803881606518, "r_mono": 0.21928030113224828, "cov_cell": null}, "sctransform": {"cov_gene": 0.5133805150994356, "r2_depth": 0.5191283107145421, "r_mono": 0.16535773156001413, "cov_cell": null}, "log1pPF": {"cov_gene": 3.4381986543151686, "r2_depth": 0.6412915700568549, "r_mono": 1.0, "cov_cell": 0.22501102437762383}, "PFlog1pPF": {"cov_gene": 3.5869279156747806, "r2_depth": 0, "r_mono": 1.0, "cov_cell": 4.835076452637643e-15}, "ncells": 10786, "ngenes": 22441, "avg_per_cell": 989.54, "avg_per_gene": 475.61, "min_cell": 218.0, "max_cell": 11301.0, "overdispersion": 1.42, "total_count": 10673175, "nvals": 4756385, "density": 0.019650535012745746}