{
    "raw": {
        "cov_gene": 49.11348846929453,
        "r2_depth": 1.0,
        "r_mono": 1.0
    },
    "PF": {
        "cov_gene": 32.22409971781803,
        "r2_depth": 0,
        "r_mono": 1.0
    },
    "sqrt": {
        "cov_gene": 5.717996372500987,
        "r2_depth": 0.957274637027886,
        "r_mono": 1.0
    },
    "log1p": {
        "cov_gene": 3.854187430720506,
        "r2_depth": 0.9518438847497935,
        "r_mono": 1.0
    },
    "log1pCP10k": {
        "cov_gene": 2.6941991733386743,
        "r2_depth": 0.825833231452987,
        "r_mono": 1.0
    },
    "log1pCPM": {
        "cov_gene": 2.288397019267048,
        "r2_depth": 0.9074290854234944,
        "r_mono": 1.0
    },
    "scalelog1pCP10k": {
        "cov_gene": 1.5797722976925153e-13,
        "r2_depth": 0.7892803881606518,
        "r_mono": 0.21928030113224828
    },
    "sctransform": {
        "cov_gene": 0.5133805150994356,
        "r2_depth": 0.5191283107145421,
        "r_mono": 0.16535773156001413
    },
    "log1pPF": {
        "cov_gene": 3.4381986543151686,
        "r2_depth": 0.6412915700568549,
        "r_mono": 1.0
    },
    "PFlog1pPF": {
        "cov_gene": 3.5869279156747806,
        "r2_depth": 0,
        "r_mono": 1.0
    },
    "ncells": 10786,
    "ngenes": 22441,
    "avg_per_cell": 989.54,
    "avg_per_gene": 475.61,
    "min_cell": 218.0,
    "max_cell": 11301.0,
    "overdispersion": 1.42
}