{"ncells": 10786, "ngenes": 60623, "nvals": 4772557, "avg_per_cell": 991.2082328944929, "avg_per_gene": 176.35504676442935, "min_cell": 220, "max_cell": 11310, "total_count": 10691172, "overdispersion": 1.4204039947733393, "raw": {"cov_gene": 80.72702250848276, "cov_cell": 1.130261115498322, "r2_depth": 1.0, "r_mono": 1}, "PF": {"cov_gene": 52.87549653645626, "cov_cell": 6.314673210441412e-15, "r2_depth": 0, "r_mono": 1}, "log1p": {"cov_gene": 6.451903701366639, "cov_cell": 0.9117396988635416, "r2_depth": 0.9519329807096883, "r_mono": 1}, "log1pPF": {"cov_gene": 5.7842245733510635, "cov_cell": 0.22510462770848966, "r2_depth": 0.6416955032102427, "r_mono": 1}, "PFlog1pPF": {"cov_gene": 6.0224558981684115, "cov_cell": 5.585008315484239e-15, "r2_depth": 0, "r_mono": 1}, "log1pCPM": {"cov_gene": 3.9651359850333696, "cov_cell": 0.647258710090023, "r2_depth": 0.907618186519086, "r_mono": 1}, "log1pCP10k": {"cov_gene": 4.601411481015932, "cov_cell": 0.4487618800615316, "r2_depth": 0.8260409978402025, "r_mono": 1}, "sqrt": {"cov_gene": 9.465096760045977, "cov_cell": 0.9016109386235752, "r2_depth": 0.9573346768658255, "r_mono": 1}, "density": 0.007298830596169713}