{"raw": {"cov_gene": 40.90540765695889, "r2_depth": 1.0, "r_mono": 1.0}, "PF": {"cov_gene": 41.90674153703241, "r2_depth": 0, "r_mono": 1.0}, "sqrt": {"cov_gene": 3.8325842631676377, "r2_depth": 0.9529853483234773, "r_mono": 1.0}, "log1p": {"cov_gene": 1.426115389752306, "r2_depth": 0.9481870706476897, "r_mono": 1.0}, "log1pCP10k": {"cov_gene": 1.1211131777954522, "r2_depth": 0.40957520392405733, "r_mono": 1.0}, "log1pCPM": {"cov_gene": 0.5536667107521808, "r2_depth": 0.7720528669035572, "r_mono": 1.0}, "scalelog1pCP10k": {"cov_gene": 1.1257464867188964e-15, "r2_depth": 0.5370196174234743, "r_mono": 0.6213826514764388}, "sctransform": {"cov_gene": 0.42269169650208344, "r2_depth": 0.3560712461832076, "r_mono": 0.48683823074367105}, "log1pPF": {"cov_gene": 1.2776621440318634, "r2_depth": 0.35719559483675756, "r_mono": 1.0}, "PFlog1pPF": {"cov_gene": 13.411817577679383, "r2_depth": 0, "r_mono": 1.0}}