{"ncells": 81, "ngenes": 60623, "nvals": 177419, "avg_per_cell": 7173.308641975309, "avg_per_gene": 9.584448146742986, "min_cell": 512, "max_cell": 32125, "total_count": 581038, "overdispersion": 2.7148746309987737, "raw": {"cov_gene": 105.35464087093412, "cov_cell": 1.0125089796077549, "r2_depth": 1.0, "r_mono": 1}, "PF": {"cov_gene": 109.21856101125587, "cov_cell": 2.582927005923906e-14, "r2_depth": 0, "r_mono": 1}, "log1p": {"cov_gene": 4.068727623179365, "cov_cell": 0.7418943441648482, "r2_depth": 0.9511995281296519, "r_mono": 1}, "log1pPF": {"cov_gene": 3.714436023621991, "cov_cell": 0.294233865307334, "r2_depth": 0.35571992922041407, "r_mono": 1}, "PFlog1pPF": {"cov_gene": 33.60498920192393, "cov_cell": 1.9797259446524078e-14, "r2_depth": 0, "r_mono": 1}, "log1pCPM": {"cov_gene": 2.4114864456903877, "cov_cell": 0.5040278874194837, "r2_depth": 0.7867040518964432, "r_mono": 1}, "log1pCP10k": {"cov_gene": 3.424154315057188, "cov_cell": 0.3111140582722153, "r2_depth": 0.40566286711188493, "r_mono": 1}, "sqrt": {"cov_gene": 9.531201026922027, "cov_cell": 0.7454864897466049, "r2_depth": 0.9553161415742643, "r_mono": 1}, "density": 0.03613080884633486}