{"raw": {"cov_gene": 40.90540765695889, "r2_depth": 1.0, "r_mono": 1.0, "cov_cell": 1.0200060374535054}, "PF": {"cov_gene": 41.90674153703241, "r2_depth": 0, "r_mono": 1.0, "cov_cell": 1.8886067855558278e-14}, "sqrt": {"cov_gene": 3.8325842631676377, "r2_depth": 0.9529853483234773, "r_mono": 1.0, "cov_cell": 0.7420315299180497}, "log1p": {"cov_gene": 1.426115389752306, "r2_depth": 0.9481870706476897, "r_mono": 1.0, "cov_cell": 0.7379568311502102}, "log1pCP10k": {"cov_gene": 1.1211131777954522, "r2_depth": 0.40957520392405733, "r_mono": 1.0, "cov_cell": 0.31491126081089266}, "log1pCPM": {"cov_gene": 0.5536667107521808, "r2_depth": 0.7720528669035572, "r_mono": 1.0, "cov_cell": 0.4964927250073038}, "scalelog1pCP10k": {"cov_gene": 1.1257464867188964e-15, "r2_depth": 0.5370196174234743, "r_mono": 0.6213826514764388, "cov_cell": null}, "sctransform": {"cov_gene": 0.42269169650208344, "r2_depth": 0.3560712461832076, "r_mono": 0.48683823074367105, "cov_cell": null}, "log1pPF": {"cov_gene": 1.2776621440318634, "r2_depth": 0.35719559483675756, "r_mono": 1.0, "cov_cell": 0.296713585196717}, "PFlog1pPF": {"cov_gene": 13.411817577679383, "r2_depth": 0, "r_mono": 1.0, "cov_cell": 1.800814157388252e-14}, "ncells": 81, "ngenes": 9120, "avg_per_cell": 6935.04, "avg_per_gene": 61.59, "min_cell": 506.0, "max_cell": 31086.0, "overdispersion": 2.71, "total_count": 561738, "nvals": 159917, "density": 0.21647850335715832}