{"raw": {"cov_gene": 39.56058187240003, "r2_depth": 1.0, "r_mono": 1.0, "cov_cell": 0.7623075395680879}, "PF": {"cov_gene": 38.6350115211032, "r2_depth": 0, "r_mono": 1.0, "cov_cell": 2.3983159951832634e-14}, "sqrt": {"cov_gene": 2.776598120019955, "r2_depth": 0.9672702046194455, "r_mono": 1.0, "cov_cell": 0.6925494860258797}, "log1p": {"cov_gene": 1.5520704740345401, "r2_depth": 0.9672967069699643, "r_mono": 1.0, "cov_cell": 0.7018312038756627}, "log1pCP10k": {"cov_gene": 1.1328211067704774, "r2_depth": 0.6631035365011022, "r_mono": 1.0, "cov_cell": 0.43197532663948435}, "log1pCPM": {"cov_gene": 0.669506198629446, "r2_depth": 0.8611261321642146, "r_mono": 1.0, "cov_cell": 0.5654420791703157}, "scalelog1pCP10k": {"cov_gene": 1.8231367216064826e-15, "r2_depth": 0.7054878476266185, "r_mono": 0.5519859355077859, "cov_cell": null}, "sctransform": {"cov_gene": 0.361171648942288, "r2_depth": 0.11002306150476926, "r_mono": 0.44098699926525936, "cov_cell": null}, "log1pPF": {"cov_gene": 1.505551163233165, "r2_depth": 0.5832960281992238, "r_mono": 1.0, "cov_cell": 0.38854756028474996}, "PFlog1pPF": {"cov_gene": 12.741642300047037, "r2_depth": 0, "r_mono": 1.0, "cov_cell": 1.6322775780084284e-14}, "ncells": 127, "ngenes": 11086, "avg_per_cell": 4183.33, "avg_per_gene": 47.92, "min_cell": 621.0, "max_cell": 20418.0, "overdispersion": 0.58, "total_count": 531283, "nvals": 217171, "sparsity": 0.15424931210677864}