{"ncells": 127, "ngenes": 60623, "nvals": 235215, "avg_per_cell": 4348.228346456693, "avg_per_gene": 9.109166487966613, "min_cell": 622, "max_cell": 21924, "total_count": 552225, "overdispersion": 0.5790515497262033, "raw": {"cov_gene": 87.50083965091531, "cov_cell": 0.7684647696473087, "r2_depth": 1.0, "r_mono": 1}, "PF": {"cov_gene": 90.29240897649322, "cov_cell": 2.2855468977722904e-14, "r2_depth": 0, "r_mono": 1}, "log1p": {"cov_gene": 3.9322128214690792, "cov_cell": 0.70736388944922, "r2_depth": 0.969672333141778, "r_mono": 1}, "log1pPF": {"cov_gene": 3.831017025040299, "cov_cell": 0.3862049016383213, "r2_depth": 0.5754035590424141, "r_mono": 1}, "PFlog1pPF": {"cov_gene": 29.5132484679863, "cov_cell": 2.2603111623919766e-14, "r2_depth": 0, "r_mono": 1}, "log1pCPM": {"cov_gene": 2.365189566111226, "cov_cell": 0.5686459398127198, "r2_depth": 0.8683207927661738, "r_mono": 1}, "log1pCP10k": {"cov_gene": 3.148731236594336, "cov_cell": 0.4283293394685167, "r2_depth": 0.6557437981078202, "r_mono": 1}, "sqrt": {"cov_gene": 6.399752335825672, "cov_cell": 0.6986641331245139, "r2_depth": 0.9698250320626068, "r_mono": 1}, "density": 0.030550890160058533}