{"raw": {"cov_gene": 39.56058187240003, "r2_depth": 1.0, "r_mono": 1.0}, "PF": {"cov_gene": 38.6350115211032, "r2_depth": 0, "r_mono": 1.0}, "sqrt": {"cov_gene": 2.776598120019955, "r2_depth": 0.9672702046194455, "r_mono": 1.0}, "log1p": {"cov_gene": 1.5520704740345401, "r2_depth": 0.9672967069699643, "r_mono": 1.0}, "log1pCP10k": {"cov_gene": 1.1328211067704774, "r2_depth": 0.6631035365011022, "r_mono": 1.0}, "log1pCPM": {"cov_gene": 0.669506198629446, "r2_depth": 0.8611261321642146, "r_mono": 1.0}, "scalelog1pCP10k": {"cov_gene": 1.8231367216064826e-15, "r2_depth": 0.7054878476266185, "r_mono": 0.5519859355077859}, "sctransform": {"cov_gene": 0.361171648942288, "r2_depth": 0.11002306150476926, "r_mono": 0.44098699926525936}, "log1pPF": {"cov_gene": 1.505551163233165, "r2_depth": 0.5832960281992238, "r_mono": 1.0}, "PFlog1pPF": {"cov_gene": 12.741642300047037, "r2_depth": 0, "r_mono": 1.0}}