{
  "ncells": 5224,
  "ngenes": 60623,
  "nvals": 922407,
  "density": 0.002912607729355572,
  "total_counts": 2522399,
  "overdispersion": 13.224140471572985,
  "avg_per_cell": 482.84820061255743,
  "avg_per_gene": 41.607954076835526,
  "max_cell": 40865,
  "min_cell": 76,
  "raw": {
    "cov_gene": 137.12473647933248,
    "cov_cell": 3.8118359629632446,
    "r2_depth": 1,
    "r_mono": 1
  },
  "PF": {
    "cov_gene": 49.296553059967145,
    "cov_cell": 3.719479011132917e-15,
    "r2_depth": 0,
    "r_mono": 1
  },
  "sqrt": {
    "cov_gene": 17.4625378102306,
    "cov_cell": 2.4722171819447922,
    "r2_depth": 0.9606871647779462,
    "r_mono": 1
  },
  "log1p": {
    "cov_gene": 8.53776521309607,
    "cov_cell": 2.460214097466747,
    "r2_depth": 0.953431028446713,
    "r_mono": 1
  },
  "log1pCP10k": {
    "cov_gene": 7.483679091916109,
    "cov_cell": 0.7992665282242448,
    "r2_depth": 0.5976875344339844,
    "r_mono": 1
  },
  "log1pCPM": {
    "cov_gene": 6.035541817367897,
    "cov_cell": 1.359094586918828,
    "r2_depth": 0.8161861554674551,
    "r_mono": 1
  },
  "log1pPF": {
    "cov_gene": 9.718560376740182,
    "cov_cell": 0.3176121888195095,
    "r2_depth": 0.2792198167831893,
    "r_mono": 1
  },
  "PFlog1pPF": {
    "cov_gene": 10.472548043815884,
    "cov_cell": 2.8033908600811736e-15,
    "r2_depth": 0,
    "r_mono": 1
  }
}
