{
  "ncells": 9789,
  "ngenes": 60623,
  "nvals": 12572513,
  "density": 0.021185871837206424,
  "total_counts": 36679830,
  "overdispersion": 1.5990705854645944,
  "avg_per_cell": 3747.045663499847,
  "avg_per_gene": 605.0480840605051,
  "max_cell": 30797,
  "min_cell": 249,
  "raw": {
    "cov_gene": 65.29847162963985,
    "cov_cell": 0.7146180740018842,
    "r2_depth": 1,
    "r_mono": 1
  },
  "PF": {
    "cov_gene": 82.67893887152029,
    "cov_cell": 1.656810276843118e-14,
    "r2_depth": 0,
    "r_mono": 1
  },
  "sqrt": {
    "cov_gene": 7.790314523413624,
    "cov_cell": 0.5805767323521512,
    "r2_depth": 0.9369527484085204,
    "r_mono": 1
  },
  "log1p": {
    "cov_gene": 4.914109311839961,
    "cov_cell": 0.5773161967515059,
    "r2_depth": 0.9275127223665011,
    "r_mono": 1
  },
  "log1pCP10k": {
    "cov_gene": 3.632196284063731,
    "cov_cell": 0.31713813704226596,
    "r2_depth": 0.6143725226591561,
    "r_mono": 1
  },
  "log1pCPM": {
    "cov_gene": 2.8378810877646883,
    "cov_cell": 0.45510570240289666,
    "r2_depth": 0.8279176332575835,
    "r_mono": 1
  },
  "log1pPF": {
    "cov_gene": 4.4757252743837475,
    "cov_cell": 0.25915575868465174,
    "r2_depth": 0.5102027474565037,
    "r_mono": 1
  },
  "PFlog1pPF": {
    "cov_gene": 6.5857440270287375,
    "cov_cell": 1.195499881190883e-14,
    "r2_depth": 0,
    "r_mono": 1
  }
}
