{"ncells": 4297, "ngenes": 60623, "nvals": 8380700, "avg_per_cell": 5418.171747730975, "avg_per_gene": 384.04374577305646, "min_cell": 1364, "max_cell": 52044, "total_count": 23281884, "overdispersion": 1.558907479609055, "raw": {"cov_gene": 64.21733451057182, "cov_cell": 0.7788733862425361, "r2_depth": 1.0, "r_mono": 1}, "PF": {"cov_gene": 76.24051683263808, "cov_cell": 2.2814888070110448e-14, "r2_depth": 0, "r_mono": 1}, "log1p": {"cov_gene": 3.7249714831604916, "cov_cell": 0.5498769673132188, "r2_depth": 0.8269619326747096, "r_mono": 1}, "log1pPF": {"cov_gene": 3.4072984255138117, "cov_cell": 0.18085012403144526, "r2_depth": 0.1949099260964947, "r_mono": 1}, "PFlog1pPF": {"cov_gene": 4.2339898375563605, "cov_cell": 2.2386265335259404e-14, "r2_depth": 0, "r_mono": 1}, "log1pCPM": {"cov_gene": 2.3094068494567455, "cov_cell": 0.3638903021782687, "r2_depth": 0.6502325807434242, "r_mono": 1}, "log1pCP10k": {"cov_gene": 2.9889709706942393, "cov_cell": 0.20802595746057975, "r2_depth": 0.2919837381381537, "r_mono": 1}, "sqrt": {"cov_gene": 7.308704851345557, "cov_cell": 0.5477086238734906, "r2_depth": 0.8421577077960494, "r_mono": 1}, "density": 0.03217195976410188}