{"raw": {"cov_gene": 43.41215420196874, "r2_depth": 1.0, "r_mono": 1.0, "cov_cell": 0.7790291906231738}, "PF": {"cov_gene": 51.50679823854589, "r2_depth": 0, "r_mono": 1.0, "cov_cell": 2.6790871333019663e-14}, "sqrt": {"cov_gene": 4.893011278818828, "r2_depth": 0.8423861721230872, "r_mono": 1.0, "cov_cell": 0.5477589943674865}, "log1p": {"cov_gene": 2.412112869283714, "r2_depth": 0.8271795422360271, "r_mono": 1.0, "cov_cell": 0.5499248877773826}, "log1pCP10k": {"cov_gene": 1.885873134009001, "r2_depth": 0.29280273404758916, "r_mono": 1.0, "cov_cell": 0.20810347461553724}, "log1pCPM": {"cov_gene": 1.3821853606509205, "r2_depth": 0.6507451630196457, "r_mono": 1.0, "cov_cell": 0.36378687202097115}, "scalelog1pCP10k": {"cov_gene": 6.045665410595909e-14, "r2_depth": 0.15864384789709707, "r_mono": 0.40587892956834326, "cov_cell": null}, "sctransform": {"cov_gene": 0.8284397619864725, "r2_depth": 0.37330162282148605, "r_mono": 0.2674180843667846, "cov_cell": null}, "log1pPF": {"cov_gene": 2.1868766147465806, "r2_depth": 0.1955537517832453, "r_mono": 1.0, "cov_cell": 0.18089963836224865}, "PFlog1pPF": {"cov_gene": 2.7708814748769357, "r2_depth": 0, "r_mono": 1.0, "cov_cell": 2.2986680793475842e-14}, "ncells": 4297, "ngenes": 27696, "avg_per_cell": 5412.92, "avg_per_gene": 839.81, "min_cell": 1358.0, "max_cell": 52033.0, "overdispersion": 1.56, "total_count": 23259296, "nvals": 8360988, "sparsity": 0.07025466963570166}