{
  "ncells": 5203,
  "ngenes": 19183,
  "nvals": 3145054,
  "density": 0.031510678444918915,
  "total_counts": 7321379,
  "overdispersion": 1.22,
  "avg_per_cell": 1407.15,
  "avg_per_gene": 381.66,
  "max_cell": 17436,
  "min_cell": 391,
  "raw": {
    "cov_gene": 34.62574701828071,
    "r2_depth": 1,
    "r_mono": 1,
    "cov_cell": 1.1005525856252414
  },
  "PF": {
    "cov_gene": 33.28956903153521,
    "r2_depth": 0,
    "r_mono": 1,
    "cov_cell": 6.8226446148420944e-15
  },
  "sqrt": {
    "cov_gene": 4.755507223521765,
    "r2_depth": 0.9602434863017579,
    "r_mono": 1,
    "cov_cell": 0.7428220438637108
  },
  "log1p": {
    "cov_gene": 3.4943195289256366,
    "r2_depth": 0.9538893907877696,
    "r_mono": 1,
    "cov_cell": 0.7251814625373287
  },
  "log1pCP10k": {
    "cov_gene": 2.1804541824000685,
    "r2_depth": 0.6497735259235102,
    "r_mono": 1,
    "cov_cell": 0.28328984287102416
  },
  "log1pCPM": {
    "cov_gene": 1.8162794994407196,
    "r2_depth": 0.8576772744304371,
    "r_mono": 1,
    "cov_cell": 0.4877509948612396
  },
  "scalelog1pCP10k": {
    "cov_gene": 7.511146052139346e-14,
    "r2_depth": 0.6363753166767412,
    "r_mono": 0.26935875930408176,
    "cov_cell": null
  },
  "sctransform": {
    "cov_gene": 0.56877965563743,
    "r2_depth": 0.5523374851917284,
    "r_mono": 0.20196271511639075,
    "cov_cell": null
  },
  "log1pPF": {
    "cov_gene": 3.0355051772987336,
    "r2_depth": 0.3765964387640752,
    "r_mono": 1,
    "cov_cell": 0.14768136051560599
  },
  "PFlog1pPF": {
    "cov_gene": 3.331611686396652,
    "r2_depth": 0,
    "r_mono": 1,
    "cov_cell": 6.3490082810372106e-15
  }
}
