{"ncells": 737, "ngenes": 60623, "nvals": 1747117, "avg_per_cell": 11190.61736770692, "avg_per_gene": 136.04547778895798, "min_cell": 643, "max_cell": 199360, "total_count": 8247485, "overdispersion": 4.408041289771399, "raw": {"cov_gene": 129.8519668853899, "cov_cell": 1.4677185357614304, "r2_depth": 1.0, "r_mono": 1}, "PF": {"cov_gene": 170.61848752792002, "cov_cell": 3.5245007542807904e-14, "r2_depth": 0, "r_mono": 1}, "log1p": {"cov_gene": 3.9218013853168503, "cov_cell": 1.0565825725847855, "r2_depth": 0.8526142180311715, "r_mono": 1}, "log1pPF": {"cov_gene": 3.6705875809967927, "cov_cell": 0.5011794978978509, "r2_depth": 0.2641232303087704, "r_mono": 1}, "PFlog1pPF": {"cov_gene": 37.827114264072634, "cov_cell": 2.0529990314004124e-14, "r2_depth": 0, "r_mono": 1}, "log1pCPM": {"cov_gene": 2.2061007061565117, "cov_cell": 0.7392704825000563, "r2_depth": 0.6072892744789091, "r_mono": 1}, "log1pCP10k": {"cov_gene": 3.7837899252219125, "cov_cell": 0.49427088884503195, "r2_depth": 0.25290692580809704, "r_mono": 1}, "sqrt": {"cov_gene": 19.051374117415836, "cov_cell": 1.0641844238594098, "r2_depth": 0.8684663442499756, "r_mono": 1}, "density": 0.03910363023684134}