{"raw": {"cov_gene": 78.64370320628355, "r2_depth": 1.0, "r_mono": 1.0}, "PF": {"cov_gene": 103.27964000362866, "r2_depth": 0, "r_mono": 1.0}, "sqrt": {"cov_gene": 11.558710067462934, "r2_depth": 0.8672811302210318, "r_mono": 1.0}, "log1p": {"cov_gene": 2.2527757839222478, "r2_depth": 0.8512156303040659, "r_mono": 1.0}, "log1pCP10k": {"cov_gene": 2.1623736843496704, "r2_depth": 0.252792241563368, "r_mono": 1.0}, "log1pCPM": {"cov_gene": 1.0933046772560735, "r2_depth": 0.6048153684296858, "r_mono": 1.0}, "scalelog1pCP10k": {"cov_gene": 1.0873154700562102e-14, "r2_depth": 0.279056912796508, "r_mono": 0.43505996682672005}, "sctransform": {"cov_gene": 0.5657762459141772, "r2_depth": 0.22033535037881846, "r_mono": 0.3250414919657093}, "log1pPF": {"cov_gene": 2.090851693096664, "r2_depth": 0.26372311624984845, "r_mono": 1.0}, "PFlog1pPF": {"cov_gene": 22.934458986237644, "r2_depth": 0, "r_mono": 1.0}}