{"raw": {"cov_gene": 78.64370320628355, "r2_depth": 1.0, "r_mono": 1.0, "cov_cell": 1.4678377645335339}, "PF": {"cov_gene": 103.27964000362866, "r2_depth": 0, "r_mono": 1.0, "cov_cell": 3.578173562407361e-14}, "sqrt": {"cov_gene": 11.558710067462934, "r2_depth": 0.8672811302210318, "r_mono": 1.0, "cov_cell": 1.0625571949250525}, "log1p": {"cov_gene": 2.2527757839222478, "r2_depth": 0.8512156303040659, "r_mono": 1.0, "cov_cell": 1.054883991588064}, "log1pCP10k": {"cov_gene": 2.1623736843496704, "r2_depth": 0.252792241563368, "r_mono": 1.0, "cov_cell": 0.4943011166612434}, "log1pCPM": {"cov_gene": 1.0933046772560735, "r2_depth": 0.6048153684296858, "r_mono": 1.0, "cov_cell": 0.7378249138002442}, "scalelog1pCP10k": {"cov_gene": 1.0873154700562102e-14, "r2_depth": 0.279056912796508, "r_mono": 0.43505996682672005, "cov_cell": null}, "sctransform": {"cov_gene": 0.5657762459141772, "r2_depth": 0.22033535037881846, "r_mono": 0.3250414919657093, "cov_cell": null}, "log1pPF": {"cov_gene": 2.090851693096664, "r2_depth": 0.26372311624984845, "r_mono": 1.0, "cov_cell": 0.5010366029754267}, "PFlog1pPF": {"cov_gene": 22.934458986237644, "r2_depth": 0, "r_mono": 1.0, "cov_cell": 2.1625452272372794e-14}, "ncells": 737, "ngenes": 22238, "avg_per_cell": 11162.54, "avg_per_gene": 369.94, "min_cell": 640.0, "max_cell": 199037.0, "overdispersion": 4.41, "total_count": 8226789, "nvals": 1729918, "sparsity": 0.10555098824203879}