{
    "raw": {
        "cov_gene": 48.704377861911425,
        "r2_depth": 1.0,
        "r_mono": 1.0
    },
    "PF": {
        "cov_gene": 5.782269033015619,
        "r2_depth": 0,
        "r_mono": 1.0
    },
    "sqrt": {
        "cov_gene": 4.778018066136785,
        "r2_depth": 0.963028683745688,
        "r_mono": 1.0
    },
    "log1p": {
        "cov_gene": 3.8394455474179052,
        "r2_depth": 0.9656661880912818,
        "r_mono": 1.0
    },
    "log1pCP10k": {
        "cov_gene": 3.089857949876012,
        "r2_depth": 0.6440474943554559,
        "r_mono": 1.0
    },
    "log1pCPM": {
        "cov_gene": 2.9217764642488846,
        "r2_depth": 0.8057511449161023,
        "r_mono": 1.0
    },
    "scalelog1pCP10k": {
        "cov_gene": 2.1348142894485305e-13,
        "r2_depth": 0.7098635078919895,
        "r_mono": 0.09416055437052297
    },
    "sctransform": {
        "cov_gene": 0.5434640930152432,
        "r2_depth": 0.21731777604063884,
        "r_mono": 0.09206780575282224
    },
    "log1pPF": {
        "cov_gene": 3.887293858000245,
        "r2_depth": 0.1063834706306448,
        "r_mono": 1.0
    },
    "PFlog1pPF": {
        "cov_gene": 4.088871143471796,
        "r2_depth": 0,
        "r_mono": 1.0
    },
    "ncells": 14264,
    "ngenes": 10752,
    "avg_per_cell": 50.37,
    "avg_per_gene": 66.83,
    "min_cell": 13.0,
    "max_cell": 7038.0,
    "overdispersion": 48.29
}