{"ncells": 2393, "ngenes": 60623, "nvals": 7656934, "avg_per_cell": 15548.928959465107, "avg_per_gene": 613.7701367467793, "min_cell": 309, "max_cell": 43953, "total_count": 37208587, "overdispersion": 0.26181477952832866, "raw": {"cov_gene": 62.42352189250149, "cov_cell": 0.48505404980428835, "r2_depth": 1.0, "r_mono": 1}, "PF": {"cov_gene": 128.84639956299054, "cov_cell": 3.5950308534018054e-14, "r2_depth": 0, "r_mono": 1}, "log1p": {"cov_gene": 3.2024930555635214, "cov_cell": 0.39535475824511657, "r2_depth": 0.969936480167126, "r_mono": 1}, "log1pPF": {"cov_gene": 2.799142788584791, "cov_cell": 0.18827731743521728, "r2_depth": 0.6659573823672851, "r_mono": 1}, "PFlog1pPF": {"cov_gene": 4.135004948647175, "cov_cell": 3.177422668270089e-14, "r2_depth": 0, "r_mono": 1}, "log1pCPM": {"cov_gene": 2.1301769708555063, "cov_cell": 0.29367904731701644, "r2_depth": 0.8879583577774375, "r_mono": 1}, "log1pCP10k": {"cov_gene": 3.08884715956889, "cov_cell": 0.17130169592729177, "r2_depth": 0.6228584056631183, "r_mono": 1}, "sqrt": {"cov_gene": 6.854042097647376, "cov_cell": 0.39863713874634066, "r2_depth": 0.9752098994396197, "r_mono": 1}, "density": 0.05278065566298958}