{
    "raw": {
        "cov_gene": 40.66235728115224,
        "r2_depth": 1.0,
        "r_mono": 1.0
    },
    "PF": {
        "cov_gene": 83.99447187117302,
        "r2_depth": 0,
        "r_mono": 1.0
    },
    "sqrt": {
        "cov_gene": 4.4076093722629945,
        "r2_depth": 0.97517643859519,
        "r_mono": 1.0
    },
    "log1p": {
        "cov_gene": 1.9476554296747195,
        "r2_depth": 0.9698926592782974,
        "r_mono": 1.0
    },
    "log1pCP10k": {
        "cov_gene": 1.8678068716564733,
        "r2_depth": 0.6229512587788376,
        "r_mono": 1.0
    },
    "log1pCPM": {
        "cov_gene": 1.1680311064113422,
        "r2_depth": 0.887798688889301,
        "r_mono": 1.0
    },
    "scalelog1pCP10k": {
        "cov_gene": 3.3042493091919174e-14,
        "r2_depth": 0.5687918589731858,
        "r_mono": 0.4721691891129101
    },
    "sctransform": {
        "cov_gene": 0.42171210806006343,
        "r2_depth": 0.5269759548621373,
        "r_mono": 0.2900111074694159
    },
    "log1pPF": {
        "cov_gene": 1.6626684066851263,
        "r2_depth": 0.665952231727996,
        "r_mono": 1.0
    },
    "PFlog1pPF": {
        "cov_gene": 2.589589922639317,
        "r2_depth": 0,
        "r_mono": 1.0
    },
    "ncells": 2393,
    "ngenes": 25730,
    "avg_per_cell": 15542.74,
    "avg_per_gene": 1445.54,
    "min_cell": 309.0,
    "max_cell": 43943.0,
    "overdispersion": 0.26
}