{"ncells": 5385, "ngenes": 60623, "nvals": 597844, "avg_per_cell": 200.22581244196843, "avg_per_gene": 17.785592926776967, "min_cell": 1, "max_cell": 2059, "total_count": 1078216, "overdispersion": 3.7465137062338028, "raw": {"cov_gene": 126.18929785220807, "cov_cell": 0.7050415131215265, "r2_depth": 1.0, "r_mono": 1}, "PF": {"cov_gene": 137.23369539901512, "cov_cell": 2.28033383125658e-15, "r2_depth": 0, "r_mono": 1}, "log1p": {"cov_gene": 13.455385744805174, "cov_cell": 0.561129529325551, "r2_depth": 0.5841041252063377, "r_mono": 1}, "log1pPF": {"cov_gene": 12.70758987012559, "cov_cell": 0.28972211949281396, "r2_depth": 0.017577139022129096, "r_mono": 1}, "PFlog1pPF": {"cov_gene": 72.92562462182133, "cov_cell": 1.6284858105785233e-15, "r2_depth": 0, "r_mono": 1}, "log1pCPM": {"cov_gene": 5.413013612306496, "cov_cell": 0.4768562193772334, "r2_depth": 0.4283873864338077, "r_mono": 1}, "log1pCP10k": {"cov_gene": 5.955222577059627, "cov_cell": 0.4127787394900151, "r2_depth": 0.3057835708928245, "r_mono": 1}, "sqrt": {"cov_gene": 25.019591725272903, "cov_cell": 0.5536107605241878, "r2_depth": 0.6199910554602327, "r_mono": 1}, "density": 0.001831322128751922}