{
    "raw": {
        "cov_gene": 58.64521471893952,
        "r2_depth": 1.0,
        "r_mono": 1.0
    },
    "PF": {
        "cov_gene": 63.769414959593206,
        "r2_depth": 0,
        "r_mono": 1.0
    },
    "sqrt": {
        "cov_gene": 11.910251598155616,
        "r2_depth": 0.6127160191245058,
        "r_mono": 1.0
    },
    "log1p": {
        "cov_gene": 6.374894333816251,
        "r2_depth": 0.5753886205785104,
        "r_mono": 1.0
    },
    "log1pCP10k": {
        "cov_gene": 2.7340385330246506,
        "r2_depth": 0.29552235996473264,
        "r_mono": 1.0
    },
    "log1pCPM": {
        "cov_gene": 2.464221839742801,
        "r2_depth": 0.4170498044315072,
        "r_mono": 1.0
    },
    "scalelog1pCP10k": {
        "cov_gene": 8.101804724802413e-14,
        "r2_depth": 0.3171109479599731,
        "r_mono": 0.14841562493619576
    },
    "sctransform": {
        "cov_gene": 0.5241365239745969,
        "r2_depth": 0.08709092519381434,
        "r_mono": 0.13314633886502772
    },
    "log1pPF": {
        "cov_gene": 5.9980185093087375,
        "r2_depth": 0.015017780843037176,
        "r_mono": 1.0
    },
    "PFlog1pPF": {
        "cov_gene": 33.57182185942217,
        "r2_depth": 0,
        "r_mono": 1.0
    },
    "ncells": "5385",
    "ngenes": 13081,
    "avg_per_cell": "196.2",
    "avg_per_gene": "80.77",
    "min_cell": "1",
    "max_cell": "2038",
    "overdispersion": "3.75"
}