{"raw": {"cov_gene": 20.87680268606951, "r2_depth": 1.0, "r_mono": 1.0, "cov_cell": 0.669556313869968}, "PF": {"cov_gene": 30.596496317633175, "r2_depth": 0, "r_mono": 1.0, "cov_cell": 4.4827577587684105e-15}, "sqrt": {"cov_gene": 1.88811306812177, "r2_depth": 0.9761788428284783, "r_mono": 1.0, "cov_cell": 0.5810776819809311}, "log1p": {"cov_gene": 1.538570580893994, "r2_depth": 0.9740847173422467, "r_mono": 1.0, "cov_cell": 0.5863976992998454}, "log1pCP10k": {"cov_gene": 0.9659663870977997, "r2_depth": 0.853859428542842, "r_mono": 1.0, "cov_cell": 0.36641532182458797}, "log1pCPM": {"cov_gene": 0.7783320078094482, "r2_depth": 0.9152020926721343, "r_mono": 1.0, "cov_cell": 0.45615442463516753}, "scalelog1pCP10k": {"cov_gene": 1.96557225936822e-15, "r2_depth": 0.8584050225846191, "r_mono": 0.4966713883341196, "cov_cell": null}, "sctransform": {"cov_gene": 0.44269089347473856, "r2_depth": 0.21143889538823402, "r_mono": 0.4055414674733168, "cov_cell": null}, "log1pPF": {"cov_gene": 1.460220826128955, "r2_depth": 0.7187760705998487, "r_mono": 1.0, "cov_cell": 0.2433058562189385}, "PFlog1pPF": {"cov_gene": 1.9614668295691442, "r2_depth": 0, "r_mono": 1.0, "cov_cell": 3.668743331036084e-15}, "ncells": 137, "ngenes": 3378, "avg_per_cell": 909.23, "avg_per_gene": 36.88, "min_cell": 158.0, "max_cell": 3641.0, "overdispersion": 0.34, "total_count": 124564, "nvals": 47872, "density": 0.10344306007528317}