{"ncells": 137, "ngenes": 60623, "nvals": 66143, "avg_per_cell": 1086.153284671533, "avg_per_gene": 2.4545634495158604, "min_cell": 191, "max_cell": 4557, "total_count": 148803, "overdispersion": 0.3405593195367774, "raw": {"cov_gene": 84.46831202935081, "cov_cell": 0.6678525341161339, "r2_depth": 1.0, "r_mono": 1}, "PF": {"cov_gene": 127.60974635783549, "cov_cell": 5.664180442919939e-15, "r2_depth": 0, "r_mono": 1}, "log1p": {"cov_gene": 5.924290666697743, "cov_cell": 0.5944945344507446, "r2_depth": 0.9801097697340844, "r_mono": 1}, "log1pPF": {"cov_gene": 5.65362966664668, "cov_cell": 0.23198558696318744, "r2_depth": 0.7287372274480574, "r_mono": 1}, "PFlog1pPF": {"cov_gene": 7.032872933375513, "cov_cell": 5.624107158936218e-15, "r2_depth": 0, "r_mono": 1}, "log1pCPM": {"cov_gene": 3.6438860172099474, "cov_cell": 0.46828918995342494, "r2_depth": 0.9305576417334556, "r_mono": 1}, "log1pCP10k": {"cov_gene": 4.195351423269821, "cov_cell": 0.3608679824721644, "r2_depth": 0.8638244602686539, "r_mono": 1}, "sqrt": {"cov_gene": 6.861643563644512, "cov_cell": 0.5897121602211294, "r2_depth": 0.980902106491687, "r_mono": 1}, "density": 0.007963901826665724}