{
    "raw": {
        "cov_gene": 58.22002567552782,
        "r2_depth": 1.0,
        "r_mono": 1.0
    },
    "PF": {
        "cov_gene": 49.76361371210023,
        "r2_depth": 0,
        "r_mono": 1.0
    },
    "sqrt": {
        "cov_gene": 8.420853694728313,
        "r2_depth": 0.9622089188595725,
        "r_mono": 1.0
    },
    "log1p": {
        "cov_gene": 2.3861062400631483,
        "r2_depth": 0.9587001657301111,
        "r_mono": 1.0
    },
    "log1pCP10k": {
        "cov_gene": 1.8645053483354503,
        "r2_depth": 0.5971501870119811,
        "r_mono": 1.0
    },
    "log1pCPM": {
        "cov_gene": 1.271274723082681,
        "r2_depth": 0.8653172715222222,
        "r_mono": 1.0
    },
    "scalelog1pCP10k": {
        "cov_gene": 4.1634305329440894e-14,
        "r2_depth": 0.6456145388328685,
        "r_mono": 0.38679953789971705
    },
    "sctransform": {
        "cov_gene": 0.4956683008497184,
        "r2_depth": 0.19406917945770352,
        "r_mono": 0.31465711792247814
    },
    "log1pPF": {
        "cov_gene": 2.3130080057746354,
        "r2_depth": 0.486809152936966,
        "r_mono": 1.0
    },
    "PFlog1pPF": {
        "cov_gene": 8.528916377497918,
        "r2_depth": 0,
        "r_mono": 1.0
    },
    "ncells": 2914,
    "ngenes": 23723,
    "avg_per_cell": 4656.41,
    "avg_per_gene": 571.97,
    "min_cell": 514.0,
    "max_cell": 59822.0,
    "overdispersion": 1.22
}