{"ncells": 2914, "ngenes": 60623, "nvals": 4621526, "avg_per_cell": 4662.512010981469, "avg_per_gene": 224.11559968988666, "min_cell": 514, "max_cell": 60558, "total_count": 13586560, "overdispersion": 1.2227641116213315, "raw": {"cov_gene": 93.07524456122036, "cov_cell": 0.9978559638749285, "r2_depth": 1.0, "r_mono": 1}, "PF": {"cov_gene": 79.57573963129387, "cov_cell": 2.7173915510219647e-14, "r2_depth": 0, "r_mono": 1}, "log1p": {"cov_gene": 4.001984169537436, "cov_cell": 0.8593153825476286, "r2_depth": 0.9593151080056206, "r_mono": 1}, "log1pPF": {"cov_gene": 3.8922181161059997, "cov_cell": 0.32284896717150546, "r2_depth": 0.4872460097086825, "r_mono": 1}, "PFlog1pPF": {"cov_gene": 13.69085224481261, "cov_cell": 1.813571511035458e-14, "r2_depth": 0, "r_mono": 1}, "log1pCPM": {"cov_gene": 2.3741925491452327, "cov_cell": 0.6208385560627391, "r2_depth": 0.8667861123519386, "r_mono": 1}, "log1pCP10k": {"cov_gene": 3.2222729292231542, "cov_cell": 0.3787602097146462, "r2_depth": 0.5974657539308281, "r_mono": 1}, "sqrt": {"cov_gene": 13.486813550583946, "cov_cell": 0.8471014951504772, "r2_depth": 0.9628109238909179, "r_mono": 1}, "density": 0.02616124627072018}