{
  "ncells": 5000,
  "ngenes": 25331,
  "nvals": 6120356,
  "density": 0.048323050807311196,
  "total_counts": 25855917,
  "overdispersion": 4.608443348415835,
  "avg_per_cell": 5171.1834,
  "avg_per_gene": 1020.722316529154,
  "max_cell": 63398,
  "min_cell": 1589,
  "raw": {
    "cov_gene": 117.05106965887173,
    "cov_cell": 0.9610861281118053,
    "r2_depth": 1,
    "r_mono": 1
  },
  "PF": {
    "cov_gene": 115.84183076073319,
    "cov_cell": 1.52596040560446e-14,
    "r2_depth": 0,
    "r_mono": 1
  },
  "sqrt": {
    "cov_gene": 32.38582581799583,
    "cov_cell": 0.8124894274059191,
    "r2_depth": 0.6155190421929917,
    "r_mono": 1
  },
  "log1p": {
    "cov_gene": 3.3940328148707546,
    "cov_cell": 0.8188714556731554,
    "r2_depth": 0.5862892738623964,
    "r_mono": 1
  },
  "log1pCP10k": {
    "cov_gene": 2.3658184506354663,
    "cov_cell": 0.41611574202306695,
    "r2_depth": 0.01994854431730675,
    "r_mono": 1
  },
  "log1pCPM": {
    "cov_gene": 1.493646911479663,
    "cov_cell": 0.5652155721608578,
    "r2_depth": 0.31341979370678774,
    "r_mono": 1
  },
  "scalelog1pCP10k": {
    "cov_gene": 7.052091991428078e-14,
    "cov_cell": null,
    "r2_depth": 0.041218026191399915,
    "r_mono": 0.32619422271721177
  },
  "sctransform": {
    "cov_gene": 2.0173962272887884,
    "cov_cell": null,
    "r2_depth": 0.08497540173814999,
    "r_mono": 0.27097431393745197
  },
  "log1pPF": {
    "cov_gene": 3.06349163633704,
    "cov_cell": 0.4030813766828294,
    "r2_depth": 0.0023368350500806434,
    "r_mono": 1
  },
  "PFlog1pPF": {
    "cov_gene": 27.735861641150528,
    "cov_cell": 1.2777362915080212e-14,
    "r2_depth": 0,
    "r_mono": 1
  }
}
