{"ncells": 7294, "ngenes": 60623, "nvals": 496019, "density": 0.001121747549158036, "avg_per_cell": 111.15533315053469, "avg_per_gene": 13.373917490061528, "min_cell": 0, "max_cell": 740, "total_count": 810767, "overdispersion": 1.126311491211958, "log1pCP10k": {"cov_gene": 8.559839995163657, "cov_cell": 0.39919093166956465, "r2_depth": 0.8304151256030745, "r_mono": 1}, "log1pPF": {"cov_gene": 17.025986043135042, "cov_cell": 0.18921020805535552, "r2_depth": 0.43452631277760767, "r_mono": 1}, "log1p": {"cov_gene": 17.202697110481417, "cov_cell": 0.5296473205869229, "r2_depth": 0.9354314267984722, "r_mono": 1}, "log1pCPM": {"cov_gene": 7.895781001208443, "cov_cell": 0.462967339863781, "r2_depth": 0.8688521682653516, "r_mono": 1}, "PFlog1pPF": {"cov_gene": 41.85190385212869, "cov_cell": 0.023424278964210222, "r2_depth": 0.00164659391622346, "r_mono": 1}, "PF": {"cov_gene": 80.49563153156093, "cov_cell": 0.02342427896421021, "r2_depth": 0.001646593916223571, "r_mono": 1}, "sqrt": {"cov_gene": 17.1652808384782, "cov_cell": 0.5321684839072313, "r2_depth": 0.9377345652741873, "r_mono": 1}, "raw": {"cov_gene": 92.68393446469562, "cov_cell": 0.5772620113899697, "r2_depth": 1, "r_mono": 1}}