{"raw": {"cov_gene": 59.71752234891881, "r2_depth": 1.0, "r_mono": 1.0, "cov_cell": 0.7503319321676158}, "PF": {"cov_gene": 39.87069192661519, "r2_depth": 0, "r_mono": 1.0, "cov_cell": 9.40199902734702e-15}, "sqrt": {"cov_gene": 6.154944962476139, "r2_depth": 0.9422924739438393, "r_mono": 1.0, "cov_cell": 0.5922702724673344}, "log1p": {"cov_gene": 3.524155364012523, "r2_depth": 0.9369135662615224, "r_mono": 1.0, "cov_cell": 0.5919257282574804}, "log1pCP10k": {"cov_gene": 2.242468965992095, "r2_depth": 0.7063301111333253, "r_mono": 1.0, "cov_cell": 0.3029167431904581}, "log1pCPM": {"cov_gene": 1.9129370321455317, "r2_depth": 0.8618177407685949, "r_mono": 1.0, "cov_cell": 0.44405033804432065}, "scalelog1pCP10k": {"cov_gene": 1.4267017338853634e-13, "r2_depth": 0.521115040493542, "r_mono": 0.28080342059273083, "cov_cell": null}, "sctransform": {"cov_gene": 0.5672846583041455, "r2_depth": 0.26617862849662954, "r_mono": 0.20846996489276015, "cov_cell": null}, "log1pPF": {"cov_gene": 3.052862019788686, "r2_depth": 0.4395756113685644, "r_mono": 1.0, "cov_cell": 0.19186664263801567}, "PFlog1pPF": {"cov_gene": 4.048280762033129, "r2_depth": 0, "r_mono": 1.0, "cov_cell": 7.0601921363051606e-15}, "ncells": 9811, "ngenes": 19937, "avg_per_cell": 1553.0, "avg_per_gene": 764.23, "min_cell": 455.0, "max_cell": 11114.0, "overdispersion": 1.27, "total_count": 15236461, "nvals": 6496608, "sparsity": 0.03321341851743807}