{
  "ncells": 8802,
  "ngenes": 18978,
  "nvals": 1416900,
  "density": 0.008482178230553326,
  "total_counts": 2297644,
  "overdispersion": null,
  "avg_per_cell": 261.0365825948648,
  "avg_per_gene": 121.06881652439667,
  "max_cell": 3448,
  "min_cell": 1,
  "raw": {
    "cov_gene": 101.37037107901578,
    "r2_depth": 1,
    "r_mono": 1,
    "cov_cell": 0.6989090121612905
  },
  "PF": {
    "cov_gene": 72.12927059945338,
    "r2_depth": 0,
    "r_mono": 1,
    "cov_cell": 1.6614934247821344e-15
  },
  "sqrt": {
    "cov_gene": 8.548775218719976,
    "r2_depth": 0.903103391583041,
    "r_mono": 1,
    "cov_cell": 0.5953013902353669
  },
  "log1p": {
    "cov_gene": 5.746314503979851,
    "r2_depth": 0.897394681798424,
    "r_mono": 1
  },
  "log1pCP10k": {
    "cov_gene": 2.861579005983608,
    "r2_depth": 0.7078993594491514,
    "r_mono": 1,
    "cov_cell": 0.37530678889981534
  },
  "log1pCPM": {
    "cov_gene": 2.5560425415219314,
    "r2_depth": 0.806144629330249,
    "r_mono": 1,
    "cov_cell": 0.4728962086433099
  },
  "scalelog1pCP10k": {
    "cov_gene": 1.305905897107851e-13,
    "r2_depth": 0.7434721094541709,
    "r_mono": 0.15126579456197178,
    "cov_cell": null
  },
  "sctransform": {
    "cov_gene": null,
    "r2_depth": null,
    "r_mono": null,
    "cov_cell": null
  },
  "log1pPF": {
    "cov_gene": 5.642130459652324,
    "r2_depth": 0.24465302354600704,
    "r_mono": 1,
    "cov_cell": 0.1921673531891409
  },
  "PFlog1pPF": {
    "cov_gene": 40.107345123401586,
    "r2_depth": 0,
    "r_mono": 1,
    "cov_cell": 2.037869439400145e-15
  }
}
