{
  "ncells": 6345,
  "ngenes": 60623,
  "nvals": 12217315,
  "density": 0.03176191805217865,
  "total_counts": 33306101,
  "overdispersion": 1.1157942872484283,
  "avg_per_cell": 5249.188494877857,
  "avg_per_gene": 549.3971100077529,
  "max_cell": 71174,
  "min_cell": 68,
  "raw": {
    "cov_gene": 129.52079082080604,
    "cov_cell": 0.9931704826839829,
    "r2_depth": 1,
    "r_mono": 1
  },
  "PF": {
    "cov_gene": 80.07208201319081,
    "cov_cell": 2.349637640265123e-14,
    "r2_depth": 0,
    "r_mono": 1
  },
  "sqrt": {
    "cov_gene": 7.6106327192562055,
    "cov_cell": 0.8166738247485705,
    "r2_depth": 0.9407427454931956,
    "r_mono": 1
  },
  "log1p": {
    "cov_gene": 4.4196515902283116,
    "cov_cell": 0.8153295884543915,
    "r2_depth": 0.9370644374606316,
    "r_mono": 1
  },
  "log1pCP10k": {
    "cov_gene": 3.643160327199754,
    "cov_cell": 0.5051714095709738,
    "r2_depth": 0.557618143293154,
    "r_mono": 1
  },
  "log1pCPM": {
    "cov_gene": 2.411262209678098,
    "cov_cell": 0.6575241116678713,
    "r2_depth": 0.8098636434994226,
    "r_mono": 1
  },
  "log1pPF": {
    "cov_gene": 4.3306192098719745,
    "cov_cell": 0.46863383774227235,
    "r2_depth": 0.5011742727658284,
    "r_mono": 1
  },
  "PFlog1pPF": {
    "cov_gene": 14.174921354482818,
    "cov_cell": 2.4239637633199522e-14,
    "r2_depth": 0,
    "r_mono": 1
  }
}
