{"ncells": 6319, "ngenes": 20744, "nvals": 2973765, "density": 0.02268641051995381, "avg_per_cell": 2455.0909954106664, "avg_per_gene": 747.8654068646356, "min_cell": 1046, "max_cell": 63304, "total_count": 15513720, "overdispersion": 0.4130005288591967, "sctransform": {"cov_gene": 2.9100680873160734, "cov_cell": null, "r2_depth": 0.3226474420640313, "r_mono": 0.16178989400776514}, "scalelog1pCP10k": {"cov_gene": 9.236627387247886e-14, "cov_cell": null, "r2_depth": 0.4991768792510506, "r_mono": 0.1995664391747218}, "raw": {"cov_gene": 75.85776226879872, "cov_cell": 1.2312081335412346, "r2_depth": 1, "r_mono": 1}, "PF": {"cov_gene": 42.640947368475764, "cov_cell": 1.0165436440009116e-14, "r2_depth": 0, "r_mono": 1}, "log1p": {"cov_gene": 4.466575971621685, "cov_cell": 1.4715764456621783, "r2_depth": 0.8172864472517072, "r_mono": 1}, "sqrt": {"cov_gene": 8.89446069925067, "cov_cell": 1.4126594859627186, "r2_depth": 0.8332159954192113, "r_mono": 1}, "log1pPF": {"cov_gene": 5.3335217643250505, "cov_cell": 0.7919034957442217, "r2_depth": 0.4036452846448306, "r_mono": 1}, "PFlog1pPF": {"cov_gene": 16.81180127389694, "cov_cell": 8.46125007335519e-15, "r2_depth": 0, "r_mono": 1}, "log1pCPM": {"cov_gene": 2.137719382055604, "cov_cell": 1.2806093044937612, "r2_depth": 0.6739381820074408, "r_mono": 1}, "log1pCP10k": {"cov_gene": 3.6380299417678477, "cov_cell": 0.9594505038849469, "r2_depth": 0.4853395072849084, "r_mono": 1}}