{"ncells": 5101, "ngenes": 60623, "nvals": 7543417, "avg_per_cell": 7064.9049206038035, "avg_per_gene": 594.4621678240932, "min_cell": 429, "max_cell": 66298, "total_count": 36038080, "overdispersion": 11.09375128168953, "raw": {"cov_gene": 142.03620049030846, "cov_cell": 0.9865434625001346, "r2_depth": 1.0, "r_mono": 1}, "PF": {"cov_gene": 85.32877403336725, "cov_cell": 2.335727281099608e-14, "r2_depth": 0, "r_mono": 1}, "log1p": {"cov_gene": 5.306199454420845, "cov_cell": 0.8434492927132764, "r2_depth": 0.7945210555397317, "r_mono": 1}, "log1pPF": {"cov_gene": 4.76237466390036, "cov_cell": 0.40904460375385254, "r2_depth": 0.3802431929998711, "r_mono": 1}, "PFlog1pPF": {"cov_gene": 12.365109903361503, "cov_cell": 1.7004145586032654e-14, "r2_depth": 0, "r_mono": 1}, "log1pCPM": {"cov_gene": 2.802326526109816, "cov_cell": 0.6434692086383582, "r2_depth": 0.6921270319398769, "r_mono": 1}, "log1pCP10k": {"cov_gene": 4.345485979373004, "cov_cell": 0.43086187057706116, "r2_depth": 0.4177674850612515, "r_mono": 1}, "sqrt": {"cov_gene": 18.596797281998548, "cov_cell": 0.8442620486406348, "r2_depth": 0.8100152426626631, "r_mono": 1}, "density": 0.02439357025431839}