{"raw": {"cov_gene": 89.27420868240985, "r2_depth": 1.0, "r_mono": 1.0, "cov_cell": 0.9866733178695983}, "PF": {"cov_gene": 53.62748350582438, "r2_depth": 0, "r_mono": 1.0, "cov_cell": 2.0133899907548304e-14}, "sqrt": {"cov_gene": 11.674612711356685, "r2_depth": 0.8098088949655498, "r_mono": 1.0, "cov_cell": 0.8443660507705769}, "log1p": {"cov_gene": 3.248042790490294, "r2_depth": 0.7942851866914054, "r_mono": 1.0, "cov_cell": 0.8435564892374365}, "log1pCP10k": {"cov_gene": 2.6239445448437526, "r2_depth": 0.41793050082060124, "r_mono": 1.0, "cov_cell": 0.43103235282385954}, "log1pCPM": {"cov_gene": 1.58671846958078, "r2_depth": 0.6918704606214232, "r_mono": 1.0, "cov_cell": 0.643512714658195}, "scalelog1pCP10k": {"cov_gene": 7.446776116262084e-14, "r2_depth": 0.40977993302644156, "r_mono": 0.34640763588085666, "cov_cell": null}, "sctransform": {"cov_gene": 0.6779839478278216, "r2_depth": 0.08974367747195844, "r_mono": 0.24693070478622858, "cov_cell": null}, "log1pPF": {"cov_gene": 2.89661239289924, "r2_depth": 0.38039598921600204, "r_mono": 1.0, "cov_cell": 0.40918754405902386}, "PFlog1pPF": {"cov_gene": 7.737881111951643, "r2_depth": 0, "r_mono": 1.0, "cov_cell": 1.2273918880013116e-14}, "ncells": 5101, "ngenes": 23951, "avg_per_cell": 7061.38, "avg_per_gene": 1503.91, "min_cell": 429.0, "max_cell": 66286.0, "overdispersion": 11.09, "total_count": 36020084, "nvals": 7526107, "sparsity": 0.061601517985189834}