{"raw": {"cov_gene": 89.27420868240985, "r2_depth": 1.0, "r_mono": 1.0}, "PF": {"cov_gene": 53.62748350582438, "r2_depth": 0, "r_mono": 1.0}, "sqrt": {"cov_gene": 11.674612711356685, "r2_depth": 0.8098088949655498, "r_mono": 1.0}, "log1p": {"cov_gene": 3.248042790490294, "r2_depth": 0.7942851866914054, "r_mono": 1.0}, "log1pCP10k": {"cov_gene": 2.6239445448437526, "r2_depth": 0.41793050082060124, "r_mono": 1.0}, "log1pCPM": {"cov_gene": 1.58671846958078, "r2_depth": 0.6918704606214232, "r_mono": 1.0}, "scalelog1pCP10k": {"cov_gene": 7.446776116262084e-14, "r2_depth": 0.40977993302644156, "r_mono": 0.34640763588085666}, "sctransform": {"cov_gene": 0.6779839478278216, "r2_depth": 0.08974367747195844, "r_mono": 0.24693070478622858}, "log1pPF": {"cov_gene": 2.89661239289924, "r2_depth": 0.38039598921600204, "r_mono": 1.0}, "PFlog1pPF": {"cov_gene": 7.737881111951643, "r2_depth": 0, "r_mono": 1.0}}