{
  "ncells": 1958,
  "ngenes": 60623,
  "nvals": 223040,
  "density": 0.0018790253742056624,
  "total_counts": 392834,
  "overdispersion": 10.46227215749443,
  "avg_per_cell": 200.63023493360572,
  "avg_per_gene": 6.4799498540158025,
  "max_cell": 7191,
  "min_cell": 63,
  "raw": {
    "cov_gene": 119.19584176588783,
    "cov_cell": 2.6941686535932496,
    "r2_depth": 1,
    "r_mono": 1
  },
  "PF": {
    "cov_gene": 27.073250883144432,
    "cov_cell": 1.8369409340156977e-15,
    "r2_depth": 0,
    "r_mono": 1
  },
  "sqrt": {
    "cov_gene": 11.25053874469412,
    "cov_cell": 1.7942430691010023,
    "r2_depth": 0.9746203342977265,
    "r_mono": 1
  },
  "log1p": {
    "cov_gene": 6.9668550977605115,
    "cov_cell": 1.8595612743672205,
    "r2_depth": 0.9748968097181401,
    "r_mono": 1
  },
  "log1pCP10k": {
    "cov_gene": 6.588432004181405,
    "cov_cell": 0.670421850373215,
    "r2_depth": 0.8096892949628155,
    "r_mono": 1
  },
  "log1pCPM": {
    "cov_gene": 5.940470218998481,
    "cov_cell": 1.009272659823044,
    "r2_depth": 0.893140024248852,
    "r_mono": 1
  },
  "log1pPF": {
    "cov_gene": 8.160324277619697,
    "cov_cell": 0.1810144040315482,
    "r2_depth": 0.3801664359630703,
    "r_mono": 1
  },
  "PFlog1pPF": {
    "cov_gene": 9.671271894396536,
    "cov_cell": 1.721247158064264e-15,
    "r2_depth": 0,
    "r_mono": 1
  }
}
