{"ncells": 27, "ngenes": 60623, "nvals": 6108, "avg_per_cell": 781.4444444444445, "avg_per_gene": 0.3480362238754268, "min_cell": 79, "max_cell": 7945, "total_count": 21099, "overdispersion": 8.523344283266294, "raw": {"cov_gene": 100.23146442537112, "cov_cell": 2.0266138027004157, "r2_depth": 1.0, "r_mono": 1}, "PF": {"cov_gene": 120.88158574380813, "cov_cell": 7.538643555137087e-15, "r2_depth": 0, "r_mono": 1}, "log1p": {"cov_gene": 9.172026684094288, "cov_cell": 1.6095127904586775, "r2_depth": 0.15829128299726436, "r_mono": 1}, "log1pPF": {"cov_gene": 11.416540440526974, "cov_cell": 0.87526560425617, "r2_depth": 0.06723810515196682, "r_mono": 1}, "PFlog1pPF": {"cov_gene": 32.47419839327339, "cov_cell": 6.082710124821315e-15, "r2_depth": 0, "r_mono": 1}, "log1pCPM": {"cov_gene": 4.797888224216977, "cov_cell": 1.5389587257079915, "r2_depth": 0.12550837923731617, "r_mono": 1}, "log1pCP10k": {"cov_gene": 6.3455135304156896, "cov_cell": 1.2984882563097127, "r2_depth": 0.10722768830479434, "r_mono": 1}, "sqrt": {"cov_gene": 38.670513960204, "cov_cell": 1.5658119618393833, "r2_depth": 0.21586192581004693, "r_mono": 1}, "density": 0.003731623677848708}