{
    "raw": {
        "cov_gene": 3.764160908536817,
        "r2_depth": 1.0,
        "r_mono": 1.0
    },
    "PF": {
        "cov_gene": 4.234763064980444,
        "r2_depth": 0,
        "r_mono": 1.0
    },
    "sqrt": {
        "cov_gene": 2.6075804583829445,
        "r2_depth": 0.620470966389151,
        "r_mono": 1.0
    },
    "log1p": {
        "cov_gene": 0.9793823376960329,
        "r2_depth": 0.12421806158691051,
        "r_mono": 1.0
    },
    "log1pCP10k": {
        "cov_gene": 0.39960449711715507,
        "r2_depth": 0.0013715899840789358,
        "r_mono": 1.0
    },
    "log1pCPM": {
        "cov_gene": 0.35168815379642687,
        "r2_depth": 7.460993619534673e-05,
        "r_mono": 1.0
    },
    "scalelog1pCP10k": {
        "cov_gene": 4.843546544544485e-16,
        "r2_depth": 0.0007831900706521955,
        "r_mono": 0.580788046947665
    },
    "sctransform": {
        "cov_gene": 0.7774561355223668,
        "r2_depth": 0.13740067957141944,
        "r_mono": 0.397444415646114
    },
    "log1pPF": {
        "cov_gene": 0.6210117178009231,
        "r2_depth": 0.007050487277842965,
        "r_mono": 1.0
    },
    "PFlog1pPF": {
        "cov_gene": 1.1565218775065675,
        "r2_depth": 0,
        "r_mono": 1.0
    },
    "ncells": 27,
    "ngenes": 91,
    "avg_per_cell": 493.78,
    "avg_per_gene": 146.51,
    "min_cell": 58.0,
    "max_cell": 7927.0,
    "overdispersion": 8.52
}