{"raw": {"cov_gene": 2.6495218232593256, "r2_depth": 1.0, "r_mono": 1.0, "cov_cell": 0.3976982658757762}, "PF": {"cov_gene": 2.1645418678899406, "r2_depth": 0, "r_mono": 1.0, "cov_cell": 3.437446398931567e-16}, "sqrt": {"cov_gene": 1.3490022055110273, "r2_depth": 0.7753917088287948, "r_mono": 1.0, "cov_cell": 0.2484197773530168}, "log1p": {"cov_gene": 1.3941834416261474, "r2_depth": 0.7235983210318242, "r_mono": 1.0, "cov_cell": 0.2379891532038258}, "log1pCP10k": {"cov_gene": 1.2241863060063354, "r2_depth": 0.157597807286058, "r_mono": 1.0, "cov_cell": 0.208542202268031}, "log1pCPM": {"cov_gene": 1.2079880376660581, "r2_depth": 0.17765107862231044, "r_mono": 1.0, "cov_cell": 0.22315316121401124}, "scalelog1pCP10k": {"cov_gene": 1.775952527395373e-14, "r2_depth": 0.09581660773218326, "r_mono": 0.5529026575284469, "cov_cell": null}, "sctransform": {"cov_gene": 0.6001380294504767, "r2_depth": 0.024324330518551984, "r_mono": 0.5297703221156035, "cov_cell": null}, "log1pPF": {"cov_gene": 1.3920248458706619, "r2_depth": 0.03536278360076173, "r_mono": 1.0, "cov_cell": 0.12305174065908325}, "PFlog1pPF": {"cov_gene": 1.405465606645111, "r2_depth": 0, "r_mono": 1.0, "cov_cell": 1.9392121894716465e-16}, "ncells": 1831, "ngenes": 23, "avg_per_cell": 21.4, "avg_per_gene": 1703.74, "min_cell": 11.0, "max_cell": 103.0, "overdispersion": 0.17, "total_count": 39186, "nvals": 9605, "sparsity": 0.2280768408804882}