{"ncells": 15841, "ngenes": 60623, "nvals": 3498952, "density": 0.003643493227507567, "avg_per_cell": 1359.7423773751657, "avg_per_gene": 355.3053956419181, "min_cell": 192, "max_cell": 62248, "total_count": 21539679, "overdispersion": 3.437080136178087, "raw": {"cov_gene": 75.27629684414543, "cov_cell": 2.106726669253189, "r2_depth": 1, "r_mono": 1}, "PF": {"cov_gene": 71.33093191847357, "cov_cell": 6.617662438139857e-15, "r2_depth": 0, "r_mono": 1}, "log1p": {"cov_gene": 9.56337710234881, "cov_cell": 2.151890426688253, "r2_depth": 0.6394629699627687, "r_mono": 1}, "sqrt": {"cov_gene": 34.85716759723318, "cov_cell": 2.0683601063531536, "r2_depth": 0.6958013905092746, "r_mono": 1}, "log1pPF": {"cov_gene": 9.437361953503043, "cov_cell": 0.7418500305033353, "r2_depth": 0.08003555596427592, "r_mono": 1}, "PFlog1pPF": {"cov_gene": 24.659026367950275, "cov_cell": 5.8526967427979465e-15, "r2_depth": 0, "r_mono": 1}, "log1pCPM": {"cov_gene": 4.976525490984524, "cov_cell": 1.6741790046896157, "r2_depth": 0.41577694602895976, "r_mono": 1}, "log1pCP10k": {"cov_gene": 6.989929529507216, "cov_cell": 1.1197378884431441, "r2_depth": 0.19441454477668774, "r_mono": 1}}