{
    "raw": {
        "cov_gene": 2.6495218232593256,
        "r2_depth": 1.0,
        "r_mono": 1.0
    },
    "PF": {
        "cov_gene": 2.1645418678899406,
        "r2_depth": 0,
        "r_mono": 1.0
    },
    "sqrt": {
        "cov_gene": 1.3490022055110273,
        "r2_depth": 0.7753917088287948,
        "r_mono": 1.0
    },
    "log1p": {
        "cov_gene": 1.3941834416261474,
        "r2_depth": 0.7235983210318242,
        "r_mono": 1.0
    },
    "log1pCP10k": {
        "cov_gene": 1.2241863060063354,
        "r2_depth": 0.157597807286058,
        "r_mono": 1.0
    },
    "log1pCPM": {
        "cov_gene": 1.2079880376660581,
        "r2_depth": 0.17765107862231044,
        "r_mono": 1.0
    },
    "scalelog1pCP10k": {
        "cov_gene": 1.775952527395373e-14,
        "r2_depth": 0.09581660773218326,
        "r_mono": 0.5529026575284469
    },
    "sctransform": {
        "cov_gene": 0.6001380294504767,
        "r2_depth": 0.024324330518551984,
        "r_mono": 0.5297703221156035
    },
    "log1pPF": {
        "cov_gene": 1.3920248458706619,
        "r2_depth": 0.03536278360076173,
        "r_mono": 1.0
    },
    "PFlog1pPF": {
        "cov_gene": 1.405465606645111,
        "r2_depth": 0,
        "r_mono": 1.0
    },
    "ncells": "1831",
    "ngenes": 23,
    "avg_per_cell": "21.4",
    "avg_per_gene": "1703.74",
    "min_cell": "11",
    "max_cell": "103",
    "overdispersion": "0.17"
}