{"ncells": 5523, "ngenes": 60623, "nvals": 3621694, "avg_per_cell": 2433.487597320297, "avg_per_gene": 221.70054269831581, "min_cell": 129, "max_cell": 44048, "total_count": 13440152, "overdispersion": 7.209166901053571, "raw": {"cov_gene": 154.23382178400817, "cov_cell": 1.4283562364489648, "r2_depth": 1.0, "r_mono": 1}, "PF": {"cov_gene": 82.16837743745184, "cov_cell": 1.0719099164915768e-14, "r2_depth": 0, "r_mono": 1}, "log1p": {"cov_gene": 6.776620480418878, "cov_cell": 1.1710743811598936, "r2_depth": 0.8609844183190574, "r_mono": 1}, "log1pPF": {"cov_gene": 6.52555747197054, "cov_cell": 0.45635525751024053, "r2_depth": 0.29186809400398583, "r_mono": 1}, "PFlog1pPF": {"cov_gene": 19.47479949273801, "cov_cell": 7.761185785571128e-15, "r2_depth": 0, "r_mono": 1}, "log1pCPM": {"cov_gene": 3.4311227437464105, "cov_cell": 0.8441670958402886, "r2_depth": 0.7257569343184054, "r_mono": 1}, "log1pCP10k": {"cov_gene": 4.736556929939967, "cov_cell": 0.5674194814104775, "r2_depth": 0.4488571068209568, "r_mono": 1}, "sqrt": {"cov_gene": 15.30695552135721, "cov_cell": 1.1693805907557826, "r2_depth": 0.8759230988246718, "r_mono": 1}, "density": 0.01081681211654846}