{"raw": {"cov_gene": 93.4190611890263, "r2_depth": 1.0, "r_mono": 1.0}, "PF": {"cov_gene": 49.73656496870809, "r2_depth": 0, "r_mono": 1.0}, "sqrt": {"cov_gene": 9.260570613539462, "r2_depth": 0.8755973452421754, "r_mono": 1.0}, "log1p": {"cov_gene": 4.039947560671617, "r2_depth": 0.8605904765453438, "r_mono": 1.0}, "log1pCP10k": {"cov_gene": 2.772846934039174, "r2_depth": 0.44889221854632566, "r_mono": 1.0}, "log1pCPM": {"cov_gene": 1.9353199895041782, "r2_depth": 0.7251277046535693, "r_mono": 1.0}, "scalelog1pCP10k": {"cov_gene": 8.061503694836658e-14, "r2_depth": 0.4379727965427127, "r_mono": 0.25089571953123063}, "sctransform": {"cov_gene": 0.6610350988661506, "r2_depth": 0.043695640277524816, "r_mono": 0.19906318836356254}, "log1pPF": {"cov_gene": 3.8904455000059337, "r2_depth": 0.2920543850807831, "r_mono": 1.0}, "PFlog1pPF": {"cov_gene": 11.844066042772956, "r2_depth": 0, "r_mono": 1.0}}