{"ncells": 4856, "ngenes": 60623, "nvals": 404352, "avg_per_cell": 136.48455518945633, "avg_per_gene": 10.932632829124259, "min_cell": 21, "max_cell": 2211, "total_count": 662769, "overdispersion": 4.697269975626865, "raw": {"cov_gene": 52.220116591184755, "cov_cell": 1.0082678900816668, "r2_depth": 1.0, "r_mono": 1}, "PF": {"cov_gene": 47.4656488953088, "cov_cell": 1.177827197186591e-15, "r2_depth": 0, "r_mono": 1}, "log1p": {"cov_gene": 10.965744782958762, "cov_cell": 1.0099600098221992, "r2_depth": 0.9509002155391513, "r_mono": 1}, "log1pPF": {"cov_gene": 12.05680638634965, "cov_cell": 0.3401042430509807, "r2_depth": 0.46671952312644416, "r_mono": 1}, "PFlog1pPF": {"cov_gene": 29.758994498306237, "cov_cell": 1.5101015660435657e-15, "r2_depth": 0, "r_mono": 1}, "log1pCPM": {"cov_gene": 5.367222539830735, "cov_cell": 0.850202441650085, "r2_depth": 0.902105423325253, "r_mono": 1}, "log1pCP10k": {"cov_gene": 5.954502236601652, "cov_cell": 0.7134289715475968, "r2_depth": 0.8417458712358421, "r_mono": 1}, "sqrt": {"cov_gene": 13.04063590597174, "cov_cell": 0.9997723801317696, "r2_depth": 0.9543875777252537, "r_mono": 1}, "density": 0.0013735469008899657}