{
    "raw": {
        "cov_gene": 20.714599350188834,
        "r2_depth": 1.0,
        "r_mono": 1.0
    },
    "PF": {
        "cov_gene": 18.698947998182064,
        "r2_depth": 0,
        "r_mono": 1.0
    },
    "sqrt": {
        "cov_gene": 5.239746251592231,
        "r2_depth": 0.9525190437845888,
        "r_mono": 1.0
    },
    "log1p": {
        "cov_gene": 4.378458229298425,
        "r2_depth": 0.9487286952192449,
        "r_mono": 1.0
    },
    "log1pCP10k": {
        "cov_gene": 2.2754272899230714,
        "r2_depth": 0.8383265705706925,
        "r_mono": 1.0
    },
    "log1pCPM": {
        "cov_gene": 2.021717313486606,
        "r2_depth": 0.8984941028387091,
        "r_mono": 1.0
    },
    "scalelog1pCP10k": {
        "cov_gene": 7.518615747090497e-14,
        "r2_depth": 0.8046438029935921,
        "r_mono": 0.1436774704567193
    },
    "sctransform": {
        "cov_gene": 0.6718413774424644,
        "r2_depth": 0.015153692021554255,
        "r_mono": 0.13607830574357066
    },
    "log1pPF": {
        "cov_gene": 4.817117320904696,
        "r2_depth": 0.462072491954476,
        "r_mono": 1.0
    },
    "PFlog1pPF": {
        "cov_gene": 11.661231260916539,
        "r2_depth": 0,
        "r_mono": 1.0
    },
    "ncells": "4856",
    "ngenes": 9513,
    "avg_per_cell": "132.93",
    "avg_per_gene": "67.85",
    "min_cell": "16",
    "max_cell": "2152",
    "overdispersion": "4.7"
}