{"raw": {"cov_gene": 84.86283949589237, "r2_depth": 1.0, "r_mono": 1.0}, "PF": {"cov_gene": 30.50008165524972, "r2_depth": 0, "r_mono": 1.0}, "sqrt": {"cov_gene": 7.278847054330996, "r2_depth": 0.8661154184418501, "r_mono": 1.0}, "log1p": {"cov_gene": 3.3899861846843, "r2_depth": 0.853673362312577, "r_mono": 1.0}, "log1pCP10k": {"cov_gene": 2.326859872816813, "r2_depth": 0.5763616677915695, "r_mono": 1.0}, "log1pCPM": {"cov_gene": 1.449054375949562, "r2_depth": 0.7109421276129313, "r_mono": 1.0}, "scalelog1pCP10k": {"cov_gene": 1.906633984061186e-14, "r2_depth": 0.5908657604315332, "r_mono": 0.32068625029696757}, "sctransform": {"cov_gene": 0.4253526526261409, "r2_depth": 0.648122760610869, "r_mono": 0.24066034558783114}, "log1pPF": {"cov_gene": 3.344453086788461, "r2_depth": 0.525257564332145, "r_mono": 1.0}, "PFlog1pPF": {"cov_gene": 5.910079142427953, "r2_depth": 0, "r_mono": 1.0}}