{
    "raw": {
        "cov_gene": 85.5067946582793,
        "r2_depth": 1.0,
        "r_mono": 1.0
    },
    "PF": {
        "cov_gene": 9.493468519368774,
        "r2_depth": 0,
        "r_mono": 1.0
    },
    "sqrt": {
        "cov_gene": 8.554009645427376,
        "r2_depth": 0.8725348268955233,
        "r_mono": 1.0
    },
    "log1p": {
        "cov_gene": 3.8448238420211274,
        "r2_depth": 0.8594943147782346,
        "r_mono": 1.0
    },
    "log1pCP10k": {
        "cov_gene": 4.310073865098279,
        "r2_depth": 0.6058796870910803,
        "r_mono": 1.0
    },
    "log1pCPM": {
        "cov_gene": 3.371499931749497,
        "r2_depth": 0.7554490668437804,
        "r_mono": 1.0
    },
    "scalelog1pCP10k": {
        "cov_gene": 2.0068863964504505e-13,
        "r2_depth": 0.5826498686524604,
        "r_mono": 0.14019425564468918
    },
    "sctransform": {
        "cov_gene": 0.852467565883493,
        "r2_depth": 0.4994553458433627,
        "r_mono": 0.12060517349810568
    },
    "log1pPF": {
        "cov_gene": 4.828323731410533,
        "r2_depth": 0.3682518433891926,
        "r_mono": 1.0
    },
    "PFlog1pPF": {
        "cov_gene": 4.984894712973894,
        "r2_depth": 0,
        "r_mono": 1.0
    },
    "ncells": 12126,
    "ngenes": 19621,
    "avg_per_cell": 646.01,
    "avg_per_gene": 399.24,
    "min_cell": 89.0,
    "max_cell": 94315.0,
    "overdispersion": 268.16
}