{"ncells": 12126, "ngenes": 60623, "nvals": 2590316, "avg_per_cell": 647.5142668645885, "avg_per_gene": 129.51780677300695, "min_cell": 92, "max_cell": 94417, "total_count": 7851758, "overdispersion": 268.16208578337825, "raw": {"cov_gene": 150.30588441315118, "cov_cell": 5.063444127600157, "r2_depth": 1.0, "r_mono": 1}, "PF": {"cov_gene": 16.73028275326905, "cov_cell": 5.9990090692431035e-15, "r2_depth": 0, "r_mono": 1}, "log1p": {"cov_gene": 6.889233148522989, "cov_cell": 3.523070957213561, "r2_depth": 0.860093630487371, "r_mono": 1}, "log1pPF": {"cov_gene": 8.590339898141595, "cov_cell": 0.2864212116962039, "r2_depth": 0.36891024390090954, "r_mono": 1}, "PFlog1pPF": {"cov_gene": 8.861491193448064, "cov_cell": 6.033445529497011e-15, "r2_depth": 0, "r_mono": 1}, "log1pCPM": {"cov_gene": 6.075209827441531, "cov_cell": 2.0196928197556643, "r2_depth": 0.7564819776878964, "r_mono": 1}, "log1pCP10k": {"cov_gene": 7.694039732665753, "cov_cell": 0.9272745566371012, "r2_depth": 0.6063341196710957, "r_mono": 1}, "sqrt": {"cov_gene": 15.066240641538343, "cov_cell": 3.54543524748322, "r2_depth": 0.8730192864969604, "r_mono": 1}, "density": 0.0035236905367087455}