{"raw": {"cov_gene": 85.5067946582793, "r2_depth": 1.0, "r_mono": 1.0, "cov_cell": 5.0643305136047845}, "PF": {"cov_gene": 9.493468519368774, "r2_depth": 0, "r_mono": 1.0, "cov_cell": 7.602714739628804e-15}, "sqrt": {"cov_gene": 8.554009645427376, "r2_depth": 0.8725348268955233, "r_mono": 1.0, "cov_cell": 3.5383027370886038}, "log1p": {"cov_gene": 3.8448238420211274, "r2_depth": 0.8594943147782346, "r_mono": 1.0, "cov_cell": 3.5159216706073275}, "log1pCP10k": {"cov_gene": 4.310073865098279, "r2_depth": 0.6058796870910803, "r_mono": 1.0, "cov_cell": 0.9248620438258284}, "log1pCPM": {"cov_gene": 3.371499931749497, "r2_depth": 0.7554490668437804, "r_mono": 1.0, "cov_cell": 2.010916790549891}, "scalelog1pCP10k": {"cov_gene": 2.0068863964504505e-13, "r2_depth": 0.5826498686524604, "r_mono": 0.14019425564468918, "cov_cell": null}, "sctransform": {"cov_gene": 0.852467565883493, "r2_depth": 0.4994553458433627, "r_mono": 0.12060517349810568, "cov_cell": null}, "log1pPF": {"cov_gene": 4.828323731410533, "r2_depth": 0.3682518433891926, "r_mono": 1.0, "cov_cell": 0.2859105130621522}, "PFlog1pPF": {"cov_gene": 4.984894712973894, "r2_depth": 0, "r_mono": 1.0, "cov_cell": 6.865182130011054e-15}, "ncells": 12126, "ngenes": 19621, "avg_per_cell": 646.01, "avg_per_gene": 399.24, "min_cell": 89.0, "max_cell": 94315.0, "overdispersion": 268.16, "total_count": 7833459, "nvals": 2573747, "sparsity": 0.010817506173792813}