{"raw": {"cov_gene": 89.2889711294852, "r2_depth": 1.0, "r_mono": 1.0}, "PF": {"cov_gene": 45.654742346302946, "r2_depth": 0, "r_mono": 1.0}, "sqrt": {"cov_gene": 3.435679368700337, "r2_depth": 0.902876805996877, "r_mono": 1.0}, "log1p": {"cov_gene": 2.4684522384325844, "r2_depth": 0.8839618213047109, "r_mono": 1.0}, "log1pCP10k": {"cov_gene": 1.8029138666547988, "r2_depth": 0.41351096013419575, "r_mono": 1.0}, "log1pCPM": {"cov_gene": 1.4869395584612035, "r2_depth": 0.7362235148636396, "r_mono": 1.0}, "scalelog1pCP10k": {"cov_gene": 7.086250616724537e-14, "r2_depth": 0.36769343758335793, "r_mono": 0.32890421663614866}, "sctransform": {"cov_gene": 0.6808661197524725, "r2_depth": 0.16000808657126042, "r_mono": 0.2660401319430881}, "log1pPF": {"cov_gene": 2.338537186789867, "r2_depth": 0.18756616080963573, "r_mono": 1.0}, "PFlog1pPF": {"cov_gene": 2.711554312285734, "r2_depth": 0, "r_mono": 1.0}}