{"ncells": 5055, "ngenes": 60623, "nvals": 5191581, "avg_per_cell": 3075.9788328387735, "avg_per_gene": 256.4880160995002, "min_cell": 559, "max_cell": 18879, "total_count": 15549073, "overdispersion": 0.20569573002431873, "raw": {"cov_gene": 149.20379853509053, "cov_cell": 0.44628169854280675, "r2_depth": 1.0, "r_mono": 1}, "PF": {"cov_gene": 76.24929707732144, "cov_cell": 1.2168575330842463e-14, "r2_depth": 0, "r_mono": 1}, "log1p": {"cov_gene": 4.324366787167417, "cov_cell": 0.32649623487026874, "r2_depth": 0.884162746236569, "r_mono": 1}, "log1pPF": {"cov_gene": 4.1184108963063215, "cov_cell": 0.10880370464446719, "r2_depth": 0.18797207066679933, "r_mono": 1}, "PFlog1pPF": {"cov_gene": 4.7154309379255395, "cov_cell": 1.2207455917366359e-14, "r2_depth": 0, "r_mono": 1}, "log1pCPM": {"cov_gene": 2.810348370573062, "cov_cell": 0.2446018560242124, "r2_depth": 0.7367611152566591, "r_mono": 1}, "log1pCP10k": {"cov_gene": 3.285355413507514, "cov_cell": 0.14452963568564225, "r2_depth": 0.41399602616274267, "r_mono": 1}, "sqrt": {"cov_gene": 5.878957528697227, "cov_cell": 0.3331720450944099, "r2_depth": 0.9030068220668496, "r_mono": 1}, "density": 0.016941078321724805}