{
  "ncells": 5555,
  "ngenes": 60623,
  "nvals": 8254813,
  "density": 0.02451239532016148,
  "total_counts": 32971581,
  "overdispersion": 1.6496345362271627,
  "avg_per_cell": 5935.478127812781,
  "avg_per_gene": 543.8790722992924,
  "max_cell": 69833,
  "min_cell": 98,
  "raw": {
    "cov_gene": 91.02861218976386,
    "cov_cell": 1.2352282907486838,
    "r2_depth": 1,
    "r_mono": 1
  },
  "PF": {
    "cov_gene": 48.18802855824543,
    "cov_cell": 2.3702517213937923e-14,
    "r2_depth": 0,
    "r_mono": 1
  },
  "sqrt": {
    "cov_gene": 12.760600485253924,
    "cov_cell": 1.040080325388288,
    "r2_depth": 0.9599137666730163,
    "r_mono": 1
  },
  "log1p": {
    "cov_gene": 5.941023741206976,
    "cov_cell": 1.0322130630754245,
    "r2_depth": 0.954684308871985,
    "r_mono": 1
  },
  "log1pCP10k": {
    "cov_gene": 5.2209334208927025,
    "cov_cell": 0.5888874946657916,
    "r2_depth": 0.6080135516794343,
    "r_mono": 1
  },
  "log1pCPM": {
    "cov_gene": 2.8387048614097856,
    "cov_cell": 0.8247148266421791,
    "r2_depth": 0.8537397804275744,
    "r_mono": 1
  },
  "log1pPF": {
    "cov_gene": 5.993892029248474,
    "cov_cell": 0.5420938770572475,
    "r2_depth": 0.5677066851203872,
    "r_mono": 1
  },
  "PFlog1pPF": {
    "cov_gene": 9.340629851177974,
    "cov_cell": 1.6964700168349585e-14,
    "r2_depth": 0,
    "r_mono": 1
  }
}
