{"ncells": 12785, "ngenes": 60623, "nvals": 16428207, "avg_per_cell": 5171.6577238951895, "avg_per_gene": 1090.6692839351401, "min_cell": 435, "max_cell": 55526, "total_count": 66119644, "overdispersion": 2.930572985046404, "raw": {"cov_gene": 87.19499459160846, "cov_cell": 1.561406086090373, "r2_depth": 1.0, "r_mono": 1}, "PF": {"cov_gene": 103.21445017585961, "cov_cell": 1.9929494267924754e-14, "r2_depth": 0, "r_mono": 1}, "log1p": {"cov_gene": 5.538016572870577, "cov_cell": 1.269317070976132, "r2_depth": 0.957441803026495, "r_mono": 1}, "log1pPF": {"cov_gene": 4.8639983647122165, "cov_cell": 0.39827449338873294, "r2_depth": 0.6825946160859281, "r_mono": 1}, "PFlog1pPF": {"cov_gene": 5.607546956908421, "cov_cell": 1.5199529837068385e-14, "r2_depth": 0, "r_mono": 1}, "log1pCPM": {"cov_gene": 2.989630150867234, "cov_cell": 0.9385399776656056, "r2_depth": 0.8850137987827946, "r_mono": 1}, "log1pCP10k": {"cov_gene": 4.489504141157018, "cov_cell": 0.5015365411110326, "r2_depth": 0.7311533969038935, "r_mono": 1}, "sqrt": {"cov_gene": 14.602655815240219, "cov_cell": 1.2816272739182035, "r2_depth": 0.9644393854609673, "r_mono": 1}, "density": 0.021195907226136006}