{"raw": {"cov_gene": 60.047006594024346, "r2_depth": 1.0, "r_mono": 1.0}, "PF": {"cov_gene": 71.12430692268661, "r2_depth": 0, "r_mono": 1.0}, "sqrt": {"cov_gene": 10.034407797628921, "r2_depth": 0.9644677694459036, "r_mono": 1.0}, "log1p": {"cov_gene": 3.7463603367906337, "r2_depth": 0.9574682663090129, "r_mono": 1.0}, "log1pCP10k": {"cov_gene": 3.0073174722740648, "r2_depth": 0.7312401721550463, "r_mono": 1.0}, "log1pCPM": {"cov_gene": 1.9293461188493755, "r2_depth": 0.8850599554692594, "r_mono": 1.0}, "scalelog1pCP10k": {"cov_gene": 1.9943169243711713e-13, "r2_depth": 0.6464564462874182, "r_mono": 0.2844677955910224}, "sctransform": {"cov_gene": 0.7926341196398101, "r2_depth": 0.5335580813600793, "r_mono": 0.1833753716817537}, "log1pPF": {"cov_gene": 3.2720561095983607, "r2_depth": 0.6826580644340514, "r_mono": 1.0}, "PFlog1pPF": {"cov_gene": 3.794494317801514, "r2_depth": 0, "r_mono": 1.0}}