{
  "ncells": 5273,
  "ngenes": 60623,
  "nvals": 6762616,
  "density": 0.021155316749503314,
  "total_counts": 14937647,
  "overdispersion": 0.3729798281900756,
  "avg_per_cell": 2832.855490233264,
  "avg_per_gene": 246.4023060554575,
  "max_cell": 45801,
  "min_cell": 1086,
  "raw": {
    "cov_gene": 62.228418980613995,
    "cov_cell": 0.8859014459706653,
    "r2_depth": 1,
    "r_mono": 1
  },
  "PF": {
    "cov_gene": 88.72011074834876,
    "cov_cell": 1.7894117232325217e-14,
    "r2_depth": 0,
    "r_mono": 1
  },
  "sqrt": {
    "cov_gene": 5.957359464234913,
    "cov_cell": 0.6776873724397897,
    "r2_depth": 0.9606466276824487,
    "r_mono": 1
  },
  "log1p": {
    "cov_gene": 3.907927719721933,
    "cov_cell": 0.6785498393678332,
    "r2_depth": 0.9585081902287287,
    "r_mono": 1
  },
  "log1pCP10k": {
    "cov_gene": 3.0073262658787905,
    "cov_cell": 0.24216147260486584,
    "r2_depth": 0.6499802304703615,
    "r_mono": 1
  },
  "log1pCPM": {
    "cov_gene": 2.566386232394437,
    "cov_cell": 0.4588347115298798,
    "r2_depth": 0.8539119608510097,
    "r_mono": 1
  },
  "log1pPF": {
    "cov_gene": 3.7219637064463464,
    "cov_cell": 0.1567472686805927,
    "r2_depth": 0.5223750558486573,
    "r_mono": 1
  },
  "PFlog1pPF": {
    "cov_gene": 4.136134948590086,
    "cov_cell": 1.3349153578838258e-14,
    "r2_depth": 0,
    "r_mono": 1
  }
}
