{
  "ncells": 1348,
  "ngenes": 8110,
  "nvals": 217828,
  "density": 0.019925212307039336,
  "total_counts": 552074,
  "overdispersion": 2.66,
  "avg_per_cell": 409.55,
  "avg_per_gene": 68.07,
  "max_cell": 2529,
  "min_cell": 2,
  "raw": {
    "cov_gene": 68.08992530699693,
    "r2_depth": 1,
    "r_mono": 1,
    "cov_cell": 0.6651031565310929
  },
  "PF": {
    "cov_gene": 53.3249963967603,
    "r2_depth": 0,
    "r_mono": 1,
    "cov_cell": 2.4995736187285825e-15
  },
  "sqrt": {
    "cov_gene": 12.135475064916335,
    "r2_depth": 0.5588968658014303,
    "r_mono": 1,
    "cov_cell": 0.4983549889086552
  },
  "log1p": {
    "cov_gene": 4.737374976828965,
    "r2_depth": 0.511666268640762,
    "r_mono": 1,
    "cov_cell": 0.5013012029138127
  },
  "log1pCP10k": {
    "cov_gene": 2.029335002818397,
    "r2_depth": 0.21800293481604616,
    "r_mono": 1,
    "cov_cell": 0.3699953737829001
  },
  "log1pCPM": {
    "cov_gene": 1.7669719048930879,
    "r2_depth": 0.36684694521291106,
    "r_mono": 1,
    "cov_cell": 0.4345853599159959
  },
  "scalelog1pCP10k": {
    "cov_gene": 2.060945418994751e-14,
    "r2_depth": 0.21716016529145954,
    "r_mono": 0.22870439548387286,
    "cov_cell": null
  },
  "sctransform": {
    "cov_gene": 0.513650654452446,
    "r2_depth": 0.12149735854404153,
    "r_mono": 0.20122025840025573,
    "cov_cell": null
  },
  "log1pPF": {
    "cov_gene": 4.229381828852307,
    "r2_depth": 0.003955919959659604,
    "r_mono": 1,
    "cov_cell": 0.28680657718564107
  },
  "PFlog1pPF": {
    "cov_gene": 30.91991932555799,
    "r2_depth": 0,
    "r_mono": 1,
    "cov_cell": 1.8441176601381498e-15
  }
}
