{
  "ncells": 7970,
  "ngenes": 60623,
  "nvals": 14522164,
  "density": 0.030056305159822008,
  "total_counts": 56456060,
  "overdispersion": 2.9276616653280136,
  "avg_per_cell": 7083.570890840652,
  "avg_per_gene": 931.2647015159263,
  "max_cell": 69435,
  "min_cell": 136,
  "raw": {
    "cov_gene": 133.1185023637402,
    "cov_cell": 1.0715273506996088,
    "r2_depth": 1,
    "r_mono": 1
  },
  "PF": {
    "cov_gene": 88.38445450425635,
    "cov_cell": 2.6607293980580467e-14,
    "r2_depth": 0,
    "r_mono": 1
  },
  "sqrt": {
    "cov_gene": 18.646281134787916,
    "cov_cell": 0.8446451944454312,
    "r2_depth": 0.9012477279471172,
    "r_mono": 1
  },
  "log1p": {
    "cov_gene": 5.021524929070635,
    "cov_cell": 0.8395730535107084,
    "r2_depth": 0.8917179503073944,
    "r_mono": 1
  },
  "log1pCP10k": {
    "cov_gene": 4.347524862304113,
    "cov_cell": 0.4725641220792208,
    "r2_depth": 0.48117251368645575,
    "r_mono": 1
  },
  "log1pCPM": {
    "cov_gene": 2.605962615610497,
    "cov_cell": 0.6668107466294708,
    "r2_depth": 0.7574516395243933,
    "r_mono": 1
  },
  "log1pPF": {
    "cov_gene": 4.758892620414349,
    "cov_cell": 0.4475151020420904,
    "r2_depth": 0.44663146575557866,
    "r_mono": 1
  },
  "PFlog1pPF": {
    "cov_gene": 8.697578461599006,
    "cov_cell": 2.2514262850814746e-14,
    "r2_depth": 0,
    "r_mono": 1
  }
}
