{"raw": {"cov_gene": 65.71349564067718, "r2_depth": 1.0, "r_mono": 1.0, "cov_cell": 1.3049644701576302}, "PF": {"cov_gene": 36.04725335198905, "r2_depth": 0, "r_mono": 1.0, "cov_cell": 2.277681218119184e-14}, "sqrt": {"cov_gene": 7.921768805507158, "r2_depth": 0.8733422535201548, "r_mono": 1.0, "cov_cell": 1.0040115532184086}, "log1p": {"cov_gene": 3.312876588312636, "r2_depth": 0.8557371483432246, "r_mono": 1.0, "cov_cell": 0.9936943899943084}, "log1pCP10k": {"cov_gene": 3.1016670993627535, "r2_depth": 0.4286833836219286, "r_mono": 1.0, "cov_cell": 0.6218094469958301}, "log1pCPM": {"cov_gene": 1.6158668630411965, "r2_depth": 0.6792860276701753, "r_mono": 1.0, "cov_cell": 0.8069995418184125}, "scalelog1pCP10k": {"cov_gene": 7.650436418175215e-14, "r2_depth": 0.4492498448164387, "r_mono": 0.342655451675987, "cov_cell": null}, "sctransform": {"cov_gene": 1.201193640336762, "r2_depth": 0.5514962761344642, "r_mono": 0.20036423432972247, "cov_cell": null}, "log1pPF": {"cov_gene": 3.551929598783283, "r2_depth": 0.3954958096030847, "r_mono": 1.0, "cov_cell": 0.5885191482108608}, "PFlog1pPF": {"cov_gene": 9.151441335033004, "r2_depth": 0, "r_mono": 1.0, "cov_cell": 1.5501190244336047e-14}, "ncells": 5193, "ngenes": 24954, "avg_per_cell": 6241.6, "avg_per_gene": 1298.9, "min_cell": 56.0, "max_cell": 82691.0, "overdispersion": 7.51, "total_count": 32412643, "nvals": 8167835, "sparsity": 0.06303016769033339}