{
  "ncells": 9939,
  "ngenes": 60623,
  "nvals": 5139873,
  "density": 0.008530456516154113,
  "total_counts": 13385843,
  "overdispersion": 8.698316710155387,
  "avg_per_cell": 1346.7997786497635,
  "avg_per_gene": 220.80469458786268,
  "max_cell": 53510,
  "min_cell": 82,
  "raw": {
    "cov_gene": 154.70341241424518,
    "cov_cell": 2.262218933465526,
    "r2_depth": 1,
    "r_mono": 1
  },
  "PF": {
    "cov_gene": 51.371594550648084,
    "cov_cell": 1.0381816521735961e-14,
    "r2_depth": 0,
    "r_mono": 1
  },
  "sqrt": {
    "cov_gene": 13.597585839065012,
    "cov_cell": 1.934126593729121,
    "r2_depth": 0.9704318744143791,
    "r_mono": 1
  },
  "log1p": {
    "cov_gene": 7.220652839848691,
    "cov_cell": 1.9327099035624162,
    "r2_depth": 0.9679364453814979,
    "r_mono": 1
  },
  "log1pCP10k": {
    "cov_gene": 6.476382507604789,
    "cov_cell": 0.9759352390099305,
    "r2_depth": 0.7529390718953319,
    "r_mono": 1
  },
  "log1pCPM": {
    "cov_gene": 4.049667755223661,
    "cov_cell": 1.4889537648033364,
    "r2_depth": 0.8959003080707479,
    "r_mono": 1
  },
  "log1pPF": {
    "cov_gene": 8.813728060956414,
    "cov_cell": 0.5623272582301646,
    "r2_depth": 0.5835592886670056,
    "r_mono": 1
  },
  "PFlog1pPF": {
    "cov_gene": 13.428175554044634,
    "cov_cell": 9.929101304187245e-15,
    "r2_depth": 0,
    "r_mono": 1
  }
}
