{
  "ncells": 266,
  "ngenes": 60623,
  "nvals": 433171,
  "density": 0.026862121736222846,
  "total_counts": 2039560,
  "overdispersion": 0.26711757878122866,
  "avg_per_cell": 7667.518796992481,
  "avg_per_gene": 33.64333668739587,
  "max_cell": 26561,
  "min_cell": 2842,
  "raw": {
    "cov_gene": 153.58908139044547,
    "cov_cell": 0.44522570970906156,
    "r2_depth": 1,
    "r_mono": 1
  },
  "PF": {
    "cov_gene": 105.67853339191623,
    "cov_cell": 1.5261280701204123e-14,
    "r2_depth": 0,
    "r_mono": 1
  },
  "sqrt": {
    "cov_gene": 8.139915071982667,
    "cov_cell": 0.3134732998825999,
    "r2_depth": 0.9195229369935889,
    "r_mono": 1
  },
  "log1p": {
    "cov_gene": 3.36101707981352,
    "cov_cell": 0.30632376801877237,
    "r2_depth": 0.8999340200409801,
    "r_mono": 1
  },
  "log1pCP10k": {
    "cov_gene": 3.1381045371114618,
    "cov_cell": 0.11073090777787734,
    "r2_depth": 0.3662985336017931,
    "r_mono": 1
  },
  "log1pCPM": {
    "cov_gene": 2.4724097441359576,
    "cov_cell": 0.21363667153950858,
    "r2_depth": 0.7595789827454608,
    "r_mono": 1
  },
  "log1pPF": {
    "cov_gene": 3.2876188330380294,
    "cov_cell": 0.10363318232434361,
    "r2_depth": 0.31341283482284876,
    "r_mono": 1
  },
  "PFlog1pPF": {
    "cov_gene": 3.325164192960903,
    "cov_cell": 1.469087780635924e-14,
    "r2_depth": 0,
    "r_mono": 1
  }
}
