{
  "ncells": 175,
  "ngenes": 60623,
  "nvals": 85774,
  "density": 0.00808500309877675,
  "total_counts": 380478,
  "overdispersion": 6.794699686885565,
  "avg_per_cell": 2174.16,
  "avg_per_gene": 6.276132820876565,
  "max_cell": 76962,
  "min_cell": 104,
  "raw": {
    "cov_gene": 130.89073054754826,
    "cov_cell": 3.928011798916347,
    "r2_depth": 1,
    "r_mono": 1
  },
  "PF": {
    "cov_gene": 169.44274308967002,
    "cov_cell": 8.52279513854303e-15,
    "r2_depth": 0,
    "r_mono": 1
  },
  "sqrt": {
    "cov_gene": 19.048552330371177,
    "cov_cell": 3.344821714606059,
    "r2_depth": 0.9635358789086906,
    "r_mono": 1
  },
  "log1p": {
    "cov_gene": 5.390590760095336,
    "cov_cell": 3.3483172772592256,
    "r2_depth": 0.9583588180650221,
    "r_mono": 1
  },
  "log1pCP10k": {
    "cov_gene": 6.773061332766027,
    "cov_cell": 1.3257470924046257,
    "r2_depth": 0.5469386594916221,
    "r_mono": 1
  },
  "log1pCPM": {
    "cov_gene": 3.8920486843875075,
    "cov_cell": 2.301901346405468,
    "r2_depth": 0.8136922361999354,
    "r_mono": 1
  },
  "log1pPF": {
    "cov_gene": 8.636811411803992,
    "cov_cell": 0.9148449674334476,
    "r2_depth": 0.39769358085304785,
    "r_mono": 1
  },
  "PFlog1pPF": {
    "cov_gene": 30.970113824452785,
    "cov_cell": 9.467312653375603e-15,
    "r2_depth": 0,
    "r_mono": 1
  }
}
