{
    "raw": {
        "cov_gene": 16.72233542012992,
        "r2_depth": 1.0,
        "r_mono": 1.0
    },
    "PF": {
        "cov_gene": 12.070804685046996,
        "r2_depth": 0,
        "r_mono": 1.0
    },
    "sqrt": {
        "cov_gene": 4.733912296041034,
        "r2_depth": 0.945722976660799,
        "r_mono": 1.0
    },
    "log1p": {
        "cov_gene": 4.783484788485565,
        "r2_depth": 0.9461751428405094,
        "r_mono": 1.0
    },
    "log1pCP10k": {
        "cov_gene": 2.9421966757165245,
        "r2_depth": 0.7798331351677331,
        "r_mono": 1.0
    },
    "log1pCPM": {
        "cov_gene": 2.849543363703382,
        "r2_depth": 0.8207640776837186,
        "r_mono": 1.0
    },
    "scalelog1pCP10k": {
        "cov_gene": 7.390986005346013e-14,
        "r2_depth": 0.438043313156923,
        "r_mono": 0.1979582187199338
    },
    "sctransform": {
        "cov_gene": 0.7462144496819846,
        "r2_depth": 0.1144612550108246,
        "r_mono": 0.18222389597908123
    },
    "log1pPF": {
        "cov_gene": 4.130522932435665,
        "r2_depth": 0.30142916898469096,
        "r_mono": 1.0
    },
    "PFlog1pPF": {
        "cov_gene": 4.3051040472587525,
        "r2_depth": 0,
        "r_mono": 1.0
    },
    "ncells": 4872,
    "ngenes": 2737,
    "avg_per_cell": 70.22,
    "avg_per_gene": 124.99,
    "min_cell": 25.0,
    "max_cell": 431.0,
    "overdispersion": 0.87
}