{
    "raw": {
        "cov_gene": 52.28498572409558,
        "r2_depth": 1.0,
        "r_mono": 1.0
    },
    "PF": {
        "cov_gene": 12.19368351949487,
        "r2_depth": 0,
        "r_mono": 1.0
    },
    "sqrt": {
        "cov_gene": 6.9154945708427435,
        "r2_depth": 0.9460874572067222,
        "r_mono": 1.0
    },
    "log1p": {
        "cov_gene": 4.14250616100245,
        "r2_depth": 0.9403881354274581,
        "r_mono": 1.0
    },
    "log1pCP10k": {
        "cov_gene": 4.837142423337672,
        "r2_depth": 0.622783979430536,
        "r_mono": 1.0
    },
    "log1pCPM": {
        "cov_gene": 3.542008481539843,
        "r2_depth": 0.826310034984084,
        "r_mono": 1.0
    },
    "scalelog1pCP10k": {
        "cov_gene": 1.857648108146078e-13,
        "r2_depth": 0.5478422647303841,
        "r_mono": 0.11943755785794777
    },
    "sctransform": {
        "cov_gene": 0.9207259613816654,
        "r2_depth": 0.48634113042302773,
        "r_mono": 0.10975231202962431
    },
    "log1pPF": {
        "cov_gene": 5.60185941304594,
        "r2_depth": 0.4207151956659162,
        "r_mono": 1.0
    },
    "PFlog1pPF": {
        "cov_gene": 5.839192858311983,
        "r2_depth": 0,
        "r_mono": 1.0
    },
    "ncells": "11124",
    "ngenes": 19707,
    "avg_per_cell": "549.26",
    "avg_per_gene": "310.04",
    "min_cell": "58",
    "max_cell": "59610",
    "overdispersion": "38.28"
}