{
  "ncells": 8983,
  "ngenes": 29821,
  "nvals": 20018759,
  "density": 0.07472975334893948,
  "total_counts": 77499843,
  "overdispersion": 1.72,
  "avg_per_cell": 8627.39,
  "avg_per_gene": 2598.83,
  "max_cell": 65703,
  "min_cell": 539,
  "raw": {
    "cov_gene": 43.50130987487547,
    "r2_depth": 1,
    "r_mono": 1,
    "cov_cell": 1.1630953299393438
  },
  "PF": {
    "cov_gene": 43.65684590299626,
    "r2_depth": 0,
    "r_mono": 1,
    "cov_cell": 3.24609044192574e-14
  },
  "sqrt": {
    "cov_gene": 7.4186940347245764,
    "r2_depth": 0.9739993419103256,
    "r_mono": 1,
    "cov_cell": 1.019254052107036
  },
  "log1p": {
    "cov_gene": 3.0189290640599293,
    "r2_depth": 0.9681209213513751,
    "r_mono": 1,
    "cov_cell": 1.0195587215377566
  },
  "log1pCP10k": {
    "cov_gene": 2.634154995808042,
    "r2_depth": 0.7967190978435856,
    "r_mono": 1,
    "cov_cell": 0.4187668953934606
  },
  "log1pCPM": {
    "cov_gene": 1.5426355524667563,
    "r2_depth": 0.9198936091218193,
    "r_mono": 1,
    "cov_cell": 0.7705352857911706
  },
  "scalelog1pCP10k": {
    "cov_gene": 1.319615523207461e-13,
    "r2_depth": 0.7406762196949471,
    "r_mono": 0.36536381641628307,
    "cov_cell": null
  },
  "sctransform": {
    "cov_gene": 0.7142464380734297,
    "r2_depth": 0.5686672280808291,
    "r_mono": 0.20617201581352823,
    "cov_cell": null
  },
  "log1pPF": {
    "cov_gene": 2.704583480752742,
    "r2_depth": 0.7876188644307986,
    "r_mono": 1,
    "cov_cell": 0.3992838838360315
  },
  "PFlog1pPF": {
    "cov_gene": 3.2636631391949367,
    "r2_depth": 0,
    "r_mono": 1,
    "cov_cell": 2.8864886651987524e-14
  }
}
