{
  "ncells": 5673,
  "ngenes": 60623,
  "nvals": 8754541,
  "density": 0.025455590344941742,
  "total_counts": 27911943,
  "overdispersion": 0.9546944736134734,
  "avg_per_cell": 4920.138022210471,
  "avg_per_gene": 460.4183725648681,
  "max_cell": 63362,
  "min_cell": 1353,
  "raw": {
    "cov_gene": 71.67526070479872,
    "cov_cell": 0.9269908892217777,
    "r2_depth": 1,
    "r_mono": 1
  },
  "PF": {
    "cov_gene": 128.52095528005344,
    "cov_cell": 1.6355952600789463e-14,
    "r2_depth": 0,
    "r_mono": 1
  },
  "sqrt": {
    "cov_gene": 7.771648128553707,
    "cov_cell": 0.6735241025325828,
    "r2_depth": 0.9476417651370065,
    "r_mono": 1
  },
  "log1p": {
    "cov_gene": 4.071819457922983,
    "cov_cell": 0.659879823171499,
    "r2_depth": 0.9396022143542787,
    "r_mono": 1
  },
  "log1pCP10k": {
    "cov_gene": 3.245017412675603,
    "cov_cell": 0.23616863528386473,
    "r2_depth": 0.6031034456872935,
    "r_mono": 1
  },
  "log1pCPM": {
    "cov_gene": 2.5844604456292393,
    "cov_cell": 0.46554117464397926,
    "r2_depth": 0.8372820855924823,
    "r_mono": 1
  },
  "log1pPF": {
    "cov_gene": 3.647879023256335,
    "cov_cell": 0.18343060159868016,
    "r2_depth": 0.526441312332449,
    "r_mono": 1
  },
  "PFlog1pPF": {
    "cov_gene": 3.91385450839925,
    "cov_cell": 1.7306008470617086e-14,
    "r2_depth": 0,
    "r_mono": 1
  }
}
