{
  "ncells": 3407,
  "ngenes": 26176,
  "nvals": 7718991,
  "density": 0.08655359659711094,
  "total_counts": 43484834,
  "overdispersion": 4.54,
  "avg_per_cell": 12763.38,
  "avg_per_gene": 1661.25,
  "max_cell": 109524,
  "min_cell": 238,
  "raw": {
    "cov_gene": 71.06739916511773,
    "r2_depth": 1,
    "r_mono": 1,
    "cov_cell": 1.2140938461583377
  },
  "PF": {
    "cov_gene": 47.76959755373256,
    "r2_depth": 0,
    "r_mono": 1,
    "cov_cell": 4.430303982170057e-14
  },
  "sqrt": {
    "cov_gene": 12.668715989713123,
    "r2_depth": 0.8801210556667294,
    "r_mono": 1,
    "cov_cell": 1.0207092151418118
  },
  "log1p": {
    "cov_gene": 3.1517032934110105,
    "r2_depth": 0.8611352115828497,
    "r_mono": 1,
    "cov_cell": 1.017020751668484
  },
  "log1pCP10k": {
    "cov_gene": 3.474400989870217,
    "r2_depth": 0.5170532358521625,
    "r_mono": 1,
    "cov_cell": 0.5967939910323957
  },
  "log1pCPM": {
    "cov_gene": 1.5404852179256636,
    "r2_depth": 0.7165010576752882,
    "r_mono": 1,
    "cov_cell": 0.8483575558864722
  },
  "scalelog1pCP10k": {
    "cov_gene": 5.232936536031489e-14,
    "r2_depth": 0.43842785117303973,
    "r_mono": 0.37434730548116946,
    "cov_cell": null
  },
  "sctransform": {
    "cov_gene": 0.8951378036555138,
    "r2_depth": 0.509689985060645,
    "r_mono": 0.21478256953943511,
    "cov_cell": null
  },
  "log1pPF": {
    "cov_gene": 3.2449971851270236,
    "r2_depth": 0.5329437043503303,
    "r_mono": 1,
    "cov_cell": 0.6208192488949358
  },
  "PFlog1pPF": {
    "cov_gene": 15.469400041464203,
    "r2_depth": 0,
    "r_mono": 1,
    "cov_cell": 2.4991740366419023e-14
  }
}
