{
  "ncells": 2249,
  "ngenes": 60623,
  "nvals": 2372098,
  "density": 0.01739825724045834,
  "total_counts": 5453680,
  "overdispersion": 0.31543764613840536,
  "avg_per_cell": 2424.9355269008447,
  "avg_per_gene": 89.96057601900269,
  "max_cell": 15749,
  "min_cell": 224,
  "raw": {
    "cov_gene": 70.03333511601643,
    "cov_cell": 0.7258572969677871,
    "r2_depth": 1,
    "r_mono": 1
  },
  "PF": {
    "cov_gene": 135.67773468658137,
    "cov_cell": 1.121516784882568e-14,
    "r2_depth": 0,
    "r_mono": 1
  },
  "sqrt": {
    "cov_gene": 6.18936311093339,
    "cov_cell": 0.6022522007222145,
    "r2_depth": 0.9695177626825634,
    "r_mono": 1
  },
  "log1p": {
    "cov_gene": 5.140306623633654,
    "cov_cell": 0.6028064687754533,
    "r2_depth": 0.9657644346026093,
    "r_mono": 1
  },
  "log1pCP10k": {
    "cov_gene": 3.345975017066463,
    "cov_cell": 0.3186424923419701,
    "r2_depth": 0.7228049151391286,
    "r_mono": 1
  },
  "log1pCPM": {
    "cov_gene": 2.7036548530900353,
    "cov_cell": 0.45976252493461206,
    "r2_depth": 0.890443376348798,
    "r_mono": 1
  },
  "log1pPF": {
    "cov_gene": 4.4262685958073735,
    "cov_cell": 0.23392567253217011,
    "r2_depth": 0.5785376940757847,
    "r_mono": 1
  },
  "PFlog1pPF": {
    "cov_gene": 5.453493204251234,
    "cov_cell": 1.3645779884676494e-14,
    "r2_depth": 0,
    "r_mono": 1
  }
}
