{"raw": {"cov_gene": 91.00555590725573, "r2_depth": 1.0, "r_mono": 1.0, "cov_cell": 0.7279563487143715}, "PF": {"cov_gene": 121.41848985614742, "r2_depth": 0, "r_mono": 1.0, "cov_cell": 2.9892498423612845e-14}, "sqrt": {"cov_gene": 10.525941267145633, "r2_depth": 0.9424774747443303, "r_mono": 1.0, "cov_cell": 0.5952516200143737}, "log1p": {"cov_gene": 2.4288746426583465, "r2_depth": 0.9301320239691656, "r_mono": 1.0, "cov_cell": 0.588444011627906}, "log1pCP10k": {"cov_gene": 2.5820461707937863, "r2_depth": 0.38775040062182164, "r_mono": 1.0, "cov_cell": 0.2556626589024238}, "log1pCPM": {"cov_gene": 1.3865302185735484, "r2_depth": 0.7737726625148226, "r_mono": 1.0, "cov_cell": 0.4018405696022782}, "scalelog1pCP10k": {"cov_gene": 7.008494393828676e-14, "r2_depth": 0.20358905550072137, "r_mono": 0.4348042313080292, "cov_cell": null}, "sctransform": {"cov_gene": 1.2989103612944852, "r2_depth": 0.27591239963621683, "r_mono": 0.1822925943484523, "cov_cell": null}, "log1pPF": {"cov_gene": 2.0871117765838547, "r2_depth": 0.4755964766446209, "r_mono": 1.0, "cov_cell": 0.27668941761075305}, "PFlog1pPF": {"cov_gene": 3.8120658738648, "r2_depth": 0, "r_mono": 1.0, "cov_cell": 2.3244748407427713e-14}, "ncells": 4915, "ngenes": 27505, "avg_per_cell": 18831.44, "avg_per_gene": 3365.08, "min_cell": 2190.0, "max_cell": 95349.0, "overdispersion": 1.24, "total_count": 92556552, "nvals": 15617354, "sparsity": 0.11552401736630517}