{
  "ncells": 8509,
  "ngenes": 32752,
  "nvals": 24541052,
  "density": 0.08805962398616643,
  "total_counts": 89859478,
  "overdispersion": 1.24,
  "avg_per_cell": 10560.52,
  "avg_per_gene": 2743.63,
  "max_cell": 160161,
  "min_cell": 283,
  "raw": {
    "cov_gene": 75.87278670627157,
    "r2_depth": 1,
    "r_mono": 1,
    "cov_cell": 1.0241618951288185
  },
  "PF": {
    "cov_gene": 103.54429941795203,
    "r2_depth": 0,
    "r_mono": 1,
    "cov_cell": 4.7239640189117775e-14
  },
  "sqrt": {
    "cov_gene": 7.015980024052586,
    "r2_depth": 0.9087117367740252,
    "r_mono": 1,
    "cov_cell": 0.7843422513731565
  },
  "log1p": {
    "cov_gene": 2.5477815171023734,
    "r2_depth": 0.8949727211452365,
    "r_mono": 1,
    "cov_cell": 0.7806240513350041
  },
  "log1pCP10k": {
    "cov_gene": 2.328853450668226,
    "r2_depth": 0.4222014847206239,
    "r_mono": 1,
    "cov_cell": 0.3897638248216524
  },
  "log1pCPM": {
    "cov_gene": 1.4473389653152582,
    "r2_depth": 0.7033947175497672,
    "r_mono": 1,
    "cov_cell": 0.5902702747415592
  },
  "scalelog1pCP10k": {
    "cov_gene": 1.1977834206629979e-13,
    "r2_depth": 0.3943419843748811,
    "r_mono": 0.40710013286963925,
    "cov_cell": null
  },
  "sctransform": {
    "cov_gene": 0.6707041600920254,
    "r2_depth": 0.4628138395460468,
    "r_mono": 0.20313594567985366,
    "cov_cell": null
  },
  "log1pPF": {
    "cov_gene": 2.2986847252089366,
    "r2_depth": 0.42677075923110896,
    "r_mono": 1,
    "cov_cell": 0.39371788851942907
  },
  "PFlog1pPF": {
    "cov_gene": 4.712627156800049,
    "r2_depth": 0,
    "r_mono": 1,
    "cov_cell": 2.8938911399154374e-14
  }
}
