{"ncells": 2158, "ngenes": 60623, "nvals": 2378382, "avg_per_cell": 4180.373957367933, "avg_per_gene": 148.80898338914272, "min_cell": 409, "max_cell": 41414, "total_count": 9021247, "overdispersion": 31.859236180063778, "raw": {"cov_gene": 140.2092476566856, "cov_cell": 1.1483355154582862, "r2_depth": 1.0, "r_mono": 1}, "PF": {"cov_gene": 98.66663668518758, "cov_cell": 1.3341218607511126e-14, "r2_depth": 0, "r_mono": 1}, "log1p": {"cov_gene": 5.172849714902758, "cov_cell": 0.749043031165103, "r2_depth": 0.6297666429353362, "r_mono": 1}, "log1pPF": {"cov_gene": 4.672872831359565, "cov_cell": 0.29676296589362783, "r2_depth": 0.03702169845166847, "r_mono": 1}, "PFlog1pPF": {"cov_gene": 8.368872064282469, "cov_cell": 9.551833880336562e-15, "r2_depth": 0, "r_mono": 1}, "log1pCPM": {"cov_gene": 3.007129433313861, "cov_cell": 0.5231467776515453, "r2_depth": 0.48144449829160374, "r_mono": 1}, "log1pCP10k": {"cov_gene": 3.9262501871048974, "cov_cell": 0.3393055277706863, "r2_depth": 0.12388898247840341, "r_mono": 1}, "sqrt": {"cov_gene": 30.43210102960021, "cov_cell": 0.7560102847143576, "r2_depth": 0.6548267346146839, "r_mono": 1}, "density": 0.018179952530885782}