{
    "raw": {
        "cov_gene": 119.2533527843322,
        "r2_depth": 1.0,
        "r_mono": 1.0
    },
    "PF": {
        "cov_gene": 73.40579203105492,
        "r2_depth": 0,
        "r_mono": 1.0
    },
    "sqrt": {
        "cov_gene": 24.90433928515108,
        "r2_depth": 0.8050703390384254,
        "r_mono": 1.0
    },
    "log1p": {
        "cov_gene": 7.380164914709197,
        "r2_depth": 0.789128528604206,
        "r_mono": 1.0
    },
    "log1pCP10k": {
        "cov_gene": 6.92833544872178,
        "r2_depth": 0.4360944445545891,
        "r_mono": 1.0
    },
    "log1pCPM": {
        "cov_gene": 5.097959700916931,
        "r2_depth": 0.64480197550063,
        "r_mono": 1.0
    },
    "scalelog1pCP10k": {
        "cov_gene": 1.8324355151113794e-12,
        "r2_depth": 0.42745380620905593,
        "r_mono": 0.0712752970590381
    },
    "sctransform": {
        "cov_gene": 0.7995003010470483,
        "r2_depth": 0.14258074911916574,
        "r_mono": 0.06514139377706878
    },
    "log1pPF": {
        "cov_gene": 8.596944272707901,
        "r2_depth": 0.18223224783208125,
        "r_mono": 1.0
    },
    "PFlog1pPF": {
        "cov_gene": 15.23856971468838,
        "r2_depth": 0,
        "r_mono": 1.0
    },
    "ncells": "115852",
    "ngenes": 26451,
    "avg_per_cell": "273.41",
    "avg_per_gene": "1197.49",
    "min_cell": "11",
    "max_cell": "63407",
    "overdispersion": "86.67"
}