{"raw": {"cov_gene": 119.2533527843322, "r2_depth": 1.0, "r_mono": 1.0, "cov_cell": 5.375438455498919}, "PF": {"cov_gene": 73.40579203105492, "r2_depth": 0, "r_mono": 1.0, "cov_cell": 3.0919586906377685e-15}, "sqrt": {"cov_gene": 24.90433928515108, "r2_depth": 0.8050703390384254, "r_mono": 1.0, "cov_cell": 4.02849496688266}, "log1p": {"cov_gene": 7.380164914709197, "r2_depth": 0.789128528604206, "r_mono": 1.0, "cov_cell": 4.024867805154663}, "log1pCP10k": {"cov_gene": 6.92833544872178, "r2_depth": 0.4360944445545891, "r_mono": 1.0, "cov_cell": 1.5268922390353874}, "log1pCPM": {"cov_gene": 5.097959700916931, "r2_depth": 0.64480197550063, "r_mono": 1.0, "cov_cell": 2.542398861657008}, "scalelog1pCP10k": {"cov_gene": 1.8324355151113794e-12, "r2_depth": 0.42745380620905593, "r_mono": 0.0712752970590381, "cov_cell": null}, "sctransform": {"cov_gene": 0.7995003010470483, "r2_depth": 0.14258074911916574, "r_mono": 0.06514139377706878, "cov_cell": null}, "log1pPF": {"cov_gene": 8.596944272707901, "r2_depth": 0.18223224783208125, "r_mono": 1.0, "cov_cell": 0.4548741805293517}, "PFlog1pPF": {"cov_gene": 15.23856971468838, "r2_depth": 0, "r_mono": 1.0, "cov_cell": 2.776786971277441e-15}, "ncells": 115852, "ngenes": 26451, "avg_per_cell": 273.41, "avg_per_gene": 1197.49, "min_cell": 11.0, "max_cell": 63407.0, "overdispersion": 86.67, "total_count": 31674886, "nvals": 10137099, "sparsity": 0.003308019468202462}