{"ncells": 5000, "ngenes": 60623, "nvals": 6136233, "density": 0.02024391072695182, "avg_per_cell": 5174.491, "avg_per_gene": 426.77622354551903, "min_cell": 1590, "max_cell": 63436, "total_count": 25872455, "overdispersion": 4.608443348786802, "raw": {"cov_gene": 181.08248982342488, "cov_cell": 0.9609448589562268, "r2_depth": 1, "r_mono": 1}, "PF": {"cov_gene": 179.23603543282823, "cov_cell": 1.5457514349841564e-14, "r2_depth": 0, "r_mono": 1}, "log1p": {"cov_gene": 5.372020967886117, "cov_cell": 0.819181830677838, "r2_depth": 0.5866212499133512, "r_mono": 1}, "sqrt": {"cov_gene": 50.05893179635131, "cov_cell": 0.8128051658042035, "r2_depth": 0.6157789658560311, "r_mono": 1}, "log1pPF": {"cov_gene": 4.874232280420358, "cov_cell": 0.4031529811702361, "r2_depth": 0.0023628810548398382, "r_mono": 1}, "PFlog1pPF": {"cov_gene": 42.91135387703354, "cov_cell": 1.2794195428781458e-14, "r2_depth": 0, "r_mono": 1}, "log1pCPM": {"cov_gene": 2.5856563626819837, "cov_cell": 0.5656187038836091, "r2_depth": 0.3139165289532816, "r_mono": 1}, "log1pCP10k": {"cov_gene": 3.8370346227888756, "cov_cell": 0.4162017164618479, "r2_depth": 0.02000757682077703, "r_mono": 1}}