{
    "raw": {
        "cov_gene": 132.25653051197492,
        "r2_depth": 1.0,
        "r_mono": 1.0
    },
    "PF": {
        "cov_gene": 129.418272812966,
        "r2_depth": 0,
        "r_mono": 1.0
    },
    "sqrt": {
        "cov_gene": 42.825658017488124,
        "r2_depth": 0.5491566261967326,
        "r_mono": 1.0
    },
    "log1p": {
        "cov_gene": 5.330958791173863,
        "r2_depth": 0.5161641276785265,
        "r_mono": 1.0
    },
    "log1pCP10k": {
        "cov_gene": 3.1250195813257147,
        "r2_depth": 0.0866591113778068,
        "r_mono": 1.0
    },
    "log1pCPM": {
        "cov_gene": 2.0265233618277136,
        "r2_depth": 0.3233597205226564,
        "r_mono": 1.0
    },
    "scalelog1pCP10k": {
        "cov_gene": 1.3627786096610844e-13,
        "r2_depth": 0.10637223476515412,
        "r_mono": 0.2287488943078974
    },
    "sctransform": {
        "cov_gene": 0.5714273076653188,
        "r2_depth": 0.14623903782703906,
        "r_mono": 0.19151439472972262
    },
    "log1pPF": {
        "cov_gene": 4.802689516827519,
        "r2_depth": 0.018615196644854892,
        "r_mono": 1.0
    },
    "PFlog1pPF": {
        "cov_gene": 31.97705111962038,
        "r2_depth": 0,
        "r_mono": 1.0
    },
    "ncells": "9412",
    "ngenes": 24827,
    "avg_per_cell": "2431.24",
    "avg_per_gene": "921.69",
    "min_cell": "86",
    "max_cell": "40669",
    "overdispersion": "4.97"
}