{"ncells": 9412, "ngenes": 60623, "nvals": 5850621, "avg_per_cell": 2433.019443263918, "avg_per_gene": 377.7374758754928, "min_cell": 88, "max_cell": 40691, "total_count": 22899579, "overdispersion": 4.9734235610794935, "raw": {"cov_gene": 206.67154433591756, "cov_cell": 1.2195176654941247, "r2_depth": 1.0, "r_mono": 1}, "PF": {"cov_gene": 202.28170395628106, "cov_cell": 8.69911630141127e-15, "r2_depth": 0, "r_mono": 1}, "log1p": {"cov_gene": 8.402233397642703, "cov_cell": 1.1147007258890675, "r2_depth": 0.5165759756624588, "r_mono": 1}, "log1pPF": {"cov_gene": 7.586091121090831, "cov_cell": 0.5881293254280006, "r2_depth": 0.01870491965649601, "r_mono": 1}, "PFlog1pPF": {"cov_gene": 49.97423201438526, "cov_cell": 7.387144593551566e-15, "r2_depth": 0, "r_mono": 1}, "log1pCPM": {"cov_gene": 3.3755449373544466, "cov_cell": 0.8382207408284164, "r2_depth": 0.3238756480002436, "r_mono": 1}, "log1pCP10k": {"cov_gene": 5.016847128282587, "cov_cell": 0.655655882025749, "r2_depth": 0.08684036713033971, "r_mono": 1}, "sqrt": {"cov_gene": 66.86125575840836, "cov_cell": 1.0996220444867133, "r2_depth": 0.549479631953446, "r_mono": 1}, "density": 0.010253747602831877}