{
  "ncells": 66,
  "ngenes": 60623,
  "nvals": 8733,
  "density": 0.0021826399521333788,
  "total_counts": 14079,
  "overdispersion": 0.4437838361383716,
  "avg_per_cell": 213.3181818181818,
  "avg_per_gene": 0.23223858931428665,
  "max_cell": 519,
  "min_cell": 67,
  "raw": {
    "cov_gene": 92.67617758350185,
    "cov_cell": 0.4183760356157494,
    "r2_depth": 1,
    "r_mono": 1
  },
  "PF": {
    "cov_gene": 75.10010957756481,
    "cov_cell": 2.3076025697519693e-15,
    "r2_depth": 0,
    "r_mono": 1
  },
  "sqrt": {
    "cov_gene": 10.72244888790336,
    "cov_cell": 0.37489184768629036,
    "r2_depth": 0.8794051509630002,
    "r_mono": 1
  },
  "log1p": {
    "cov_gene": 10.185229365586206,
    "cov_cell": 0.375117182857694,
    "r2_depth": 0.8748498074786255,
    "r_mono": 1
  },
  "log1pCP10k": {
    "cov_gene": 6.7477329636100025,
    "cov_cell": 0.2799179986816488,
    "r2_depth": 0.6958270230362433,
    "r_mono": 1
  },
  "log1pCPM": {
    "cov_gene": 6.420221347205476,
    "cov_cell": 0.3275813577912673,
    "r2_depth": 0.7534147380485812,
    "r_mono": 1
  },
  "log1pPF": {
    "cov_gene": 9.851695831586847,
    "cov_cell": 0.1404884644425237,
    "r2_depth": 0.3083963527202499,
    "r_mono": 1
  },
  "PFlog1pPF": {
    "cov_gene": 11.044060788848416,
    "cov_cell": 2.0126646589543966e-15,
    "r2_depth": 0,
    "r_mono": 1
  }
}
