{"ncells": 3530, "ngenes": 22092, "nvals": 6836448, "density": 0.08766389740764734, "avg_per_cell": 8999.57195467422, "avg_per_gene": 1438.0087361940973, "min_cell": 424, "max_cell": 55151, "total_count": 31768489, "overdispersion": 4.771337851151427, "raw": {"cov_gene": 109.76251665254063, "cov_cell": 0.793060618997359, "r2_depth": 1, "r_mono": 1}, "PF": {"cov_gene": 89.21800606571489, "cov_cell": 2.0933084561089507e-14, "r2_depth": 0, "r_mono": 1}, "log1p": {"cov_gene": 2.611585769486765, "cov_cell": 0.568745273440591, "r2_depth": 0.6253373095921814, "r_mono": 1}, "sqrt": {"cov_gene": 25.01753162841349, "cov_cell": 0.5737004745757022, "r2_depth": 0.6654970049080265, "r_mono": 1}, "log1pPF": {"cov_gene": 2.300960493798184, "cov_cell": 0.2852905409139473, "r2_depth": 0.022045453077341293, "r_mono": 1}, "PFlog1pPF": {"cov_gene": 3.520757235532712, "cov_cell": 1.8485349506872016e-14, "r2_depth": 0, "r_mono": 1}, "log1pCPM": {"cov_gene": 1.3488681141195848, "cov_cell": 0.4056136503886756, "r2_depth": 0.39280535332288324, "r_mono": 1}, "log1pCP10k": {"cov_gene": 2.221843185372098, "cov_cell": 0.28812855462867976, "r2_depth": 0.02822778137595472, "r_mono": 1}, "sctransform": {"cov_gene": 2.887552820150108, "cov_cell": null, "r2_depth": 0.3527306837801175, "r_mono": 0.2779477832466775}, "scalelog1pCP10k": {"cov_gene": 4.993974883737916e-14, "cov_cell": null, "r2_depth": 0.04710247281063218, "r_mono": 0.4096495938241179}}