{"ncells": 3530, "ngenes": 60623, "nvals": 6852453, "density": 0.03202092961192984, "avg_per_cell": 9004.303682719546, "avg_per_gene": 524.3091235999539, "min_cell": 424, "max_cell": 55171, "total_count": 31785192, "overdispersion": 4.771337851188485, "raw": {"cov_gene": 181.83031376102332, "cov_cell": 0.7929099468734101, "r2_depth": 1, "r_mono": 1}, "PF": {"cov_gene": 147.86115993660272, "cov_cell": 2.029627997346047e-14, "r2_depth": 0, "r_mono": 1}, "log1p": {"cov_gene": 4.515415044120884, "cov_cell": 0.5689009708699316, "r2_depth": 0.625521238361205, "r_mono": 1}, "sqrt": {"cov_gene": 41.41934755572868, "cov_cell": 0.5738490038358973, "r2_depth": 0.6655984411198599, "r_mono": 1}, "log1pPF": {"cov_gene": 4.024938327947046, "cov_cell": 0.2851734887222891, "r2_depth": 0.022042805560064438, "r_mono": 1}, "PFlog1pPF": {"cov_gene": 5.9685299749187735, "cov_cell": 1.8620597949741195e-14, "r2_depth": 0, "r_mono": 1}, "log1pCPM": {"cov_gene": 2.5860195841700437, "cov_cell": 0.4057682342304715, "r2_depth": 0.3932233115010322, "r_mono": 1}, "log1pCP10k": {"cov_gene": 3.901949518693489, "cov_cell": 0.28800069606520684, "r2_depth": 0.02820020270813217, "r_mono": 1}}