{
    "raw": {
        "cov_gene": 114.77252088766724,
        "r2_depth": 1.0,
        "r_mono": 1.0
    },
    "PF": {
        "cov_gene": 96.75995150662264,
        "r2_depth": 0,
        "r_mono": 1.0
    },
    "sqrt": {
        "cov_gene": 24.416645677259712,
        "r2_depth": 0.7503432401333594,
        "r_mono": 1.0
    },
    "log1p": {
        "cov_gene": 2.879695231703187,
        "r2_depth": 0.7198060910079396,
        "r_mono": 1.0
    },
    "log1pCP10k": {
        "cov_gene": 2.2477880618144335,
        "r2_depth": 0.10470965760708717,
        "r_mono": 1.0
    },
    "log1pCPM": {
        "cov_gene": 1.4594164255885536,
        "r2_depth": 0.517882379413629,
        "r_mono": 1.0
    },
    "scalelog1pCP10k": {
        "cov_gene": 4.9321600368760175e-14,
        "r2_depth": 0.13639506432509074,
        "r_mono": 0.38472883039975614
    },
    "sctransform": {
        "cov_gene": 0.9361593780100507,
        "r2_depth": 0.2496580742896909,
        "r_mono": 0.2688325452486648
    },
    "log1pPF": {
        "cov_gene": 2.56008874750005,
        "r2_depth": 0.060424041469712475,
        "r_mono": 1.0
    },
    "PFlog1pPF": {
        "cov_gene": 3.5848865092501767,
        "r2_depth": 0,
        "r_mono": 1.0
    },
    "ncells": 3448,
    "ngenes": 22041,
    "avg_per_cell": 6698.04,
    "avg_per_gene": 1047.81,
    "min_cell": 601.0,
    "max_cell": 43787.0,
    "overdispersion": 4.65
}