{"ncells": 992, "ngenes": 12612, "nvals": 456621, "density": 0.036497258755102666, "avg_per_cell": 1127.9717741935483, "avg_per_gene": 88.720900729464, "min_cell": 679, "max_cell": 6386, "total_count": 1118948, "overdispersion": 1.8135392132994421, "sctransform": {"cov_gene": 0.5724484836268137, "cov_cell": null, "r2_depth": 0.011752867917987686, "r_mono": 0.27043678970411494}, "scalelog1pCP10k": {"cov_gene": 1.4560307643979237e-14, "cov_cell": null, "r2_depth": 0.3255326750715696, "r_mono": 0.3026617220597819}, "raw": {"cov_gene": 103.8449943413248, "cov_cell": 0.49416647806675124, "r2_depth": 1, "r_mono": 1}, "PF": {"cov_gene": 99.6538624852906, "cov_cell": 6.71988471269528e-15, "r2_depth": 0, "r_mono": 1}, "log1p": {"cov_gene": 2.3465672298590357, "cov_cell": 0.4865511925551097, "r2_depth": 0.6540020496276342, "r_mono": 1}, "sqrt": {"cov_gene": 12.745732147507605, "cov_cell": 0.4790315868609145, "r2_depth": 0.6752988889944198, "r_mono": 1}, "log1pPF": {"cov_gene": 2.2617998173331264, "cov_cell": 0.25062945597600794, "r2_depth": 0.04986866669394019, "r_mono": 1}, "PFlog1pPF": {"cov_gene": 5.533381500227041, "cov_cell": 6.223652806389669e-15, "r2_depth": 0, "r_mono": 1}, "log1pCPM": {"cov_gene": 1.395291403257303, "cov_cell": 0.4051279425422912, "r2_depth": 0.5214193411936482, "r_mono": 1}, "log1pCP10k": {"cov_gene": 1.5605009746709162, "cov_cell": 0.313866438836073, "r2_depth": 0.29079921118096386, "r_mono": 1}}