{
    "raw": {
        "cov_gene": 55.86135873137354,
        "r2_depth": 1.0,
        "r_mono": 1.0
    },
    "PF": {
        "cov_gene": 64.0330657867239,
        "r2_depth": 0,
        "r_mono": 1.0
    },
    "sqrt": {
        "cov_gene": 3.397569519571251,
        "r2_depth": 0.9547988822593134,
        "r_mono": 1.0
    },
    "log1p": {
        "cov_gene": 2.139864077952095,
        "r2_depth": 0.9500085041829235,
        "r_mono": 1.0
    },
    "log1pCP10k": {
        "cov_gene": 1.6405380475674598,
        "r2_depth": 0.6201767046151043,
        "r_mono": 1.0
    },
    "log1pCPM": {
        "cov_gene": 1.4075453568885448,
        "r2_depth": 0.8502841850841906,
        "r_mono": 1.0
    },
    "scalelog1pCP10k": {
        "cov_gene": 7.284648164494518e-14,
        "r2_depth": 0.6359188436078915,
        "r_mono": 0.3818703405368318
    },
    "sctransform": {
        "cov_gene": 0.5954270756548372,
        "r2_depth": 0.13854094861609223,
        "r_mono": 0.2858661742600919
    },
    "log1pPF": {
        "cov_gene": 2.004500727200691,
        "r2_depth": 0.4499351005951797,
        "r_mono": 1.0
    },
    "PFlog1pPF": {
        "cov_gene": 2.1503772947954953,
        "r2_depth": 0,
        "r_mono": 1.0
    },
    "ncells": 5157,
    "ngenes": 18250,
    "avg_per_cell": 2908.73,
    "avg_per_gene": 821.94,
    "min_cell": 901.0,
    "max_cell": 27012.0,
    "overdispersion": 1.36
}