{
    "raw": {
        "cov_gene": 87.58935862809619,
        "r2_depth": 1.0,
        "r_mono": 1.0
    },
    "PF": {
        "cov_gene": 54.135720201573754,
        "r2_depth": 0,
        "r_mono": 1.0
    },
    "sqrt": {
        "cov_gene": 5.098486100761537,
        "r2_depth": 0.9406145639609474,
        "r_mono": 1.0
    },
    "log1p": {
        "cov_gene": 2.899518921708265,
        "r2_depth": 0.93693048394135,
        "r_mono": 1.0
    },
    "log1pCP10k": {
        "cov_gene": 2.3536825361195857,
        "r2_depth": 0.5575786897105732,
        "r_mono": 1.0
    },
    "log1pCPM": {
        "cov_gene": 1.45808753923451,
        "r2_depth": 0.8095735837891472,
        "r_mono": 1.0
    },
    "scalelog1pCP10k": {
        "cov_gene": 8.980039963498878e-14,
        "r2_depth": 0.5741416868141884,
        "r_mono": 0.3772726555122569
    },
    "sctransform": {
        "cov_gene": 0.6492116049706156,
        "r2_depth": 0.7243531351071402,
        "r_mono": 0.20815496736759184
    },
    "log1pPF": {
        "cov_gene": 2.837432600226682,
        "r2_depth": 0.5011383820299515,
        "r_mono": 1.0
    },
    "PFlog1pPF": {
        "cov_gene": 9.559463395771074,
        "r2_depth": 0,
        "r_mono": 1.0
    },
    "ncells": 6345,
    "ngenes": 27726,
    "avg_per_cell": 5246.67,
    "avg_per_gene": 1200.68,
    "min_cell": 68.0,
    "max_cell": 71137.0,
    "overdispersion": 1.12
}