{"raw": {"cov_gene": 81.4226293901596, "r2_depth": 1.0, "r_mono": 1.0, "cov_cell": 1.1945236934798094}, "PF": {"cov_gene": 60.09732050176251, "r2_depth": 0, "r_mono": 1.0, "cov_cell": 2.7255103222944616e-14}, "sqrt": {"cov_gene": 10.063640298492464, "r2_depth": 0.9235514722558977, "r_mono": 1.0, "cov_cell": 1.0081438183943316}, "log1p": {"cov_gene": 3.6837394239615273, "r2_depth": 0.9155948079427024, "r_mono": 1.0, "cov_cell": 1.0046413119457644}, "log1pCP10k": {"cov_gene": 3.316961036236583, "r2_depth": 0.618228258241285, "r_mono": 1.0, "cov_cell": 0.5954834245422845}, "log1pCPM": {"cov_gene": 1.771604851834002, "r2_depth": 0.8082860284979507, "r_mono": 1.0, "cov_cell": 0.8258483762846276}, "scalelog1pCP10k": {"cov_gene": 1.5263163212033858e-13, "r2_depth": 0.6030119006144952, "r_mono": 0.3224108267214128, "cov_cell": null}, "sctransform": {"cov_gene": 1.1623471905102418, "r2_depth": 0.5123236641196056, "r_mono": 0.19336380629747513, "cov_cell": null}, "log1pPF": {"cov_gene": 3.8058178281074717, "r2_depth": 0.5808753013686602, "r_mono": 1.0, "cov_cell": 0.5430034771216491}, "PFlog1pPF": {"cov_gene": 6.323234659882801, "r2_depth": 0, "r_mono": 1.0, "cov_cell": 2.0836968700058896e-14}, "ncells": 10515, "ngenes": 28981, "avg_per_cell": 5862.94, "avg_per_gene": 2127.22, "min_cell": 130.0, "max_cell": 133324.0, "overdispersion": 2.88, "total_count": 61648829, "nvals": 16708983, "sparsity": 0.054831152349753866}