{
  "ncells": 12365,
  "ngenes": 60623,
  "nvals": 17160673,
  "density": 0.022893003306101622,
  "total_counts": 56689528,
  "overdispersion": 1.6967984038556707,
  "avg_per_cell": 4584.6767488879905,
  "avg_per_gene": 935.1158471207298,
  "max_cell": 47055,
  "min_cell": 543,
  "raw": {
    "cov_gene": 124.20080114028328,
    "cov_cell": 1.2058052201628295,
    "r2_depth": 1,
    "r_mono": 1
  },
  "PF": {
    "cov_gene": 157.27404725082718,
    "cov_cell": 1.5872738085212356e-14,
    "r2_depth": 0,
    "r_mono": 1
  },
  "sqrt": {
    "cov_gene": 14.47947540796871,
    "cov_cell": 0.983525281650029,
    "r2_depth": 0.9839442262189194,
    "r_mono": 1
  },
  "log1p": {
    "cov_gene": 5.1515968870778694,
    "cov_cell": 0.9736107408757462,
    "r2_depth": 0.9820805360727443,
    "r_mono": 1
  },
  "log1pCP10k": {
    "cov_gene": 4.062780708963088,
    "cov_cell": 0.40590635347197274,
    "r2_depth": 0.7898520991511548,
    "r_mono": 1
  },
  "log1pCPM": {
    "cov_gene": 2.942206862163376,
    "cov_cell": 0.717021569296011,
    "r2_depth": 0.9241581574180382,
    "r_mono": 1
  },
  "log1pPF": {
    "cov_gene": 4.594403622535598,
    "cov_cell": 0.3136971772125987,
    "r2_depth": 0.7458411893959918,
    "r_mono": 1
  },
  "PFlog1pPF": {
    "cov_gene": 5.160885675574662,
    "cov_cell": 1.5360389898282485e-14,
    "r2_depth": 0,
    "r_mono": 1
  }
}
