{
  "ncells": 196,
  "ngenes": 4422,
  "nvals": 40523,
  "density": 0.04675486205336952,
  "total_counts": 193419,
  "overdispersion": 20.80203293470244,
  "avg_per_cell": 986.8316326530612,
  "avg_per_gene": 43.74016282225237,
  "max_cell": 26573,
  "min_cell": 45,
  "raw": {
    "cov_gene": 35.68578439049295,
    "cov_cell": 4.092018982909235,
    "r2_depth": 1,
    "r_mono": 1
  },
  "PF": {
    "cov_gene": 26.9162568582588,
    "cov_cell": 5.8365804742652934e-15,
    "r2_depth": 0,
    "r_mono": 1
  },
  "sqrt": {
    "cov_gene": 6.102117571061142,
    "cov_cell": 3.44041574978009,
    "r2_depth": 0.9816892958155852,
    "r_mono": 1
  },
  "log1p": {
    "cov_gene": 1.8232415785369636,
    "cov_cell": 3.4429278737392037,
    "r2_depth": 0.978284306094863,
    "r_mono": 1
  },
  "log1pCP10k": {
    "cov_gene": 2.2078781193731265,
    "cov_cell": 1.2884078665058698,
    "r2_depth": 0.8090552473187267,
    "r_mono": 1
  },
  "log1pCPM": {
    "cov_gene": 1.3885893519027999,
    "cov_cell": 2.2951502810118596,
    "r2_depth": 0.9307109054798047,
    "r_mono": 1
  },
  "scalelog1pCP10k": {
    "cov_gene": 3.623872035213366e-15,
    "cov_cell": null,
    "r2_depth": 0.8615776732295845,
    "r_mono": 0.2278323101828854
  },
  "sctransform": {
    "cov_gene": 1.060256291117117,
    "cov_cell": null,
    "r2_depth": 0.30107556474840313,
    "r_mono": 0.21014079518514314
  },
  "log1pPF": {
    "cov_gene": 2.745040461894674,
    "cov_cell": 0.608960065059753,
    "r2_depth": 0.5556523282870455,
    "r_mono": 1
  },
  "PFlog1pPF": {
    "cov_gene": 4.820872278713782,
    "cov_cell": 4.056257587633969e-15,
    "r2_depth": 0,
    "r_mono": 1
  }
}
