{
    "raw": {
        "cov_gene": 72.41814164915291,
        "r2_depth": 1.0,
        "r_mono": 1.0
    },
    "PF": {
        "cov_gene": 65.45284052397648,
        "r2_depth": 0,
        "r_mono": 1.0
    },
    "sqrt": {
        "cov_gene": 10.02365964211082,
        "r2_depth": 0.9038970634894569,
        "r_mono": 1.0
    },
    "log1p": {
        "cov_gene": 1.638240601622275,
        "r2_depth": 0.8783086032330395,
        "r_mono": 1.0
    },
    "log1pCP10k": {
        "cov_gene": 2.8007507848542375,
        "r2_depth": 0.22228394421368514,
        "r_mono": 1.0
    },
    "log1pCPM": {
        "cov_gene": 1.014284331678093,
        "r2_depth": 0.5648400682306938,
        "r_mono": 1.0
    },
    "scalelog1pCP10k": {
        "cov_gene": 2.4101772877893e-14,
        "r2_depth": 0.16996398839373916,
        "r_mono": 0.5177414299736244
    },
    "sctransform": {
        "cov_gene": 1.0328843536198762,
        "r2_depth": 0.3735842623874337,
        "r_mono": 0.14088344574738781
    },
    "log1pPF": {
        "cov_gene": 1.5304282521634187,
        "r2_depth": 0.3327188679624352,
        "r_mono": 1.0
    },
    "PFlog1pPF": {
        "cov_gene": 21.42346404473104,
        "r2_depth": 0,
        "r_mono": 1.0
    },
    "ncells": 1870,
    "ngenes": 29083,
    "avg_per_cell": 43009.42,
    "avg_per_gene": 2765.45,
    "min_cell": 1111.0,
    "max_cell": 277193.0,
    "overdispersion": 1.24
}