{
  "ncells": 11207,
  "ngenes": 60623,
  "nvals": 18012383,
  "density": 0.026512115115899702,
  "total_counts": 66098917,
  "overdispersion": 2.7497165212404084,
  "avg_per_cell": 5898.002766128313,
  "avg_per_gene": 1090.327383996173,
  "max_cell": 83093,
  "min_cell": 128,
  "raw": {
    "cov_gene": 116.6780577246826,
    "cov_cell": 1.176127035578783,
    "r2_depth": 1,
    "r_mono": 1
  },
  "PF": {
    "cov_gene": 87.7968177078291,
    "cov_cell": 2.4468092151262865e-14,
    "r2_depth": 0,
    "r_mono": 1
  },
  "sqrt": {
    "cov_gene": 14.564237174817798,
    "cov_cell": 1.0014817902053745,
    "r2_depth": 0.9354509007598043,
    "r_mono": 1
  },
  "log1p": {
    "cov_gene": 5.415387469090802,
    "cov_cell": 0.9982922862444867,
    "r2_depth": 0.9283817723124175,
    "r_mono": 1
  },
  "log1pCP10k": {
    "cov_gene": 4.895249818292523,
    "cov_cell": 0.5950845799842136,
    "r2_depth": 0.6349525997683135,
    "r_mono": 1
  },
  "log1pCPM": {
    "cov_gene": 2.7577712450370604,
    "cov_cell": 0.8220984620497876,
    "r2_depth": 0.8251074815323515,
    "r_mono": 1
  },
  "log1pPF": {
    "cov_gene": 5.576942790741038,
    "cov_cell": 0.5434697752860995,
    "r2_depth": 0.5983709834692703,
    "r_mono": 1
  },
  "PFlog1pPF": {
    "cov_gene": 8.629567567116467,
    "cov_cell": 1.908840097831568e-14,
    "r2_depth": 0,
    "r_mono": 1
  }
}
