{
    "raw": {
        "cov_gene": 102.18877076760903,
        "r2_depth": 1.0,
        "r_mono": 1.0
    },
    "PF": {
        "cov_gene": 107.91073535171247,
        "r2_depth": 0,
        "r_mono": 1.0
    },
    "sqrt": {
        "cov_gene": 21.6983509275793,
        "r2_depth": 0.8048678454585344,
        "r_mono": 1.0
    },
    "log1p": {
        "cov_gene": 3.3870114016901676,
        "r2_depth": 0.7835223260993687,
        "r_mono": 1.0
    },
    "log1pCP10k": {
        "cov_gene": 2.1768503072945826,
        "r2_depth": 0.17291003596363963,
        "r_mono": 1.0
    },
    "log1pCPM": {
        "cov_gene": 1.6161934318270685,
        "r2_depth": 0.6032162290406557,
        "r_mono": 1.0
    },
    "scalelog1pCP10k": {
        "cov_gene": 9.137907066547439e-14,
        "r2_depth": 0.2516633920633071,
        "r_mono": 0.3020578667131095
    },
    "sctransform": {
        "cov_gene": 0.8388206018355947,
        "r2_depth": 0.12395293274153996,
        "r_mono": 0.24233753086413054
    },
    "log1pPF": {
        "cov_gene": 2.9292142169270194,
        "r2_depth": 0.04386081166595501,
        "r_mono": 1.0
    },
    "PFlog1pPF": {
        "cov_gene": 30.091906052690216,
        "r2_depth": 0,
        "r_mono": 1.0
    },
    "ncells": "6425",
    "ngenes": 24498,
    "avg_per_cell": "3498.91",
    "avg_per_gene": "917.65",
    "min_cell": "880",
    "max_cell": "35504",
    "overdispersion": "8.35"
}