{"ncells": 6425, "ngenes": 60623, "nvals": 6365401, "avg_per_cell": 3501.4927626459144, "avg_per_gene": 371.09827953087114, "min_cell": 883, "max_cell": 35518, "total_count": 22497091, "overdispersion": 8.34512773808002, "raw": {"cov_gene": 160.7562221642334, "cov_cell": 1.066517666244186, "r2_depth": 1.0, "r_mono": 1}, "PF": {"cov_gene": 169.78876866277724, "cov_cell": 1.4009225457949257e-14, "r2_depth": 0, "r_mono": 1}, "log1p": {"cov_gene": 5.454839121597882, "cov_cell": 0.8047873101920214, "r2_depth": 0.7837434485147796, "r_mono": 1}, "log1pPF": {"cov_gene": 4.755461893334462, "cov_cell": 0.282365470824938, "r2_depth": 0.043968076868746486, "r_mono": 1}, "PFlog1pPF": {"cov_gene": 47.33119531865624, "cov_cell": 1.304664669054422e-14, "r2_depth": 0, "r_mono": 1}, "log1pCPM": {"cov_gene": 2.8081376866567056, "cov_cell": 0.5407766481981279, "r2_depth": 0.6036221599116534, "r_mono": 1}, "log1pCP10k": {"cov_gene": 3.6245193449636295, "cov_cell": 0.3227768671627449, "r2_depth": 0.17307241817107188, "r_mono": 1}, "sqrt": {"cov_gene": 34.110149220146624, "cov_cell": 0.8149417051147577, "r2_depth": 0.8050337572149601, "r_mono": 1}, "density": 0.016342376508100616}