{"raw": {"cov_gene": 17.803727546591052, "r2_depth": 1.0, "r_mono": 1.0}, "PF": {"cov_gene": 17.888125310841225, "r2_depth": 0, "r_mono": 1.0}, "sqrt": {"cov_gene": 2.7425648927980966, "r2_depth": 0.9890500159097796, "r_mono": 1.0}, "log1p": {"cov_gene": 2.8696725440161224, "r2_depth": 0.988887645108247, "r_mono": 1.0}, "log1pCP10k": {"cov_gene": 1.9075301832450837, "r2_depth": 0.9347152335322422, "r_mono": 1.0}, "log1pCPM": {"cov_gene": 1.7558715760482353, "r2_depth": 0.9635677821494136, "r_mono": 1.0}, "scalelog1pCP10k": {"cov_gene": 2.2389030693627557e-14, "r2_depth": 0.8804795415011847, "r_mono": 0.30046005019187166}, "sctransform": {"cov_gene": 0.5264531794783616, "r2_depth": 0.004408456690480955, "r_mono": 0.2399874649745886}, "log1pPF": {"cov_gene": 2.7178120904521847, "r2_depth": 0.7632712218144053, "r_mono": 1.0}, "PFlog1pPF": {"cov_gene": 2.778058455243527, "r2_depth": 0, "r_mono": 1.0}}