{"ncells": 2031, "ngenes": 60623, "nvals": 7898613, "density": 0.06415100849327383, "avg_per_cell": 25624.370753323485, "avg_per_gene": 858.4711578113917, "min_cell": 6047, "max_cell": 97107, "total_count": 52043097, "overdispersion": 0.5534455502799391, "raw": {"cov_gene": 72.36725488312696, "cov_cell": 0.6516061952165126, "r2_depth": 1, "r_mono": 1}, "PF": {"cov_gene": 108.19117064868676, "cov_cell": 3.816414904909066e-14, "r2_depth": 0, "r_mono": 1}, "log1p": {"cov_gene": 3.407893992462037, "cov_cell": 0.42300640551068375, "r2_depth": 0.9497333403151731, "r_mono": 1}, "sqrt": {"cov_gene": 10.807774007076084, "cov_cell": 0.4401018380209538, "r2_depth": 0.9635582189237734, "r_mono": 1}, "log1pPF": {"cov_gene": 3.014799698690833, "cov_cell": 0.1217526258823372, "r2_depth": 0.38774092071166477, "r_mono": 1}, "PFlog1pPF": {"cov_gene": 3.0205270727011593, "cov_cell": 2.6778643266801715e-14, "r2_depth": 0, "r_mono": 1}, "log1pCPM": {"cov_gene": 2.135810023022546, "cov_cell": 0.2314033561431423, "r2_depth": 0.7735219166121425, "r_mono": 1}, "log1pCP10k": {"cov_gene": 4.1154936502238275, "cov_cell": 0.0975674129189565, "r2_depth": 0.20420130777431011, "r_mono": 1}}