{"raw": {"cov_gene": 60.33356433026968, "r2_depth": 1.0, "r_mono": 1.0, "cov_cell": 0.8098700473880776}, "PF": {"cov_gene": 53.78673745275748, "r2_depth": 0, "r_mono": 1.0, "cov_cell": 1.3795865136812784e-14}, "sqrt": {"cov_gene": 7.294441198416622, "r2_depth": 0.9425084481297814, "r_mono": 1.0, "cov_cell": 0.7147936777481215}, "log1p": {"cov_gene": 3.8585896792599366, "r2_depth": 0.9342128194932016, "r_mono": 1.0, "cov_cell": 0.7135981087848695}, "log1pCP10k": {"cov_gene": 2.5811404115493763, "r2_depth": 0.6648771628563328, "r_mono": 1.0, "cov_cell": 0.5155977607871893}, "log1pCPM": {"cov_gene": 1.4774948239721966, "r2_depth": 0.8297257700911296, "r_mono": 1.0, "cov_cell": 0.6165642473294556}, "scalelog1pCP10k": {"cov_gene": 3.7913234917564936e-14, "r2_depth": 0.6138653263008182, "r_mono": 0.3371235977051226, "cov_cell": null}, "sctransform": {"cov_gene": 0.6503983461332529, "r2_depth": 0.4376044769421834, "r_mono": 0.2606261629282452, "cov_cell": null}, "log1pPF": {"cov_gene": 3.5449500167777392, "r2_depth": 0.5973222295219281, "r_mono": 1.0, "cov_cell": 0.46857282426533065}, "PFlog1pPF": {"cov_gene": 8.537878367721163, "r2_depth": 0, "r_mono": 1.0, "cov_cell": 1.3899504648260452e-14}, "ncells": 2612, "ngenes": 22258, "avg_per_cell": 3743.45, "avg_per_gene": 439.3, "min_cell": 49.0, "max_cell": 43615.0, "overdispersion": 0.59, "total_count": 9777898, "nvals": 2997737, "sparsity": 0.051562529885842444}