{
    "raw": {
        "cov_gene": 63.81016712392863,
        "r2_depth": 1.0,
        "r_mono": 1.0
    },
    "PF": {
        "cov_gene": 61.28727920338032,
        "r2_depth": 0,
        "r_mono": 1.0
    },
    "sqrt": {
        "cov_gene": 7.750847498878494,
        "r2_depth": 0.8813091086456283,
        "r_mono": 1.0
    },
    "log1p": {
        "cov_gene": 4.024352201653168,
        "r2_depth": 0.8703834544215654,
        "r_mono": 1.0
    },
    "log1pCP10k": {
        "cov_gene": 1.8372977071351952,
        "r2_depth": 0.6038679901517803,
        "r_mono": 1.0
    },
    "log1pCPM": {
        "cov_gene": 1.6141242112846883,
        "r2_depth": 0.7670177619667218,
        "r_mono": 1.0
    },
    "scalelog1pCP10k": {
        "cov_gene": 2.0339381709758862e-14,
        "r2_depth": 0.6077540346271009,
        "r_mono": 0.21858621368595127
    },
    "sctransform": {
        "cov_gene": 0.5296849053009755,
        "r2_depth": 0.09994865851113699,
        "r_mono": 0.19945212857752476
    },
    "log1pPF": {
        "cov_gene": 3.62212288593282,
        "r2_depth": 0.13839996822495793,
        "r_mono": 1.0
    },
    "PFlog1pPF": {
        "cov_gene": 33.19711276231984,
        "r2_depth": 0,
        "r_mono": 1.0
    },
    "ncells": 1341,
    "ngenes": 11427,
    "avg_per_cell": 366.27,
    "avg_per_gene": 42.98,
    "min_cell": 2.0,
    "max_cell": 3674.0,
    "overdispersion": 2.57
}