{"ncells": 1341, "ngenes": 60623, "nvals": 301569, "avg_per_cell": 384.4839671886652, "avg_per_gene": 8.50490737838774, "min_cell": 2, "max_cell": 3965, "total_count": 515593, "overdispersion": 2.5677314404508187, "raw": {"cov_gene": 146.5857774696987, "cov_cell": 0.7576013366345828, "r2_depth": 1.0, "r_mono": 1}, "PF": {"cov_gene": 141.56243584799745, "cov_cell": 4.153557996855338e-15, "r2_depth": 0, "r_mono": 1}, "log1p": {"cov_gene": 8.855470163733, "cov_cell": 0.6487559469035109, "r2_depth": 0.8810787824965391, "r_mono": 1}, "log1pPF": {"cov_gene": 8.043891006726298, "cov_cell": 0.23243414540489335, "r2_depth": 0.14757396429245218, "r_mono": 1}, "PFlog1pPF": {"cov_gene": 78.4675806517442, "cov_cell": 3.233722527405697e-15, "r2_depth": 0, "r_mono": 1}, "log1pCPM": {"cov_gene": 3.881629655317176, "cov_cell": 0.5116155619570053, "r2_depth": 0.7839807824233995, "r_mono": 1}, "log1pCP10k": {"cov_gene": 4.327235078349815, "cov_cell": 0.39126585231615324, "r2_depth": 0.618363901406852, "r_mono": 1}, "sqrt": {"cov_gene": 16.801577054188623, "cov_cell": 0.6464684921205608, "r2_depth": 0.8906194584577208, "r_mono": 1}, "density": 0.0037095437194431674}