{
    "raw": {
        "cov_gene": 75.59303583818536,
        "r2_depth": 1.0,
        "r_mono": 1.0
    },
    "PF": {
        "cov_gene": 89.84255993787464,
        "r2_depth": 0,
        "r_mono": 1.0
    },
    "sqrt": {
        "cov_gene": 8.449934710374867,
        "r2_depth": 0.7262779999257467,
        "r_mono": 1.0
    },
    "log1p": {
        "cov_gene": 2.361924202822252,
        "r2_depth": 0.704072102193462,
        "r_mono": 1.0
    },
    "log1pCP10k": {
        "cov_gene": 1.655495512532552,
        "r2_depth": 0.245532892818065,
        "r_mono": 1.0
    },
    "log1pCPM": {
        "cov_gene": 1.3335792974299878,
        "r2_depth": 0.5208264295402274,
        "r_mono": 1.0
    },
    "scalelog1pCP10k": {
        "cov_gene": 1.6323986699872888e-14,
        "r2_depth": 0.2876244687755435,
        "r_mono": 0.3445792279972157
    },
    "sctransform": {
        "cov_gene": 0.45821256565227064,
        "r2_depth": 0.06906423164565045,
        "r_mono": 0.2728838024415957
    },
    "log1pPF": {
        "cov_gene": 2.304414018950517,
        "r2_depth": 0.10300582844510808,
        "r_mono": 1.0
    },
    "PFlog1pPF": {
        "cov_gene": 13.762325662851893,
        "r2_depth": 0,
        "r_mono": 1.0
    },
    "ncells": 1126,
    "ngenes": 15304,
    "avg_per_cell": 2230.13,
    "avg_per_gene": 164.08,
    "min_cell": 517.0,
    "max_cell": 17716.0,
    "overdispersion": 0.8
}