{
  "ncells": 60,
  "ngenes": 5590,
  "nvals": 51594,
  "density": 0.1538282647584973,
  "total_counts": 237818,
  "overdispersion": 1.1921238532869687,
  "avg_per_cell": 3963.633333333333,
  "avg_per_gene": 42.543470483005365,
  "max_cell": 28306,
  "min_cell": 448,
  "raw": {
    "cov_gene": 39.024784693665275,
    "cov_cell": 1.5315766566956366,
    "r2_depth": 1,
    "r_mono": 1
  },
  "PF": {
    "cov_gene": 49.377811162931536,
    "cov_cell": 1.3891578280490269e-14,
    "r2_depth": 0,
    "r_mono": 1
  },
  "sqrt": {
    "cov_gene": 5.922632549360427,
    "cov_cell": 1.4169612879799751,
    "r2_depth": 0.9527931007486645,
    "r_mono": 1
  },
  "log1p": {
    "cov_gene": 1.5021094894622002,
    "cov_cell": 1.4313671572430815,
    "r2_depth": 0.9462213582172798,
    "r_mono": 1
  },
  "log1pCP10k": {
    "cov_gene": 1.3685540069439415,
    "cov_cell": 0.8619283782070746,
    "r2_depth": 0.5742947824153424,
    "r_mono": 1
  },
  "log1pCPM": {
    "cov_gene": 0.6355233116459604,
    "cov_cell": 1.1307991735411238,
    "r2_depth": 0.7954920823461749,
    "r_mono": 1
  },
  "scalelog1pCP10k": {
    "cov_gene": 9.519592721727317e-16,
    "cov_cell": null,
    "r2_depth": 0.6218184739411061,
    "r_mono": 0.4395227942312035
  },
  "sctransform": {
    "cov_gene": 0.8429491264277895,
    "cov_cell": null,
    "r2_depth": 0.0327190301707615,
    "r_mono": 0.41263304386544
  },
  "log1pPF": {
    "cov_gene": 1.8123717410218698,
    "cov_cell": 0.7774349080669335,
    "r2_depth": 0.4851778596380806,
    "r_mono": 1
  },
  "PFlog1pPF": {
    "cov_gene": 14.087202494184796,
    "cov_cell": 1.2102977836921341e-14,
    "r2_depth": 0,
    "r_mono": 1
  }
}
