{"ncells": 1128, "ngenes": 60623, "nvals": 4644841, "avg_per_cell": 13560.103723404256, "avg_per_gene": 252.31012981871567, "min_cell": 2784, "max_cell": 116266, "total_count": 15295797, "overdispersion": 0.44656954076006833, "raw": {"cov_gene": 89.86500632891321, "cov_cell": 0.7355606878902854, "r2_depth": 1.0, "r_mono": 1}, "PF": {"cov_gene": 159.36770085366095, "cov_cell": 4.304289939816364e-14, "r2_depth": 0, "r_mono": 1}, "log1p": {"cov_gene": 2.602607308583955, "cov_cell": 0.49367591103194736, "r2_depth": 0.9425320101801551, "r_mono": 1}, "log1pPF": {"cov_gene": 2.4120685832970787, "cov_cell": 0.13358593504958516, "r2_depth": 0.4817611632341816, "r_mono": 1}, "PFlog1pPF": {"cov_gene": 3.2684143621421806, "cov_cell": 3.280314346882093e-14, "r2_depth": 0, "r_mono": 1}, "log1pCPM": {"cov_gene": 1.8893175823713462, "cov_cell": 0.2811428015005199, "r2_depth": 0.7816860497089322, "r_mono": 1}, "log1pCP10k": {"cov_gene": 2.5551673068260556, "cov_cell": 0.12123843085887835, "r2_depth": 0.4413538877855647, "r_mono": 1}, "sqrt": {"cov_gene": 4.632904649570351, "cov_cell": 0.4977052135347344, "r2_depth": 0.9508846793648229, "r_mono": 1}, "density": 0.06792416812054222}