{
    "raw": {
        "cov_gene": 58.72967035915767,
        "r2_depth": 1.0,
        "r_mono": 1.0
    },
    "PF": {
        "cov_gene": 104.31974458410237,
        "r2_depth": 0,
        "r_mono": 1.0
    },
    "sqrt": {
        "cov_gene": 2.9417894832922244,
        "r2_depth": 0.9505220452831421,
        "r_mono": 1.0
    },
    "log1p": {
        "cov_gene": 1.5299177820395782,
        "r2_depth": 0.94212015400743,
        "r_mono": 1.0
    },
    "log1pCP10k": {
        "cov_gene": 1.495015722185933,
        "r2_depth": 0.44113627621149376,
        "r_mono": 1.0
    },
    "log1pCPM": {
        "cov_gene": 0.9866284729188349,
        "r2_depth": 0.7802413791062253,
        "r_mono": 1.0
    },
    "scalelog1pCP10k": {
        "cov_gene": 1.4856103323653177e-14,
        "r2_depth": 0.34381781248724286,
        "r_mono": 0.5404188053270003
    },
    "sctransform": {
        "cov_gene": 0.6107088657025113,
        "r2_depth": 0.45828675739269653,
        "r_mono": 0.2231338754535502
    },
    "log1pPF": {
        "cov_gene": 1.390116529230423,
        "r2_depth": 0.4812752580118099,
        "r_mono": 1.0
    },
    "PFlog1pPF": {
        "cov_gene": 2.0466548227347894,
        "r2_depth": 0,
        "r_mono": 1.0
    },
    "ncells": "1128",
    "ngenes": 25893,
    "avg_per_cell": "13543.19",
    "avg_per_gene": "589.99",
    "min_cell": "2784",
    "max_cell": "116139",
    "overdispersion": "0.45"
}