{"raw": {"cov_gene": 33.90493188736037, "r2_depth": 1.0, "r_mono": 1.0}, "PF": {"cov_gene": 39.640645173869224, "r2_depth": 0, "r_mono": 1.0}, "sqrt": {"cov_gene": 4.718709797311462, "r2_depth": 0.9361332136391658, "r_mono": 1.0}, "log1p": {"cov_gene": 3.170603885932646, "r2_depth": 0.9252810501982112, "r_mono": 1.0}, "log1pCP10k": {"cov_gene": 2.08468476736564, "r2_depth": 0.4823482360766804, "r_mono": 1.0}, "log1pCPM": {"cov_gene": 1.6560679634160869, "r2_depth": 0.7811780989374056, "r_mono": 1.0}, "scalelog1pCP10k": {"cov_gene": 8.958244019436438e-14, "r2_depth": 0.49363258378167174, "r_mono": 0.305242511595287}, "sctransform": {"cov_gene": 0.725986792223838, "r2_depth": 0.5702553076339486, "r_mono": 0.21637850006340953}, "log1pPF": {"cov_gene": 2.6948878817278383, "r2_depth": 0.2846769884160749, "r_mono": 1.0}, "PFlog1pPF": {"cov_gene": 2.7264319194162208, "r2_depth": 0, "r_mono": 1.0}}