{"raw": {"cov_gene": 33.90493188736037, "r2_depth": 1.0, "r_mono": 1.0, "cov_cell": 1.3310636552953639}, "PF": {"cov_gene": 39.640645173869224, "r2_depth": 0, "r_mono": 1.0, "cov_cell": 1.1756352009922956e-14}, "sqrt": {"cov_gene": 4.718709797311462, "r2_depth": 0.9361332136391658, "r_mono": 1.0, "cov_cell": 0.8436719461080283}, "log1p": {"cov_gene": 3.170603885932646, "r2_depth": 0.9252810501982112, "r_mono": 1.0, "cov_cell": 0.8245173616599669}, "log1pCP10k": {"cov_gene": 2.08468476736564, "r2_depth": 0.4823482360766804, "r_mono": 1.0, "cov_cell": 0.2838949718784079}, "log1pCPM": {"cov_gene": 1.6560679634160869, "r2_depth": 0.7811780989374056, "r_mono": 1.0, "cov_cell": 0.5219220478990714}, "scalelog1pCP10k": {"cov_gene": 8.958244019436438e-14, "r2_depth": 0.49363258378167174, "r_mono": 0.305242511595287, "cov_cell": null}, "sctransform": {"cov_gene": 0.725986792223838, "r2_depth": 0.5702553076339486, "r_mono": 0.21637850006340953, "cov_cell": null}, "log1pPF": {"cov_gene": 2.6948878817278383, "r2_depth": 0.2846769884160749, "r_mono": 1.0, "cov_cell": 0.17719107870736805}, "PFlog1pPF": {"cov_gene": 2.7264319194162208, "r2_depth": 0, "r_mono": 1.0, "cov_cell": 8.632739485547026e-15}, "ncells": 6192, "ngenes": 22445, "avg_per_cell": 2279.51, "avg_per_gene": 628.86, "min_cell": 276.0, "max_cell": 47378.0, "overdispersion": 0.91, "total_count": 14114751, "nvals": 5541131, "sparsity": 0.0398701491386064}