{
  "ncells": 10650,
  "ngenes": 60623,
  "nvals": 795275,
  "density": 0.001231771916932316,
  "total_counts": 1844999,
  "overdispersion": 3.2955269193955803,
  "avg_per_cell": 173.23934272300468,
  "avg_per_gene": 30.433977203371658,
  "max_cell": 10839,
  "min_cell": 0,
  "raw": {
    "cov_gene": 209.1428064911635,
    "cov_cell": 1.0455512400664386,
    "r2_depth": 1,
    "r_mono": 1
  },
  "PF": {
    "cov_gene": 166.54820142648208,
    "cov_cell": 0.009690486625334045,
    "r2_depth": 0,
    "r_mono": 1
  },
  "sqrt": {
    "cov_gene": 41.933732247613634,
    "cov_cell": 0.6372923129789234,
    "r2_depth": 0.629183539889022,
    "r_mono": 1
  },
  "log1p": {
    "cov_gene": 18.453148382568877,
    "cov_cell": 0.6377954373816636,
    "r2_depth": 0.5831293086059579,
    "r_mono": 1
  },
  "log1pCP10k": {
    "cov_gene": 7.211996189998384,
    "cov_cell": 0.45425802352415995,
    "r2_depth": 0.16065600252247558,
    "r_mono": 1
  },
  "log1pCPM": {
    "cov_gene": 6.555825446570173,
    "cov_cell": 0.5395764908676203,
    "r2_depth": 0.3555681573246686,
    "r_mono": 1
  },
  "log1pPF": {
    "cov_gene": 16.419790552094963,
    "cov_cell": 0.328601067768,
    "r2_depth": 0.0015554406124633768,
    "r_mono": 1
  },
  "PFlog1pPF": {
    "cov_gene": 54.33412174999747,
    "cov_cell": 0.009690486625334047,
    "r2_depth": 0,
    "r_mono": 1
  }
}
