{"ncells": 10423, "ngenes": 60623, "nvals": 18477541, "avg_per_cell": 5216.228053343567, "avg_per_gene": 896.8336275011135, "min_cell": 244, "max_cell": 32789, "total_count": 54368745, "overdispersion": 0.6775693474873836, "raw": {"cov_gene": 79.09185064606194, "cov_cell": 0.6961091518994217, "r2_depth": 1.0, "r_mono": 1}, "PF": {"cov_gene": 127.91225415781201, "cov_cell": 1.938741144661115e-14, "r2_depth": 0, "r_mono": 1}, "log1p": {"cov_gene": 4.099697638364462, "cov_cell": 0.5409696355777468, "r2_depth": 0.9676446685399682, "r_mono": 1}, "log1pPF": {"cov_gene": 3.542514148590421, "cov_cell": 0.17446145125722937, "r2_depth": 0.6035255058041462, "r_mono": 1}, "PFlog1pPF": {"cov_gene": 3.682609704553593, "cov_cell": 2.0571093326452484e-14, "r2_depth": 0, "r_mono": 1}, "log1pCPM": {"cov_gene": 2.482863273498541, "cov_cell": 0.38667180713918325, "r2_depth": 0.8966929637849103, "r_mono": 1}, "log1pCP10k": {"cov_gene": 3.1295935948113964, "cov_cell": 0.21421516733590265, "r2_depth": 0.684280257479971, "r_mono": 1}, "sqrt": {"cov_gene": 7.837013837981007, "cov_cell": 0.5448566807804085, "r2_depth": 0.9722040089117571, "r_mono": 1}, "density": 0.029242467284936697}