{"raw": {"cov_gene": 52.82646783753755, "r2_depth": 1.0, "r_mono": 1.0, "cov_cell": 0.6961638101072732}, "PF": {"cov_gene": 85.45868523342473, "r2_depth": 0, "r_mono": 1.0, "cov_cell": 2.351571161624743e-14}, "sqrt": {"cov_gene": 5.185204711309879, "r2_depth": 0.9721958659764803, "r_mono": 1.0, "cov_cell": 0.5448735048820667}, "log1p": {"cov_gene": 2.637411518207166, "r2_depth": 0.9676320683522627, "r_mono": 1.0, "cov_cell": 0.5409840044468501}, "log1pCP10k": {"cov_gene": 1.955728431141092, "r2_depth": 0.6842851409854369, "r_mono": 1.0, "cov_cell": 0.21429016193337375}, "log1pCPM": {"cov_gene": 1.484618734008028, "r2_depth": 0.8966478726389265, "r_mono": 1.0, "cov_cell": 0.38667459712230823}, "scalelog1pCP10k": {"cov_gene": 1.453153480618618e-13, "r2_depth": 0.6135557666269462, "r_mono": 0.3800314151955553, "cov_cell": null}, "sctransform": {"cov_gene": 0.7342447422479144, "r2_depth": 0.6207336133413619, "r_mono": 0.24784449150115692, "cov_cell": null}, "log1pPF": {"cov_gene": 2.2485132625522786, "r2_depth": 0.603529342744846, "r_mono": 1.0, "cov_cell": 0.17452849261073247}, "PFlog1pPF": {"cov_gene": 2.3474229008771705, "r2_depth": 0, "r_mono": 1.0, "cov_cell": 1.5820884071418614e-14}, "ncells": 10423, "ngenes": 27049, "avg_per_cell": 5214.71, "avg_per_gene": 2009.43, "min_cell": 239.0, "max_cell": 32782.0, "overdispersion": 0.68, "total_count": 54352964, "nvals": 18462000, "sparsity": 0.06548393895377373}