{"ncells": 798, "ngenes": 60623, "nvals": 525596, "avg_per_cell": 1960.2368421052631, "avg_per_gene": 25.803226498193755, "min_cell": 76, "max_cell": 16827, "total_count": 1564269, "overdispersion": 2.558748062336139, "raw": {"cov_gene": 83.40996089347487, "cov_cell": 1.6336826764906944, "r2_depth": 1.0, "r_mono": 1}, "PF": {"cov_gene": 58.857466767304985, "cov_cell": 9.474670140987527e-15, "r2_depth": 0, "r_mono": 1}, "log1p": {"cov_gene": 6.046862258771402, "cov_cell": 1.4695494029233216, "r2_depth": 0.9910932436339215, "r_mono": 1}, "log1pPF": {"cov_gene": 6.0477408823990295, "cov_cell": 0.6171670693115704, "r2_depth": 0.7737280912143163, "r_mono": 1}, "PFlog1pPF": {"cov_gene": 9.366170474565296, "cov_cell": 7.524192291511134e-15, "r2_depth": 0, "r_mono": 1}, "log1pCPM": {"cov_gene": 3.3930636032701353, "cov_cell": 1.1604284204434108, "r2_depth": 0.9501257471463471, "r_mono": 1}, "log1pCP10k": {"cov_gene": 4.740690086626665, "cov_cell": 0.8631854197977505, "r2_depth": 0.8641924034502917, "r_mono": 1}, "sqrt": {"cov_gene": 9.387781978313935, "cov_cell": 1.4597781914925934, "r2_depth": 0.991475234801121, "r_mono": 1}, "density": 0.01086454982448947}