{
    "raw": {
        "cov_gene": 38.61396665911291,
        "r2_depth": 1.0,
        "r_mono": 1.0
    },
    "PF": {
        "cov_gene": 27.25762722429789,
        "r2_depth": 0,
        "r_mono": 1.0
    },
    "sqrt": {
        "cov_gene": 4.327463213423189,
        "r2_depth": 0.991482256259613,
        "r_mono": 1.0
    },
    "log1p": {
        "cov_gene": 2.7039710040266036,
        "r2_depth": 0.9910463062888695,
        "r_mono": 1.0
    },
    "log1pCP10k": {
        "cov_gene": 2.077304606097308,
        "r2_depth": 0.867864400142929,
        "r_mono": 1.0
    },
    "log1pCPM": {
        "cov_gene": 1.3674501462844302,
        "r2_depth": 0.9506377079240454,
        "r_mono": 1.0
    },
    "scalelog1pCP10k": {
        "cov_gene": 1.2642908292677456e-14,
        "r2_depth": 0.8527572482207986,
        "r_mono": 0.2929798215606923
    },
    "sctransform": {
        "cov_gene": 1.0035938631303685,
        "r2_depth": 0.786812537919248,
        "r_mono": 0.21405631023892074
    },
    "log1pPF": {
        "cov_gene": 2.7356106493285286,
        "r2_depth": 0.7795818065699915,
        "r_mono": 1.0
    },
    "PFlog1pPF": {
        "cov_gene": 4.2899063478384685,
        "r2_depth": 0,
        "r_mono": 1.0
    },
    "ncells": 798,
    "ngenes": 12966,
    "avg_per_cell": 1933.48,
    "avg_per_gene": 119.0,
    "min_cell": 72.0,
    "max_cell": 16620.0,
    "overdispersion": 2.56
}