{
  "ncells": 2693,
  "ngenes": 22646,
  "nvals": 5965876,
  "density": 0.09782421374408595,
  "total_counts": 20749360,
  "overdispersion": 0.7690862877514804,
  "avg_per_cell": 7704.923876717416,
  "avg_per_gene": 916.2483440784245,
  "max_cell": 51412,
  "min_cell": 1834,
  "raw": {
    "cov_gene": 73.33578434344672,
    "cov_cell": 0.5622923975621686,
    "r2_depth": 1,
    "r_mono": 1
  },
  "PF": {
    "cov_gene": 70.97629782105803,
    "cov_cell": 2.732959763905181e-14,
    "r2_depth": 0,
    "r_mono": 1
  },
  "sqrt": {
    "cov_gene": 9.461660984601485,
    "cov_cell": 0.42511620779831844,
    "r2_depth": 0.8706575874638391,
    "r_mono": 1
  },
  "log1p": {
    "cov_gene": 2.18948902695044,
    "cov_cell": 0.42334305764616015,
    "r2_depth": 0.8562497006040526,
    "r_mono": 1
  },
  "log1pCP10k": {
    "cov_gene": 1.874997400442711,
    "cov_cell": 0.18506206253392535,
    "r2_depth": 0.28158488827411043,
    "r_mono": 1
  },
  "log1pCPM": {
    "cov_gene": 1.239639299390892,
    "cov_cell": 0.299952037138455,
    "r2_depth": 0.691371180333135,
    "r_mono": 1
  },
  "scalelog1pCP10k": {
    "cov_gene": 3.674611546249599e-14,
    "cov_cell": null,
    "r2_depth": 0.2633133149021797,
    "r_mono": 0.4495865057463384
  },
  "sctransform": {
    "cov_gene": 2.9468159401130327,
    "cov_cell": null,
    "r2_depth": 0.214875192844746,
    "r_mono": 0.3075103323856193
  },
  "log1pPF": {
    "cov_gene": 2.036562469359702,
    "cov_cell": 0.1774434903796845,
    "r2_depth": 0.2374768793066343,
    "r_mono": 1
  },
  "PFlog1pPF": {
    "cov_gene": 9.76074471986572,
    "cov_cell": 1.8471396374697315e-14,
    "r2_depth": 0,
    "r_mono": 1
  }
}
