{"ncells": 13930, "ngenes": 60623, "nvals": 24554674, "avg_per_cell": 5656.370279971285, "avg_per_gene": 1299.7251538195073, "min_cell": 2525, "max_cell": 31285, "total_count": 78793238, "overdispersion": 0.4320137385264494, "raw": {"cov_gene": 49.089705970363084, "cov_cell": 0.5281076569916352, "r2_depth": 1.0, "r_mono": 1}, "PF": {"cov_gene": 86.39110192965059, "cov_cell": 1.949067219850266e-14, "r2_depth": 0, "r_mono": 1}, "log1p": {"cov_gene": 3.5122120245032, "cov_cell": 0.36936811115946716, "r2_depth": 0.9344485171487766, "r_mono": 1}, "log1pPF": {"cov_gene": 3.345767020239696, "cov_cell": 0.10777479504976725, "r2_depth": 0.3093498064624234, "r_mono": 1}, "PFlog1pPF": {"cov_gene": 3.426092699261644, "cov_cell": 1.9353134660833925e-14, "r2_depth": 0, "r_mono": 1}, "log1pCPM": {"cov_gene": 2.5699611636983195, "cov_cell": 0.24950683231682647, "r2_depth": 0.8185094153842534, "r_mono": 1}, "log1pCP10k": {"cov_gene": 3.075859998526998, "cov_cell": 0.12599686590923667, "r2_depth": 0.4357454642987947, "r_mono": 1}, "sqrt": {"cov_gene": 5.265795505977727, "cov_cell": 0.37673369256436334, "r2_depth": 0.9480823333091302, "r_mono": 1}, "density": 0.029076734574581594}