{
    "raw": {
        "cov_gene": 34.420680180107105,
        "r2_depth": 1.0,
        "r_mono": 1.0
    },
    "PF": {
        "cov_gene": 60.58529080599576,
        "r2_depth": 0,
        "r_mono": 1.0
    },
    "sqrt": {
        "cov_gene": 3.6257803928959933,
        "r2_depth": 0.9480773624328166,
        "r_mono": 1.0
    },
    "log1p": {
        "cov_gene": 2.3593686132395426,
        "r2_depth": 0.9344338471147094,
        "r_mono": 1.0
    },
    "log1pCP10k": {
        "cov_gene": 2.037645505917599,
        "r2_depth": 0.43573288711498626,
        "r_mono": 1.0
    },
    "log1pCPM": {
        "cov_gene": 1.657438429109271,
        "r2_depth": 0.8184646604232771,
        "r_mono": 1.0
    },
    "scalelog1pCP10k": {
        "cov_gene": 1.9175992872996922e-13,
        "r2_depth": 0.3701405880946024,
        "r_mono": 0.35046948218546164
    },
    "sctransform": {
        "cov_gene": 0.448640398264931,
        "r2_depth": 0.3598395288699786,
        "r_mono": 0.23351024493794684
    },
    "log1pPF": {
        "cov_gene": 2.237205003780207,
        "r2_depth": 0.3093133714455739,
        "r_mono": 1.0
    },
    "PFlog1pPF": {
        "cov_gene": 2.296270850061762,
        "r2_depth": 0,
        "r_mono": 1.0
    },
    "ncells": "13930",
    "ngenes": 29817,
    "avg_per_cell": "5655.23",
    "avg_per_gene": "2642.03",
    "min_cell": "2523",
    "max_cell": "31276",
    "overdispersion": "0.43"
}