{"raw": {"cov_gene": 30.522693265430508, "r2_depth": 1.0, "r_mono": 1.0}, "PF": {"cov_gene": 33.497767925367256, "r2_depth": 0, "r_mono": 1.0}, "sqrt": {"cov_gene": 4.265247281525605, "r2_depth": 0.9524165708464085, "r_mono": 1.0}, "log1p": {"cov_gene": 1.606108682539831, "r2_depth": 0.9465698329559324, "r_mono": 1.0}, "log1pCP10k": {"cov_gene": 1.2659298699841646, "r2_depth": 0.6538256672632181, "r_mono": 1.0}, "log1pCPM": {"cov_gene": 0.586694077558555, "r2_depth": 0.8430544178947208, "r_mono": 1.0}, "scalelog1pCP10k": {"cov_gene": 9.503758421952846e-16, "r2_depth": 0.6815871328855502, "r_mono": 0.5101679122858143}, "sctransform": {"cov_gene": 0.32442566975861076, "r2_depth": 0.1531602219794823, "r_mono": 0.4553811416534023}, "log1pPF": {"cov_gene": 1.5630864979128662, "r2_depth": 0.6016798180366403, "r_mono": 1.0}, "PFlog1pPF": {"cov_gene": 7.511505597537252, "r2_depth": 0, "r_mono": 1.0}}