{"ncells": 61, "ngenes": 60623, "nvals": 95293, "avg_per_cell": 5513.4098360655735, "avg_per_gene": 5.547696418850931, "min_cell": 778, "max_cell": 22793, "total_count": 336318, "overdispersion": 1.2173446568012347, "raw": {"cov_gene": 90.72054317443197, "cov_cell": 1.1210391688235357, "r2_depth": 1.0, "r_mono": 1}, "PF": {"cov_gene": 100.95680743195513, "cov_cell": 2.2620281925242393e-14, "r2_depth": 0, "r_mono": 1}, "log1p": {"cov_gene": 4.831835222355908, "cov_cell": 1.1188819175457039, "r2_depth": 0.9503737865710055, "r_mono": 1}, "log1pPF": {"cov_gene": 4.686856223756443, "cov_cell": 0.6609190553798947, "r2_depth": 0.5983935163391139, "r_mono": 1}, "PFlog1pPF": {"cov_gene": 21.110642241914643, "cov_cell": 1.2788431736533191e-14, "r2_depth": 0, "r_mono": 1}, "log1pCPM": {"cov_gene": 2.585915040904126, "cov_cell": 0.9275002763080322, "r2_depth": 0.8525279231701204, "r_mono": 1}, "log1pCP10k": {"cov_gene": 4.0333761405850685, "cov_cell": 0.7071376097159358, "r2_depth": 0.647718629162446, "r_mono": 1}, "sqrt": {"cov_gene": 11.546383117772125, "cov_cell": 1.1016089437387175, "r2_depth": 0.9549318445886497, "r_mono": 1}, "density": 0.02576877303777201}