{"ncells": 3867, "ngenes": 60623, "nvals": 3845312, "avg_per_cell": 3025.70468063098, "avg_per_gene": 193.00265575771573, "min_cell": 207, "max_cell": 57966, "total_count": 11700400, "overdispersion": 5.142003657913051, "raw": {"cov_gene": 161.24450466724377, "cov_cell": 1.0470860784085518, "r2_depth": 1.0, "r_mono": 1}, "PF": {"cov_gene": 213.9816740354299, "cov_cell": 1.3058835237522281e-14, "r2_depth": 0, "r_mono": 1}, "log1p": {"cov_gene": 5.771518372114813, "cov_cell": 0.8192402380256397, "r2_depth": 0.819668030583272, "r_mono": 1}, "log1pPF": {"cov_gene": 5.857452098295838, "cov_cell": 0.4487076346879676, "r2_depth": 0.19842022191516473, "r_mono": 1}, "PFlog1pPF": {"cov_gene": 72.3003176857814, "cov_cell": 1.2897223214973155e-14, "r2_depth": 0, "r_mono": 1}, "log1pCPM": {"cov_gene": 2.87985766179654, "cov_cell": 0.6347140935367236, "r2_depth": 0.6007216690146084, "r_mono": 1}, "log1pCP10k": {"cov_gene": 4.09102423545431, "cov_cell": 0.4953337680438583, "r2_depth": 0.30347714828760664, "r_mono": 1}, "sqrt": {"cov_gene": 19.684460007552815, "cov_cell": 0.8246759127772261, "r2_depth": 0.8407428069778962, "r_mono": 1}, "density": 0.016402875442861432}