{"raw": {"cov_gene": 40.75764048603084, "r2_depth": 1.0, "r_mono": 1.0, "cov_cell": 0.7145950664422865}, "PF": {"cov_gene": 51.60910097856858, "r2_depth": 0, "r_mono": 1.0, "cov_cell": 2.1561070742921374e-14}, "sqrt": {"cov_gene": 4.805771066372444, "r2_depth": 0.9368295537272392, "r_mono": 1.0, "cov_cell": 0.5804219753883311}, "log1p": {"cov_gene": 2.970433357058634, "r2_depth": 0.9273670556335708, "r_mono": 1.0, "cov_cell": 0.57716172280383}, "log1pCP10k": {"cov_gene": 2.1324398743130017, "r2_depth": 0.6141559535992789, "r_mono": 1.0, "cov_cell": 0.31717733681760263}, "log1pCPM": {"cov_gene": 1.5943986250150888, "r2_depth": 0.8275798714918939, "r_mono": 1.0, "cov_cell": 0.45496082991268166}, "scalelog1pCP10k": {"cov_gene": 1.4130361734996284e-13, "r2_depth": 0.6360823445878854, "r_mono": 0.35199798433919616, "cov_cell": null}, "sctransform": {"cov_gene": 1.1508071167670575, "r2_depth": 0.41507191608469174, "r_mono": 0.24666897820888112, "cov_cell": null}, "log1pPF": {"cov_gene": 2.6867235833206413, "r2_depth": 0.5100195098803499, "r_mono": 1.0, "cov_cell": 0.25920447433266786}, "PFlog1pPF": {"cov_gene": 4.042229571702038, "r2_depth": 0, "r_mono": 1.0, "cov_cell": 1.3413197756056268e-14}, "ncells": 9789, "ngenes": 23626, "avg_per_cell": 3744.98, "avg_per_gene": 1551.66, "min_cell": 249.0, "max_cell": 30777.0, "overdispersion": 1.6, "total_count": 36659608, "nvals": 12553231, "density": 0.05427839441332578}