{
  "ncells": 1183,
  "ngenes": 60623,
  "nvals": 126698,
  "density": 0.0017666380927849347,
  "total_counts": 224245,
  "overdispersion": 6.587071352347507,
  "avg_per_cell": 189.55621301775147,
  "avg_per_gene": 3.6990086270887286,
  "max_cell": 1161,
  "min_cell": 88,
  "raw": {
    "cov_gene": 120.97879800464507,
    "cov_cell": 0.6169510430661713,
    "r2_depth": 1,
    "r_mono": 1
  },
  "PF": {
    "cov_gene": 59.09715000300277,
    "cov_cell": 1.7905336574345175e-15,
    "r2_depth": 0,
    "r_mono": 1
  },
  "sqrt": {
    "cov_gene": 16.505404691204333,
    "cov_cell": 0.5787318547081763,
    "r2_depth": 0.8655419411849217,
    "r_mono": 1
  },
  "log1p": {
    "cov_gene": 12.79889727874694,
    "cov_cell": 0.5787695105903563,
    "r2_depth": 0.8521857149680641,
    "r_mono": 1
  },
  "log1pCP10k": {
    "cov_gene": 6.609927331238043,
    "cov_cell": 0.4233620420318267,
    "r2_depth": 0.7233936772808585,
    "r_mono": 1
  },
  "log1pCPM": {
    "cov_gene": 6.040135610155275,
    "cov_cell": 0.5062566145458146,
    "r2_depth": 0.789091784809307,
    "r_mono": 1
  },
  "log1pPF": {
    "cov_gene": 12.63599585323186,
    "cov_cell": 0.21158573290777724,
    "r2_depth": 0.29775607922013747,
    "r_mono": 1
  },
  "PFlog1pPF": {
    "cov_gene": 30.285705140815853,
    "cov_cell": 1.4752798583729809e-15,
    "r2_depth": 0,
    "r_mono": 1
  }
}
