{
  "ncells": 1622,
  "ngenes": 60623,
  "nvals": 3607787,
  "density": 0.036690414264724726,
  "total_counts": 12768281,
  "overdispersion": 0.6095631446986496,
  "avg_per_cell": 7871.936498150431,
  "avg_per_gene": 210.617768833611,
  "max_cell": 93788,
  "min_cell": 4024,
  "raw": {
    "cov_gene": 64.77710920593812,
    "cov_cell": 0.7449402088873188,
    "r2_depth": 1,
    "r_mono": 1
  },
  "PF": {
    "cov_gene": 74.81673184903916,
    "cov_cell": 2.493041781231925e-14,
    "r2_depth": 0,
    "r_mono": 1
  },
  "sqrt": {
    "cov_gene": 7.5415332515082145,
    "cov_cell": 0.4831382512785792,
    "r2_depth": 0.9405150829751147,
    "r_mono": 1
  },
  "log1p": {
    "cov_gene": 3.6239691873515354,
    "cov_cell": 0.4785600075003647,
    "r2_depth": 0.9295923922430274,
    "r_mono": 1
  },
  "log1pCP10k": {
    "cov_gene": 3.254348804180963,
    "cov_cell": 0.12827462592672054,
    "r2_depth": 0.3798039542356494,
    "r_mono": 1
  },
  "log1pCPM": {
    "cov_gene": 2.3916900348533376,
    "cov_cell": 0.27601426976564497,
    "r2_depth": 0.754842698632691,
    "r_mono": 1
  },
  "log1pPF": {
    "cov_gene": 3.464346593965286,
    "cov_cell": 0.12052660796629162,
    "r2_depth": 0.3427748539324402,
    "r_mono": 1
  },
  "PFlog1pPF": {
    "cov_gene": 3.5159486090063408,
    "cov_cell": 1.8219238039187402e-14,
    "r2_depth": 0,
    "r_mono": 1
  }
}
