{
  "ncells": 9653,
  "ngenes": 60623,
  "nvals": 14024972,
  "density": 0.023966370704267468,
  "total_counts": 46568887,
  "overdispersion": 0.7719451020674394,
  "avg_per_cell": 4824.291619185746,
  "avg_per_gene": 768.171931445161,
  "max_cell": 25127,
  "min_cell": 480,
  "raw": {
    "cov_gene": 142.86068306867983,
    "cov_cell": 0.5466969227844652,
    "r2_depth": 1,
    "r_mono": 1
  },
  "PF": {
    "cov_gene": 105.91541694684658,
    "cov_cell": 1.4373741437049355e-14,
    "r2_depth": 0,
    "r_mono": 1
  },
  "sqrt": {
    "cov_gene": 11.11631575432943,
    "cov_cell": 0.4328408334484961,
    "r2_depth": 0.9489942698716183,
    "r_mono": 1
  },
  "log1p": {
    "cov_gene": 4.290970526363973,
    "cov_cell": 0.42928315644247467,
    "r2_depth": 0.9404238438766425,
    "r_mono": 1
  },
  "log1pCP10k": {
    "cov_gene": 3.2809089817796906,
    "cov_cell": 0.1979495145348301,
    "r2_depth": 0.6196770533122142,
    "r_mono": 1
  },
  "log1pCPM": {
    "cov_gene": 2.7502434416616617,
    "cov_cell": 0.3215397586765867,
    "r2_depth": 0.8509217373830555,
    "r_mono": 1
  },
  "log1pPF": {
    "cov_gene": 3.6801372494493854,
    "cov_cell": 0.16306207232781514,
    "r2_depth": 0.511873180115954,
    "r_mono": 1
  },
  "PFlog1pPF": {
    "cov_gene": 4.006732584289329,
    "cov_cell": 1.4270104241423694e-14,
    "r2_depth": 0,
    "r_mono": 1
  }
}
