{"raw": {"cov_gene": 36.694703413415624, "r2_depth": 1.0, "r_mono": 1.0}, "PF": {"cov_gene": 37.13423682377822, "r2_depth": 0, "r_mono": 1.0}, "sqrt": {"cov_gene": 1.9153773720947227, "r2_depth": 0.949515250561118, "r_mono": 1.0}, "log1p": {"cov_gene": 1.4648944853290986, "r2_depth": 0.9452994305308656, "r_mono": 1.0}, "log1pCP10k": {"cov_gene": 1.4804780398437167, "r2_depth": 0.2509827253874981, "r_mono": 1.0}, "log1pCPM": {"cov_gene": 1.123301589348731, "r2_depth": 0.766590934470798, "r_mono": 1.0}, "scalelog1pCP10k": {"cov_gene": 3.6902120385169765e-14, "r2_depth": 0.022727011601672342, "r_mono": 0.5019499909130292}, "sctransform": {"cov_gene": 0.45837949216889246, "r2_depth": 0.5140610943353778, "r_mono": 0.14038978433480512}, "log1pPF": {"cov_gene": 1.4286679980415797, "r2_depth": 0.2916762858990981, "r_mono": 1.0}, "PFlog1pPF": {"cov_gene": 1.439336076164611, "r2_depth": 0, "r_mono": 1.0}}