{
  "ncells": 3798,
  "ngenes": 31963,
  "nvals": 12334737,
  "density": 0.10160788202037911,
  "total_counts": 28992537,
  "overdispersion": 3.33,
  "avg_per_cell": 7633.63,
  "avg_per_gene": 907.07,
  "max_cell": 48715,
  "min_cell": 3011,
  "raw": {
    "cov_gene": 118.58204739889648,
    "r2_depth": 1,
    "r_mono": 1,
    "cov_cell": 0.5524823617768699
  },
  "PF": {
    "cov_gene": 73.16935768591371,
    "r2_depth": 0,
    "r_mono": 1,
    "cov_cell": 3.805862543434725e-14
  },
  "sqrt": {
    "cov_gene": 3.6635203354691304,
    "r2_depth": 0.8749451075143838,
    "r_mono": 1,
    "cov_cell": 0.42384127741587563
  },
  "log1p": {
    "cov_gene": 2.012178209601263,
    "r2_depth": 0.8633854085181611,
    "r_mono": 1,
    "cov_cell": 0.4302126689922033
  },
  "log1pCP10k": {
    "cov_gene": 1.8022315816566639,
    "r2_depth": 0.28741816650420926,
    "r_mono": 1,
    "cov_cell": 0.17168797356707133
  },
  "log1pCPM": {
    "cov_gene": 1.2692651886756716,
    "r2_depth": 0.6783215565525647,
    "r_mono": 1,
    "cov_cell": 0.2878055087832232
  },
  "scalelog1pCP10k": {
    "cov_gene": 5.1171118041155756e-14,
    "r2_depth": 0.19337631610055805,
    "r_mono": 0.46881905416406355,
    "cov_cell": null
  },
  "sctransform": {
    "cov_gene": 0.8878859579117211,
    "r2_depth": 0.5528709766440093,
    "r_mono": 0.19334216221128944,
    "cov_cell": null
  },
  "log1pPF": {
    "cov_gene": 1.9401504623785504,
    "r2_depth": 0.24607518212692714,
    "r_mono": 1,
    "cov_cell": 0.16351577287307587
  },
  "PFlog1pPF": {
    "cov_gene": 2.321261997918238,
    "r2_depth": 0,
    "r_mono": 1,
    "cov_cell": 2.5091382150956477e-14
  }
}
