{
  "ncells": 6044,
  "ngenes": 60623,
  "nvals": 1935338,
  "density": 0.005281958007759995,
  "total_counts": 5192362,
  "overdispersion": 1.2199716018444693,
  "avg_per_cell": 859.0936465916611,
  "avg_per_gene": 85.65003381554855,
  "max_cell": 12922,
  "min_cell": 18,
  "raw": {
    "cov_gene": 112.44538614266222,
    "cov_cell": 1.087027597486936,
    "r2_depth": 1,
    "r_mono": 1
  },
  "PF": {
    "cov_gene": 136.64582610747647,
    "cov_cell": 6.206528642035975e-15,
    "r2_depth": 0,
    "r_mono": 1
  },
  "sqrt": {
    "cov_gene": 16.726440407090838,
    "cov_cell": 1.0985974987102918,
    "r2_depth": 0.9506824224498516,
    "r_mono": 1
  },
  "log1p": {
    "cov_gene": 7.7240308745770525,
    "cov_cell": 1.1096675653690906,
    "r2_depth": 0.9462821053525095,
    "r_mono": 1
  },
  "log1pCP10k": {
    "cov_gene": 4.649104092531175,
    "cov_cell": 0.6926764469496609,
    "r2_depth": 0.729574793397499,
    "r_mono": 1
  },
  "log1pCPM": {
    "cov_gene": 3.638097953723543,
    "cov_cell": 0.9213600359685882,
    "r2_depth": 0.8749119117356476,
    "r_mono": 1
  },
  "log1pPF": {
    "cov_gene": 8.572514556813761,
    "cov_cell": 0.45750525210859144,
    "r2_depth": 0.4608361825112831,
    "r_mono": 1
  },
  "PFlog1pPF": {
    "cov_gene": 89.06998039446393,
    "cov_cell": 5.561769389186337e-15,
    "r2_depth": 0,
    "r_mono": 1
  }
}
