{
    "raw": {
        "cov_gene": 30.608650458567784,
        "r2_depth": 1.0,
        "r_mono": 1.0
    },
    "PF": {
        "cov_gene": 49.53898236469998,
        "r2_depth": 0,
        "r_mono": 1.0
    },
    "sqrt": {
        "cov_gene": 3.834951517250568,
        "r2_depth": 0.9824905451954224,
        "r_mono": 1.0
    },
    "log1p": {
        "cov_gene": 2.921294275516038,
        "r2_depth": 0.9815004200034928,
        "r_mono": 1.0
    },
    "log1pCP10k": {
        "cov_gene": 1.9863169666795562,
        "r2_depth": 0.6907129424471976,
        "r_mono": 1.0
    },
    "log1pCPM": {
        "cov_gene": 1.5131945202205033,
        "r2_depth": 0.8992726223275329,
        "r_mono": 1.0
    },
    "scalelog1pCP10k": {
        "cov_gene": 2.2452102860154268e-14,
        "r2_depth": 0.74745858106007,
        "r_mono": 0.3117896401259241
    },
    "sctransform": {
        "cov_gene": 0.505584553192711,
        "r2_depth": 0.42293521291640535,
        "r_mono": 0.2280042639179689
    },
    "log1pPF": {
        "cov_gene": 2.835300926820761,
        "r2_depth": 0.4796044842506444,
        "r_mono": 1.0
    },
    "PFlog1pPF": {
        "cov_gene": 4.755055684015563,
        "r2_depth": 0,
        "r_mono": 1.0
    },
    "ncells": "1507",
    "ngenes": 15611,
    "avg_per_cell": "1562.69",
    "avg_per_gene": "150.85",
    "min_cell": "51",
    "max_cell": "16533",
    "overdispersion": "0.73"
}