{"ncells": 1507, "ngenes": 60623, "nvals": 1036161, "avg_per_cell": 1575.2554744525548, "avg_per_gene": 39.15857017963479, "min_cell": 52, "max_cell": 16644, "total_count": 2373910, "overdispersion": 0.7331322270110224, "raw": {"cov_gene": 60.28492622586522, "cov_cell": 1.262761436953168, "r2_depth": 1.0, "r_mono": 1}, "PF": {"cov_gene": 95.99356859367754, "cov_cell": 1.0082678410830464e-14, "r2_depth": 0, "r_mono": 1}, "log1p": {"cov_gene": 5.932091654069754, "cov_cell": 1.0269970795823595, "r2_depth": 0.9818948692781849, "r_mono": 1}, "log1pPF": {"cov_gene": 5.757122739116712, "cov_cell": 0.3730223154492658, "r2_depth": 0.47906543508118193, "r_mono": 1}, "PFlog1pPF": {"cov_gene": 9.436211986417609, "cov_cell": 7.586492684728607e-15, "r2_depth": 0, "r_mono": 1}, "log1pCPM": {"cov_gene": 3.3586984108455207, "cov_cell": 0.7465656038444749, "r2_depth": 0.900890654854237, "r_mono": 1}, "log1pCP10k": {"cov_gene": 4.194630089567463, "cov_cell": 0.5206332355146621, "r2_depth": 0.6908607427979223, "r_mono": 1}, "sqrt": {"cov_gene": 7.651947888846163, "cov_cell": 1.025931804728945, "r2_depth": 0.9828575628686586, "r_mono": 1}, "density": 0.011341658473609911}