{"ncells": 4079, "ngenes": 60623, "nvals": 11612050, "avg_per_cell": 13244.634224074529, "avg_per_gene": 891.1611599557923, "min_cell": 4984, "max_cell": 76783, "total_count": 54024863, "overdispersion": 0.7361769980165123, "raw": {"cov_gene": 86.35462130244018, "cov_cell": 0.5340755551497015, "r2_depth": 1.0, "r_mono": 1}, "PF": {"cov_gene": 153.75178905090354, "cov_cell": 3.120587473388498e-14, "r2_depth": 0, "r_mono": 1}, "log1p": {"cov_gene": 3.3604590356894635, "cov_cell": 0.3772965900933834, "r2_depth": 0.7911769657793224, "r_mono": 1}, "log1pPF": {"cov_gene": 3.192959379379198, "cov_cell": 0.169164008506134, "r2_depth": 0.22866431753204275, "r_mono": 1}, "PFlog1pPF": {"cov_gene": 3.7468532542393382, "cov_cell": 2.6561776766512288e-14, "r2_depth": 0, "r_mono": 1}, "log1pCPM": {"cov_gene": 2.3319646855496776, "cov_cell": 0.25809991805593313, "r2_depth": 0.5911979697438621, "r_mono": 1}, "log1pCP10k": {"cov_gene": 3.4551692111372136, "cov_cell": 0.16310928715685757, "r2_depth": 0.19728720125794863, "r_mono": 1}, "sqrt": {"cov_gene": 11.398784548678458, "cov_cell": 0.3811680500347622, "r2_depth": 0.822906903541927, "r_mono": 1}, "density": 0.04695888406275516}