{"raw": {"cov_gene": 57.06328921363065, "r2_depth": 1.0, "r_mono": 1.0, "cov_cell": 0.5341119095289777}, "PF": {"cov_gene": 101.59353782394034, "r2_depth": 0, "r_mono": 1.0, "cov_cell": 3.6727709235380286e-14}, "sqrt": {"cov_gene": 7.50251812865915, "r2_depth": 0.8226212477675645, "r_mono": 1.0, "cov_cell": 0.3811712502021839}, "log1p": {"cov_gene": 2.0929734529916857, "r2_depth": 0.790846564059099, "r_mono": 1.0, "cov_cell": 0.37730199951929344}, "log1pCP10k": {"cov_gene": 2.1594353260053856, "r2_depth": 0.19757782429252468, "r_mono": 1.0, "cov_cell": 0.16314114498002577}, "log1pCPM": {"cov_gene": 1.3505114033754837, "r2_depth": 0.5908169967716653, "r_mono": 1.0, "cov_cell": 0.2580861873103971}, "scalelog1pCP10k": {"cov_gene": 5.5757518705442044e-14, "r2_depth": 0.13129128894369646, "r_mono": 0.43342096948261044, "cov_cell": null}, "sctransform": {"cov_gene": 1.023339233387083, "r2_depth": 0.16810361525666861, "r_mono": 0.2421019087556479, "cov_cell": null}, "log1pPF": {"cov_gene": 1.9753672504759856, "r2_depth": 0.22890319209278787, "r_mono": 1.0, "cov_cell": 0.16919058183116786}, "PFlog1pPF": {"cov_gene": 2.3629837518759373, "r2_depth": 0, "r_mono": 1.0, "cov_cell": 2.2748212009650663e-14}, "ncells": 4079, "ngenes": 26476, "avg_per_cell": 13240.72, "avg_per_gene": 2039.92, "min_cell": 4980.0, "max_cell": 76764.0, "overdispersion": 0.74, "total_count": 54008902, "nvals": 11596296, "sparsity": 0.10737748177231363}