{
    "raw": {
        "cov_gene": 29.317619523971974,
        "r2_depth": 1.0,
        "r_mono": 1.0
    },
    "PF": {
        "cov_gene": 53.59948423813065,
        "r2_depth": 0,
        "r_mono": 1.0
    },
    "sqrt": {
        "cov_gene": 3.3437435605814403,
        "r2_depth": 0.9841958575360787,
        "r_mono": 1.0
    },
    "log1p": {
        "cov_gene": 3.0047549059466343,
        "r2_depth": 0.9831469649252758,
        "r_mono": 1.0
    },
    "log1pCP10k": {
        "cov_gene": 1.8978261309507325,
        "r2_depth": 0.8344378755829671,
        "r_mono": 1.0
    },
    "log1pCPM": {
        "cov_gene": 1.494056102860263,
        "r2_depth": 0.936958404548583,
        "r_mono": 1.0
    },
    "scalelog1pCP10k": {
        "cov_gene": 1.7797737098939144e-14,
        "r2_depth": 0.8293162182621453,
        "r_mono": 0.30624407151552335
    },
    "sctransform": {
        "cov_gene": 0.471349884831538,
        "r2_depth": 0.43809323774282727,
        "r_mono": 0.23714769343188316
    },
    "log1pPF": {
        "cov_gene": 2.7546263861623568,
        "r2_depth": 0.6391855569138859,
        "r_mono": 1.0
    },
    "PFlog1pPF": {
        "cov_gene": 4.167673719277985,
        "r2_depth": 0,
        "r_mono": 1.0
    },
    "ncells": "1181",
    "ngenes": 14690,
    "avg_per_cell": "1168.76",
    "avg_per_gene": "93.96",
    "min_cell": "106",
    "max_cell": "7118",
    "overdispersion": "0.65"
}