{"ncells": 1181, "ngenes": 60623, "nvals": 694865, "avg_per_cell": 1185.1388653683318, "avg_per_gene": 23.087755472345478, "min_cell": 108, "max_cell": 7230, "total_count": 1399649, "overdispersion": 0.6480061338592411, "raw": {"cov_gene": 59.426717964110836, "cov_cell": 0.9623310736351814, "r2_depth": 1.0, "r_mono": 1}, "PF": {"cov_gene": 106.80584707093278, "cov_cell": 6.901384632898585e-15, "r2_depth": 0, "r_mono": 1}, "log1p": {"cov_gene": 6.23273071909648, "cov_cell": 0.8337350284171002, "r2_depth": 0.9835052843927767, "r_mono": 1}, "log1pPF": {"cov_gene": 5.733065687390408, "cov_cell": 0.29638295555112454, "r2_depth": 0.6403846836282111, "r_mono": 1}, "PFlog1pPF": {"cov_gene": 8.376902606961462, "cov_cell": 8.357318822481856e-15, "r2_depth": 0, "r_mono": 1}, "log1pCPM": {"cov_gene": 3.39851148222658, "cov_cell": 0.6490249621826919, "r2_depth": 0.9380968166792916, "r_mono": 1}, "log1pCP10k": {"cov_gene": 4.1256074099270315, "cov_cell": 0.47243633037265603, "r2_depth": 0.8352991829042142, "r_mono": 1}, "sqrt": {"cov_gene": 6.874981055559984, "cov_cell": 0.8311101536032663, "r2_depth": 0.9844832082173214, "r_mono": 1}, "density": 0.009705392761859385}