{
  "ncells": 1645,
  "ngenes": 60623,
  "nvals": 3948039,
  "density": 0.039589325968802054,
  "total_counts": 13728949,
  "overdispersion": 3.5416121734976844,
  "avg_per_cell": 8345.86565349544,
  "avg_per_gene": 226.4643617109018,
  "max_cell": 65830,
  "min_cell": 435,
  "raw": {
    "cov_gene": 126.5280969442343,
    "cov_cell": 0.8559892395417766,
    "r2_depth": 1,
    "r_mono": 1
  },
  "PF": {
    "cov_gene": 117.47265479593081,
    "cov_cell": 2.6656540004200982e-14,
    "r2_depth": 0,
    "r_mono": 1
  },
  "sqrt": {
    "cov_gene": 8.807570374501168,
    "cov_cell": 0.7135670681773626,
    "r2_depth": 0.8980683115373134,
    "r_mono": 1
  },
  "log1p": {
    "cov_gene": 3.870404028299984,
    "cov_cell": 0.7117303751408899,
    "r2_depth": 0.8873718082792892,
    "r_mono": 1
  },
  "log1pCP10k": {
    "cov_gene": 3.236811971078219,
    "cov_cell": 0.36669902871877197,
    "r2_depth": 0.4948949113459057,
    "r_mono": 1
  },
  "log1pCPM": {
    "cov_gene": 2.2711438062814633,
    "cov_cell": 0.5461336746517349,
    "r2_depth": 0.7512308757987658,
    "r_mono": 1
  },
  "log1pPF": {
    "cov_gene": 3.356460441093556,
    "cov_cell": 0.3544550367654385,
    "r2_depth": 0.4751544722026003,
    "r_mono": 1
  },
  "PFlog1pPF": {
    "cov_gene": 12.89898910564518,
    "cov_cell": 1.97017721563409e-14,
    "r2_depth": 0,
    "r_mono": 1
  }
}
