{
  "ncells": 4507,
  "ngenes": 60623,
  "nvals": 8983467,
  "density": 0.0328790298585253,
  "total_counts": 18573781,
  "overdispersion": 0.47900336390417664,
  "avg_per_cell": 4121.0962946527625,
  "avg_per_gene": 306.3817528000924,
  "max_cell": 29452,
  "min_cell": 215,
  "raw": {
    "cov_gene": 107.02823132869972,
    "cov_cell": 0.6549076579990508,
    "r2_depth": 1,
    "r_mono": 1
  },
  "PF": {
    "cov_gene": 118.40110620968265,
    "cov_cell": 2.507820851701315e-14,
    "r2_depth": 0,
    "r_mono": 1
  },
  "sqrt": {
    "cov_gene": 4.848949232776635,
    "cov_cell": 0.5544156508586667,
    "r2_depth": 0.9705900621735323,
    "r_mono": 1
  },
  "log1p": {
    "cov_gene": 3.5508469923869046,
    "cov_cell": 0.5582909589906755,
    "r2_depth": 0.9695865382364655,
    "r_mono": 1
  },
  "log1pCP10k": {
    "cov_gene": 2.858508809688931,
    "cov_cell": 0.3200819235303799,
    "r2_depth": 0.6397327961217802,
    "r_mono": 1
  },
  "log1pCPM": {
    "cov_gene": 2.3022434269778236,
    "cov_cell": 0.43645554086936683,
    "r2_depth": 0.8695169919878448,
    "r_mono": 1
  },
  "log1pPF": {
    "cov_gene": 3.3874266504368737,
    "cov_cell": 0.2808859933595495,
    "r2_depth": 0.5420886377911411,
    "r_mono": 1
  },
  "PFlog1pPF": {
    "cov_gene": 17.00912859853753,
    "cov_cell": 2.3803507226010524e-14,
    "r2_depth": 0,
    "r_mono": 1
  }
}
