{
  "ncells": 7901,
  "ngenes": 17715,
  "nvals": 1323005,
  "density": 0.009452316760869757,
  "total_counts": 3086645,
  "overdispersion": null,
  "avg_per_cell": 390.66510568282496,
  "avg_per_gene": 174.23906294101045,
  "max_cell": 5198,
  "min_cell": 2,
  "raw": {
    "cov_gene": 70.69598608166679,
    "r2_depth": 1,
    "r_mono": 1,
    "cov_cell": 0.7507042949165799
  },
  "PF": {
    "cov_gene": 72.1722902068499,
    "r2_depth": 0,
    "r_mono": 1,
    "cov_cell": 1.426467324843766e-15
  },
  "sqrt": {
    "cov_gene": 14.071227873822522,
    "r2_depth": 0.7523136792270653,
    "r_mono": 1,
    "cov_cell": 0.615703997941543
  },
  "log1p": {
    "cov_gene": 6.6517059473704965,
    "r2_depth": 0.7213611549553793,
    "r_mono": 1,
    "cov_cell": 0.6258176902290836
  },
  "log1pCP10k": {
    "cov_gene": 2.974831059322511,
    "r2_depth": 0.37400861243065675,
    "r_mono": 1,
    "cov_cell": 0.40154477959296525
  },
  "log1pCPM": {
    "cov_gene": 2.5638379169177545,
    "r2_depth": 0.5541223565409077,
    "r_mono": 1,
    "cov_cell": 0.492467089920389
  },
  "scalelog1pCP10k": {
    "cov_gene": 1.1763983672298e-13,
    "r2_depth": 0.34626022142354906,
    "r_mono": 0.15837340835557628,
    "cov_cell": null
  },
  "sctransform": {
    "cov_gene": null,
    "r2_depth": null,
    "r_mono": null,
    "cov_cell": null
  },
  "log1pPF": {
    "cov_gene": 6.1976788319173775,
    "r2_depth": 0.0432554728769079,
    "r_mono": 1,
    "cov_cell": 0.2907493017856849
  },
  "PFlog1pPF": {
    "cov_gene": 31.5405910027834,
    "r2_depth": 0,
    "r_mono": 1,
    "cov_cell": 1.714752146963858e-15
  }
}
