{
    "raw": {
        "cov_gene": 81.86336247945977,
        "r2_depth": 1.0,
        "r_mono": 1.0
    },
    "PF": {
        "cov_gene": 70.63455277663117,
        "r2_depth": 0,
        "r_mono": 1.0
    },
    "sqrt": {
        "cov_gene": 7.478507651419361,
        "r2_depth": 0.8539029106377046,
        "r_mono": 1.0
    },
    "log1p": {
        "cov_gene": 2.2638029198726133,
        "r2_depth": 0.8356336134498643,
        "r_mono": 1.0
    },
    "log1pCP10k": {
        "cov_gene": 1.8871861771261844,
        "r2_depth": 0.2830745264085648,
        "r_mono": 1.0
    },
    "log1pCPM": {
        "cov_gene": 1.3186421210742898,
        "r2_depth": 0.6849237854008605,
        "r_mono": 1.0
    },
    "scalelog1pCP10k": {
        "cov_gene": 4.794685084098253e-14,
        "r2_depth": 0.19397330906485355,
        "r_mono": 0.4173456706507332
    },
    "sctransform": {
        "cov_gene": 0.6997689552073386,
        "r2_depth": 0.3085384448089613,
        "r_mono": 0.29767142585795636
    },
    "log1pPF": {
        "cov_gene": 2.0933014956016733,
        "r2_depth": 0.21827690589386695,
        "r_mono": 1.0
    },
    "PFlog1pPF": {
        "cov_gene": 4.7461897624207054,
        "r2_depth": 0,
        "r_mono": 1.0
    },
    "ncells": 3490,
    "ngenes": 25698,
    "avg_per_cell": 6929.38,
    "avg_per_gene": 941.07,
    "min_cell": 1703.0,
    "max_cell": 35382.0,
    "overdispersion": 2.06
}