{"ncells": 77, "ngenes": 60623, "nvals": 9979, "avg_per_cell": 210.88311688311688, "avg_per_gene": 0.26785213532817576, "min_cell": 94, "max_cell": 405, "total_count": 16238, "overdispersion": 0.48814437031770497, "raw": {"cov_gene": 123.07049357208513, "cov_cell": 0.2886589197962185, "r2_depth": 1.0, "r_mono": 1}, "PF": {"cov_gene": 110.68056873706443, "cov_cell": 2.129147827504561e-15, "r2_depth": 0, "r_mono": 1}, "log1p": {"cov_gene": 9.998703319196332, "cov_cell": 0.26976012639023633, "r2_depth": 0.8619652844140856, "r_mono": 1}, "log1pPF": {"cov_gene": 9.96245908614015, "cov_cell": 0.1184181674178026, "r2_depth": 0.29891725914168554, "r_mono": 1}, "PFlog1pPF": {"cov_gene": 10.982741779469285, "cov_cell": 1.7798253537447807e-15, "r2_depth": 0, "r_mono": 1}, "log1pCPM": {"cov_gene": 6.533337853845281, "cov_cell": 0.24104290417571966, "r2_depth": 0.7552595497531183, "r_mono": 1}, "log1pCP10k": {"cov_gene": 6.813036904121938, "cov_cell": 0.20989096910136493, "r2_depth": 0.6929335763835713, "r_mono": 1}, "sqrt": {"cov_gene": 11.888381138939735, "cov_cell": 0.2688465314347242, "r2_depth": 0.8698549239306708, "r_mono": 1}, "density": 0.0021377596390380316}