{"raw": {"cov_gene": 10.757853366445728, "r2_depth": 1.0, "r_mono": 1.0, "cov_cell": 0.30763429771959305}, "PF": {"cov_gene": 9.209508084100007, "r2_depth": 0, "r_mono": 1.0, "cov_cell": 8.658240815847162e-16}, "sqrt": {"cov_gene": 1.5383238784135849, "r2_depth": 0.788955634041802, "r_mono": 1.0, "cov_cell": 0.24852157184883006}, "log1p": {"cov_gene": 1.1174653091404037, "r2_depth": 0.7614409694351982, "r_mono": 1.0, "cov_cell": 0.25009240616572137}, "log1pCP10k": {"cov_gene": 0.5736860256654485, "r2_depth": 0.49349763423691206, "r_mono": 1.0, "cov_cell": 0.19648723798031648}, "log1pCPM": {"cov_gene": 0.531731902944621, "r2_depth": 0.5726938250521545, "r_mono": 1.0, "cov_cell": 0.21868875574766033}, "scalelog1pCP10k": {"cov_gene": 1.1322242118132306e-15, "r2_depth": 0.5001308199186816, "r_mono": 0.6215606457378545, "cov_cell": null}, "sctransform": {"cov_gene": 0.3416354526296032, "r2_depth": 0.01179983903738513, "r_mono": 0.5071250051281059, "cov_cell": null}, "log1pPF": {"cov_gene": 1.0815163866992747, "r2_depth": 0.1007337313115364, "r_mono": 1.0, "cov_cell": 0.12528587499102847}, "PFlog1pPF": {"cov_gene": 1.2268234613880387, "r2_depth": 0, "r_mono": 1.0, "cov_cell": 7.883771863178941e-16}, "ncells": 77, "ngenes": 377, "avg_per_cell": 142.35, "avg_per_gene": 29.07, "min_cell": 53.0, "max_cell": 286.0, "overdispersion": 0.49, "total_count": 10961, "nvals": 5031, "density": 0.17330944917151814}