{"raw": {"cov_gene": 30.21888413320748, "r2_depth": 1.0, "r_mono": 1.0, "cov_cell": 1.8352312961755037}, "PF": {"cov_gene": 17.333405166465187, "r2_depth": 0, "r_mono": 1.0, "cov_cell": 5.691791679784216e-15}, "sqrt": {"cov_gene": 3.79238200103234, "r2_depth": 0.9649776565247842, "r_mono": 1.0, "cov_cell": 1.700035251046884}, "log1p": {"cov_gene": 1.487416114286732, "r2_depth": 0.9632259792488971, "r_mono": 1.0, "cov_cell": 1.7309834390732748}, "log1pCP10k": {"cov_gene": 1.1884540009248756, "r2_depth": 0.7424888615090113, "r_mono": 1.0, "cov_cell": 0.9954191941778634}, "log1pCPM": {"cov_gene": 0.8164637139583477, "r2_depth": 0.8468282584041126, "r_mono": 1.0, "cov_cell": 1.342375881395984}, "scalelog1pCP10k": {"cov_gene": 1.942464559250251e-15, "r2_depth": 0.7543469922551732, "r_mono": 0.3597160847257326, "cov_cell": null}, "sctransform": {"cov_gene": 0.5679999317449335, "r2_depth": 0.5313096717218309, "r_mono": 0.33520077598249487, "cov_cell": null}, "log1pPF": {"cov_gene": 1.7557016424508218, "r2_depth": 0.6222421859462768, "r_mono": 1.0, "cov_cell": 0.5756451571508}, "PFlog1pPF": {"cov_gene": 2.9818438429601795, "r2_depth": 0, "r_mono": 1.0, "cov_cell": 5.18893222662306e-15}, "ncells": 121, "ngenes": 2677, "avg_per_cell": 781.61, "avg_per_gene": 35.33, "min_cell": 230.0, "max_cell": 11681.0, "overdispersion": 1.52, "total_count": 94575, "nvals": 26663, "sparsity": 0.08231429656362586}