{"ncells": 121, "ngenes": 60623, "nvals": 46560, "avg_per_cell": 980.9173553719008, "avg_per_gene": 1.9578542797288159, "min_cell": 245, "max_cell": 16551, "total_count": 118691, "overdispersion": 1.5180279505500895, "raw": {"cov_gene": 141.89628939899973, "cov_cell": 2.0159037337807093, "r2_depth": 1.0, "r_mono": 1}, "PF": {"cov_gene": 84.47588723983745, "cov_cell": 9.780648809459184e-15, "r2_depth": 0, "r_mono": 1}, "log1p": {"cov_gene": 5.804766077692845, "cov_cell": 2.0350183634552215, "r2_depth": 0.983961441342241, "r_mono": 1}, "log1pPF": {"cov_gene": 7.101872726674801, "cov_cell": 0.6393540908711565, "r2_depth": 0.6155285421657658, "r_mono": 1}, "PFlog1pPF": {"cov_gene": 11.807590728601216, "cov_cell": 9.988133319558511e-15, "r2_depth": 0, "r_mono": 1}, "log1pCPM": {"cov_gene": 3.713453505108886, "cov_cell": 1.6188476371917164, "r2_depth": 0.9102634244955133, "r_mono": 1}, "log1pCP10k": {"cov_gene": 5.170974049756812, "cov_cell": 1.1216665885119546, "r2_depth": 0.7564837359746682, "r_mono": 1}, "sqrt": {"cov_gene": 13.016948539791482, "cov_cell": 2.0050678662249224, "r2_depth": 0.9837964752214402, "r_mono": 1}, "density": 0.006347316834035796}