{"raw": {"cov_gene": 30.21888413320748, "r2_depth": 1.0, "r_mono": 1.0}, "PF": {"cov_gene": 17.333405166465187, "r2_depth": 0, "r_mono": 1.0}, "sqrt": {"cov_gene": 3.79238200103234, "r2_depth": 0.9649776565247842, "r_mono": 1.0}, "log1p": {"cov_gene": 1.487416114286732, "r2_depth": 0.9632259792488971, "r_mono": 1.0}, "log1pCP10k": {"cov_gene": 1.1884540009248756, "r2_depth": 0.7424888615090113, "r_mono": 1.0}, "log1pCPM": {"cov_gene": 0.8164637139583477, "r2_depth": 0.8468282584041126, "r_mono": 1.0}, "scalelog1pCP10k": {"cov_gene": 1.942464559250251e-15, "r2_depth": 0.7543469922551732, "r_mono": 0.3597160847257326}, "sctransform": {"cov_gene": 0.5679999317449335, "r2_depth": 0.5313096717218309, "r_mono": 0.33520077598249487}, "log1pPF": {"cov_gene": 1.7557016424508218, "r2_depth": 0.6222421859462768, "r_mono": 1.0}, "PFlog1pPF": {"cov_gene": 2.9818438429601795, "r2_depth": 0, "r_mono": 1.0}}