{"ncells": 4954, "ngenes": 60623, "nvals": 14966635, "avg_per_cell": 10274.001009285426, "avg_per_gene": 839.5724559985484, "min_cell": 4243, "max_cell": 57856, "total_count": 50897401, "overdispersion": 0.24057682508179618, "raw": {"cov_gene": 62.404920283225955, "cov_cell": 0.371337753911411, "r2_depth": 1.0, "r_mono": 1}, "PF": {"cov_gene": 93.53814607394885, "cov_cell": 2.9055832689322926e-14, "r2_depth": 0, "r_mono": 1}, "log1p": {"cov_gene": 2.7855084160610497, "cov_cell": 0.27592024210156785, "r2_depth": 0.920003016228479, "r_mono": 1}, "log1pPF": {"cov_gene": 2.7122806799816668, "cov_cell": 0.09367263163981138, "r2_depth": 0.34666283627426664, "r_mono": 1}, "PFlog1pPF": {"cov_gene": 3.4726031728910844, "cov_cell": 2.886419127920829e-14, "r2_depth": 0, "r_mono": 1}, "log1pCPM": {"cov_gene": 2.176784267941901, "cov_cell": 0.17935340474587794, "r2_depth": 0.7829471531011052, "r_mono": 1}, "log1pCP10k": {"cov_gene": 2.7254527611678823, "cov_cell": 0.09315064796774451, "r2_depth": 0.3414134460164382, "r_mono": 1}, "sqrt": {"cov_gene": 3.880990767973533, "cov_cell": 0.27638064115035865, "r2_depth": 0.933901860167898, "r_mono": 1}, "density": 0.04983457295264496}