{"raw": {"cov_gene": 41.681016990397815, "r2_depth": 1.0, "r_mono": 1.0}, "PF": {"cov_gene": 62.487552146854114, "r2_depth": 0, "r_mono": 1.0}, "sqrt": {"cov_gene": 2.4865443567204304, "r2_depth": 0.9338281213609113, "r_mono": 1.0}, "log1p": {"cov_gene": 1.7078411597578826, "r2_depth": 0.9199087031201724, "r_mono": 1.0}, "log1pCP10k": {"cov_gene": 1.6638985126754433, "r2_depth": 0.3413054679632791, "r_mono": 1.0}, "log1pCPM": {"cov_gene": 1.2525908088620255, "r2_depth": 0.7826885992126651, "r_mono": 1.0}, "scalelog1pCP10k": {"cov_gene": 6.561530702492505e-14, "r2_depth": 0.29081872631809547, "r_mono": 0.45939703593650405}, "sctransform": {"cov_gene": 0.6318628991775386, "r2_depth": 0.22386895349066038, "r_mono": 0.2719288217481477}, "log1pPF": {"cov_gene": 1.6543782539555074, "r2_depth": 0.34648869770392243, "r_mono": 1.0}, "PFlog1pPF": {"cov_gene": 2.2028712037484324, "r2_depth": 0, "r_mono": 1.0}}