{"raw": {"cov_gene": 41.681016990397815, "r2_depth": 1.0, "r_mono": 1.0, "cov_cell": 0.37131775818580015}, "PF": {"cov_gene": 62.487552146854114, "r2_depth": 0, "r_mono": 1.0, "cov_cell": 3.9342721352564874e-14}, "sqrt": {"cov_gene": 2.4865443567204304, "r2_depth": 0.9338281213609113, "r_mono": 1.0, "cov_cell": 0.2763027751511498}, "log1p": {"cov_gene": 1.7078411597578826, "r2_depth": 0.9199087031201724, "r_mono": 1.0, "cov_cell": 0.27584319764094284}, "log1pCP10k": {"cov_gene": 1.6638985126754433, "r2_depth": 0.3413054679632791, "r_mono": 1.0, "cov_cell": 0.09316175803724948}, "log1pCPM": {"cov_gene": 1.2525908088620255, "r2_depth": 0.7826885992126651, "r_mono": 1.0, "cov_cell": 0.17927072875097252}, "scalelog1pCP10k": {"cov_gene": 6.561530702492505e-14, "r2_depth": 0.29081872631809547, "r_mono": 0.45939703593650405, "cov_cell": null}, "sctransform": {"cov_gene": 0.6318628991775386, "r2_depth": 0.22386895349066038, "r_mono": 0.2719288217481477, "cov_cell": null}, "log1pPF": {"cov_gene": 1.6543782539555074, "r2_depth": 0.34648869770392243, "r_mono": 1.0, "cov_cell": 0.0936770167944262}, "PFlog1pPF": {"cov_gene": 2.2028712037484324, "r2_depth": 0, "r_mono": 1.0, "cov_cell": 2.4533446513166882e-14}, "ncells": 4954, "ngenes": 27050, "avg_per_cell": 10270.66, "avg_per_gene": 1880.99, "min_cell": 4243.0, "max_cell": 57814.0, "overdispersion": 0.24, "total_count": 50880856, "nvals": 14950959, "sparsity": 0.11156957502553996}