{
  "ncells": 7247,
  "ngenes": 26474,
  "nvals": 11693304,
  "density": 0.06094799379775814,
  "total_counts": 33824827,
  "overdispersion": 1.07,
  "avg_per_cell": 4667.42,
  "avg_per_gene": 1277.66,
  "max_cell": 51900,
  "min_cell": 160,
  "raw": {
    "cov_gene": 32.98577521472709,
    "r2_depth": 1,
    "r_mono": 1,
    "cov_cell": 1.1863207255919754
  },
  "PF": {
    "cov_gene": 101.03168042904012,
    "r2_depth": 0,
    "r_mono": 1,
    "cov_cell": 1.8061117999030053e-14
  },
  "sqrt": {
    "cov_gene": 4.817037194394636,
    "r2_depth": 0.9656233990400908,
    "r_mono": 1,
    "cov_cell": 0.903435015549808
  },
  "log1p": {
    "cov_gene": 2.9428463585695956,
    "r2_depth": 0.9625397844704594,
    "r_mono": 1,
    "cov_cell": 0.9015980226410931
  },
  "log1pCP10k": {
    "cov_gene": 2.165441614825396,
    "r2_depth": 0.5612816203770015,
    "r_mono": 1,
    "cov_cell": 0.3861597823955543
  },
  "log1pCPM": {
    "cov_gene": 1.6108737458693887,
    "r2_depth": 0.8389395003480884,
    "r_mono": 1,
    "cov_cell": 0.6219233855760335
  },
  "scalelog1pCP10k": {
    "cov_gene": 1.0685421183814313e-13,
    "r2_depth": 0.5520414956113406,
    "r_mono": 0.3608824264162989,
    "cov_cell": null
  },
  "sctransform": {
    "cov_gene": 0.8290882494974646,
    "r2_depth": 0.6338959972403684,
    "r_mono": 0.1995823116549073,
    "cov_cell": null
  },
  "log1pPF": {
    "cov_gene": 2.4833709634734817,
    "r2_depth": 0.4572338149381965,
    "r_mono": 1,
    "cov_cell": 0.33016866058747824
  },
  "PFlog1pPF": {
    "cov_gene": 25.622839309692644,
    "r2_depth": 0,
    "r_mono": 1,
    "cov_cell": 1.4809290710846585e-14
  }
}
