{"ncells": 45999, "ngenes": 60623, "nvals": 2593252, "avg_per_cell": 70.25772299397813, "avg_per_gene": 53.30955248008182, "min_cell": 0, "max_cell": 13954, "total_count": 3231785, "overdispersion": 3.1848166200737267, "raw": {"cov_gene": 76.85394085827943, "cov_cell": 2.1654745763401024, "r2_depth": 1.0, "r_mono": 1}, "PF": {"cov_gene": 48.693664705113875, "cov_cell": 0.004662625403725167, "r2_depth": 0, "r_mono": 1}, "log1p": {"cov_gene": 13.065527842317303, "cov_cell": 1.1104490846313877, "r2_depth": 0.9153497037894128, "r_mono": 1}, "log1pPF": {"cov_gene": 12.816755040092366, "cov_cell": 0.10574222531943502, "r2_depth": 0.08249645642312664, "r_mono": 1}, "PFlog1pPF": {"cov_gene": 13.29350300851658, "cov_cell": 0.004662625403725166, "r2_depth": 0, "r_mono": 1}, "log1pCPM": {"cov_gene": 9.56733265707439, "cov_cell": 0.5835367811803143, "r2_depth": 0.6890048808163227, "r_mono": 1}, "log1pCP10k": {"cov_gene": 9.883615770371735, "cov_cell": 0.3930174564974363, "r2_depth": 0.3931967161805706, "r_mono": 1}, "sqrt": {"cov_gene": 12.754037164530324, "cov_cell": 1.1081775378229826, "r2_depth": 0.923706893545333, "r_mono": 1}, "density": 0.0009299485187029207}