{
    "raw": {
        "cov_gene": 41.02243738519574,
        "r2_depth": 1.0,
        "r_mono": 1.0
    },
    "PF": {
        "cov_gene": 26.031857443569326,
        "r2_depth": 0,
        "r_mono": 1.0
    },
    "sqrt": {
        "cov_gene": 6.792062642822865,
        "r2_depth": 0.9227655897168332,
        "r_mono": 1.0
    },
    "log1p": {
        "cov_gene": 6.958495607681905,
        "r2_depth": 0.9142997924217104,
        "r_mono": 1.0
    },
    "log1pCP10k": {
        "cov_gene": 5.240759490529043,
        "r2_depth": 0.39212711215374996,
        "r_mono": 1.0
    },
    "log1pCPM": {
        "cov_gene": 5.0695953203279185,
        "r2_depth": 0.6862383842409764,
        "r_mono": 1.0
    },
    "scalelog1pCP10k": {
        "cov_gene": 6.825334330600505e-13,
        "r2_depth": 0.45786453185362885,
        "r_mono": 0.09571679924793669
    },
    "sctransform": {
        "cov_gene": 0.42526597440796765,
        "r2_depth": 0.040499523383223046,
        "r_mono": 0.08943877415287063
    },
    "log1pPF": {
        "cov_gene": 6.82547368453661,
        "r2_depth": 0.08232452112478206,
        "r_mono": 1.0
    },
    "PFlog1pPF": {
        "cov_gene": 7.084035393491734,
        "r2_depth": 0,
        "r_mono": 1.0
    },
    "ncells": 45998,
    "ngenes": 17223,
    "avg_per_cell": 69.87,
    "avg_per_gene": 186.6,
    "min_cell": 2.0,
    "max_cell": 13915.0,
    "overdispersion": 3.18
}