{"ncells": 2006, "ngenes": 22789, "nvals": 3650934, "density": 0.07986339808955248, "avg_per_cell": 7008.276171485543, "avg_per_gene": 616.9029795076572, "min_cell": 1139, "max_cell": 140145, "total_count": 14058602, "overdispersion": 5.442121693797063, "raw": {"cov_gene": 87.19277638245674, "cov_cell": 1.3801804269952025, "r2_depth": 1, "r_mono": 1}, "PF": {"cov_gene": 52.828546574187065, "cov_cell": 2.3658213918750457e-14, "r2_depth": 0, "r_mono": 1}, "log1p": {"cov_gene": 2.2893191267700876, "cov_cell": 0.7964632730368449, "r2_depth": 0.9016279087602592, "r_mono": 1}, "sqrt": {"cov_gene": 7.960529578968078, "cov_cell": 0.820972651652762, "r2_depth": 0.9172664763349012, "r_mono": 1}, "log1pPF": {"cov_gene": 2.0170144385806594, "cov_cell": 0.19301740222917485, "r2_depth": 0.30265597013249657, "r_mono": 1}, "PFlog1pPF": {"cov_gene": 8.930831483217323, "cov_cell": 1.9624837035269267e-14, "r2_depth": 0, "r_mono": 1}, "log1pCPM": {"cov_gene": 1.2492473295328939, "cov_cell": 0.46463078788543727, "r2_depth": 0.6855725674186441, "r_mono": 1}, "log1pCP10k": {"cov_gene": 1.8478556698373307, "cov_cell": 0.21516416356458665, "r2_depth": 0.3463612227496192, "r_mono": 1}, "sctransform": {"cov_gene": 1.273052537745754, "cov_cell": null, "r2_depth": 0.3488192315209616, "r_mono": 0.2930051265217122}, "scalelog1pCP10k": {"cov_gene": 2.866041211418829e-14, "cov_cell": null, "r2_depth": 0.29878253393670884, "r_mono": 0.40940606773424176}}