{"raw": {"cov_gene": 38.88889632780939, "r2_depth": 1.0, "r_mono": 1.0, "cov_cell": 0.9852478141708577}, "PF": {"cov_gene": 43.48743024619445, "r2_depth": 0, "r_mono": 1.0, "cov_cell": 1.0148030927384722e-14}, "sqrt": {"cov_gene": 3.9503281353072004, "r2_depth": 0.941347455739444, "r_mono": 1.0, "cov_cell": 0.6994054073524908}, "log1p": {"cov_gene": 3.09009985288705, "r2_depth": 0.9319384722472613, "r_mono": 1.0, "cov_cell": 0.6900406275553533}, "log1pCP10k": {"cov_gene": 2.0990152859379974, "r2_depth": 0.5911195605393508, "r_mono": 1.0, "cov_cell": 0.29165415017482565}, "log1pCPM": {"cov_gene": 1.6950621661452754, "r2_depth": 0.8192898258422998, "r_mono": 1.0, "cov_cell": 0.47764844319548205}, "scalelog1pCP10k": {"cov_gene": 9.190866513827885e-14, "r2_depth": 0.6280154956823312, "r_mono": 0.2929430952607613, "cov_cell": null}, "sctransform": {"cov_gene": 0.6581293695992201, "r2_depth": 0.44382647516142704, "r_mono": 0.21777557736485942, "cov_cell": null}, "log1pPF": {"cov_gene": 2.845161000587243, "r2_depth": 0.3959753877661434, "r_mono": 1.0, "cov_cell": 0.17905094231731758}, "PFlog1pPF": {"cov_gene": 2.905791922146207, "r2_depth": 0, "r_mono": 1.0, "cov_cell": 7.474055272785828e-15}, "ncells": 6397, "ngenes": 22092, "avg_per_cell": 1849.45, "avg_per_gene": 535.53, "min_cell": 294.0, "max_cell": 22525.0, "overdispersion": 0.71, "total_count": 11830904, "nvals": 5044238, "sparsity": 0.03569309305571135}