{"ncells": 3245, "ngenes": 60623, "nvals": 465098, "avg_per_cell": 260.3362095531587, "avg_per_gene": 13.93515662372367, "min_cell": 2, "max_cell": 1793, "total_count": 844791, "overdispersion": 2.943073622418951, "raw": {"cov_gene": 172.81639440689415, "cov_cell": 0.601019599772645, "r2_depth": 1.0, "r_mono": 1}, "PF": {"cov_gene": 152.9339394859627, "cov_cell": 2.632804502112687e-15, "r2_depth": 0, "r_mono": 1}, "log1p": {"cov_gene": 11.098349916349365, "cov_cell": 0.5243911286221147, "r2_depth": 0.5998151689503457, "r_mono": 1}, "log1pPF": {"cov_gene": 10.830502959378398, "cov_cell": 0.3091958649245706, "r2_depth": 0.06000982372330277, "r_mono": 1}, "PFlog1pPF": {"cov_gene": 89.7220162394381, "cov_cell": 2.3306929418749136e-15, "r2_depth": 0, "r_mono": 1}, "log1pCPM": {"cov_gene": 4.878929327402694, "cov_cell": 0.4703026506651369, "r2_depth": 0.4753707074130106, "r_mono": 1}, "log1pCP10k": {"cov_gene": 5.350968863301812, "cov_cell": 0.41301687081540894, "r2_depth": 0.3552925443502756, "r_mono": 1}, "sqrt": {"cov_gene": 24.62789069371677, "cov_cell": 0.5204372957294937, "r2_depth": 0.6315954450109573, "r_mono": 1}, "density": 0.0023642442784699304}