{
  "ncells": 10669,
  "ngenes": 60623,
  "nvals": 3062753,
  "density": 0.00473533637600423,
  "total_counts": 9121936,
  "overdispersion": 24.523214167246447,
  "avg_per_cell": 854.9944699596963,
  "avg_per_gene": 150.46988766639726,
  "max_cell": 88303,
  "min_cell": 92,
  "raw": {
    "cov_gene": 98.04443772269424,
    "cov_cell": 4.903283169646147,
    "r2_depth": 1,
    "r_mono": 1
  },
  "PF": {
    "cov_gene": 19.441799329013577,
    "cov_cell": 8.017864690290207e-15,
    "r2_depth": 0,
    "r_mono": 1
  },
  "sqrt": {
    "cov_gene": 10.341975627418497,
    "cov_cell": 3.6480102193703274,
    "r2_depth": 0.9784133840368187,
    "r_mono": 1
  },
  "log1p": {
    "cov_gene": 5.4717468479449405,
    "cov_cell": 3.6520227608854396,
    "r2_depth": 0.9759122676902043,
    "r_mono": 1
  },
  "log1pCP10k": {
    "cov_gene": 5.986524985528613,
    "cov_cell": 0.9673073168086731,
    "r2_depth": 0.6770628585766997,
    "r_mono": 1
  },
  "log1pCPM": {
    "cov_gene": 4.6809886921494055,
    "cov_cell": 2.0542655197693636,
    "r2_depth": 0.88215995067617,
    "r_mono": 1
  },
  "log1pPF": {
    "cov_gene": 6.679533029688823,
    "cov_cell": 0.3579118322684454,
    "r2_depth": 0.45239586318462444,
    "r_mono": 1
  },
  "PFlog1pPF": {
    "cov_gene": 6.833318118511909,
    "cov_cell": 7.700368198679317e-15,
    "r2_depth": 0,
    "r_mono": 1
  }
}
