{
    "raw": {
        "cov_gene": 92.65497037879157,
        "r2_depth": 1.0,
        "r_mono": 1.0
    },
    "PF": {
        "cov_gene": 59.509131886919164,
        "r2_depth": 0,
        "r_mono": 1.0
    },
    "sqrt": {
        "cov_gene": 12.977297187942858,
        "r2_depth": 0.8814774529361519,
        "r_mono": 1.0
    },
    "log1p": {
        "cov_gene": 3.3643836277893997,
        "r2_depth": 0.8702840995007777,
        "r_mono": 1.0
    },
    "log1pCP10k": {
        "cov_gene": 2.9075972636297838,
        "r2_depth": 0.4594008225712761,
        "r_mono": 1.0
    },
    "log1pCPM": {
        "cov_gene": 1.6121713174028636,
        "r2_depth": 0.7328079731465345,
        "r_mono": 1.0
    },
    "scalelog1pCP10k": {
        "cov_gene": 1.0967009678396109e-13,
        "r2_depth": 0.4354417883819297,
        "r_mono": 0.3595627011887891
    },
    "sctransform": {
        "cov_gene": 0.9169251592447819,
        "r2_depth": 0.6566736553872837,
        "r_mono": 0.21502891843918645
    },
    "log1pPF": {
        "cov_gene": 3.2216275553746856,
        "r2_depth": 0.4247411030512279,
        "r_mono": 1.0
    },
    "PFlog1pPF": {
        "cov_gene": 6.217997272431692,
        "r2_depth": 0,
        "r_mono": 1.0
    },
    "ncells": "7633",
    "ngenes": 27795,
    "avg_per_cell": "6982.36",
    "avg_per_gene": "1917.48",
    "min_cell": "121",
    "max_cell": "93179",
    "overdispersion": "3.33"
}