{"raw": {"cov_gene": 92.65497037879157, "r2_depth": 1.0, "r_mono": 1.0, "cov_cell": 1.0686468199953827}, "PF": {"cov_gene": 59.509131886919164, "r2_depth": 0, "r_mono": 1.0, "cov_cell": 2.979919280992722e-14}, "sqrt": {"cov_gene": 12.977297187942858, "r2_depth": 0.8814774529361519, "r_mono": 1.0, "cov_cell": 0.8363922331244109}, "log1p": {"cov_gene": 3.3643836277893997, "r2_depth": 0.8702840995007777, "r_mono": 1.0, "cov_cell": 0.8316924379334724}, "log1pCP10k": {"cov_gene": 2.9075972636297838, "r2_depth": 0.4594008225712761, "r_mono": 1.0, "cov_cell": 0.4832073688627187}, "log1pCPM": {"cov_gene": 1.6121713174028636, "r2_depth": 0.7328079731465345, "r_mono": 1.0, "cov_cell": 0.6680914376825782}, "scalelog1pCP10k": {"cov_gene": 1.0967009678396109e-13, "r2_depth": 0.4354417883819297, "r_mono": 0.3595627011887891, "cov_cell": null}, "sctransform": {"cov_gene": 0.9169251592447819, "r2_depth": 0.6566736553872837, "r_mono": 0.21502891843918645, "cov_cell": null}, "log1pPF": {"cov_gene": 3.2216275553746856, "r2_depth": 0.4247411030512279, "r_mono": 1.0, "cov_cell": 0.45790654766711747}, "PFlog1pPF": {"cov_gene": 6.217997272431692, "r2_depth": 0, "r_mono": 1.0, "cov_cell": 1.9771354390290555e-14}, "ncells": 7633, "ngenes": 27795, "avg_per_cell": 6982.36, "avg_per_gene": 1917.48, "min_cell": 121.0, "max_cell": 93179.0, "overdispersion": 3.33, "total_count": 53296349, "nvals": 13784584, "density": 0.0649728210039973}