{"ncells": 7633, "ngenes": 60623, "nvals": 13800911, "avg_per_cell": 6984.569631861654, "avg_per_gene": 879.4223314583573, "min_cell": 121, "max_cell": 93237, "total_count": 53313220, "overdispersion": 3.3265122316677003, "raw": {"cov_gene": 136.8413347278545, "cov_cell": 1.0686065913137304, "r2_depth": 1.0, "r_mono": 1}, "PF": {"cov_gene": 87.90046672438025, "cov_cell": 2.6777194013867664e-14, "r2_depth": 0, "r_mono": 1}, "log1p": {"cov_gene": 5.082521269537335, "cov_cell": 0.8317670347804321, "r2_depth": 0.8704415304346468, "r_mono": 1}, "log1pPF": {"cov_gene": 4.876889563266758, "cov_cell": 0.45795690083972096, "r2_depth": 0.4247749321340809, "r_mono": 1}, "PFlog1pPF": {"cov_gene": 9.242321122133525, "cov_cell": 2.219066416148844e-14, "r2_depth": 0, "r_mono": 1}, "log1pCPM": {"cov_gene": 2.61317539748707, "cov_cell": 0.6682003011690646, "r2_depth": 0.7330329441555488, "r_mono": 1}, "log1pCP10k": {"cov_gene": 4.426273269094641, "cov_cell": 0.4832399404604529, "r2_depth": 0.459416285119999, "r_mono": 1}, "sqrt": {"cov_gene": 19.185550801563895, "cov_cell": 0.8364681913640244, "r2_depth": 0.881616948150142, "r_mono": 1}, "density": 0.02982463028073893}