{"raw": {"cov_gene": 47.524363388830096, "r2_depth": 1.0, "r_mono": 1.0, "cov_cell": 0.9638938543740284}, "PF": {"cov_gene": 56.510932611505616, "r2_depth": 0, "r_mono": 1.0, "cov_cell": 2.2345973315769897e-14}, "sqrt": {"cov_gene": 3.5986124346071264, "r2_depth": 0.9608178901977498, "r_mono": 1.0, "cov_cell": 0.5655148784042164}, "log1p": {"cov_gene": 1.9453184069910257, "r2_depth": 0.9542498080746564, "r_mono": 1.0, "cov_cell": 0.5515482201908161}, "log1pCP10k": {"cov_gene": 1.7781671409822248, "r2_depth": 0.4682917081303314, "r_mono": 1.0, "cov_cell": 0.10937117641793806}, "log1pCPM": {"cov_gene": 1.3699559593019777, "r2_depth": 0.808359034272951, "r_mono": 1.0, "cov_cell": 0.28766039903077817}, "scalelog1pCP10k": {"cov_gene": 4.3938146643036855e-14, "r2_depth": 0.5922919254631576, "r_mono": 0.4034710493558966, "cov_cell": null}, "sctransform": {"cov_gene": 0.5312041438482408, "r2_depth": 0.04586913123434633, "r_mono": 0.2851533823819646, "cov_cell": null}, "log1pPF": {"cov_gene": 1.9774133112424568, "r2_depth": 0.3940401645603684, "r_mono": 1.0, "cov_cell": 0.09137836066117619}, "PFlog1pPF": {"cov_gene": 2.0088834097544734, "r2_depth": 0, "r_mono": 1.0, "cov_cell": 1.686857138610589e-14}, "ncells": 3171, "ngenes": 23271, "avg_per_cell": 6052.62, "avg_per_gene": 824.75, "min_cell": 3323.0, "max_cell": 94086.0, "overdispersion": 0.86, "total_count": 19192853, "nvals": 5808531, "sparsity": 0.07871455114833666}