{
  "ncells": 992,
  "ngenes": 60623,
  "nvals": 475847,
  "density": 0.007912582284058058,
  "total_counts": 1138530,
  "overdispersion": 1.8135392133019657,
  "avg_per_cell": 1147.711693548387,
  "avg_per_gene": 18.78049585140953,
  "max_cell": 6505,
  "min_cell": 696,
  "raw": {
    "cov_gene": 227.63071054124956,
    "cov_cell": 0.4944228590660399,
    "r2_depth": 1,
    "r_mono": 1
  },
  "PF": {
    "cov_gene": 218.88494833314687,
    "cov_cell": 7.138613260892254e-15,
    "r2_depth": 0,
    "r_mono": 1
  },
  "sqrt": {
    "cov_gene": 27.030253427722297,
    "cov_cell": 0.4837672472370013,
    "r2_depth": 0.6866952733420959,
    "r_mono": 1
  },
  "log1p": {
    "cov_gene": 5.283086697079232,
    "cov_cell": 0.49100942082059557,
    "r2_depth": 0.66649970687857,
    "r_mono": 1
  },
  "log1pCP10k": {
    "cov_gene": 3.7562473163313332,
    "cov_cell": 0.3152812868461302,
    "r2_depth": 0.3049796359920698,
    "r_mono": 1
  },
  "log1pCPM": {
    "cov_gene": 3.443794352692306,
    "cov_cell": 0.40930908360858,
    "r2_depth": 0.537470198596018,
    "r_mono": 1
  },
  "log1pPF": {
    "cov_gene": 5.119290129603037,
    "cov_cell": 0.25037651310341114,
    "r2_depth": 0.057058660200417055,
    "r_mono": 1
  },
  "PFlog1pPF": {
    "cov_gene": 11.807469011582798,
    "cov_cell": 6.6718049260296536e-15,
    "r2_depth": 0,
    "r_mono": 1
  }
}
