{"raw": {"cov_gene": 102.8257375894073, "r2_depth": 1.0, "r_mono": 1.0, "cov_cell": 0.7667921448451137}, "PF": {"cov_gene": 112.26521327367077, "r2_depth": 0, "r_mono": 1.0, "cov_cell": 1.0762989093123908e-14}, "sqrt": {"cov_gene": 18.868159146145423, "r2_depth": 0.6626087474445026, "r_mono": 1.0, "cov_cell": 0.5514317019353405}, "log1p": {"cov_gene": 2.898751712341944, "r2_depth": 0.6336257124066664, "r_mono": 1.0, "cov_cell": 0.5500707436741706}, "log1pCP10k": {"cov_gene": 2.0166244767727255, "r2_depth": 0.05368027850997237, "r_mono": 1.0, "cov_cell": 0.2722569666704634}, "log1pCPM": {"cov_gene": 1.5150318979749604, "r2_depth": 0.3900608144345533, "r_mono": 1.0, "cov_cell": 0.384684135995979}, "scalelog1pCP10k": {"cov_gene": 6.811551675776589e-14, "r2_depth": 0.10394393029744564, "r_mono": 0.3340959058676072, "cov_cell": null}, "sctransform": {"cov_gene": 0.6727722902352395, "r2_depth": 0.09772201668721847, "r_mono": 0.2684268879111951, "cov_cell": null}, "log1pPF": {"cov_gene": 2.6990102059449264, "r2_depth": 0.006779556719411217, "r_mono": 1.0, "cov_cell": 0.2538762741774924}, "PFlog1pPF": {"cov_gene": 40.9691878302883, "r2_depth": 0, "r_mono": 1.0, "cov_cell": 9.86036333762847e-15}, "ncells": 4827, "ngenes": 24096, "avg_per_cell": 3821.72, "avg_per_gene": 765.58, "min_cell": 1359.0, "max_cell": 42591.0, "overdispersion": 7.78, "total_count": 18447432, "nvals": 5610505, "sparsity": 0.04823693452142676}