{"ncells": 4827, "ngenes": 60623, "nvals": 5626024, "avg_per_cell": 3825.067951108349, "avg_per_gene": 304.5643237715059, "min_cell": 1360, "max_cell": 42624, "total_count": 18463603, "overdispersion": 7.783499723084466, "raw": {"cov_gene": 163.10158175232408, "cov_cell": 0.7667287876378855, "r2_depth": 1.0, "r_mono": 1}, "PF": {"cov_gene": 178.11924317045893, "cov_cell": 1.4996894469181517e-14, "r2_depth": 0, "r_mono": 1}, "log1p": {"cov_gene": 4.749076133779266, "cov_cell": 0.5504831597813936, "r2_depth": 0.6343112095252528, "r_mono": 1}, "log1pPF": {"cov_gene": 4.444027212054702, "cov_cell": 0.25385125627797833, "r2_depth": 0.006871671185858741, "r_mono": 1}, "PFlog1pPF": {"cov_gene": 64.9785023729022, "cov_cell": 1.115220221300484e-14, "r2_depth": 0, "r_mono": 1}, "log1pCPM": {"cov_gene": 2.689614417595851, "cov_cell": 0.3850695716643381, "r2_depth": 0.39119799927115073, "r_mono": 1}, "log1pCP10k": {"cov_gene": 3.4179379790613607, "cov_cell": 0.272258886134148, "r2_depth": 0.05396351849283709, "r_mono": 1}, "sqrt": {"cov_gene": 29.900777941461705, "cov_cell": 0.5518530640048822, "r2_depth": 0.6632031775873137, "r_mono": 1}, "density": 0.019225907900071948}