{"raw": {"cov_gene": 58.590735279386664, "r2_depth": 1.0, "r_mono": 1.0}, "PF": {"cov_gene": 86.73012570453835, "r2_depth": 0, "r_mono": 1.0}, "sqrt": {"cov_gene": 6.534354017095143, "r2_depth": 0.9421064457648962, "r_mono": 1.0}, "log1p": {"cov_gene": 2.369081695493527, "r2_depth": 0.9315197366890183, "r_mono": 1.0}, "log1pCP10k": {"cov_gene": 2.142862928646128, "r2_depth": 0.45969678751925624, "r_mono": 1.0}, "log1pCPM": {"cov_gene": 1.3983359534596473, "r2_depth": 0.7909945049070102, "r_mono": 1.0}, "scalelog1pCP10k": {"cov_gene": 5.801030254153456e-14, "r2_depth": 0.4006085088162701, "r_mono": 0.42582496325216584}, "sctransform": {"cov_gene": 0.9207977926680694, "r2_depth": 0.2658540933665656, "r_mono": 0.2744323379648129}, "log1pPF": {"cov_gene": 2.232206092443232, "r2_depth": 0.43659510013739333, "r_mono": 1.0}, "PFlog1pPF": {"cov_gene": 4.565773008365353, "r2_depth": 0, "r_mono": 1.0}}