{"raw": {"cov_gene": 58.590735279386664, "r2_depth": 1.0, "r_mono": 1.0, "cov_cell": 0.7468493232759874}, "PF": {"cov_gene": 86.73012570453835, "r2_depth": 0, "r_mono": 1.0, "cov_cell": 3.4253038219084124e-14}, "sqrt": {"cov_gene": 6.534354017095143, "r2_depth": 0.9421064457648962, "r_mono": 1.0, "cov_cell": 0.5410958104391069}, "log1p": {"cov_gene": 2.369081695493527, "r2_depth": 0.9315197366890183, "r_mono": 1.0, "cov_cell": 0.5363070411405455}, "log1pCP10k": {"cov_gene": 2.142862928646128, "r2_depth": 0.45969678751925624, "r_mono": 1.0, "cov_cell": 0.1731791214124857}, "log1pCPM": {"cov_gene": 1.3983359534596473, "r2_depth": 0.7909945049070102, "r_mono": 1.0, "cov_cell": 0.34701192359024086}, "scalelog1pCP10k": {"cov_gene": 5.801030254153456e-14, "r2_depth": 0.4006085088162701, "r_mono": 0.42582496325216584, "cov_cell": null}, "sctransform": {"cov_gene": 0.9207977926680694, "r2_depth": 0.2658540933665656, "r_mono": 0.2744323379648129, "cov_cell": null}, "log1pPF": {"cov_gene": 2.232206092443232, "r2_depth": 0.43659510013739333, "r_mono": 1.0, "cov_cell": 0.16673499625606616}, "PFlog1pPF": {"cov_gene": 4.565773008365353, "r2_depth": 0, "r_mono": 1.0, "cov_cell": 2.022516245251385e-14}, "ncells": 4089, "ngenes": 26400, "avg_per_cell": 8680.85, "avg_per_gene": 1344.55, "min_cell": 2861.0, "max_cell": 76349.0, "overdispersion": 1.47, "total_count": 35496017, "nvals": 9465372, "sparsity": 0.0876832521843527}