{
    "raw": {
        "cov_gene": 56.434833799117854,
        "r2_depth": 1.0,
        "r_mono": 1.0
    },
    "PF": {
        "cov_gene": 41.73696508085175,
        "r2_depth": 0,
        "r_mono": 1.0
    },
    "sqrt": {
        "cov_gene": 7.920920330487417,
        "r2_depth": 0.9272870077965608,
        "r_mono": 1.0
    },
    "log1p": {
        "cov_gene": 3.40633804703089,
        "r2_depth": 0.9213941332188489,
        "r_mono": 1.0
    },
    "log1pCP10k": {
        "cov_gene": 2.9932862166829453,
        "r2_depth": 0.47707428127958496,
        "r_mono": 1.0
    },
    "log1pCPM": {
        "cov_gene": 1.8040702632854277,
        "r2_depth": 0.7281079344910975,
        "r_mono": 1.0
    },
    "scalelog1pCP10k": {
        "cov_gene": 1.8449471867563185e-13,
        "r2_depth": 0.5052705874072941,
        "r_mono": 0.2887423419616892
    },
    "sctransform": {
        "cov_gene": 1.1440825110749013,
        "r2_depth": 0.6234840844764445,
        "r_mono": 0.1653945858616236
    },
    "log1pPF": {
        "cov_gene": 3.4250896693181208,
        "r2_depth": 0.42491015507683916,
        "r_mono": 1.0
    },
    "PFlog1pPF": {
        "cov_gene": 4.964605314693695,
        "r2_depth": 0,
        "r_mono": 1.0
    },
    "ncells": "12262",
    "ngenes": 30829,
    "avg_per_cell": "4653.75",
    "avg_per_gene": "1850.99",
    "min_cell": "177",
    "max_cell": "142080",
    "overdispersion": "2.86"
}