{"ncells": 12262, "ngenes": 60623, "nvals": 17797499, "avg_per_cell": 4655.108709835264, "avg_per_gene": 941.5723900169902, "min_cell": 178, "max_cell": 142110, "total_count": 57080943, "overdispersion": 2.860330751806099, "raw": {"cov_gene": 79.1438827084471, "cov_cell": 1.9984520530765644, "r2_depth": 1.0, "r_mono": 1}, "PF": {"cov_gene": 58.51612173070487, "cov_cell": 1.958940342034792e-14, "r2_depth": 0, "r_mono": 1}, "log1p": {"cov_gene": 4.874420575456596, "cov_cell": 1.4667677612254524, "r2_depth": 0.9215086792181512, "r_mono": 1}, "log1pPF": {"cov_gene": 4.900588540702221, "cov_cell": 0.5480826387016849, "r2_depth": 0.4249514482238056, "r_mono": 1}, "PFlog1pPF": {"cov_gene": 7.029227879038819, "cov_cell": 1.737041749157614e-14, "r2_depth": 0, "r_mono": 1}, "log1pCPM": {"cov_gene": 2.7116157126273635, "cov_cell": 1.059120019254694, "r2_depth": 0.7283800213914878, "r_mono": 1}, "log1pCP10k": {"cov_gene": 4.309244485662002, "cov_cell": 0.6619424955668618, "r2_depth": 0.47711315567497525, "r_mono": 1}, "sqrt": {"cov_gene": 11.146096940655037, "cov_cell": 1.4757943621541703, "r2_depth": 0.9273952355969335, "r_mono": 1}, "density": 0.02394198979108386}