{
  "ncells": 2158,
  "ngenes": 19140,
  "nvals": 2361420,
  "density": 0.05717153639879024,
  "total_counts": 9001871,
  "overdispersion": 31.86,
  "avg_per_cell": 4171.4,
  "avg_per_gene": 470.32,
  "max_cell": 41352,
  "min_cell": 409,
  "raw": {
    "cov_gene": 78.77825909813255,
    "r2_depth": 1,
    "r_mono": 1,
    "cov_cell": 1.1488968138189715
  },
  "PF": {
    "cov_gene": 55.39019032621176,
    "r2_depth": 0,
    "r_mono": 1,
    "cov_cell": 1.387464614568536e-14
  },
  "sqrt": {
    "cov_gene": 17.13715252027007,
    "r2_depth": 0.652823346635045,
    "r_mono": 1,
    "cov_cell": 0.7551421942875838
  },
  "log1p": {
    "cov_gene": 2.8015078233310726,
    "r2_depth": 0.6275802916248919,
    "r_mono": 1,
    "cov_cell": 0.7481870260194307
  },
  "log1pCP10k": {
    "cov_gene": 2.0593953111311087,
    "r2_depth": 0.12262235795026477,
    "r_mono": 1,
    "cov_cell": 0.339579063813658
  },
  "log1pCPM": {
    "cov_gene": 1.4911439257226162,
    "r2_depth": 0.4783395646303631,
    "r_mono": 1,
    "cov_cell": 0.5220880864813051
  },
  "scalelog1pCP10k": {
    "cov_gene": 3.162081303253578e-14,
    "r2_depth": 0.18978181213978051,
    "r_mono": 0.3531125721632071,
    "cov_cell": null
  },
  "sctransform": {
    "cov_gene": 0.5760249887986216,
    "r2_depth": 0.32330217759902935,
    "r_mono": 0.24797110760921573,
    "cov_cell": null
  },
  "log1pPF": {
    "cov_gene": 2.506502933080276,
    "r2_depth": 0.03638476602448559,
    "r_mono": 1,
    "cov_cell": 0.2971617409995392
  },
  "PFlog1pPF": {
    "cov_gene": 4.65674273973744,
    "r2_depth": 0,
    "r_mono": 1,
    "cov_cell": 9.8195222919348e-15
  }
}
