{"raw": {"cov_gene": 104.05123843182848, "r2_depth": 1.0, "r_mono": 1.0, "cov_cell": 1.2296490090362622}, "PF": {"cov_gene": 15.01901142770818, "r2_depth": 0, "r_mono": 1.0, "cov_cell": 1.7557190654489154e-14}, "sqrt": {"cov_gene": 10.111125898259408, "r2_depth": 0.9907213219383243, "r_mono": 1.0, "cov_cell": 1.1876664457625543}, "log1p": {"cov_gene": 4.317812034425425, "r2_depth": 0.9894248121279636, "r_mono": 1.0, "cov_cell": 1.1884030451853547}, "log1pCP10k": {"cov_gene": 3.2431814046276055, "r2_depth": 0.9367771330310253, "r_mono": 1.0, "cov_cell": 1.0042629801059364}, "log1pCPM": {"cov_gene": 1.790359672968779, "r2_depth": 0.9708050884722993, "r_mono": 1.0, "cov_cell": 1.1161650535943934}, "scalelog1pCP10k": {"cov_gene": 5.4220153347943365e-14, "r2_depth": 0.9371708629740622, "r_mono": 0.238539352445188, "cov_cell": null}, "sctransform": {"cov_gene": 0.6041240762660418, "r2_depth": 0.9240765659258603, "r_mono": 0.17362222950454337, "cov_cell": null}, "log1pPF": {"cov_gene": 4.883523098506096, "r2_depth": 0.9114407250204575, "r_mono": 1.0, "cov_cell": 0.8534605763722488}, "PFlog1pPF": {"cov_gene": 6.476099717363507, "r2_depth": 0, "r_mono": 1.0, "cov_cell": 1.5602307483573526e-14}, "ncells": 3719, "ngenes": 21117, "avg_per_cell": 1897.86, "avg_per_gene": 334.24, "min_cell": 27.0, "max_cell": 11044.0, "overdispersion": 1.55, "total_count": 7058157, "nvals": 2811919, "sparsity": 0.035805060177472155}