{"ncells": 3719, "ngenes": 60623, "nvals": 2826297, "avg_per_cell": 1902.0282333960743, "avg_per_gene": 116.68249674216057, "min_cell": 29, "max_cell": 11089, "total_count": 7073643, "overdispersion": 1.553132617618812, "raw": {"cov_gene": 176.2870371034525, "cov_cell": 1.2297306146169782, "r2_depth": 1.0, "r_mono": 1}, "PF": {"cov_gene": 25.43505373654206, "cov_cell": 1.3666549720441036e-14, "r2_depth": 0, "r_mono": 1}, "log1p": {"cov_gene": 7.419687145639433, "cov_cell": 1.1885983006017455, "r2_depth": 0.9895053364367543, "r_mono": 1}, "log1pPF": {"cov_gene": 8.363779187426768, "cov_cell": 0.8537286738407438, "r2_depth": 0.9114113862082956, "r_mono": 1}, "PFlog1pPF": {"cov_gene": 11.027870121732281, "cov_cell": 1.3096593159145943e-14, "r2_depth": 0, "r_mono": 1}, "log1pCPM": {"cov_gene": 3.308951634148276, "cov_cell": 1.1164549638468098, "r2_depth": 0.9709590382059388, "r_mono": 1}, "log1pCP10k": {"cov_gene": 5.644501648327974, "cov_cell": 1.0044199770550681, "r2_depth": 0.936809456107395, "r_mono": 1}, "sqrt": {"cov_gene": 17.13449009109103, "cov_cell": 1.1878729875175655, "r2_depth": 0.9907909859977273, "r_mono": 1}, "density": 0.012535861781888752}