{"ncells": 1991, "ngenes": 9685, "nvals": 415279, "density": 0.02153620046015018, "avg_per_cell": 345.22903063787044, "avg_per_gene": 70.97067630356221, "min_cell": 47, "max_cell": 3454, "total_count": 687351, "overdispersion": 2.922525367700348, "raw": {"cov_gene": 49.35016500629099, "cov_cell": 1.0380143979865368, "r2_depth": 1, "r_mono": 1}, "PF": {"cov_gene": 32.27238602403357, "cov_cell": 2.799673928128362e-15, "r2_depth": 0, "r_mono": 1}, "log1p": {"cov_gene": 3.3604888847855925, "cov_cell": 0.8710216588606553, "r2_depth": 0.9800011791674412, "r_mono": 1}, "sqrt": {"cov_gene": 4.323368887859228, "cov_cell": 0.8580345265630905, "r2_depth": 0.979392956889391, "r_mono": 1}, "log1pPF": {"cov_gene": 3.4578940898174286, "cov_cell": 0.25135471586327707, "r2_depth": 0.5506116738517297, "r_mono": 1}, "PFlog1pPF": {"cov_gene": 4.022440127061407, "cov_cell": 2.486180167326488e-15, "r2_depth": 0, "r_mono": 1}, "log1pCPM": {"cov_gene": 2.016831850694998, "cov_cell": 0.6557770937908441, "r2_depth": 0.9268321488764917, "r_mono": 1}, "log1pCP10k": {"cov_gene": 2.3171681367056434, "cov_cell": 0.5205847091187367, "r2_depth": 0.8570021862580102, "r_mono": 1}, "sctransform": {"cov_gene": 0.6282968136391793, "cov_cell": null, "r2_depth": 0.10309000532511736, "r_mono": 0.20856809857880815}, "scalelog1pCP10k": {"cov_gene": 2.987079764394365e-14, "cov_cell": null, "r2_depth": 0.9190295113530417, "r_mono": 0.2328949168249646}}