{
    "raw": {
        "cov_gene": 53.430532820800366,
        "r2_depth": 1.0,
        "r_mono": 1.0
    },
    "PF": {
        "cov_gene": 6.380702168802779,
        "r2_depth": 0,
        "r_mono": 1.0
    },
    "sqrt": {
        "cov_gene": 5.70288562074613,
        "r2_depth": 0.9822865143023708,
        "r_mono": 1.0
    },
    "log1p": {
        "cov_gene": 4.792318770893044,
        "r2_depth": 0.9834734959623633,
        "r_mono": 1.0
    },
    "log1pCP10k": {
        "cov_gene": 3.68087489619763,
        "r2_depth": 0.863428782152594,
        "r_mono": 1.0
    },
    "log1pCPM": {
        "cov_gene": 3.2605354141811915,
        "r2_depth": 0.929580612141091,
        "r_mono": 1.0
    },
    "scalelog1pCP10k": {
        "cov_gene": 1.8839124978636968e-13,
        "r2_depth": 0.914527085300694,
        "r_mono": 0.099052456422026
    },
    "sctransform": {
        "cov_gene": 0.7337044767032468,
        "r2_depth": 0.3989167766256856,
        "r_mono": 0.0953431303130483
    },
    "log1pPF": {
        "cov_gene": 4.750915225089474,
        "r2_depth": 0.4972773736456353,
        "r_mono": 1.0
    },
    "PFlog1pPF": {
        "cov_gene": 4.855310799651048,
        "r2_depth": 0,
        "r_mono": 1.0
    },
    "ncells": 12835,
    "ngenes": 11230,
    "avg_per_cell": 73.75,
    "avg_per_gene": 84.29,
    "min_cell": 14.0,
    "max_cell": 3497.0,
    "overdispersion": 19.45
}