{
    "raw": {
        "cov_gene": 24.9570251775811,
        "r2_depth": 1.0,
        "r_mono": 1.0
    },
    "PF": {
        "cov_gene": 62.68225512400414,
        "r2_depth": 0,
        "r_mono": 1.0
    },
    "sqrt": {
        "cov_gene": 3.325473321849336,
        "r2_depth": 0.978727356424832,
        "r_mono": 1.0
    },
    "log1p": {
        "cov_gene": 2.9307713424213726,
        "r2_depth": 0.9781602572885412,
        "r_mono": 1.0
    },
    "log1pCP10k": {
        "cov_gene": 1.9833531075112942,
        "r2_depth": 0.7198434525961492,
        "r_mono": 1.0
    },
    "log1pCPM": {
        "cov_gene": 1.5632337321047394,
        "r2_depth": 0.899354296198273,
        "r_mono": 1.0
    },
    "scalelog1pCP10k": {
        "cov_gene": 5.4934153800756766e-14,
        "r2_depth": 0.7207411224637964,
        "r_mono": 0.328840913147393
    },
    "sctransform": {
        "cov_gene": 0.4581370112615178,
        "r2_depth": 0.6061365864581556,
        "r_mono": 0.22791757626519393
    },
    "log1pPF": {
        "cov_gene": 2.716347133510774,
        "r2_depth": 0.5607016150421561,
        "r_mono": 1.0
    },
    "PFlog1pPF": {
        "cov_gene": 4.206316952834043,
        "r2_depth": 0,
        "r_mono": 1.0
    },
    "ncells": 3829,
    "ngenes": 22825,
    "avg_per_cell": 2073.62,
    "avg_per_gene": 347.86,
    "min_cell": 115.0,
    "max_cell": 18106.0,
    "overdispersion": 0.47
}