{
  "ncells": 16613,
  "ngenes": 60623,
  "nvals": 15814585,
  "density": 0.01570262685647862,
  "total_counts": 41236247,
  "overdispersion": 0.5893948050986695,
  "avg_per_cell": 2482.16739902486,
  "avg_per_gene": 680.2079573759135,
  "max_cell": 95446,
  "min_cell": 443,
  "raw": {
    "cov_gene": 73.23603274159005,
    "cov_cell": 0.9956236300836426,
    "r2_depth": 1,
    "r_mono": 1
  },
  "PF": {
    "cov_gene": 83.26770633730492,
    "cov_cell": 1.0833052195721254e-14,
    "r2_depth": 0,
    "r_mono": 1
  },
  "sqrt": {
    "cov_gene": 7.192145737644971,
    "cov_cell": 0.6847382655729092,
    "r2_depth": 0.9340890792806473,
    "r_mono": 1
  },
  "log1p": {
    "cov_gene": 4.847049148197848,
    "cov_cell": 0.6766756178816479,
    "r2_depth": 0.9266798238088819,
    "r_mono": 1
  },
  "log1pCP10k": {
    "cov_gene": 3.460150241014218,
    "cov_cell": 0.2516715470899811,
    "r2_depth": 0.586979979704816,
    "r_mono": 1
  },
  "log1pCPM": {
    "cov_gene": 2.888855308134945,
    "cov_cell": 0.44871190292322866,
    "r2_depth": 0.792372918646254,
    "r_mono": 1
  },
  "log1pPF": {
    "cov_gene": 4.416059224823552,
    "cov_cell": 0.16137030058003282,
    "r2_depth": 0.4539482922517727,
    "r_mono": 1
  },
  "PFlog1pPF": {
    "cov_gene": 4.645374382922175,
    "cov_cell": 1.2187799893351475e-14,
    "r2_depth": 0,
    "r_mono": 1
  }
}
