{"raw": {"cov_gene": 47.56412039598193, "r2_depth": 1.0, "r_mono": 1.0, "cov_cell": 0.794875762570776}, "PF": {"cov_gene": 39.13394449204444, "r2_depth": 0, "r_mono": 1.0, "cov_cell": 2.466522735389343e-14}, "sqrt": {"cov_gene": 5.4092860354317756, "r2_depth": 0.9536889715471193, "r_mono": 1.0, "cov_cell": 0.6379464374092472}, "log1p": {"cov_gene": 2.489693629688048, "r2_depth": 0.9471728285651104, "r_mono": 1.0, "cov_cell": 0.63227489439355}, "log1pCP10k": {"cov_gene": 2.1878369248866525, "r2_depth": 0.5449613131246613, "r_mono": 1.0, "cov_cell": 0.350071325423686}, "log1pCPM": {"cov_gene": 1.316489128800869, "r2_depth": 0.8162059516428474, "r_mono": 1.0, "cov_cell": 0.49316937196441535}, "scalelog1pCP10k": {"cov_gene": 4.6676874673229697e-14, "r2_depth": 0.5637081741638117, "r_mono": 0.4234745913950281, "cov_cell": null}, "sctransform": {"cov_gene": 0.7381966246037978, "r2_depth": 0.35830882339316306, "r_mono": 0.2572632148455689, "cov_cell": null}, "log1pPF": {"cov_gene": 2.4189487854329466, "r2_depth": 0.5108982974847421, "r_mono": 1.0, "cov_cell": 0.33318666996075835}, "PFlog1pPF": {"cov_gene": 6.05720587469572, "r2_depth": 0, "r_mono": 1.0, "cov_cell": 2.1213173569872533e-14}, "ncells": 3318, "ngenes": 23655, "avg_per_cell": 7151.14, "avg_per_gene": 1003.06, "min_cell": 130.0, "max_cell": 81014.0, "overdispersion": 1.35, "total_count": 23727469, "nvals": 6831649, "sparsity": 0.08704146875245661}