{"ncells": 3318, "ngenes": 60623, "nvals": 6847259, "avg_per_cell": 7156.136528028933, "avg_per_gene": 391.667535423849, "min_cell": 130, "max_cell": 81248, "total_count": 23744061, "overdispersion": 1.3512383250347104, "raw": {"cov_gene": 76.15177345835464, "cov_cell": 0.7950541010906547, "r2_depth": 1.0, "r_mono": 1}, "PF": {"cov_gene": 62.66345005122087, "cov_cell": 2.6221601544403068e-14, "r2_depth": 0, "r_mono": 1}, "log1p": {"cov_gene": 4.170211177508197, "cov_cell": 0.6327312032764569, "r2_depth": 0.9474384109816816, "r_mono": 1}, "log1pPF": {"cov_gene": 4.062769709641172, "cov_cell": 0.33329476882875314, "r2_depth": 0.511061444942868, "r_mono": 1}, "PFlog1pPF": {"cov_gene": 9.747334174671098, "cov_cell": 2.3863563239695753e-14, "r2_depth": 0, "r_mono": 1}, "log1pCPM": {"cov_gene": 2.4424159825873524, "cov_cell": 0.49357484021617376, "r2_depth": 0.8168180513238356, "r_mono": 1}, "log1pCP10k": {"cov_gene": 3.7129819064600347, "cov_cell": 0.3501609474133378, "r2_depth": 0.5450958220494164, "r_mono": 1}, "sqrt": {"cov_gene": 8.736320084830593, "cov_cell": 0.6384056667287091, "r2_depth": 0.9539174083241047, "r_mono": 1}, "density": 0.034041050173854344}