{
    "raw": {
        "cov_gene": 47.56412039598193,
        "r2_depth": 1.0,
        "r_mono": 1.0
    },
    "PF": {
        "cov_gene": 39.13394449204444,
        "r2_depth": 0,
        "r_mono": 1.0
    },
    "sqrt": {
        "cov_gene": 5.4092860354317756,
        "r2_depth": 0.9536889715471193,
        "r_mono": 1.0
    },
    "log1p": {
        "cov_gene": 2.489693629688048,
        "r2_depth": 0.9471728285651104,
        "r_mono": 1.0
    },
    "log1pCP10k": {
        "cov_gene": 2.1878369248866525,
        "r2_depth": 0.5449613131246613,
        "r_mono": 1.0
    },
    "log1pCPM": {
        "cov_gene": 1.316489128800869,
        "r2_depth": 0.8162059516428474,
        "r_mono": 1.0
    },
    "scalelog1pCP10k": {
        "cov_gene": 4.6676874673229697e-14,
        "r2_depth": 0.5637081741638117,
        "r_mono": 0.4234745913950281
    },
    "sctransform": {
        "cov_gene": 0.7381966246037978,
        "r2_depth": 0.35830882339316306,
        "r_mono": 0.2572632148455689
    },
    "log1pPF": {
        "cov_gene": 2.4189487854329466,
        "r2_depth": 0.5108982974847421,
        "r_mono": 1.0
    },
    "PFlog1pPF": {
        "cov_gene": 6.05720587469572,
        "r2_depth": 0,
        "r_mono": 1.0
    },
    "ncells": "3318",
    "ngenes": 23655,
    "avg_per_cell": "7151.14",
    "avg_per_gene": "1003.06",
    "min_cell": "130",
    "max_cell": "81014",
    "overdispersion": "1.35"
}