{"ncells": 9797, "ngenes": 60623, "nvals": 989566, "avg_per_cell": 198.29386546902114, "avg_per_gene": 32.04534582584168, "min_cell": 1, "max_cell": 4404, "total_count": 1942685, "overdispersion": 2.3260334206746487, "raw": {"cov_gene": 212.10184392090582, "cov_cell": 0.6591777669751911, "r2_depth": 1.0, "r_mono": 1}, "PF": {"cov_gene": 176.16425938550134, "cov_cell": 2.417473687638737e-15, "r2_depth": 0, "r_mono": 1}, "log1p": {"cov_gene": 14.724280073372931, "cov_cell": 0.5470517894639761, "r2_depth": 0.6533182453666453, "r_mono": 1}, "log1pPF": {"cov_gene": 13.351272726008784, "cov_cell": 0.2515698715886668, "r2_depth": 0.03331734738287084, "r_mono": 1}, "PFlog1pPF": {"cov_gene": 45.0644947840413, "cov_cell": 1.439362138908191e-15, "r2_depth": 0, "r_mono": 1}, "log1pCPM": {"cov_gene": 5.4615468533229, "cov_cell": 0.4816022697568509, "r2_depth": 0.5599635181419164, "r_mono": 1}, "log1pCP10k": {"cov_gene": 6.013986843360626, "cov_cell": 0.403911042596944, "r2_depth": 0.443381015452294, "r_mono": 1}, "sqrt": {"cov_gene": 34.52936605430357, "cov_cell": 0.5461580704973842, "r2_depth": 0.6877005864856967, "r_mono": 1}, "density": 0.0016661505199732523}