{"raw": {"cov_gene": 106.66343228819845, "r2_depth": 1.0, "r_mono": 1.0, "cov_cell": 0.6618105185627234}, "PF": {"cov_gene": 88.41504507464008, "r2_depth": 0, "r_mono": 1.0, "cov_cell": 2.285156652801218e-15}, "sqrt": {"cov_gene": 17.632383020423514, "r2_depth": 0.6858488860832994, "r_mono": 1.0, "cov_cell": 0.5448639680643195}, "log1p": {"cov_gene": 7.489169618079599, "r2_depth": 0.6507147283759285, "r_mono": 1.0, "cov_cell": 0.5455961041768361}, "log1pCP10k": {"cov_gene": 2.9703768191337567, "r2_depth": 0.44004144606930706, "r_mono": 1.0, "cov_cell": 0.40274490295956394}, "log1pCPM": {"cov_gene": 2.6762577303810544, "r2_depth": 0.5570052549953131, "r_mono": 1.0, "cov_cell": 0.4801949862426134}, "scalelog1pCP10k": {"cov_gene": 1.4642123460411484e-13, "r2_depth": 0.44160941325114556, "r_mono": 0.13085194193416147, "cov_cell": null}, "sctransform": {"cov_gene": 1.1275990333797765, "r2_depth": 0.024022863086138768, "r_mono": 0.12029923225924688, "cov_cell": null}, "log1pPF": {"cov_gene": 6.768021044531951, "r2_depth": 0.030890280067716547, "r_mono": 1.0, "cov_cell": 0.251130401625527}, "PFlog1pPF": {"cov_gene": 22.62709473876941, "r2_depth": 0, "r_mono": 1.0, "cov_cell": 1.2588432811641234e-15}, "ncells": 9797, "ngenes": 15323, "avg_per_cell": 196.21, "avg_per_gene": 125.45, "min_cell": 1.0, "max_cell": 4400.0, "overdispersion": 2.33, "total_count": 1922277, "nvals": 969255, "density": 0.006456559244485812}