{
  "ncells": 3683,
  "ngenes": 23797,
  "nvals": 4445885,
  "density": 0.05072642959042506,
  "total_counts": 9793729,
  "overdispersion": 0.47,
  "avg_per_cell": 2659.17,
  "avg_per_gene": 411.55,
  "max_cell": 13535,
  "min_cell": 62,
  "raw": {
    "cov_gene": 38.860567003802956,
    "r2_depth": 1,
    "r_mono": 1,
    "cov_cell": 0.856122076216417
  },
  "PF": {
    "cov_gene": 53.61735320400813,
    "r2_depth": 0,
    "r_mono": 1,
    "cov_cell": 1.517779552748788e-14
  },
  "sqrt": {
    "cov_gene": 3.753550307812343,
    "r2_depth": 0.9844790145723232,
    "r_mono": 1,
    "cov_cell": 0.7429345225317158
  },
  "log1p": {
    "cov_gene": 2.9155130342545004,
    "r2_depth": 0.9839348753704505,
    "r_mono": 1,
    "cov_cell": 0.7455105374452886
  },
  "log1pCP10k": {
    "cov_gene": 2.0208961199300677,
    "r2_depth": 0.7638704259714242,
    "r_mono": 1,
    "cov_cell": 0.43381685692488947
  },
  "log1pCPM": {
    "cov_gene": 1.5061111218083252,
    "r2_depth": 0.925169585067633,
    "r_mono": 1,
    "cov_cell": 0.592134905204007
  },
  "scalelog1pCP10k": {
    "cov_gene": 5.282083874348548e-14,
    "r2_depth": 0.7367958502500155,
    "r_mono": 0.3410573311183169,
    "cov_cell": null
  },
  "sctransform": {
    "cov_gene": 0.5049468790567111,
    "r2_depth": 0.6953059877580801,
    "r_mono": 0.23458866706338227,
    "cov_cell": null
  },
  "log1pPF": {
    "cov_gene": 2.7094302769775305,
    "r2_depth": 0.6271724104409404,
    "r_mono": 1,
    "cov_cell": 0.34620388813156144
  },
  "PFlog1pPF": {
    "cov_gene": 5.457368349010692,
    "r2_depth": 0,
    "r_mono": 1,
    "cov_cell": 1.4640468136835973e-14
  }
}
