{
  "ncells": 200,
  "ngenes": 12072,
  "nvals": 358828,
  "density": 0.1486199469847581,
  "total_counts": 1496695,
  "overdispersion": 2.4156455838570148,
  "avg_per_cell": 7483.475,
  "avg_per_gene": 123.98069913850232,
  "max_cell": 27261,
  "min_cell": 4133,
  "raw": {
    "cov_gene": 76.10498796375055,
    "cov_cell": 0.6437871498075288,
    "r2_depth": 1,
    "r_mono": 1
  },
  "PF": {
    "cov_gene": 82.51194576166513,
    "cov_cell": 2.0626850069948014e-14,
    "r2_depth": 0,
    "r_mono": 1
  },
  "sqrt": {
    "cov_gene": 14.757843695550235,
    "cov_cell": 0.6133692517860281,
    "r2_depth": 0.7910896629050772,
    "r_mono": 1
  },
  "log1p": {
    "cov_gene": 1.923155277590769,
    "cov_cell": 0.6200828776310132,
    "r2_depth": 0.7743657017144886,
    "r_mono": 1
  },
  "log1pCP10k": {
    "cov_gene": 1.6544694751776412,
    "cov_cell": 0.37547015453673416,
    "r2_depth": 0.20008796946027074,
    "r_mono": 1
  },
  "log1pCPM": {
    "cov_gene": 0.7785367809278532,
    "cov_cell": 0.46698259491342686,
    "r2_depth": 0.5449730479589312,
    "r_mono": 1
  },
  "scalelog1pCP10k": {
    "cov_gene": 2.777211918850657e-15,
    "cov_cell": null,
    "r2_depth": 0.2431572484974046,
    "r_mono": 0.5455297271351901
  },
  "sctransform": {
    "cov_gene": 1.2724771296450328,
    "cov_cell": null,
    "r2_depth": 0.0012914969876423044,
    "r_mono": 0.44359693552457957
  },
  "log1pPF": {
    "cov_gene": 1.9060350996098632,
    "cov_cell": 0.3709691376954141,
    "r2_depth": 0.1729988980423638,
    "r_mono": 1
  },
  "PFlog1pPF": {
    "cov_gene": 13.542253899958888,
    "cov_cell": 1.6988289505577765e-14,
    "r2_depth": 0,
    "r_mono": 1
  }
}
