{"raw": {"cov_gene": 100.05787534009524, "r2_depth": 1.0, "r_mono": 1.0, "cov_cell": 0.5235910004803899}, "PF": {"cov_gene": 71.86413364759342, "r2_depth": 0, "r_mono": 1.0, "cov_cell": 1.1503783704568714e-15}, "sqrt": {"cov_gene": 7.670435818773274, "r2_depth": 0.7984594360757367, "r_mono": 1.0, "cov_cell": 0.4852479261658627}, "log1p": {"cov_gene": 5.354278942158497, "r2_depth": 0.7840439719486625, "r_mono": 1.0, "cov_cell": 0.48883136148488265}, "log1pCP10k": {"cov_gene": 2.8134294941837634, "r2_depth": 0.6265920716094695, "r_mono": 1.0, "cov_cell": 0.3555742600256909}, "log1pCPM": {"cov_gene": 2.6085552001524532, "r2_depth": 0.7003325615757834, "r_mono": 1.0, "cov_cell": 0.4182833490167792}, "scalelog1pCP10k": {"cov_gene": 1.2057732161098335e-13, "r2_depth": 0.6302072870031099, "r_mono": 0.14083251909139854, "cov_cell": null}, "sctransform": {"cov_gene": null, "r2_depth": null, "r_mono": null, "cov_cell": null}, "log1pPF": {"cov_gene": 5.339390961605747, "r2_depth": 0.16574845686326245, "r_mono": 1.0, "cov_cell": 0.18762878322621196}, "PFlog1pPF": {"cov_gene": 22.42471004179829, "r2_depth": 0, "r_mono": 1.0, "cov_cell": 1.1135066111686186e-15}, "total_count": 1167569, "nvals": 815881, "sparsity": 0.007151261977766253, "ncells": 8013, "ngenes": 14238, "avg_per_cell": 145.70934731062025, "avg_per_gene": 82.00372243292597, "min_cell": 1.0, "max_cell": 1144.0}