{"ncells": 7332, "ngenes": 60623, "nvals": 9773226, "density": 0.021987611827469673, "avg_per_cell": 2709.933442444081, "avg_per_gene": 327.75072167329233, "min_cell": 127, "max_cell": 33868, "total_count": 19869232, "overdispersion": 0.4109659287926685, "log1pCP10k": {"cov_gene": 2.893367953064844, "cov_cell": 0.31581621681673827, "r2_depth": 0.6196259286335477, "r_mono": 1}, "log1pCPM": {"cov_gene": 2.4527855006854717, "cov_cell": 0.44306826811879096, "r2_depth": 0.7918644500351784, "r_mono": 1}, "PF": {"cov_gene": 170.0008907298357, "cov_cell": 1.5463076667383974e-14, "r2_depth": 0, "r_mono": 1}, "log1pPF": {"cov_gene": 3.5932352492992834, "cov_cell": 0.24505010976645358, "r2_depth": 0.4913290198569661, "r_mono": 1}, "PFlog1pPF": {"cov_gene": 5.019632899738894, "cov_cell": 1.279517489554909e-14, "r2_depth": 0, "r_mono": 1}, "log1p": {"cov_gene": 3.863154794293221, "cov_cell": 0.5688362403494999, "r2_depth": 0.8850229344695802, "r_mono": 1}, "raw": {"cov_gene": 126.30586850984125, "cov_cell": 0.6819117564576435, "r2_depth": 1, "r_mono": 1}, "sqrt": {"cov_gene": 6.275797776085986, "cov_cell": 0.5643804084676561, "r2_depth": 0.8909288591284242, "r_mono": 1}}