{
    "raw": {
        "cov_gene": 86.41131181625572,
        "r2_depth": 1.0,
        "r_mono": 1.0
    },
    "PF": {
        "cov_gene": 109.3648069373371,
        "r2_depth": 0,
        "r_mono": 1.0
    },
    "sqrt": {
        "cov_gene": 3.862451895594348,
        "r2_depth": 0.8955618342469027,
        "r_mono": 1.0
    },
    "log1p": {
        "cov_gene": 2.3635223629675366,
        "r2_depth": 0.8903920838452939,
        "r_mono": 1.0
    },
    "log1pCP10k": {
        "cov_gene": 1.7329227046730236,
        "r2_depth": 0.6173638458635529,
        "r_mono": 1.0
    },
    "log1pCPM": {
        "cov_gene": 1.4144557899488508,
        "r2_depth": 0.7966639493816299,
        "r_mono": 1.0
    },
    "scalelog1pCP10k": {
        "cov_gene": 1.0129647220581921e-13,
        "r2_depth": 0.5846282866743244,
        "r_mono": 0.3568516530288011
    },
    "sctransform": {
        "cov_gene": 0.5308425107876423,
        "r2_depth": 0.5910410396761475,
        "r_mono": 0.25813033838861654
    },
    "log1pPF": {
        "cov_gene": 2.196495920753432,
        "r2_depth": 0.4890043365706316,
        "r_mono": 1.0
    },
    "PFlog1pPF": {
        "cov_gene": 3.1712032931600658,
        "r2_depth": 0,
        "r_mono": 1.0
    },
    "ncells": 7295,
    "ngenes": 28182,
    "avg_per_cell": 2877.87,
    "avg_per_gene": 744.95,
    "min_cell": 134.0,
    "max_cell": 33333.0,
    "overdispersion": 0.4
}