{"ncells": 7332, "ngenes": 26280, "nvals": 9758116, "density": 0.0506428524571923, "avg_per_cell": 2707.757910529187, "avg_per_gene": 755.452092846271, "min_cell": 126, "max_cell": 33845, "total_count": 19853281, "overdispersion": 0.41096592879843996, "sctransform": {"cov_gene": 1.080570118767666, "cov_cell": null, "r2_depth": 0.518552505462608, "r_mono": 0.2547132430128143}, "scalelog1pCP10k": {"cov_gene": 1.0238677393519454e-13, "cov_cell": null, "r2_depth": 0.5919410131018589, "r_mono": 0.35162766539437595}, "raw": {"cov_gene": 83.15920373541724, "cov_cell": 0.681940886593637, "r2_depth": 1, "r_mono": 1}, "PF": {"cov_gene": 111.9784728652102, "cov_cell": 1.552638569959281e-14, "r2_depth": 0, "r_mono": 1}, "log1p": {"cov_gene": 2.4332964209578942, "cov_cell": 0.568773416962573, "r2_depth": 0.884791661135906, "r_mono": 1}, "sqrt": {"cov_gene": 4.068730485801305, "cov_cell": 0.5643100522869253, "r2_depth": 0.8907124779177927, "r_mono": 1}, "log1pPF": {"cov_gene": 2.2464906667430724, "cov_cell": 0.2450912498550995, "r2_depth": 0.49113465486056407, "r_mono": 1}, "PFlog1pPF": {"cov_gene": 3.222576623450305, "cov_cell": 1.2976177576540173e-14, "r2_depth": 0, "r_mono": 1}, "log1pCPM": {"cov_gene": 1.4327898468180547, "cov_cell": 0.4429973045457657, "r2_depth": 0.7914976176255519, "r_mono": 1}, "log1pCP10k": {"cov_gene": 1.7535013713165446, "cov_cell": 0.3158655951924538, "r2_depth": 0.6193910782908343, "r_mono": 1}}