{"raw": {"cov_gene": 80.66263333334582, "r2_depth": 1.0, "r_mono": 1.0, "cov_cell": 0.41741154175584927}, "PF": {"cov_gene": 99.3944026663118, "r2_depth": 0, "r_mono": 1.0, "cov_cell": 5.1146759086367273e-14}, "sqrt": {"cov_gene": 10.981593503165652, "r2_depth": 0.8935083799508821, "r_mono": 1.0, "cov_cell": 0.30119410037373806}, "log1p": {"cov_gene": 1.8342076577828783, "r2_depth": 0.8691168429190861, "r_mono": 1.0, "cov_cell": 0.29662588415947444}, "log1pCP10k": {"cov_gene": 2.5681059817268928, "r2_depth": 0.07591262532283305, "r_mono": 1.0, "cov_cell": 0.12393751536178832}, "log1pCPM": {"cov_gene": 1.2032211956266081, "r2_depth": 0.5883114371992832, "r_mono": 1.0, "cov_cell": 0.17928311376875902}, "scalelog1pCP10k": {"cov_gene": 4.167128544953819e-14, "r2_depth": 0.00015090600651590513, "r_mono": 0.46316872282775245, "cov_cell": null}, "sctransform": {"cov_gene": 1.0178491254815176, "r2_depth": 0.4164251213120521, "r_mono": 0.1597334839472438, "cov_cell": null}, "log1pPF": {"cov_gene": 1.7161832805093349, "r2_depth": 0.17981229947379984, "r_mono": 1.0, "cov_cell": 0.13121189705172764}, "PFlog1pPF": {"cov_gene": 2.1105313192140405, "r2_depth": 0, "r_mono": 1.0, "cov_cell": 2.98150808911153e-14}, "ncells": 3107, "ngenes": 29437, "avg_per_cell": 27076.04, "avg_per_gene": 2857.81, "min_cell": 9534.0, "max_cell": 70532.0, "overdispersion": 1.76, "total_count": 84125259, "nvals": 14272584, "sparsity": 0.15605144934342827}