{
    "raw": {
        "cov_gene": 80.66263333334582,
        "r2_depth": 1.0,
        "r_mono": 1.0
    },
    "PF": {
        "cov_gene": 99.3944026663118,
        "r2_depth": 0,
        "r_mono": 1.0
    },
    "sqrt": {
        "cov_gene": 10.981593503165652,
        "r2_depth": 0.8935083799508821,
        "r_mono": 1.0
    },
    "log1p": {
        "cov_gene": 1.8342076577828783,
        "r2_depth": 0.8691168429190861,
        "r_mono": 1.0
    },
    "log1pCP10k": {
        "cov_gene": 2.5681059817268928,
        "r2_depth": 0.07591262532283305,
        "r_mono": 1.0
    },
    "log1pCPM": {
        "cov_gene": 1.2032211956266081,
        "r2_depth": 0.5883114371992832,
        "r_mono": 1.0
    },
    "scalelog1pCP10k": {
        "cov_gene": 4.167128544953819e-14,
        "r2_depth": 0.00015090600651590513,
        "r_mono": 0.46316872282775245
    },
    "sctransform": {
        "cov_gene": 1.0178491254815176,
        "r2_depth": 0.4164251213120521,
        "r_mono": 0.1597334839472438
    },
    "log1pPF": {
        "cov_gene": 1.7161832805093349,
        "r2_depth": 0.17981229947379984,
        "r_mono": 1.0
    },
    "PFlog1pPF": {
        "cov_gene": 2.1105313192140405,
        "r2_depth": 0,
        "r_mono": 1.0
    },
    "ncells": "3107",
    "ngenes": 29437,
    "avg_per_cell": "27076.04",
    "avg_per_gene": "2857.81",
    "min_cell": "9534",
    "max_cell": "70532",
    "overdispersion": "1.76"
}