{"raw": {"cov_gene": 19.57780023750864, "r2_depth": 1.0, "r_mono": 1.0, "cov_cell": 0.6391067484590671}, "PF": {"cov_gene": 17.989977853216274, "r2_depth": 0, "r_mono": 1.0, "cov_cell": 2.209399698898197e-15}, "sqrt": {"cov_gene": 4.490375953933957, "r2_depth": 0.9332084641527654, "r_mono": 1.0, "cov_cell": 0.6534291141625278}, "log1p": {"cov_gene": 3.4322564596854463, "r2_depth": 0.9277986654896972, "r_mono": 1.0, "cov_cell": 0.6659229806402588}, "log1pCP10k": {"cov_gene": 1.76947775433032, "r2_depth": 0.8017508501894186, "r_mono": 1.0, "cov_cell": 0.4658381414416547}, "log1pCPM": {"cov_gene": 1.6114680157616328, "r2_depth": 0.8673037446649299, "r_mono": 1.0, "cov_cell": 0.5567370323945672}, "scalelog1pCP10k": {"cov_gene": 2.9860031112312354e-14, "r2_depth": 0.755840856217666, "r_mono": 0.20675425159702757, "cov_cell": null}, "sctransform": {"cov_gene": 0.5001497960629437, "r2_depth": 0.00201423191526251, "r_mono": 0.19210466544000285, "cov_cell": null}, "log1pPF": {"cov_gene": 3.5290595482649723, "r2_depth": 0.41342832301960264, "r_mono": 1.0, "cov_cell": 0.2518088575012588}, "PFlog1pPF": {"cov_gene": 4.859989077946819, "r2_depth": 0, "r_mono": 1.0, "cov_cell": 1.6975990893865125e-15}, "ncells": 1987, "ngenes": 8040, "avg_per_cell": 216.25, "avg_per_gene": 53.44, "min_cell": 83.0, "max_cell": 1760.0, "overdispersion": 3.97, "total_count": 429683, "nvals": 255132, "sparsity": 0.015970224368845255}