{
  "ncells": 6277,
  "ngenes": 20456,
  "nvals": 4322737,
  "density": 0.03366556982244993,
  "total_counts": 13704221,
  "overdispersion": 6.435610006264067,
  "avg_per_cell": 2183.2437470129044,
  "avg_per_gene": 669.9364978490419,
  "max_cell": 29830,
  "min_cell": 362,
  "raw": {
    "cov_gene": 60.80886955625995,
    "cov_cell": 0.9927099829483198,
    "r2_depth": 1,
    "r_mono": 1
  },
  "PF": {
    "cov_gene": 106.93930822002362,
    "cov_cell": 8.866648987491496e-15,
    "r2_depth": 0,
    "r_mono": 1
  },
  "sqrt": {
    "cov_gene": 13.388317537866063,
    "cov_cell": 0.8514963231046514,
    "r2_depth": 0.8028243982477523,
    "r_mono": 1
  },
  "log1p": {
    "cov_gene": 4.437555002332213,
    "cov_cell": 0.8538531991559527,
    "r2_depth": 0.7841247203512064,
    "r_mono": 1
  },
  "log1pCP10k": {
    "cov_gene": 2.847633658444931,
    "cov_cell": 0.5534234737617696,
    "r2_depth": 0.38412645830317127,
    "r_mono": 1
  },
  "log1pCPM": {
    "cov_gene": 1.915124993745237,
    "cov_cell": 0.696742925117673,
    "r2_depth": 0.6202797827102966,
    "r_mono": 1
  },
  "scalelog1pCP10k": {
    "cov_gene": 9.108847877262597e-14,
    "cov_cell": null,
    "r2_depth": 0.42678629705202586,
    "r_mono": 0.2690616907831781
  },
  "sctransform": {
    "cov_gene": 5.097557224670317,
    "cov_cell": null,
    "r2_depth": 0.009747219845237298,
    "r_mono": 0.20657775911037002
  },
  "log1pPF": {
    "cov_gene": 4.62078794906734,
    "cov_cell": 0.47253419806737346,
    "r2_depth": 0.2453378155671354,
    "r_mono": 1
  },
  "PFlog1pPF": {
    "cov_gene": 29.219108187681236,
    "cov_cell": 7.585991333569886e-15,
    "r2_depth": 0,
    "r_mono": 1
  }
}
