{"ncells": 2458, "ngenes": 54232, "nvals": 9731396, "avg_per_cell": 16184.506509357201, "avg_per_gene": 733.543240153415, "min_cell": 2345, "max_cell": 70115, "total_count": 39781517, "overdispersion": 0.2402379830039253, "raw": {"cov_gene": 77.32305334835304, "cov_cell": 0.36751822250475763, "r2_depth": 1.0, "r_mono": 1}, "PF": {"cov_gene": 122.79809812908682, "cov_cell": 4.037203151955051e-14, "r2_depth": 0, "r_mono": 1}, "log1p": {"cov_gene": 2.546632999518034, "cov_cell": 0.25711311401249154, "r2_depth": 0.9119696578595216, "r_mono": 1}, "log1pPF": {"cov_gene": 2.4825101530107765, "cov_cell": 0.10089138509538623, "r2_depth": 0.3178477892966812, "r_mono": 1}, "PFlog1pPF": {"cov_gene": 2.5944653397239525, "cov_cell": 2.965355485203647e-14, "r2_depth": 0, "r_mono": 1}, "log1pCPM": {"cov_gene": 2.153267675663275, "cov_cell": 0.16087389596485677, "r2_depth": 0.702140911140938, "r_mono": 1}, "log1pCP10k": {"cov_gene": 2.6773691582031898, "cov_cell": 0.09274429566817635, "r2_depth": 0.24776352012450398, "r_mono": 1}, "sqrt": {"cov_gene": 4.679480897350757, "cov_cell": 0.2587776889854259, "r2_depth": 0.929284451613328, "r_mono": 1}, "density": 0.07300248541930153}