{
  "ncells": 3107,
  "ngenes": 60623,
  "nvals": 14288415,
  "density": 0.07585869691487532,
  "total_counts": 84141520,
  "overdispersion": 1.7582063874111546,
  "avg_per_cell": 27081.274541358223,
  "avg_per_gene": 1387.9471487719181,
  "max_cell": 70539,
  "min_cell": 9541,
  "raw": {
    "cov_gene": 115.76060398238876,
    "cov_cell": 0.417364698084256,
    "r2_depth": 1,
    "r_mono": 1
  },
  "PF": {
    "cov_gene": 142.65995077325667,
    "cov_cell": 4.456645141420743e-14,
    "r2_depth": 0,
    "r_mono": 1
  },
  "sqrt": {
    "cov_gene": 15.781037225360448,
    "cov_cell": 0.30112812566005465,
    "r2_depth": 0.8934665821115716,
    "r_mono": 1
  },
  "log1p": {
    "cov_gene": 2.82323151940285,
    "cov_cell": 0.2965666893568145,
    "r2_depth": 0.8690730653661873,
    "r_mono": 1
  },
  "log1pCP10k": {
    "cov_gene": 3.823685684208801,
    "cov_cell": 0.12391798221435271,
    "r2_depth": 0.07549325153942088,
    "r_mono": 1
  },
  "log1pCPM": {
    "cov_gene": 2.0051842343934068,
    "cov_cell": 0.1792474751750294,
    "r2_depth": 0.5879715758698398,
    "r_mono": 1
  },
  "log1pPF": {
    "cov_gene": 2.665711754124123,
    "cov_cell": 0.1311796198105864,
    "r2_depth": 0.17923294062507633,
    "r_mono": 1
  },
  "PFlog1pPF": {
    "cov_gene": 3.195085651650569,
    "cov_cell": 3.336746192098381e-14,
    "r2_depth": 0,
    "r_mono": 1
  }
}
