{
  "ncells": 2241,
  "ngenes": 60623,
  "nvals": 6151595,
  "density": 0.04528021231988016,
  "total_counts": 36306920,
  "overdispersion": 1.1430019871600403,
  "avg_per_cell": 16201.213743864346,
  "avg_per_gene": 598.8967883476569,
  "max_cell": 80366,
  "min_cell": 210,
  "raw": {
    "cov_gene": 83.49048136268732,
    "cov_cell": 0.9239028185856697,
    "r2_depth": 1,
    "r_mono": 1
  },
  "PF": {
    "cov_gene": 97.00100284167941,
    "cov_cell": 3.588258193181656e-14,
    "r2_depth": 0,
    "r_mono": 1
  },
  "sqrt": {
    "cov_gene": 16.767027478407584,
    "cov_cell": 0.8167512568769626,
    "r2_depth": 0.9517580460338237,
    "r_mono": 1
  },
  "log1p": {
    "cov_gene": 4.878362989960082,
    "cov_cell": 0.8141100439227748,
    "r2_depth": 0.9433416104702885,
    "r_mono": 1
  },
  "log1pCP10k": {
    "cov_gene": 5.517615037945543,
    "cov_cell": 0.513861151082172,
    "r2_depth": 0.6317310976125659,
    "r_mono": 1
  },
  "log1pCPM": {
    "cov_gene": 2.4175760162724,
    "cov_cell": 0.6879864131594249,
    "r2_depth": 0.8304066776383006,
    "r_mono": 1
  },
  "log1pPF": {
    "cov_gene": 4.7288286098859915,
    "cov_cell": 0.5451270430482644,
    "r2_depth": 0.6605013222320705,
    "r_mono": 1
  },
  "PFlog1pPF": {
    "cov_gene": 17.625621846808876,
    "cov_cell": 2.5324924174960696e-14,
    "r2_depth": 0,
    "r_mono": 1
  }
}
