{
    "raw": {
        "cov_gene": 45.791455193961234,
        "r2_depth": 1.0,
        "r_mono": 1.0
    },
    "PF": {
        "cov_gene": 59.106547137064425,
        "r2_depth": 0,
        "r_mono": 1.0
    },
    "sqrt": {
        "cov_gene": 4.766089507685061,
        "r2_depth": 0.9285497607355397,
        "r_mono": 1.0
    },
    "log1p": {
        "cov_gene": 2.6796813478251704,
        "r2_depth": 0.9192272781220603,
        "r_mono": 1.0
    },
    "log1pCP10k": {
        "cov_gene": 2.00180857215873,
        "r2_depth": 0.5061635869830818,
        "r_mono": 1.0
    },
    "log1pCPM": {
        "cov_gene": 1.5745995254703313,
        "r2_depth": 0.7766583192934519,
        "r_mono": 1.0
    },
    "scalelog1pCP10k": {
        "cov_gene": 1.574802251610454e-13,
        "r2_depth": 0.5645286641804281,
        "r_mono": 0.3597912103743179
    },
    "sctransform": {
        "cov_gene": 1.1010451195411155,
        "r2_depth": 0.33059555202623847,
        "r_mono": 0.2541302296812482
    },
    "log1pPF": {
        "cov_gene": 2.4786211254718706,
        "r2_depth": 0.3878001504281572,
        "r_mono": 1.0
    },
    "PFlog1pPF": {
        "cov_gene": 5.391754500039027,
        "r2_depth": 0,
        "r_mono": 1.0
    },
    "ncells": "10963",
    "ngenes": 23855,
    "avg_per_cell": "3788.16",
    "avg_per_gene": "1740.92",
    "min_cell": "327",
    "max_cell": "44848",
    "overdispersion": "1.66"
}