{"ncells": 10963, "ngenes": 60623, "nvals": 14759943, "avg_per_cell": 3790.003010124966, "avg_per_gene": 685.3801857380862, "min_cell": 328, "max_cell": 44874, "total_count": 41549803, "overdispersion": 1.6571770572758002, "raw": {"cov_gene": 73.00758983733031, "cov_cell": 0.704620916867808, "r2_depth": 1.0, "r_mono": 1}, "PF": {"cov_gene": 94.28804819962124, "cov_cell": 1.788308911603014e-14, "r2_depth": 0, "r_mono": 1}, "log1p": {"cov_gene": 4.443729887034084, "cov_cell": 0.532081073253562, "r2_depth": 0.9194042301726133, "r_mono": 1}, "log1pPF": {"cov_gene": 4.1365929001407595, "cov_cell": 0.22996742762875058, "r2_depth": 0.38803281637650944, "r_mono": 1}, "PFlog1pPF": {"cov_gene": 8.652285662503875, "cov_cell": 1.2699149761539764e-14, "r2_depth": 0, "r_mono": 1}, "log1pCPM": {"cov_gene": 2.7950483730826097, "cov_cell": 0.40211752063250933, "r2_depth": 0.7771263925141707, "r_mono": 1}, "log1pCP10k": {"cov_gene": 3.419413677953465, "cov_cell": 0.27631703185411943, "r2_depth": 0.5064485178009175, "r_mono": 1}, "sqrt": {"cov_gene": 7.690678350265738, "cov_cell": 0.5355553598581568, "r2_depth": 0.9287088899482518, "r_mono": 1}, "density": 0.0222084292030362}