{
  "ncells": 14813,
  "ngenes": 16541,
  "nvals": 6599814,
  "density": 0.026935615978352426,
  "total_counts": 12123966,
  "overdispersion": 12.480226964086837,
  "avg_per_cell": 818.4679673259974,
  "avg_per_gene": 732.9645124236745,
  "max_cell": 14781,
  "min_cell": 209,
  "raw": {
    "cov_gene": 98.79943748998518,
    "cov_cell": 0.990769672107577,
    "r2_depth": 1,
    "r_mono": 1
  },
  "PF": {
    "cov_gene": 72.84626230508105,
    "cov_cell": 7.613523401527624e-15,
    "r2_depth": 0,
    "r_mono": 1
  },
  "sqrt": {
    "cov_gene": 12.494603337421617,
    "cov_cell": 0.7166784470547191,
    "r2_depth": 0.8119311150198034,
    "r_mono": 1
  },
  "log1p": {
    "cov_gene": 3.4113635426334468,
    "cov_cell": 0.727664667126458,
    "r2_depth": 0.7966636224242483,
    "r_mono": 1
  },
  "log1pCP10k": {
    "cov_gene": 1.9158488718931028,
    "cov_cell": 0.3632458593080612,
    "r2_depth": 0.43504164221908215,
    "r_mono": 1
  },
  "log1pCPM": {
    "cov_gene": 1.6770160138951997,
    "cov_cell": 0.523226607648557,
    "r2_depth": 0.6720563235426551,
    "r_mono": 1
  },
  "scalelog1pCP10k": {
    "cov_gene": 2.2435140654639277e-13,
    "cov_cell": null,
    "r2_depth": 0.42273103194745965,
    "r_mono": 0.26577165281326254
  },
  "sctransform": {
    "cov_gene": 3.6555998893736006,
    "cov_cell": null,
    "r2_depth": 0.3500625794921779,
    "r_mono": 0.22923340694141242
  },
  "log1pPF": {
    "cov_gene": 3.0444778212831336,
    "cov_cell": 0.21649862064400827,
    "r2_depth": 0.057111432541895324,
    "r_mono": 1
  },
  "PFlog1pPF": {
    "cov_gene": 3.966493658868281,
    "cov_cell": 5.97906621975473e-15,
    "r2_depth": 0,
    "r_mono": 1
  }
}
