{
    "raw": {
        "cov_gene": 56.79226532643881,
        "r2_depth": 1.0,
        "r_mono": 1.0
    },
    "PF": {
        "cov_gene": 79.62299738327056,
        "r2_depth": 0,
        "r_mono": 1.0
    },
    "sqrt": {
        "cov_gene": 1.9691581820805133,
        "r2_depth": 0.9043933384696534,
        "r_mono": 1.0
    },
    "log1p": {
        "cov_gene": 1.5827452844146688,
        "r2_depth": 0.8790206490215611,
        "r_mono": 1.0
    },
    "log1pCP10k": {
        "cov_gene": 1.346414399504321,
        "r2_depth": 0.2463700063178753,
        "r_mono": 1.0
    },
    "log1pCPM": {
        "cov_gene": 1.1097009228377646,
        "r2_depth": 0.6842024595424533,
        "r_mono": 1.0
    },
    "scalelog1pCP10k": {
        "cov_gene": 1.1516296137896437e-14,
        "r2_depth": 0.33296308718239775,
        "r_mono": 0.4281800838914735
    },
    "sctransform": {
        "cov_gene": 0.3739809409181097,
        "r2_depth": 0.17962364990382806,
        "r_mono": 0.3456460575710207
    },
    "log1pPF": {
        "cov_gene": 1.5565138032952526,
        "r2_depth": 0.10736999507008604,
        "r_mono": 1.0
    },
    "PFlog1pPF": {
        "cov_gene": 1.5656447839831324,
        "r2_depth": 0,
        "r_mono": 1.0
    },
    "ncells": "827",
    "ngenes": 18344,
    "avg_per_cell": "4223.47",
    "avg_per_gene": "190.41",
    "min_cell": "2572",
    "max_cell": "23889",
    "overdispersion": "0.1"
}