{
  "ncells": 5929,
  "ngenes": 26502,
  "nvals": 11330494,
  "density": 0.07210887917661335,
  "total_counts": 23251228,
  "overdispersion": 0.3714846219561442,
  "avg_per_cell": 3921.6103896103896,
  "avg_per_gene": 877.338615953513,
  "max_cell": 35230,
  "min_cell": 1436,
  "raw": {
    "cov_gene": 99.30056967585297,
    "cov_cell": 0.5811126349977584,
    "r2_depth": 1,
    "r_mono": 1
  },
  "PF": {
    "cov_gene": 82.2395646096976,
    "cov_cell": 2.4491736025204334e-14,
    "r2_depth": 0,
    "r_mono": 1
  },
  "sqrt": {
    "cov_gene": 6.329560281634388,
    "cov_cell": 0.4476566517577054,
    "r2_depth": 0.6972049691221702,
    "r_mono": 1
  },
  "log1p": {
    "cov_gene": 1.9281851003071486,
    "cov_cell": 0.4545365092327849,
    "r2_depth": 0.6836542574892536,
    "r_mono": 1
  },
  "log1pCP10k": {
    "cov_gene": 1.5365068603670893,
    "cov_cell": 0.19659353743981003,
    "r2_depth": 0.2332425690427199,
    "r_mono": 1
  },
  "log1pCPM": {
    "cov_gene": 1.2982684465241183,
    "cov_cell": 0.31966723084947263,
    "r2_depth": 0.5306385751872232,
    "r_mono": 1
  },
  "scalelog1pCP10k": {
    "cov_gene": 8.14237276085356e-14,
    "cov_cell": null,
    "r2_depth": 0.2721207889899724,
    "r_mono": 0.4150090905619139
  },
  "sctransform": {
    "cov_gene": 2.41352518356721,
    "cov_cell": null,
    "r2_depth": 0.4145556527716231,
    "r_mono": 0.2781862866847148
  },
  "log1pPF": {
    "cov_gene": 1.7889442696685949,
    "cov_cell": 0.1612938205053539,
    "r2_depth": 0.10383799623295897,
    "r_mono": 1
  },
  "PFlog1pPF": {
    "cov_gene": 12.37048631610608,
    "cov_cell": 2.221990333867656e-14,
    "r2_depth": 0,
    "r_mono": 1
  }
}
