{"raw": {"cov_gene": 97.6299271607846, "r2_depth": 1.0, "r_mono": 1.0}, "PF": {"cov_gene": 53.02588831828515, "r2_depth": 0, "r_mono": 1.0}, "sqrt": {"cov_gene": 3.076223984262483, "r2_depth": 0.8952540813580545, "r_mono": 1.0}, "log1p": {"cov_gene": 2.2651650489058643, "r2_depth": 0.8784502616511771, "r_mono": 1.0}, "log1pCP10k": {"cov_gene": 1.8226651505363638, "r2_depth": 0.37653343405234607, "r_mono": 1.0}, "log1pCPM": {"cov_gene": 1.5719823775834092, "r2_depth": 0.7241617741496196, "r_mono": 1.0}, "scalelog1pCP10k": {"cov_gene": 6.389999059479362e-14, "r2_depth": 0.3795176102369541, "r_mono": 0.32415415684000654}, "sctransform": {"cov_gene": 0.5298980002762144, "r2_depth": 0.031237552996513207, "r_mono": 0.26101495445032347}, "log1pPF": {"cov_gene": 2.178388953944304, "r2_depth": 0.17455999310930403, "r_mono": 1.0}, "PFlog1pPF": {"cov_gene": 2.215458042929168, "r2_depth": 0, "r_mono": 1.0}}