{"ncells": 4529, "ngenes": 60623, "nvals": 4727813, "avg_per_cell": 3234.6266283947893, "avg_per_gene": 241.6512544743744, "min_cell": 1204, "max_cell": 23124, "total_count": 14649624, "overdispersion": 0.1314098455999817, "raw": {"cov_gene": 161.0253257288486, "cov_cell": 0.47648185301949536, "r2_depth": 1.0, "r_mono": 1}, "PF": {"cov_gene": 87.42232615870114, "cov_cell": 1.3198727896196758e-14, "r2_depth": 0, "r_mono": 1}, "log1p": {"cov_gene": 3.946201147673486, "cov_cell": 0.34319825312142543, "r2_depth": 0.8788382803780742, "r_mono": 1}, "log1pPF": {"cov_gene": 3.811664783173213, "cov_cell": 0.10973440002470901, "r2_depth": 0.17554312261581495, "r_mono": 1}, "PFlog1pPF": {"cov_gene": 3.8697534857160942, "cov_cell": 1.2042382440611929e-14, "r2_depth": 0, "r_mono": 1}, "log1pCPM": {"cov_gene": 2.891570472704707, "cov_cell": 0.24755114292171276, "r2_depth": 0.7252037447167767, "r_mono": 1}, "log1pCP10k": {"cov_gene": 3.2669198635127685, "cov_cell": 0.14127433480975335, "r2_depth": 0.37768360259214684, "r_mono": 1}, "sqrt": {"cov_gene": 5.22345176766681, "cov_cell": 0.34900471614705364, "r2_depth": 0.8955568373110859, "r_mono": 1}, "density": 0.01721950035344896}