{"raw": {"cov_gene": 103.24245436197667, "r2_depth": 1.0, "r_mono": 1.0}, "PF": {"cov_gene": 10.065665431412251, "r2_depth": 0, "r_mono": 1.0}, "sqrt": {"cov_gene": 11.964191366275161, "r2_depth": 0.9932124999103613, "r_mono": 1.0, "cov_cell": 5.185960860998807}, "log1p": {"cov_gene": 5.73430750612753, "r2_depth": 0.9926067045561744, "r_mono": 1.0, "cov_cell": 5.216764594297338}, "log1pCP10k": {"cov_gene": 6.576394435276275, "r2_depth": 0.9479754652485298, "r_mono": 1.0, "cov_cell": 2.578473807236752}, "log1pCPM": {"cov_gene": 4.4240686839961665, "r2_depth": 0.976514073738987, "r_mono": 1.0, "cov_cell": 3.943531627694935}, "scalelog1pCP10k": {"cov_gene": 1.0769236848326395e-12, "r2_depth": 0.9411435983055239, "r_mono": 0.054790200850618274, "cov_cell": null}, "sctransform": {"cov_gene": null, "r2_depth": null, "r_mono": null, "cov_cell": null}, "log1pPF": {"cov_gene": 7.744432704145092, "r2_depth": 0.7012044190347644, "r_mono": 1.0, "cov_cell": 0.3981817082078248}, "PFlog1pPF": {"cov_gene": 8.009012439587723, "r2_depth": 0, "r_mono": 1.0, "cov_cell": 2.6182433733430654e-15}, "total_count": 8736066, "nvals": 4050893, "sparsity": 0.0027529565672422813}