{
  "ncells": 7337,
  "ngenes": 23821,
  "nvals": 7359229,
  "density": 0.04210695237045124,
  "total_counts": 24776169,
  "overdispersion": 4.659501448923688,
  "avg_per_cell": 3376.880059970015,
  "avg_per_gene": 1040.0977708744385,
  "max_cell": 47702,
  "min_cell": 53,
  "raw": {
    "cov_gene": 71.9355295064158,
    "cov_cell": 1.2521211856025714,
    "r2_depth": 1,
    "r_mono": 1
  },
  "PF": {
    "cov_gene": 38.89229844096628,
    "cov_cell": 1.6275655056384572e-14,
    "r2_depth": 0,
    "r_mono": 1
  },
  "sqrt": {
    "cov_gene": 8.09585373930956,
    "cov_cell": 1.0796061924302356,
    "r2_depth": 0.9324104508860115,
    "r_mono": 1
  },
  "log1p": {
    "cov_gene": 4.027399917204703,
    "cov_cell": 1.0759838130797355,
    "r2_depth": 0.9251057284898886,
    "r_mono": 1
  },
  "log1pCP10k": {
    "cov_gene": 3.2704796052741876,
    "cov_cell": 0.702850253192422,
    "r2_depth": 0.6535790664993013,
    "r_mono": 1
  },
  "log1pCPM": {
    "cov_gene": 1.8233332021950641,
    "cov_cell": 0.902618435459111,
    "r2_depth": 0.8329134768590631,
    "r_mono": 1
  },
  "scalelog1pCP10k": {
    "cov_gene": 1.0735751300344565e-13,
    "cov_cell": null,
    "r2_depth": 0.6232286684373884,
    "r_mono": 0.28284508145356985
  },
  "sctransform": {
    "cov_gene": 2.5889770160285965,
    "cov_cell": null,
    "r2_depth": 0.43679340278658363,
    "r_mono": 0.19507609098970075
  },
  "log1pPF": {
    "cov_gene": 4.43947857344058,
    "cov_cell": 0.6076720242257138,
    "r2_depth": 0.5702659936989958,
    "r_mono": 1
  },
  "PFlog1pPF": {
    "cov_gene": 10.80453665909412,
    "cov_cell": 1.4010219312208228e-14,
    "r2_depth": 0,
    "r_mono": 1
  }
}
