{
  "ncells": 10809,
  "ngenes": 60623,
  "nvals": 5467335,
  "density": 0.0083435859527387,
  "total_counts": 12835327,
  "overdispersion": 1.140771248166273,
  "avg_per_cell": 1187.4666481635675,
  "avg_per_gene": 211.7237187206176,
  "max_cell": 29334,
  "min_cell": 244,
  "raw": {
    "cov_gene": 49.62849556107334,
    "cov_cell": 1.1889338390244775,
    "r2_depth": 1,
    "r_mono": 1
  },
  "PF": {
    "cov_gene": 74.99717433028628,
    "cov_cell": 5.707855493060349e-15,
    "r2_depth": 0,
    "r_mono": 1
  },
  "sqrt": {
    "cov_gene": 8.486519630775282,
    "cov_cell": 0.8011917319925743,
    "r2_depth": 0.9349388900198583,
    "r_mono": 1
  },
  "log1p": {
    "cov_gene": 6.904029265242806,
    "cov_cell": 0.781974294976074,
    "r2_depth": 0.9234683750271095,
    "r_mono": 1
  },
  "log1pCP10k": {
    "cov_gene": 4.267702635613172,
    "cov_cell": 0.33864114239513415,
    "r2_depth": 0.5951926659321739,
    "r_mono": 1
  },
  "log1pCPM": {
    "cov_gene": 3.61331363268848,
    "cov_cell": 0.5407407501810306,
    "r2_depth": 0.8030425786409165,
    "r_mono": 1
  },
  "log1pPF": {
    "cov_gene": 5.867571569849255,
    "cov_cell": 0.1807466502413519,
    "r2_depth": 0.37570394977683885,
    "r_mono": 1
  },
  "PFlog1pPF": {
    "cov_gene": 6.228818431479397,
    "cov_cell": 7.111019797804678e-15,
    "r2_depth": 0,
    "r_mono": 1
  }
}
