{
  "ncells": 15775,
  "ngenes": 60623,
  "nvals": 18082982,
  "density": 0.01890876907194455,
  "total_counts": 48082162,
  "overdispersion": 0.7366397695959649,
  "avg_per_cell": 3047.997591125198,
  "avg_per_gene": 793.1339920492222,
  "max_cell": 53134,
  "min_cell": 397,
  "raw": {
    "cov_gene": 90.71904880126503,
    "cov_cell": 0.8729510274038703,
    "r2_depth": 1,
    "r_mono": 1
  },
  "PF": {
    "cov_gene": 107.7953173001922,
    "cov_cell": 1.5692065656315427e-14,
    "r2_depth": 0,
    "r_mono": 1
  },
  "sqrt": {
    "cov_gene": 7.872609919564634,
    "cov_cell": 0.6367375728345867,
    "r2_depth": 0.9622579811146226,
    "r_mono": 1
  },
  "log1p": {
    "cov_gene": 4.306377723889621,
    "cov_cell": 0.6292758956474577,
    "r2_depth": 0.9586040754164495,
    "r_mono": 1
  },
  "log1pCP10k": {
    "cov_gene": 3.367813515023036,
    "cov_cell": 0.23351608588615805,
    "r2_depth": 0.6290119454101868,
    "r_mono": 1
  },
  "log1pCPM": {
    "cov_gene": 2.8908725219964597,
    "cov_cell": 0.42783495209834577,
    "r2_depth": 0.8540796278035799,
    "r_mono": 1
  },
  "log1pPF": {
    "cov_gene": 3.9785025514390844,
    "cov_cell": 0.15863660390564713,
    "r2_depth": 0.506161234039655,
    "r_mono": 1
  },
  "PFlog1pPF": {
    "cov_gene": 4.351024304729334,
    "cov_cell": 1.1983886100424558e-14,
    "r2_depth": 0,
    "r_mono": 1
  }
}
