{"raw": {"cov_gene": 39.41129180492635, "r2_depth": 1.0, "r_mono": 1.0, "cov_cell": 0.5164491858591997}, "PF": {"cov_gene": 63.543843699329344, "r2_depth": 0, "r_mono": 1.0, "cov_cell": 3.307789725803131e-14}, "sqrt": {"cov_gene": 4.349909240402052, "r2_depth": 0.9733463868731489, "r_mono": 1.0, "cov_cell": 0.41407457552602117}, "log1p": {"cov_gene": 1.9718975848276756, "r2_depth": 0.9681207207054293, "r_mono": 1.0, "cov_cell": 0.4097580929717455}, "log1pCP10k": {"cov_gene": 1.883045726616143, "r2_depth": 0.5777175111973027, "r_mono": 1.0, "cov_cell": 0.18289708993698645}, "log1pCPM": {"cov_gene": 1.216003502705643, "r2_depth": 0.8660684844389841, "r_mono": 1.0, "cov_cell": 0.30134135925186395}, "scalelog1pCP10k": {"cov_gene": 3.804839573036086e-14, "r2_depth": 0.5382982987064735, "r_mono": 0.45595542984844917, "cov_cell": null}, "sctransform": {"cov_gene": 0.439330976235156, "r2_depth": 0.6078157538040896, "r_mono": 0.2589175119795795, "cov_cell": null}, "log1pPF": {"cov_gene": 1.7237828748089934, "r2_depth": 0.6149056204842898, "r_mono": 1.0, "cov_cell": 0.1969125507551543}, "PFlog1pPF": {"cov_gene": 2.901031748005522, "r2_depth": 0, "r_mono": 1.0, "cov_cell": 2.1729410466794252e-14}, "ncells": 2733, "ngenes": 25931, "avg_per_cell": 14481.26, "avg_per_gene": 1526.25, "min_cell": 280.0, "max_cell": 50875.0, "overdispersion": 0.39, "total_count": 39577274, "nvals": 8292858, "sparsity": 0.11701602255178513}