{
  "ncells": 2021,
  "ngenes": 60623,
  "nvals": 2842283,
  "density": 0.02319869632063766,
  "total_counts": 8501463,
  "overdispersion": 2.14254435270527,
  "avg_per_cell": 4206.562592775854,
  "avg_per_gene": 140.23494383319863,
  "max_cell": 43048,
  "min_cell": 446,
  "raw": {
    "cov_gene": 98.0511504424461,
    "cov_cell": 1.155862624032254,
    "r2_depth": 1,
    "r_mono": 1
  },
  "PF": {
    "cov_gene": 85.60975364558783,
    "cov_cell": 2.63544122312816e-14,
    "r2_depth": 0,
    "r_mono": 1
  },
  "sqrt": {
    "cov_gene": 16.181781898092954,
    "cov_cell": 0.9757599411376873,
    "r2_depth": 0.9641761612888575,
    "r_mono": 1
  },
  "log1p": {
    "cov_gene": 4.4185650729214,
    "cov_cell": 0.9834265421238195,
    "r2_depth": 0.9611917361151628,
    "r_mono": 1
  },
  "log1pCP10k": {
    "cov_gene": 3.586446466645331,
    "cov_cell": 0.4410332866157657,
    "r2_depth": 0.5705379242511395,
    "r_mono": 1
  },
  "log1pCPM": {
    "cov_gene": 2.479005075209921,
    "cov_cell": 0.7246265467148724,
    "r2_depth": 0.8701555014871649,
    "r_mono": 1
  },
  "log1pPF": {
    "cov_gene": 4.572688032421007,
    "cov_cell": 0.37098828373307446,
    "r2_depth": 0.4317015042889676,
    "r_mono": 1
  },
  "PFlog1pPF": {
    "cov_gene": 28.425953136088648,
    "cov_cell": 1.5051154359469797e-14,
    "r2_depth": 0,
    "r_mono": 1
  }
}
