{"raw": {"cov_gene": 14.293761852801918, "r2_depth": 1.0, "r_mono": 1.0}, "PF": {"cov_gene": 8.529452803264302, "r2_depth": 0, "r_mono": 1.0}, "sqrt": {"cov_gene": 4.971480020041836, "r2_depth": 0.9455858457039065, "r_mono": 1.0}, "log1p": {"cov_gene": 4.707470992718647, "r2_depth": 0.9422155279078718, "r_mono": 1.0}, "log1pCP10k": {"cov_gene": 2.907009339169239, "r2_depth": 0.7130267974760055, "r_mono": 1.0}, "log1pCPM": {"cov_gene": 2.693536929658834, "r2_depth": 0.7945484585595777, "r_mono": 1.0}, "scalelog1pCP10k": {"cov_gene": 1.0299648986221901e-13, "r2_depth": 0.688036735843115, "r_mono": 0.1990809964017662}, "sctransform": {"cov_gene": 0.982711107550659, "r2_depth": 0.0008484402684721948, "r_mono": 0.17753628045653602}, "log1pPF": {"cov_gene": 4.728175977605599, "r2_depth": 0.28040019384414716, "r_mono": 1.0}, "PFlog1pPF": {"cov_gene": 6.416960431324943, "r2_depth": 0, "r_mono": 1.0}}