{"ncells": 2103, "ngenes": 60623, "nvals": 1411569, "density": 0.011071983126793094, "avg_per_cell": 6008.903946742748, "avg_per_gene": 208.4477013674678, "min_cell": 3240, "max_cell": 40091, "total_count": 12636725, "overdispersion": 0.3016131438490843, "log1pCP10k": {"cov_gene": 6.783207285715533, "cov_cell": 1.0812458822403723, "r2_depth": 0.27756347088228006, "r_mono": 1}, "log1pCPM": {"cov_gene": 3.560243385528836, "cov_cell": 1.2117393981021811, "r2_depth": 0.46042247838291717, "r_mono": 1}, "log1pPF": {"cov_gene": 8.280520250737649, "cov_cell": 1.0643722746763886, "r2_depth": 0.25237392589566654, "r_mono": 1}, "log1p": {"cov_gene": 7.4018088286553905, "cov_cell": 1.3695398802171614, "r2_depth": 0.6100829656744822, "r_mono": 1}, "PF": {"cov_gene": 182.83687617722603, "cov_cell": 1.234887402179888e-14, "r2_depth": 0, "r_mono": 1}, "PFlog1pPF": {"cov_gene": 39.08140256211374, "cov_cell": 8.749499070987412e-15, "r2_depth": 0, "r_mono": 1}, "raw": {"cov_gene": 165.67139935724663, "cov_cell": 0.5415853499342161, "r2_depth": 1, "r_mono": 1}, "sqrt": {"cov_gene": 45.42446182929385, "cov_cell": 1.2686537225441392, "r2_depth": 0.6274003271508544, "r_mono": 1}}