{"raw": {"cov_gene": 14.293761852801918, "r2_depth": 1.0, "r_mono": 1.0, "cov_cell": 1.7265834773220283}, "PF": {"cov_gene": 8.529452803264302, "r2_depth": 0, "r_mono": 1.0, "cov_cell": 3.5120537749397245e-16}, "sqrt": {"cov_gene": 4.971480020041836, "r2_depth": 0.9455858457039065, "r_mono": 1.0, "cov_cell": 1.1766375202142159}, "log1p": {"cov_gene": 4.707470992718647, "r2_depth": 0.9422155279078718, "r_mono": 1.0, "cov_cell": 1.172745245741563}, "log1pCP10k": {"cov_gene": 2.907009339169239, "r2_depth": 0.7130267974760055, "r_mono": 1.0, "cov_cell": 0.7320380204550121}, "log1pCPM": {"cov_gene": 2.693536929658834, "r2_depth": 0.7945484585595777, "r_mono": 1.0, "cov_cell": 0.84164267720352}, "scalelog1pCP10k": {"cov_gene": 1.0299648986221901e-13, "r2_depth": 0.688036735843115, "r_mono": 0.1990809964017662, "cov_cell": null}, "sctransform": {"cov_gene": 0.982711107550659, "r2_depth": 0.0008484402684721948, "r_mono": 0.17753628045653602, "cov_cell": null}, "log1pPF": {"cov_gene": 4.728175977605599, "r2_depth": 0.28040019384414716, "r_mono": 1.0, "cov_cell": 0.32874950181982915}, "PFlog1pPF": {"cov_gene": 6.416960431324943, "r2_depth": 0, "r_mono": 1.0, "cov_cell": 4.309252740126717e-16}, "ncells": 6701, "ngenes": 1143, "avg_per_cell": 37.81, "avg_per_gene": 221.66, "min_cell": 2.0, "max_cell": 1176.0, "overdispersion": 2.6, "total_count": 253358, "nvals": 125133, "sparsity": 0.016337515339309643}