{
    "raw": {
        "cov_gene": 36.335271606259234,
        "r2_depth": 1.0,
        "r_mono": 1.0
    },
    "PF": {
        "cov_gene": 36.549174709894956,
        "r2_depth": 0,
        "r_mono": 1.0
    },
    "sqrt": {
        "cov_gene": 2.6335600471196616,
        "r2_depth": 0.9625424369802863,
        "r_mono": 1.0
    },
    "log1p": {
        "cov_gene": 2.35737796543553,
        "r2_depth": 0.9617423230777962,
        "r_mono": 1.0
    },
    "log1pCP10k": {
        "cov_gene": 1.618579580539634,
        "r2_depth": 0.7787996796731689,
        "r_mono": 1.0
    },
    "log1pCPM": {
        "cov_gene": 1.3924512562901794,
        "r2_depth": 0.8711182508668558,
        "r_mono": 1.0
    },
    "scalelog1pCP10k": {
        "cov_gene": 1.3486948546573406e-14,
        "r2_depth": 0.587632792370949,
        "r_mono": 0.34722257824097735
    },
    "sctransform": {
        "cov_gene": 0.43056354949845255,
        "r2_depth": 0.0363590951952506,
        "r_mono": 0.265503425595511
    },
    "log1pPF": {
        "cov_gene": 2.291823686558249,
        "r2_depth": 0.5780702853541294,
        "r_mono": 1.0
    },
    "PFlog1pPF": {
        "cov_gene": 2.3410895121389563,
        "r2_depth": 0,
        "r_mono": 1.0
    },
    "ncells": "932",
    "ngenes": 11829,
    "avg_per_cell": "1300.56",
    "avg_per_gene": "102.47",
    "min_cell": "700",
    "max_cell": "5135",
    "overdispersion": "0.31"
}