{
  "ncells": 827,
  "ngenes": 60623,
  "nvals": 1246093,
  "density": 0.024854642607439588,
  "total_counts": 3510175,
  "overdispersion": 0.10081745180822378,
  "avg_per_cell": 4244.467956469166,
  "avg_per_gene": 57.90170397373934,
  "max_cell": 24127,
  "min_cell": 2583,
  "raw": {
    "cov_gene": 103.17181166343606,
    "cov_cell": 0.3722218752967645,
    "r2_depth": 1,
    "r_mono": 1
  },
  "PF": {
    "cov_gene": 144.602471878436,
    "cov_cell": 1.5764482747662182e-14,
    "r2_depth": 0,
    "r_mono": 1
  },
  "sqrt": {
    "cov_gene": 3.834279529138632,
    "cov_cell": 0.24097353913487615,
    "r2_depth": 0.9075856589781652,
    "r_mono": 1
  },
  "log1p": {
    "cov_gene": 3.207944290299423,
    "cov_cell": 0.23368868878781288,
    "r2_depth": 0.8833362470072292,
    "r_mono": 1
  },
  "log1pCP10k": {
    "cov_gene": 2.8367472101597633,
    "cov_cell": 0.0856004686819365,
    "r2_depth": 0.2566076696954993,
    "r_mono": 1
  },
  "log1pCPM": {
    "cov_gene": 2.475545796720081,
    "cov_cell": 0.1575282450447539,
    "r2_depth": 0.694716798005492,
    "r_mono": 1
  },
  "log1pPF": {
    "cov_gene": 3.167613106232562,
    "cov_cell": 0.07044828200365565,
    "r2_depth": 0.11493510061574719,
    "r_mono": 1
  },
  "PFlog1pPF": {
    "cov_gene": 3.182771615825942,
    "cov_cell": 1.552000960828116e-14,
    "r2_depth": 0,
    "r_mono": 1
  }
}
