{
  "ncells": 4274,
  "ngenes": 19555,
  "nvals": 2486247,
  "density": 0.029747600058244943,
  "total_counts": 4730020,
  "overdispersion": 0.3,
  "avg_per_cell": 1106.7,
  "avg_per_gene": 241.88,
  "max_cell": 5467,
  "min_cell": 417,
  "raw": {
    "cov_gene": 44.26266192500925,
    "r2_depth": 1,
    "r_mono": 1,
    "cov_cell": 0.4643367102126391
  },
  "PF": {
    "cov_gene": 47.52450321794292,
    "r2_depth": 0,
    "r_mono": 1,
    "cov_cell": 8.314958377159072e-15
  },
  "sqrt": {
    "cov_gene": 3.0986895079600054,
    "r2_depth": 0.9811367311009092,
    "r_mono": 1,
    "cov_cell": 0.3964243687693613
  },
  "log1p": {
    "cov_gene": 3.0969679965119816,
    "r2_depth": 0.9808164372107022,
    "r_mono": 1,
    "cov_cell": 0.39706460179851205
  },
  "log1pCP10k": {
    "cov_gene": 2.100265535596339,
    "r2_depth": 0.8747862465669984,
    "r_mono": 1,
    "cov_cell": 0.21624420071109135
  },
  "log1pCPM": {
    "cov_gene": 1.828837002406818,
    "r2_depth": 0.9381177306806324,
    "r_mono": 1,
    "cov_cell": 0.306666792731489
  },
  "scalelog1pCP10k": {
    "cov_gene": 6.200298343438738e-14,
    "r2_depth": 0.7595848507106535,
    "r_mono": 0.27273439553431844,
    "cov_cell": null
  },
  "sctransform": {
    "cov_gene": 0.4609885758743977,
    "r2_depth": 0.10337216504008184,
    "r_mono": 0.21007036278208013,
    "cov_cell": null
  },
  "log1pPF": {
    "cov_gene": 2.9956019181347657,
    "r2_depth": 0.7187230164373183,
    "r_mono": 1,
    "cov_cell": 0.11663877441768965
  },
  "PFlog1pPF": {
    "cov_gene": 3.071719394282059,
    "r2_depth": 0,
    "r_mono": 1,
    "cov_cell": 6.833986586167913e-15
  }
}
