{
  "ncells": 1479,
  "ngenes": 60623,
  "nvals": 414396,
  "density": 0.004621787317949704,
  "total_counts": 742941,
  "overdispersion": 2.4272222599396116,
  "avg_per_cell": 502.3265720081136,
  "avg_per_gene": 12.255101199214819,
  "max_cell": 5305,
  "min_cell": 7,
  "raw": {
    "cov_gene": 139.49212559784038,
    "cov_cell": 0.8241903504750758,
    "r2_depth": 1,
    "r_mono": 1
  },
  "PF": {
    "cov_gene": 135.7299250182722,
    "cov_cell": 5.284685888895242e-15,
    "r2_depth": 0,
    "r_mono": 1
  },
  "sqrt": {
    "cov_gene": 15.226214441322345,
    "cov_cell": 0.7470644536401437,
    "r2_depth": 0.9423767287845889,
    "r_mono": 1
  },
  "log1p": {
    "cov_gene": 8.425431220015874,
    "cov_cell": 0.7497715292384167,
    "r2_depth": 0.9379563816507814,
    "r_mono": 1
  },
  "log1pCP10k": {
    "cov_gene": 4.145597291275237,
    "cov_cell": 0.4890385365738842,
    "r2_depth": 0.7256221497777846,
    "r_mono": 1
  },
  "log1pCPM": {
    "cov_gene": 3.616402392594177,
    "cov_cell": 0.6196375437497348,
    "r2_depth": 0.8699583892266424,
    "r_mono": 1
  },
  "log1pPF": {
    "cov_gene": 7.933974241766315,
    "cov_cell": 0.3247795816408144,
    "r2_depth": 0.3425417852455329,
    "r_mono": 1
  },
  "PFlog1pPF": {
    "cov_gene": 61.25810207247999,
    "cov_cell": 4.803340401363451e-15,
    "r2_depth": 0,
    "r_mono": 1
  }
}
