{"ncells": 4081, "ngenes": 60623, "nvals": 11118545, "avg_per_cell": 11837.017152658662, "avg_per_gene": 796.8405885554987, "min_cell": 323, "max_cell": 44225, "total_count": 48306867, "overdispersion": 0.40360152427745344, "raw": {"cov_gene": 46.00422773678571, "cov_cell": 0.5462806099864782, "r2_depth": 1.0, "r_mono": 1}, "PF": {"cov_gene": 93.97451918900397, "cov_cell": 2.815746795580203e-14, "r2_depth": 0, "r_mono": 1}, "log1p": {"cov_gene": 3.3045739141801413, "cov_cell": 0.4160642369227765, "r2_depth": 0.9666875876024547, "r_mono": 1}, "log1pPF": {"cov_gene": 2.9479689795505255, "cov_cell": 0.17248056763702463, "r2_depth": 0.5773073211636458, "r_mono": 1}, "PFlog1pPF": {"cov_gene": 3.9350941457095594, "cov_cell": 2.517145804971216e-14, "r2_depth": 0, "r_mono": 1}, "log1pCPM": {"cov_gene": 2.2851715081716915, "cov_cell": 0.2936308996933288, "r2_depth": 0.8704028670441872, "r_mono": 1}, "log1pCP10k": {"cov_gene": 3.038608795613664, "cov_cell": 0.1660831485167527, "r2_depth": 0.5564295096804708, "r_mono": 1}, "sqrt": {"cov_gene": 6.023854254420231, "cov_cell": 0.42191920426940094, "r2_depth": 0.972837073855142, "r_mono": 1}, "density": 0.044941124939406926}