{
    "raw": {
        "cov_gene": 30.386572070093834,
        "r2_depth": 1.0,
        "r_mono": 1.0
    },
    "PF": {
        "cov_gene": 62.11024957048833,
        "r2_depth": 0,
        "r_mono": 1.0
    },
    "sqrt": {
        "cov_gene": 3.9127483784438013,
        "r2_depth": 0.9728066894379392,
        "r_mono": 1.0
    },
    "log1p": {
        "cov_gene": 2.052876988868274,
        "r2_depth": 0.9666471299265911,
        "r_mono": 1.0
    },
    "log1pCP10k": {
        "cov_gene": 1.8646944291151692,
        "r2_depth": 0.5563850550554625,
        "r_mono": 1.0
    },
    "log1pCPM": {
        "cov_gene": 1.313938258406352,
        "r2_depth": 0.8702516306637433,
        "r_mono": 1.0
    },
    "scalelog1pCP10k": {
        "cov_gene": 5.6130020469477945e-14,
        "r2_depth": 0.5570465548760564,
        "r_mono": 0.43385844555333186
    },
    "sctransform": {
        "cov_gene": 0.4835753211139647,
        "r2_depth": 0.5981957237941931,
        "r_mono": 0.24741753634779043
    },
    "log1pPF": {
        "cov_gene": 1.8001454988383527,
        "r2_depth": 0.5772161692912303,
        "r_mono": 1.0
    },
    "PFlog1pPF": {
        "cov_gene": 2.4930304648092143,
        "r2_depth": 0,
        "r_mono": 1.0
    },
    "ncells": 4081,
    "ngenes": 26458,
    "avg_per_cell": 11833.42,
    "avg_per_gene": 1825.24,
    "min_cell": 323.0,
    "max_cell": 44211.0,
    "overdispersion": 0.4
}