{
  "ncells": 9290,
  "ngenes": 60623,
  "nvals": 9352835,
  "density": 0.016606959807909147,
  "total_counts": 27259082,
  "overdispersion": 0.7528314410014931,
  "avg_per_cell": 2934.239181916039,
  "avg_per_gene": 449.64917605529257,
  "max_cell": 16889,
  "min_cell": 371,
  "raw": {
    "cov_gene": 143.75225148779083,
    "cov_cell": 0.4958512281202536,
    "r2_depth": 1,
    "r_mono": 1
  },
  "PF": {
    "cov_gene": 86.87365646795759,
    "cov_cell": 1.16448579054398e-14,
    "r2_depth": 0,
    "r_mono": 1
  },
  "sqrt": {
    "cov_gene": 8.026769571548655,
    "cov_cell": 0.38654613306942315,
    "r2_depth": 0.9507511688930559,
    "r_mono": 1
  },
  "log1p": {
    "cov_gene": 4.505555607997877,
    "cov_cell": 0.3830624467712593,
    "r2_depth": 0.9441987147803312,
    "r_mono": 1
  },
  "log1pCP10k": {
    "cov_gene": 3.4681866690229004,
    "cov_cell": 0.17953009288235475,
    "r2_depth": 0.6664931064920852,
    "r_mono": 1
  },
  "log1pCPM": {
    "cov_gene": 3.056469888038679,
    "cov_cell": 0.28500562668973567,
    "r2_depth": 0.8507201788027541,
    "r_mono": 1
  },
  "log1pPF": {
    "cov_gene": 4.087471825342301,
    "cov_cell": 0.12894789638007587,
    "r2_depth": 0.4902980455821503,
    "r_mono": 1
  },
  "PFlog1pPF": {
    "cov_gene": 4.334811653188065,
    "cov_cell": 1.1128421522684513e-14,
    "r2_depth": 0,
    "r_mono": 1
  }
}
