{
  "ncells": 70820,
  "ngenes": 60623,
  "nvals": 18408410,
  "density": 0.004287685593571034,
  "total_counts": 54319644,
  "overdispersion": 16.53583118629515,
  "avg_per_cell": 767.009940694719,
  "avg_per_gene": 896.0236873793775,
  "max_cell": 67369,
  "min_cell": 24,
  "raw": {
    "cov_gene": 58.35744153383569,
    "cov_cell": 3.2779068705485352,
    "r2_depth": 1,
    "r_mono": 1
  },
  "PF": {
    "cov_gene": 44.93005676771389,
    "cov_cell": 7.487990497073222e-15,
    "r2_depth": 0,
    "r_mono": 1
  },
  "sqrt": {
    "cov_gene": 12.48633436870956,
    "cov_cell": 2.734215287383488,
    "r2_depth": 0.9581135325597163,
    "r_mono": 1
  },
  "log1p": {
    "cov_gene": 8.408273636947058,
    "cov_cell": 2.7320781542700376,
    "r2_depth": 0.9545190736141922,
    "r_mono": 1
  },
  "log1pCP10k": {
    "cov_gene": 7.774514930323527,
    "cov_cell": 1.4337975296007897,
    "r2_depth": 0.7044714906235225,
    "r_mono": 1
  },
  "log1pCPM": {
    "cov_gene": 4.90970663905654,
    "cov_cell": 2.084446014447197,
    "r2_depth": 0.8541482191565153,
    "r_mono": 1
  },
  "log1pPF": {
    "cov_gene": 9.910919977652531,
    "cov_cell": 0.6957761523372353,
    "r2_depth": 0.5592963645882837,
    "r_mono": 1
  },
  "PFlog1pPF": {
    "cov_gene": 10.853923398804207,
    "cov_cell": 6.144957967417109e-15,
    "r2_depth": 0,
    "r_mono": 1
  }
}
