{
    "raw": {
        "cov_gene": 32.98577521472709,
        "r2_depth": 1.0,
        "r_mono": 1.0
    },
    "PF": {
        "cov_gene": 101.03168042904012,
        "r2_depth": 0,
        "r_mono": 1.0
    },
    "sqrt": {
        "cov_gene": 4.817037194394636,
        "r2_depth": 0.9656233990400908,
        "r_mono": 1.0
    },
    "log1p": {
        "cov_gene": 2.9428463585695956,
        "r2_depth": 0.9625397844704594,
        "r_mono": 1.0
    },
    "log1pCP10k": {
        "cov_gene": 2.165441614825396,
        "r2_depth": 0.5612816203770015,
        "r_mono": 1.0
    },
    "log1pCPM": {
        "cov_gene": 1.6108737458693887,
        "r2_depth": 0.8389395003480884,
        "r_mono": 1.0
    },
    "scalelog1pCP10k": {
        "cov_gene": 1.0685421183814313e-13,
        "r2_depth": 0.5520414956113406,
        "r_mono": 0.3608824264162989
    },
    "sctransform": {
        "cov_gene": 0.8290882494974646,
        "r2_depth": 0.6338959972403684,
        "r_mono": 0.1995823116549073
    },
    "log1pPF": {
        "cov_gene": 2.4833709634734817,
        "r2_depth": 0.4572338149381965,
        "r_mono": 1.0
    },
    "PFlog1pPF": {
        "cov_gene": 25.622839309692644,
        "r2_depth": 0,
        "r_mono": 1.0
    },
    "ncells": 7247,
    "ngenes": 26474,
    "avg_per_cell": 4667.42,
    "avg_per_gene": 1277.66,
    "min_cell": 160.0,
    "max_cell": 51900.0,
    "overdispersion": 1.07
}