{"ncells": 7247, "ngenes": 60623, "nvals": 11713592, "avg_per_cell": 4670.353939561198, "avg_per_gene": 558.303861570691, "min_cell": 160, "max_cell": 51931, "total_count": 33846055, "overdispersion": 1.0690278453854172, "raw": {"cov_gene": 49.925545399058244, "cov_cell": 1.1862366023091073, "r2_depth": 1.0, "r_mono": 1}, "PF": {"cov_gene": 152.93601021541613, "cov_cell": 1.7330930894443144e-14, "r2_depth": 0, "r_mono": 1}, "log1p": {"cov_gene": 4.590548930106659, "cov_cell": 0.9017436740226011, "r2_depth": 0.9626109788485387, "r_mono": 1}, "log1pPF": {"cov_gene": 3.920336374983275, "cov_cell": 0.33015873992073375, "r2_depth": 0.45724337653999014, "r_mono": 1}, "PFlog1pPF": {"cov_gene": 38.77249886936929, "cov_cell": 1.7647637940514402e-14, "r2_depth": 0, "r_mono": 1}, "log1pCPM": {"cov_gene": 2.682987666212953, "cov_cell": 0.6221494300003416, "r2_depth": 0.8391656273399247, "r_mono": 1}, "log1pCP10k": {"cov_gene": 3.4628348050404822, "cov_cell": 0.38613737214451205, "r2_depth": 0.561258813855084, "r_mono": 1}, "sqrt": {"cov_gene": 7.369214257363649, "cov_cell": 0.9035812850693751, "r2_depth": 0.9656855127456616, "r_mono": 1}, "density": 0.026662103344350662}