{
  "ncells": 3171,
  "ngenes": 60623,
  "nvals": 5822945,
  "density": 0.030290679923362554,
  "total_counts": 19207762,
  "overdispersion": 0.8600957798053528,
  "avg_per_cell": 6057.320088300221,
  "avg_per_gene": 316.8395163551787,
  "max_cell": 94177,
  "min_cell": 3326,
  "raw": {
    "cov_gene": 76.71403976334422,
    "cov_cell": 0.9643334159263973,
    "r2_depth": 1,
    "r_mono": 1
  },
  "PF": {
    "cov_gene": 91.20382657407589,
    "cov_cell": 2.031068519920757e-14,
    "r2_depth": 0,
    "r_mono": 1
  },
  "sqrt": {
    "cov_gene": 5.932358839920156,
    "cov_cell": 0.5671255112111098,
    "r2_depth": 0.9611413228294511,
    "r_mono": 1
  },
  "log1p": {
    "cov_gene": 3.377892423499092,
    "cov_cell": 0.5531440355659154,
    "r2_depth": 0.9546289271050139,
    "r_mono": 1
  },
  "log1pCP10k": {
    "cov_gene": 3.129673050644199,
    "cov_cell": 0.1095652886667929,
    "r2_depth": 0.46931956765319305,
    "r_mono": 1
  },
  "log1pCPM": {
    "cov_gene": 2.538967152797524,
    "cov_cell": 0.2889356107548826,
    "r2_depth": 0.8099228891014424,
    "r_mono": 1
  },
  "log1pPF": {
    "cov_gene": 3.4261237725947966,
    "cov_cell": 0.09153197455445829,
    "r2_depth": 0.3951721911702205,
    "r_mono": 1
  },
  "PFlog1pPF": {
    "cov_gene": 3.4736004479143756,
    "cov_cell": 2.034221659338946e-14,
    "r2_depth": 0,
    "r_mono": 1
  }
}
