{
    "raw": {
        "cov_gene": 103.33159334661096,
        "r2_depth": 1.0,
        "r_mono": 1.0
    },
    "PF": {
        "cov_gene": 93.4484395897545,
        "r2_depth": 0,
        "r_mono": 1.0
    },
    "sqrt": {
        "cov_gene": 26.686601271065495,
        "r2_depth": 0.526519273384809,
        "r_mono": 1.0
    },
    "log1p": {
        "cov_gene": 3.792966317951429,
        "r2_depth": 0.4853570871061271,
        "r_mono": 1.0
    },
    "log1pCP10k": {
        "cov_gene": 2.198803742865735,
        "r2_depth": 0.028832819874147875,
        "r_mono": 1.0
    },
    "log1pCPM": {
        "cov_gene": 1.7731362298582753,
        "r2_depth": 0.2855052972751756,
        "r_mono": 1.0
    },
    "scalelog1pCP10k": {
        "cov_gene": 9.408102939552696e-14,
        "r2_depth": 0.06130888179516247,
        "r_mono": 0.2760916668620777
    },
    "sctransform": {
        "cov_gene": 0.6598729558878903,
        "r2_depth": 0.3376560659219163,
        "r_mono": 0.22312845244647547
    },
    "log1pPF": {
        "cov_gene": 3.0885702643550803,
        "r2_depth": 0.011493299065088891,
        "r_mono": 1.0
    },
    "PFlog1pPF": {
        "cov_gene": 31.593882196851407,
        "r2_depth": 0,
        "r_mono": 1.0
    },
    "ncells": "6506",
    "ngenes": 21404,
    "avg_per_cell": "2212.63",
    "avg_per_gene": "672.55",
    "min_cell": "331",
    "max_cell": "24097",
    "overdispersion": "11.02"
}