{"raw": {"cov_gene": 103.33159334661096, "r2_depth": 1.0, "r_mono": 1.0, "cov_cell": 1.0501019702269114}, "PF": {"cov_gene": 93.4484395897545, "r2_depth": 0, "r_mono": 1.0, "cov_cell": 6.101157720619139e-15}, "sqrt": {"cov_gene": 26.686601271065495, "r2_depth": 0.526519273384809, "r_mono": 1.0, "cov_cell": 0.6954774583585608}, "log1p": {"cov_gene": 3.792966317951429, "r2_depth": 0.4853570871061271, "r_mono": 1.0, "cov_cell": 0.693336872646261}, "log1pCP10k": {"cov_gene": 2.198803742865735, "r2_depth": 0.028832819874147875, "r_mono": 1.0, "cov_cell": 0.3283070731525448}, "log1pCPM": {"cov_gene": 1.7731362298582753, "r2_depth": 0.2855052972751756, "r_mono": 1.0, "cov_cell": 0.4822113154275782}, "scalelog1pCP10k": {"cov_gene": 9.408102939552696e-14, "r2_depth": 0.06130888179516247, "r_mono": 0.2760916668620777, "cov_cell": null}, "sctransform": {"cov_gene": 0.6598729558878903, "r2_depth": 0.3376560659219163, "r_mono": 0.22312845244647547, "cov_cell": null}, "log1pPF": {"cov_gene": 3.0885702643550803, "r2_depth": 0.011493299065088891, "r_mono": 1.0, "cov_cell": 0.2755962072795713}, "PFlog1pPF": {"cov_gene": 31.593882196851407, "r2_depth": 0, "r_mono": 1.0, "cov_cell": 5.415894075909498e-15}, "ncells": 6506, "ngenes": 21404, "avg_per_cell": 2212.63, "avg_per_gene": 672.55, "min_cell": 331.0, "max_cell": 24097.0, "overdispersion": 11.02, "total_count": 14395357, "nvals": 4427301, "sparsity": 0.03179289298557581}