{"ncells": 1379, "ngenes": 60623, "nvals": 2006812, "density": 0.024005181777219012, "avg_per_cell": 6916.308919506889, "avg_per_gene": 157.32626230968444, "min_cell": 3533, "max_cell": 34354, "total_count": 9537590, "overdispersion": 2.3678697437762324, "log1pCP10k": {"cov_gene": 4.738102830033362, "cov_cell": 0.47316402176609146, "r2_depth": 0.032215232154432116, "r_mono": 1}, "log1pCPM": {"cov_gene": 2.6110890448755932, "cov_cell": 0.5617701660398076, "r2_depth": 0.2964550719319071, "r_mono": 1}, "PFlog1pPF": {"cov_gene": 46.83523451102167, "cov_cell": 1.615549294249016e-14, "r2_depth": 0, "r_mono": 1}, "PF": {"cov_gene": 180.83472104150542, "cov_cell": 2.0178228520974495e-14, "r2_depth": 0, "r_mono": 1}, "log1p": {"cov_gene": 5.84006657330889, "cov_cell": 0.6974325127237682, "r2_depth": 0.5296326909329927, "r_mono": 1}, "log1pPF": {"cov_gene": 5.594030249188715, "cov_cell": 0.46938576380170766, "r2_depth": 0.01886134964372077, "r_mono": 1}, "raw": {"cov_gene": 163.0244859876519, "cov_cell": 0.6600872967664162, "r2_depth": 1, "r_mono": 1}, "sqrt": {"cov_gene": 48.41474283180156, "cov_cell": 0.6886346984956025, "r2_depth": 0.5624366082395524, "r_mono": 1}}