{"ncells": 3783, "ngenes": 60623, "nvals": 4165463, "avg_per_cell": 3463.9259846682526, "avg_per_gene": 216.15611236659353, "min_cell": 126, "max_cell": 68097, "total_count": 13104032, "overdispersion": 3.464909147109681, "raw": {"cov_gene": 75.58340525434856, "cov_cell": 1.5935860490078886, "r2_depth": 1.0, "r_mono": 1}, "PF": {"cov_gene": 67.58951958879615, "cov_cell": 1.959838244477277e-14, "r2_depth": 0, "r_mono": 1}, "log1p": {"cov_gene": 5.595118304885321, "cov_cell": 1.2925058910330893, "r2_depth": 0.9606935766853097, "r_mono": 1}, "log1pPF": {"cov_gene": 6.024548342796722, "cov_cell": 0.5805605835312273, "r2_depth": 0.4888916847487036, "r_mono": 1}, "PFlog1pPF": {"cov_gene": 15.197819001869632, "cov_cell": 1.6741938913685296e-14, "r2_depth": 0, "r_mono": 1}, "log1pCPM": {"cov_gene": 2.975892375817499, "cov_cell": 0.9911419361371632, "r2_depth": 0.8373176765624376, "r_mono": 1}, "log1pCP10k": {"cov_gene": 4.769738148255552, "cov_cell": 0.6977990822008053, "r2_depth": 0.584144267749612, "r_mono": 1}, "sqrt": {"cov_gene": 12.15914351350224, "cov_cell": 1.2967602734655552, "r2_depth": 0.9636259988815304, "r_mono": 1}, "density": 0.01816308083365719}