{"raw": {"cov_gene": 47.20851578316388, "r2_depth": 1.0, "r_mono": 1.0}, "PF": {"cov_gene": 42.24851261323793, "r2_depth": 0, "r_mono": 1.0}, "sqrt": {"cov_gene": 7.569071201438756, "r2_depth": 0.9633747982340124, "r_mono": 1.0}, "log1p": {"cov_gene": 3.4141449560964774, "r2_depth": 0.9604269495286009, "r_mono": 1.0}, "log1pCP10k": {"cov_gene": 2.881788054708699, "r2_depth": 0.5840270195119363, "r_mono": 1.0}, "log1pCPM": {"cov_gene": 1.695286638149993, "r2_depth": 0.8365328955449917, "r_mono": 1.0}, "scalelog1pCP10k": {"cov_gene": 5.797079715541203e-14, "r2_depth": 0.6186323263091766, "r_mono": 0.2914092924717636}, "sctransform": {"cov_gene": 0.7348988600760971, "r2_depth": 0.5368029421778096, "r_mono": 0.20288025358674822}, "log1pPF": {"cov_gene": 3.6884435292784006, "r2_depth": 0.4888218392262349, "r_mono": 1.0}, "PFlog1pPF": {"cov_gene": 9.467752092647075, "r2_depth": 0, "r_mono": 1.0}}