{"raw": {"cov_gene": 47.20851578316388, "r2_depth": 1.0, "r_mono": 1.0, "cov_cell": 1.593498914865703}, "PF": {"cov_gene": 42.24851261323793, "r2_depth": 0, "r_mono": 1.0, "cov_cell": 2.5865599581502475e-14}, "sqrt": {"cov_gene": 7.569071201438756, "r2_depth": 0.9633747982340124, "r_mono": 1.0, "cov_cell": 1.2958285494468764}, "log1p": {"cov_gene": 3.4141449560964774, "r2_depth": 0.9604269495286009, "r_mono": 1.0, "cov_cell": 1.291590703039002}, "log1pCP10k": {"cov_gene": 2.881788054708699, "r2_depth": 0.5840270195119363, "r_mono": 1.0, "cov_cell": 0.6975869787416322}, "log1pCPM": {"cov_gene": 1.695286638149993, "r2_depth": 0.8365328955449917, "r_mono": 1.0, "cov_cell": 0.990213075849292}, "scalelog1pCP10k": {"cov_gene": 5.797079715541203e-14, "r2_depth": 0.6186323263091766, "r_mono": 0.2914092924717636, "cov_cell": null}, "sctransform": {"cov_gene": 0.7348988600760971, "r2_depth": 0.5368029421778096, "r_mono": 0.20288025358674822, "cov_cell": null}, "log1pPF": {"cov_gene": 3.6884435292784006, "r2_depth": 0.4888218392262349, "r_mono": 1.0, "cov_cell": 0.5803013965465306}, "PFlog1pPF": {"cov_gene": 9.467752092647075, "r2_depth": 0, "r_mono": 1.0, "cov_cell": 1.8239603354386733e-14}, "ncells": 3783, "ngenes": 23655, "avg_per_cell": 3459.43, "avg_per_gene": 553.25, "min_cell": 125.0, "max_cell": 67987.0, "overdispersion": 3.46, "total_count": 13087028, "nvals": 4149515, "sparsity": 0.046370101355098316}