{"raw": {"cov_gene": 1.6643898861990722, "r2_depth": 1.0, "r_mono": 1.0}, "PF": {"cov_gene": 1.6913749706182455, "r2_depth": 0, "r_mono": 1.0}, "sqrt": {"cov_gene": 0.9259159692803312, "r2_depth": 0.8188400015999149, "r_mono": 1.0, "cov_cell": 0.9485987270222164}, "log1p": {"cov_gene": 0.8923144189047836, "r2_depth": 0.808961200506203, "r_mono": 1.0, "cov_cell": 0.9829999707178032}, "log1pCP10k": {"cov_gene": 0.552399752059073, "r2_depth": 0.384545001674545, "r_mono": 1.0, "cov_cell": 0.7194281530458089}, "log1pCPM": {"cov_gene": 0.5140551774374442, "r2_depth": 0.4252356046066529, "r_mono": 1.0, "cov_cell": 0.764652142529462}, "scalelog1pCP10k": {"cov_gene": 8.011239299401172e-16, "r2_depth": 0.4577897970400161, "r_mono": 0.5833347339084997, "cov_cell": null}, "sctransform": {"cov_gene": null, "r2_depth": null, "r_mono": null, "cov_cell": null}, "log1pPF": {"cov_gene": 0.9032455501725455, "r2_depth": 0.12502808625494466, "r_mono": 1.0, "cov_cell": 0.44485118407235774}, "PFlog1pPF": {"cov_gene": 1.7003078622781431, "r2_depth": 0, "r_mono": 1.0, "cov_cell": 2.698621877735681e-16}, "total_count": 1597, "nvals": 569, "sparsity": 0.2392767031118587}