{"raw": {"cov_gene": 19.874534304787428, "r2_depth": 1.0, "r_mono": 1.0}, "PF": {"cov_gene": 16.53704665530812, "r2_depth": 0, "r_mono": 1.0}, "sqrt": {"cov_gene": 5.13303539334253, "r2_depth": 0.959471953261984, "r_mono": 1.0}, "log1p": {"cov_gene": 4.6150638418676175, "r2_depth": 0.9564676612135977, "r_mono": 1.0}, "log1pCP10k": {"cov_gene": 2.473830306469377, "r2_depth": 0.8779491237061459, "r_mono": 1.0}, "log1pCPM": {"cov_gene": 2.1991109624121847, "r2_depth": 0.919069681927781, "r_mono": 1.0}, "scalelog1pCP10k": {"cov_gene": 9.691840086345195e-14, "r2_depth": 0.8395051807712873, "r_mono": 0.1321243776239622}, "sctransform": {"cov_gene": 0.7927885980428568, "r2_depth": 0.0063449878390413605, "r_mono": 0.12463031592749609}, "log1pPF": {"cov_gene": 5.134940580704045, "r2_depth": 0.5038678027170355, "r_mono": 1.0}, "PFlog1pPF": {"cov_gene": 8.1205528331011, "r2_depth": 0, "r_mono": 1.0}}