{"ncells": 6414, "ngenes": 60623, "nvals": 463174, "avg_per_cell": 112.60555035859058, "avg_per_gene": 11.913828085050229, "min_cell": 18, "max_cell": 1253, "total_count": 722252, "overdispersion": 6.629150774436926, "raw": {"cov_gene": 49.572195091046524, "cov_cell": 1.032295358417923, "r2_depth": 1.0, "r_mono": 1}, "PF": {"cov_gene": 41.36166220807715, "cov_cell": 1.3227827027885334e-15, "r2_depth": 0, "r_mono": 1}, "log1p": {"cov_gene": 11.465237417527852, "cov_cell": 1.0638433614013498, "r2_depth": 0.9581365716441202, "r_mono": 1}, "log1pPF": {"cov_gene": 12.748233279472348, "cov_cell": 0.3504854880287934, "r2_depth": 0.5079904956820741, "r_mono": 1}, "PFlog1pPF": {"cov_gene": 20.308901451808147, "cov_cell": 1.4071868711221545e-15, "r2_depth": 0, "r_mono": 1}, "log1pCPM": {"cov_gene": 5.741007384329406, "cov_cell": 0.9122782790625438, "r2_depth": 0.921643959820853, "r_mono": 1}, "log1pCP10k": {"cov_gene": 6.3769691969907925, "cov_cell": 0.7727594841433135, "r2_depth": 0.8804231916082396, "r_mono": 1}, "sqrt": {"cov_gene": 12.702230511719469, "cov_cell": 1.0548214723956175, "r2_depth": 0.9609307409266523, "r_mono": 1}, "density": 0.0011911810966889012}