{"raw": {"cov_gene": 19.874534304787428, "r2_depth": 1.0, "r_mono": 1.0, "cov_cell": 1.0306917786166792}, "PF": {"cov_gene": 16.53704665530812, "r2_depth": 0, "r_mono": 1.0, "cov_cell": 1.4535223236868386e-15}, "sqrt": {"cov_gene": 5.13303539334253, "r2_depth": 0.959471953261984, "r_mono": 1.0, "cov_cell": 1.05179422115006}, "log1p": {"cov_gene": 4.6150638418676175, "r2_depth": 0.9564676612135977, "r_mono": 1.0, "cov_cell": 1.0609968313022793}, "log1pCP10k": {"cov_gene": 2.473830306469377, "r2_depth": 0.8779491237061459, "r_mono": 1.0, "cov_cell": 0.7719200434795139}, "log1pCPM": {"cov_gene": 2.1991109624121847, "r2_depth": 0.919069681927781, "r_mono": 1.0, "cov_cell": 0.9098243744385424}, "scalelog1pCP10k": {"cov_gene": 9.691840086345195e-14, "r2_depth": 0.8395051807712873, "r_mono": 0.1321243776239622, "cov_cell": null}, "sctransform": {"cov_gene": 0.7927885980428568, "r2_depth": 0.0063449878390413605, "r_mono": 0.12463031592749609, "cov_cell": null}, "log1pPF": {"cov_gene": 5.134940580704045, "r2_depth": 0.5038678027170355, "r_mono": 1.0, "cov_cell": 0.3505337460923676}, "PFlog1pPF": {"cov_gene": 8.1205528331011, "r2_depth": 0, "r_mono": 1.0, "cov_cell": 1.159489326594667e-15}, "ncells": 6414, "ngenes": 9714, "avg_per_cell": 110.04, "avg_per_gene": 72.66, "min_cell": 13.0, "max_cell": 1217.0, "overdispersion": 6.63, "total_count": 705806, "nvals": 447167, "sparsity": 0.007176995787023689}