{
    "raw": {
        "cov_gene": 55.40016713360037,
        "r2_depth": 1.0,
        "r_mono": 1.0
    },
    "PF": {
        "cov_gene": 60.56518349314864,
        "r2_depth": 0,
        "r_mono": 1.0
    },
    "sqrt": {
        "cov_gene": 1.6045102459403182,
        "r2_depth": 0.8832966177129822,
        "r_mono": 1.0
    },
    "log1p": {
        "cov_gene": 1.5461958460490917,
        "r2_depth": 0.8628464413501854,
        "r_mono": 1.0
    },
    "log1pCP10k": {
        "cov_gene": 1.3169344878814095,
        "r2_depth": 0.3601462443091039,
        "r_mono": 1.0
    },
    "log1pCPM": {
        "cov_gene": 1.1181021379345921,
        "r2_depth": 0.6663486321792774,
        "r_mono": 1.0
    },
    "scalelog1pCP10k": {
        "cov_gene": 1.25078644012963e-14,
        "r2_depth": 0.3335192572645297,
        "r_mono": 0.42572724810578777
    },
    "sctransform": {
        "cov_gene": 0.36886395886668727,
        "r2_depth": 0.15140653565677042,
        "r_mono": 0.34140673280573014
    },
    "log1pPF": {
        "cov_gene": 1.5269637346018938,
        "r2_depth": 0.20949351732762767,
        "r_mono": 1.0
    },
    "PFlog1pPF": {
        "cov_gene": 1.5335524692749403,
        "r2_depth": 0,
        "r_mono": 1.0
    },
    "ncells": "904",
    "ngenes": 18304,
    "avg_per_cell": "3703.88",
    "avg_per_gene": "182.93",
    "min_cell": "2402",
    "max_cell": "13035",
    "overdispersion": "0.06"
}