{
  "ncells": 4507,
  "ngenes": 27219,
  "nvals": 8966891,
  "density": 0.07309407372180025,
  "total_counts": 18556680,
  "overdispersion": 0.48,
  "avg_per_cell": 4117.3,
  "avg_per_gene": 681.75,
  "max_cell": 29406,
  "min_cell": 214,
  "raw": {
    "cov_gene": 71.7207667244749,
    "r2_depth": 1,
    "r_mono": 1,
    "cov_cell": 0.6549169412120533
  },
  "PF": {
    "cov_gene": 79.32228775634667,
    "r2_depth": 0,
    "r_mono": 1,
    "cov_cell": 2.115730875967324e-14
  },
  "sqrt": {
    "cov_gene": 3.1688693818511293,
    "r2_depth": 0.9704549303805842,
    "r_mono": 1,
    "cov_cell": 0.554333020894045
  },
  "log1p": {
    "cov_gene": 2.264663546824884,
    "r2_depth": 0.9694521582845506,
    "r_mono": 1,
    "cov_cell": 0.5582191376313472
  },
  "log1pCP10k": {
    "cov_gene": 1.7699068770489472,
    "r2_depth": 0.6395443625972521,
    "r_mono": 1,
    "cov_cell": 0.3202266327831574
  },
  "log1pCPM": {
    "cov_gene": 1.3572986460853254,
    "r2_depth": 0.8690956713771203,
    "r_mono": 1,
    "cov_cell": 0.4364169758642059
  },
  "scalelog1pCP10k": {
    "cov_gene": 6.224483214365128e-14,
    "r2_depth": 0.6857143198562385,
    "r_mono": 0.409603985746981,
    "cov_cell": null
  },
  "sctransform": {
    "cov_gene": 0.508545246244822,
    "r2_depth": 0.7548073879902455,
    "r_mono": 0.2336601598564628,
    "cov_cell": null
  },
  "log1pPF": {
    "cov_gene": 2.149489965534938,
    "r2_depth": 0.5419216844791857,
    "r_mono": 1,
    "cov_cell": 0.28102273312683246
  },
  "PFlog1pPF": {
    "cov_gene": 11.397405794046808,
    "r2_depth": 0,
    "r_mono": 1,
    "cov_cell": 1.9277276375897332e-14
  }
}
