{
  "ncells": 6496,
  "ngenes": 60623,
  "nvals": 11871652,
  "density": 0.03014586271659239,
  "total_counts": 36395911,
  "overdispersion": 1.0627309830954836,
  "avg_per_cell": 5602.818811576355,
  "avg_per_gene": 600.3647295580885,
  "max_cell": 60247,
  "min_cell": 250,
  "raw": {
    "cov_gene": 48.37129551946448,
    "cov_cell": 1.1627654779329826,
    "r2_depth": 1,
    "r_mono": 1
  },
  "PF": {
    "cov_gene": 144.8543517172494,
    "cov_cell": 2.083766626863329e-14,
    "r2_depth": 0,
    "r_mono": 1
  },
  "sqrt": {
    "cov_gene": 7.337559176796881,
    "cov_cell": 0.8674250701560777,
    "r2_depth": 0.9646295303070347,
    "r_mono": 1
  },
  "log1p": {
    "cov_gene": 4.338326455044844,
    "cov_cell": 0.8637946622112598,
    "r2_depth": 0.9608560835174667,
    "r_mono": 1
  },
  "log1pCP10k": {
    "cov_gene": 3.3329919150889125,
    "cov_cell": 0.3343308234455557,
    "r2_depth": 0.5507591852045566,
    "r_mono": 1
  },
  "log1pCPM": {
    "cov_gene": 2.5900639999227857,
    "cov_cell": 0.5775896304698065,
    "r2_depth": 0.8350691518292939,
    "r_mono": 1
  },
  "log1pPF": {
    "cov_gene": 3.6473423259089754,
    "cov_cell": 0.2915651625453074,
    "r2_depth": 0.46985096761658274,
    "r_mono": 1
  },
  "PFlog1pPF": {
    "cov_gene": 32.4796209403899,
    "cov_cell": 2.145181329235534e-14,
    "r2_depth": 0,
    "r_mono": 1
  }
}
