{
    "raw": {
        "cov_gene": 95.0855054306088,
        "r2_depth": 1.0,
        "r_mono": 1.0
    },
    "PF": {
        "cov_gene": 63.39873798833868,
        "r2_depth": 0,
        "r_mono": 1.0
    },
    "sqrt": {
        "cov_gene": 5.986398861903954,
        "r2_depth": 0.9588215991336801,
        "r_mono": 1.0
    },
    "log1p": {
        "cov_gene": 3.909381201945417,
        "r2_depth": 0.9563663703983665,
        "r_mono": 1.0
    },
    "log1pCP10k": {
        "cov_gene": 1.992511111583689,
        "r2_depth": 0.8134731513129706,
        "r_mono": 1.0
    },
    "log1pCPM": {
        "cov_gene": 1.7430264661154982,
        "r2_depth": 0.9084843618534317,
        "r_mono": 1.0
    },
    "scalelog1pCP10k": {
        "cov_gene": 4.954259656742574e-14,
        "r2_depth": 0.7653643570217377,
        "r_mono": 0.2170722965179933
    },
    "sctransform": {
        "cov_gene": 0.3941438263113643,
        "r2_depth": 0.3640843488788328,
        "r_mono": 0.1897059928974062
    },
    "log1pPF": {
        "cov_gene": 3.5810586564618903,
        "r2_depth": 0.4722791050001409,
        "r_mono": 1.0
    },
    "PFlog1pPF": {
        "cov_gene": 48.328516225901524,
        "r2_depth": 0,
        "r_mono": 1.0
    },
    "ncells": "3341",
    "ngenes": 19942,
    "avg_per_cell": "593.95",
    "avg_per_gene": "99.51",
    "min_cell": "2",
    "max_cell": "5712",
    "overdispersion": "2.83"
}