{"raw": {"cov_gene": 95.0855054306088, "r2_depth": 1.0, "r_mono": 1.0, "cov_cell": 0.7140294180442458}, "PF": {"cov_gene": 63.39873798833868, "r2_depth": 0, "r_mono": 1.0, "cov_cell": 5.1337198607647195e-15}, "sqrt": {"cov_gene": 5.986398861903954, "r2_depth": 0.9588215991336801, "r_mono": 1.0, "cov_cell": 0.6326009334001053}, "log1p": {"cov_gene": 3.909381201945417, "r2_depth": 0.9563663703983665, "r_mono": 1.0, "cov_cell": 0.6341930099212406}, "log1pCP10k": {"cov_gene": 1.992511111583689, "r2_depth": 0.8134731513129706, "r_mono": 1.0, "cov_cell": 0.3881294155573791}, "log1pCPM": {"cov_gene": 1.7430264661154982, "r2_depth": 0.9084843618534317, "r_mono": 1.0, "cov_cell": 0.5128166830637849}, "scalelog1pCP10k": {"cov_gene": 4.954259656742574e-14, "r2_depth": 0.7653643570217377, "r_mono": 0.2170722965179933, "cov_cell": null}, "sctransform": {"cov_gene": 0.3941438263113643, "r2_depth": 0.3640843488788328, "r_mono": 0.1897059928974062, "cov_cell": null}, "log1pPF": {"cov_gene": 3.5810586564618903, "r2_depth": 0.4722791050001409, "r_mono": 1.0, "cov_cell": 0.2080793268984675}, "PFlog1pPF": {"cov_gene": 48.328516225901524, "r2_depth": 0, "r_mono": 1.0, "cov_cell": 4.744265554784141e-15}, "ncells": 3341, "ngenes": 19942, "avg_per_cell": 593.95, "avg_per_gene": 99.51, "min_cell": 2.0, "max_cell": 5712.0, "overdispersion": 2.83, "total_count": 1984371, "nvals": 1200587, "density": 0.018019737033866334}