{
  "ncells": 4933,
  "ngenes": 24534,
  "nvals": 7667752,
  "density": 0.06335612128750082,
  "total_counts": 17938048,
  "overdispersion": 0.47,
  "avg_per_cell": 3636.34,
  "avg_per_gene": 731.15,
  "max_cell": 20444,
  "min_cell": 871,
  "raw": {
    "cov_gene": 71.357709053789,
    "r2_depth": 1,
    "r_mono": 1,
    "cov_cell": 0.5206181576608176
  },
  "PF": {
    "cov_gene": 75.01985605582901,
    "r2_depth": 0,
    "r_mono": 1,
    "cov_cell": 1.9728229120616897e-14
  },
  "sqrt": {
    "cov_gene": 3.0850216327573383,
    "r2_depth": 0.9644737214156687,
    "r_mono": 1,
    "cov_cell": 0.4248086822123671
  },
  "log1p": {
    "cov_gene": 2.1714161628672493,
    "r2_depth": 0.9597366116149426,
    "r_mono": 1,
    "cov_cell": 0.4255057172585232
  },
  "log1pCP10k": {
    "cov_gene": 1.7477042526971673,
    "r2_depth": 0.714314787359444,
    "r_mono": 1,
    "cov_cell": 0.17661641764895775
  },
  "log1pCPM": {
    "cov_gene": 1.4603594116517309,
    "r2_depth": 0.8876143219468743,
    "r_mono": 1,
    "cov_cell": 0.3075626797380499
  },
  "scalelog1pCP10k": {
    "cov_gene": 6.829682545866142e-14,
    "r2_depth": 0.6746144969028225,
    "r_mono": 0.3795553254673042,
    "cov_cell": null
  },
  "sctransform": {
    "cov_gene": 0.4835083692485897,
    "r2_depth": 0.3941178465198596,
    "r_mono": 0.25060721370834826,
    "cov_cell": null
  },
  "log1pPF": {
    "cov_gene": 2.0731591890511707,
    "r2_depth": 0.588798576830614,
    "r_mono": 1,
    "cov_cell": 0.12895120404549484
  },
  "PFlog1pPF": {
    "cov_gene": 2.1403356373155997,
    "r2_depth": 0,
    "r_mono": 1,
    "cov_cell": 1.335606883492311e-14
  }
}
