{
  "ncells": 1322,
  "ngenes": 60623,
  "nvals": 314168,
  "density": 0.003920063192564607,
  "total_counts": 482911,
  "overdispersion": 2.2824177510502914,
  "avg_per_cell": 365.2881996974281,
  "avg_per_gene": 7.965805057486433,
  "max_cell": 2305,
  "min_cell": 2,
  "raw": {
    "cov_gene": 147.63997102316094,
    "cov_cell": 0.6524437486083379,
    "r2_depth": 1,
    "r_mono": 1
  },
  "PF": {
    "cov_gene": 121.55865621618904,
    "cov_cell": 3.909979810439634e-15,
    "r2_depth": 0,
    "r_mono": 1
  },
  "sqrt": {
    "cov_gene": 10.815707237595465,
    "cov_cell": 0.5861883654037705,
    "r2_depth": 0.9542210282887233,
    "r_mono": 1
  },
  "log1p": {
    "cov_gene": 8.356276117752516,
    "cov_cell": 0.5878889971517329,
    "r2_depth": 0.9511228640234412,
    "r_mono": 1
  },
  "log1pCP10k": {
    "cov_gene": 4.089208744061261,
    "cov_cell": 0.37233657606588116,
    "r2_depth": 0.8289699367002493,
    "r_mono": 1
  },
  "log1pCPM": {
    "cov_gene": 3.6900822913296727,
    "cov_cell": 0.4774646264199875,
    "r2_depth": 0.9034994834845207,
    "r_mono": 1
  },
  "log1pPF": {
    "cov_gene": 7.644463532465238,
    "cov_cell": 0.1803896382261144,
    "r2_depth": 0.42592970398304364,
    "r_mono": 1
  },
  "PFlog1pPF": {
    "cov_gene": 62.329292008478035,
    "cov_cell": 3.4124388107296065e-15,
    "r2_depth": 0,
    "r_mono": 1
  }
}
