{"ncells": 4249, "ngenes": 60623, "nvals": 9929254, "avg_per_cell": 11938.21134384561, "avg_per_gene": 836.7362222258879, "min_cell": 92, "max_cell": 99968, "total_count": 50725460, "overdispersion": 1.058482475866317, "raw": {"cov_gene": 62.923795811541126, "cov_cell": 1.1005105507199122, "r2_depth": 1.0, "r_mono": 1}, "PF": {"cov_gene": 87.8674309153864, "cov_cell": 3.0406901291165357e-14, "r2_depth": 0, "r_mono": 1}, "log1p": {"cov_gene": 4.996732097752173, "cov_cell": 0.9399088782656281, "r2_depth": 0.9546747437246246, "r_mono": 1}, "log1pPF": {"cov_gene": 4.887706995268593, "cov_cell": 0.5737801228535477, "r2_depth": 0.6669132393355348, "r_mono": 1}, "PFlog1pPF": {"cov_gene": 8.895654975419864, "cov_cell": 2.220460251955624e-14, "r2_depth": 0, "r_mono": 1}, "log1pCPM": {"cov_gene": 2.5450817852786147, "cov_cell": 0.7722163434078972, "r2_depth": 0.8361085071028485, "r_mono": 1}, "log1pCP10k": {"cov_gene": 5.120285876901637, "cov_cell": 0.5591296872134988, "r2_depth": 0.6571457557351956, "r_mono": 1}, "sqrt": {"cov_gene": 11.747173794815694, "cov_cell": 0.9463681774943071, "r2_depth": 0.9613076854659515, "r_mono": 1}, "density": 0.038547166994102156}