{"raw": {"cov_gene": 41.99469910270705, "r2_depth": 1.0, "r_mono": 1.0, "cov_cell": 1.1005877584038266}, "PF": {"cov_gene": 58.68779236202339, "r2_depth": 0, "r_mono": 1.0, "cov_cell": 4.034298020523622e-14}, "sqrt": {"cov_gene": 7.810437179701256, "r2_depth": 0.961304131098654, "r_mono": 1.0, "cov_cell": 0.9464181220682495}, "log1p": {"cov_gene": 3.253796593489995, "r2_depth": 0.954665200822387, "r_mono": 1.0, "cov_cell": 0.9399508136144602}, "log1pCP10k": {"cov_gene": 3.3385965634534847, "r2_depth": 0.657458042000637, "r_mono": 1.0, "cov_cell": 0.5591612100367492}, "log1pCPM": {"cov_gene": 1.5309478728713297, "r2_depth": 0.8361244873459038, "r_mono": 1.0, "cov_cell": 0.7721974550665047}, "scalelog1pCP10k": {"cov_gene": 6.132807594070705e-14, "r2_depth": 0.5161817548197658, "r_mono": 0.3891255596131931, "cov_cell": null}, "sctransform": {"cov_gene": 0.8667947144321594, "r2_depth": 0.6792380084071934, "r_mono": 0.18314720832553757, "cov_cell": null}, "log1pPF": {"cov_gene": 3.179692603495394, "r2_depth": 0.6671972243128702, "r_mono": 1.0, "cov_cell": 0.5737826364824141}, "PFlog1pPF": {"cov_gene": 5.893654724544518, "r2_depth": 0, "r_mono": 1.0, "cov_cell": 2.4238827818862828e-14}, "ncells": 4249, "ngenes": 27010, "avg_per_cell": 11934.18, "avg_per_gene": 1877.39, "min_cell": 92.0, "max_cell": 99917.0, "overdispersion": 1.06, "total_count": 50708346, "nvals": 9912990, "sparsity": 0.08637605259211632}