{"ncells": 8164, "ngenes": 60623, "nvals": 10853957, "avg_per_cell": 6969.484566389025, "avg_per_gene": 938.5690579483035, "min_cell": 113, "max_cell": 79195, "total_count": 56898872, "overdispersion": 5.527168843354475, "raw": {"cov_gene": 157.27547775834844, "cov_cell": 1.6820126679524383, "r2_depth": 1.0, "r_mono": 1}, "PF": {"cov_gene": 154.03418733520965, "cov_cell": 2.1654014775215484e-14, "r2_depth": 0, "r_mono": 1}, "log1p": {"cov_gene": 5.724433804466932, "cov_cell": 1.4691481383778016, "r2_depth": 0.9322814857296652, "r_mono": 1}, "log1pPF": {"cov_gene": 6.023316710017572, "cov_cell": 0.7326916985528777, "r2_depth": 0.4723821790258528, "r_mono": 1}, "PFlog1pPF": {"cov_gene": 17.234380514082712, "cov_cell": 1.475151515100394e-14, "r2_depth": 0, "r_mono": 1}, "log1pCPM": {"cov_gene": 3.0000433998164846, "cov_cell": 1.1246122122506959, "r2_depth": 0.7933727447176632, "r_mono": 1}, "log1pCP10k": {"cov_gene": 5.538861980539037, "cov_cell": 0.7753333849874819, "r2_depth": 0.5097491813131358, "r_mono": 1}, "sqrt": {"cov_gene": 21.12641901062987, "cov_cell": 1.475912757397024, "r2_depth": 0.9414461452044955, "r_mono": 1}, "density": 0.02193045673082732}