{
    "raw": {
        "cov_gene": 106.90662600836808,
        "r2_depth": 1.0,
        "r_mono": 1.0
    },
    "PF": {
        "cov_gene": 104.68375390404496,
        "r2_depth": 0,
        "r_mono": 1.0
    },
    "sqrt": {
        "cov_gene": 14.348240031405503,
        "r2_depth": 0.9414956036157537,
        "r_mono": 1.0
    },
    "log1p": {
        "cov_gene": 3.8239485371159274,
        "r2_depth": 0.932326043824881,
        "r_mono": 1.0
    },
    "log1pCP10k": {
        "cov_gene": 3.6969427679565956,
        "r2_depth": 0.5100644997129893,
        "r_mono": 1.0
    },
    "log1pCPM": {
        "cov_gene": 1.9067296405656673,
        "r2_depth": 0.7935093290981945,
        "r_mono": 1.0
    },
    "scalelog1pCP10k": {
        "cov_gene": 1.2945521678562369e-13,
        "r2_depth": 0.43399706222082457,
        "r_mono": 0.276061265482318
    },
    "sctransform": {
        "cov_gene": 1.4306785040936179,
        "r2_depth": 0.361266187224607,
        "r_mono": 0.16851171305522347
    },
    "log1pPF": {
        "cov_gene": 4.032514312408814,
        "r2_depth": 0.4726627745771589,
        "r_mono": 1.0
    },
    "PFlog1pPF": {
        "cov_gene": 11.695534305766262,
        "r2_depth": 0,
        "r_mono": 1.0
    },
    "ncells": 8164,
    "ngenes": 28012,
    "avg_per_cell": 6967.32,
    "avg_per_gene": 2030.6,
    "min_cell": 112.0,
    "max_cell": 79179.0,
    "overdispersion": 5.53
}