{"raw": {"cov_gene": 75.78153443115791, "r2_depth": 1.0, "r_mono": 1.0}, "PF": {"cov_gene": 63.17393914628017, "r2_depth": 0, "r_mono": 1.0}, "sqrt": {"cov_gene": 8.16938459953608, "r2_depth": 0.8547893833934875, "r_mono": 1.0}, "log1p": {"cov_gene": 4.186382742957556, "r2_depth": 0.8415910671248283, "r_mono": 1.0}, "log1pCP10k": {"cov_gene": 1.9970823361451244, "r2_depth": 0.60110543964683, "r_mono": 1.0}, "log1pCPM": {"cov_gene": 1.7389087665690213, "r2_depth": 0.7355819955820877, "r_mono": 1.0}, "scalelog1pCP10k": {"cov_gene": 2.4814307835329506e-14, "r2_depth": 0.5679636451991114, "r_mono": 0.21361688535348072}, "sctransform": {"cov_gene": 0.44599276323496373, "r2_depth": 0.14644822650073364, "r_mono": 0.19053770660683625}, "log1pPF": {"cov_gene": 3.8274724591629354, "r2_depth": 0.20035051781006707, "r_mono": 1.0}, "PFlog1pPF": {"cov_gene": 30.101426661890965, "r2_depth": 0, "r_mono": 1.0}}