{"ncells": 1653, "ngenes": 60623, "nvals": 402906, "avg_per_cell": 444.6581972171809, "avg_per_gene": 12.12444121867938, "min_cell": 4, "max_cell": 3743, "total_count": 735020, "overdispersion": 2.6045783644456417, "raw": {"cov_gene": 162.21000821803557, "cov_cell": 0.6868383670568853, "r2_depth": 1.0, "r_mono": 1}, "PF": {"cov_gene": 135.48503232030404, "cov_cell": 4.716880209548164e-15, "r2_depth": 0, "r_mono": 1}, "log1p": {"cov_gene": 8.735091399649288, "cov_cell": 0.5791299356585717, "r2_depth": 0.8473192041116809, "r_mono": 1}, "log1pPF": {"cov_gene": 8.027773275895571, "cov_cell": 0.24863914566043, "r2_depth": 0.20765508763111618, "r_mono": 1}, "PFlog1pPF": {"cov_gene": 65.47407933536647, "cov_cell": 3.603833916750004e-15, "r2_depth": 0, "r_mono": 1}, "log1pCPM": {"cov_gene": 3.912837082179284, "cov_cell": 0.48617365914389704, "r2_depth": 0.7434615855944859, "r_mono": 1}, "log1pCP10k": {"cov_gene": 4.4035278230839525, "cov_cell": 0.39468799553968964, "r2_depth": 0.6089678353810808, "r_mono": 1}, "sqrt": {"cov_gene": 16.811770895579517, "cov_cell": 0.5786011138369128, "r2_depth": 0.8594784022016759, "r_mono": 1}, "density": 0.0040206239669986835}