{
  "ncells": 151,
  "ngenes": 60623,
  "nvals": 341578,
  "density": 0.03731431899221254,
  "total_counts": 1405673,
  "overdispersion": 11.521081392392151,
  "avg_per_cell": 9309.092715231787,
  "avg_per_gene": 23.18712369892615,
  "max_cell": 68143,
  "min_cell": 651,
  "raw": {
    "cov_gene": 121.04077441600766,
    "cov_cell": 1.134658631002579,
    "r2_depth": 1,
    "r_mono": 1
  },
  "PF": {
    "cov_gene": 112.08761576975104,
    "cov_cell": 2.8243604289606965e-14,
    "r2_depth": 0,
    "r_mono": 1
  },
  "sqrt": {
    "cov_gene": 20.94582626691488,
    "cov_cell": 0.9092515154787661,
    "r2_depth": 0.858670311994538,
    "r_mono": 1
  },
  "log1p": {
    "cov_gene": 3.7514267638810805,
    "cov_cell": 0.9116027140093051,
    "r2_depth": 0.8439481316786361,
    "r_mono": 1
  },
  "log1pCP10k": {
    "cov_gene": 3.5668681800989126,
    "cov_cell": 0.37656969944097557,
    "r2_depth": 0.323878584297732,
    "r_mono": 1
  },
  "log1pCPM": {
    "cov_gene": 2.2500074146936524,
    "cov_cell": 0.6413930396979171,
    "r2_depth": 0.6963396170944137,
    "r_mono": 1
  },
  "log1pPF": {
    "cov_gene": 3.637405136178186,
    "cov_cell": 0.37109283969986634,
    "r2_depth": 0.31385828383050995,
    "r_mono": 1
  },
  "PFlog1pPF": {
    "cov_gene": 7.6104517691756355,
    "cov_cell": 2.1962728682304714e-14,
    "r2_depth": 0,
    "r_mono": 1
  }
}
