{
    "raw": {
        "cov_gene": 30.872029995586907,
        "r2_depth": 1.0,
        "r_mono": 1.0
    },
    "PF": {
        "cov_gene": 39.18487872052319,
        "r2_depth": 0,
        "r_mono": 1.0
    },
    "sqrt": {
        "cov_gene": 2.8302329669556134,
        "r2_depth": 0.8489840645336315,
        "r_mono": 1.0
    },
    "log1p": {
        "cov_gene": 2.758480109911945,
        "r2_depth": 0.8428564212652172,
        "r_mono": 1.0
    },
    "log1pCP10k": {
        "cov_gene": 1.7706373998673839,
        "r2_depth": 0.4636895340306031,
        "r_mono": 1.0
    },
    "log1pCPM": {
        "cov_gene": 1.5875035347587818,
        "r2_depth": 0.615797006626069,
        "r_mono": 1.0
    },
    "scalelog1pCP10k": {
        "cov_gene": 3.762079495220232e-14,
        "r2_depth": 0.3475648867412475,
        "r_mono": 0.26355433970666287
    },
    "sctransform": {
        "cov_gene": 0.45286766007276513,
        "r2_depth": 0.018159701074075718,
        "r_mono": 0.20737539650793144
    },
    "log1pPF": {
        "cov_gene": 2.5558202341167036,
        "r2_depth": 0.2203408709164575,
        "r_mono": 1.0
    },
    "PFlog1pPF": {
        "cov_gene": 4.713522388666807,
        "r2_depth": 0,
        "r_mono": 1.0
    },
    "ncells": "2576",
    "ngenes": 16929,
    "avg_per_cell": "1200.62",
    "avg_per_gene": "182.69",
    "min_cell": "665",
    "max_cell": "3729",
    "overdispersion": "0.12"
}