{"ncells": 2576, "ngenes": 60623, "nvals": 1325090, "avg_per_cell": 1207.4235248447205, "avg_per_gene": 51.30598947594147, "min_cell": 685, "max_cell": 3753, "total_count": 3110323, "overdispersion": 0.12211486979144837, "raw": {"cov_gene": 58.34977314800665, "cov_cell": 0.3306592005322167, "r2_depth": 1.0, "r_mono": 1}, "PF": {"cov_gene": 73.77906799995057, "cov_cell": 5.02966863232491e-15, "r2_depth": 0, "r_mono": 1}, "log1p": {"cov_gene": 5.392219998603584, "cov_cell": 0.2961560955466583, "r2_depth": 0.8437694798481696, "r_mono": 1}, "log1pPF": {"cov_gene": 5.030685778766425, "cov_cell": 0.11817504243338846, "r2_depth": 0.22157007448601407, "r_mono": 1}, "PFlog1pPF": {"cov_gene": 8.996901056484582, "cov_cell": 6.346557044183761e-15, "r2_depth": 0, "r_mono": 1}, "log1pCPM": {"cov_gene": 3.3447231205889976, "cov_cell": 0.2561061386600338, "r2_depth": 0.6186131098499279, "r_mono": 1}, "log1pCP10k": {"cov_gene": 3.6552739847265108, "cov_cell": 0.1865116196437075, "r2_depth": 0.4659266943838516, "r_mono": 1}, "sqrt": {"cov_gene": 5.517268660541992, "cov_cell": 0.29832012686855003, "r2_depth": 0.8496761001054832, "r_mono": 1}, "density": 0.008485200203313361}