{"raw": {"cov_gene": 80.96154138987177, "r2_depth": 1.0, "r_mono": 1.0}, "PF": {"cov_gene": 60.91551046898027, "r2_depth": 0, "r_mono": 1.0}, "sqrt": {"cov_gene": 10.084864874973478, "r2_depth": 0.9353796413847499, "r_mono": 1.0}, "log1p": {"cov_gene": 3.690101125590117, "r2_depth": 0.9283009779920074, "r_mono": 1.0}, "log1pCP10k": {"cov_gene": 3.3211724668289184, "r2_depth": 0.6349459133804203, "r_mono": 1.0}, "log1pCPM": {"cov_gene": 1.7751965622438872, "r2_depth": 0.8249658604025403, "r_mono": 1.0}, "scalelog1pCP10k": {"cov_gene": 1.6222510343110424e-13, "r2_depth": 0.6196866267371381, "r_mono": 0.3230847439644835}, "sctransform": {"cov_gene": 1.0463133143462315, "r2_depth": 0.552441790667963, "r_mono": 0.19608280721206528}, "log1pPF": {"cov_gene": 3.8039611481498437, "r2_depth": 0.5983565592710139, "r_mono": 1.0}, "PFlog1pPF": {"cov_gene": 5.946005433819791, "r2_depth": 0, "r_mono": 1.0}}