{
  "ncells": 69,
  "ngenes": 8066,
  "nvals": 88892,
  "density": 0.15971855381508354,
  "total_counts": 667800,
  "overdispersion": 1.08,
  "avg_per_cell": 9678.26,
  "avg_per_gene": 82.79,
  "max_cell": 64689,
  "min_cell": 835,
  "raw": {
    "cov_gene": 31.950703024083026,
    "r2_depth": 1,
    "r_mono": 1,
    "cov_cell": 1.3596165324914207
  },
  "PF": {
    "cov_gene": 41.84910328232239,
    "r2_depth": 0,
    "r_mono": 1,
    "cov_cell": 2.526124724773539e-14
  },
  "sqrt": {
    "cov_gene": 9.262082850951838,
    "r2_depth": 0.8772785974526573,
    "r_mono": 1,
    "cov_cell": 1.5399305173196498
  },
  "log1p": {
    "cov_gene": 1.276406282397702,
    "r2_depth": 0.855998900530795,
    "r_mono": 1,
    "cov_cell": 1.610777680486391
  },
  "log1pCP10k": {
    "cov_gene": 1.415967734531177,
    "r2_depth": 0.40135824373575435,
    "r_mono": 1,
    "cov_cell": 0.816433282400746
  },
  "log1pCPM": {
    "cov_gene": 0.6619930474993176,
    "r2_depth": 0.7036796725254041,
    "r_mono": 1,
    "cov_cell": 1.1061376218610317
  },
  "scalelog1pCP10k": {
    "cov_gene": 1.220739073774852e-15,
    "r2_depth": 0.49303562152775515,
    "r_mono": 0.46561196474532063,
    "cov_cell": null
  },
  "sctransform": {
    "cov_gene": 0.34287917715157007,
    "r2_depth": 0.15658693491731457,
    "r_mono": 0.4353453093628551,
    "cov_cell": null
  },
  "log1pPF": {
    "cov_gene": 1.4272881498186591,
    "r2_depth": 0.39775275394277554,
    "r_mono": 1,
    "cov_cell": 0.8137289100115843
  },
  "PFlog1pPF": {
    "cov_gene": 6.676686908824489,
    "r2_depth": 0,
    "r_mono": 1,
    "cov_cell": 1.3656717346683906e-14
  }
}
