{
    "raw": {
        "cov_gene": 29.345797282055344,
        "r2_depth": 1.0,
        "r_mono": 1.0
    },
    "PF": {
        "cov_gene": 40.95337505862603,
        "r2_depth": 0,
        "r_mono": 1.0
    },
    "sqrt": {
        "cov_gene": 4.572201710037125,
        "r2_depth": 0.9731419411377368,
        "r_mono": 1.0
    },
    "log1p": {
        "cov_gene": 1.7148479727526027,
        "r2_depth": 0.9697036429343011,
        "r_mono": 1.0
    },
    "log1pCP10k": {
        "cov_gene": 1.3034048795605155,
        "r2_depth": 0.7118247886816679,
        "r_mono": 1.0
    },
    "log1pCPM": {
        "cov_gene": 0.8351295923681893,
        "r2_depth": 0.8908601553674873,
        "r_mono": 1.0
    },
    "scalelog1pCP10k": {
        "cov_gene": 2.0754304621572883e-15,
        "r2_depth": 0.7562059417722262,
        "r_mono": 0.38593759196336075
    },
    "sctransform": {
        "cov_gene": 0.5086209977097109,
        "r2_depth": 0.1433983780648258,
        "r_mono": 0.34875330004350047
    },
    "log1pPF": {
        "cov_gene": 1.7175667822352947,
        "r2_depth": 0.5149626543180027,
        "r_mono": 1.0
    },
    "PFlog1pPF": {
        "cov_gene": 4.159508313518691,
        "r2_depth": 0,
        "r_mono": 1.0
    },
    "ncells": 130,
    "ngenes": 6363,
    "avg_per_cell": 2076.82,
    "avg_per_gene": 42.43,
    "min_cell": 328.0,
    "max_cell": 19333.0,
    "overdispersion": 1.41
}