{"ncells": 130, "ngenes": 60623, "nvals": 95081, "avg_per_cell": 2250.753846153846, "avg_per_gene": 4.8265179882222915, "min_cell": 360, "max_cell": 20870, "total_count": 292598, "overdispersion": 1.4136806105162412, "raw": {"cov_gene": 90.47282846956428, "cov_cell": 1.7893434003155897, "r2_depth": 1.0, "r_mono": 1}, "PF": {"cov_gene": 127.92219408014968, "cov_cell": 1.5781525677778618e-14, "r2_depth": 0, "r_mono": 1}, "log1p": {"cov_gene": 5.237392603609495, "cov_cell": 1.7303790672072445, "r2_depth": 0.9740549633533984, "r_mono": 1}, "log1pPF": {"cov_gene": 5.232818880635513, "cov_cell": 0.5459637264669991, "r2_depth": 0.5208634225992839, "r_mono": 1}, "PFlog1pPF": {"cov_gene": 11.814439429786537, "cov_cell": 1.3280344662223598e-14, "r2_depth": 0, "r_mono": 1}, "log1pCPM": {"cov_gene": 3.0905563806355585, "cov_cell": 1.262183080756752, "r2_depth": 0.9050264504820729, "r_mono": 1}, "log1pCP10k": {"cov_gene": 4.218561585839484, "cov_cell": 0.7667960129326225, "r2_depth": 0.7124545548644501, "r_mono": 1}, "sqrt": {"cov_gene": 12.74122874709727, "cov_cell": 1.6998352229083695, "r2_depth": 0.9763902300978158, "r_mono": 1}, "density": 0.012064601020937725}