{
  "ncells": 8050,
  "ngenes": 28362,
  "nvals": 13958458,
  "density": 0.06113708264185173,
  "total_counts": 63214464,
  "overdispersion": 4.97,
  "avg_per_cell": 7852.73,
  "avg_per_gene": 2228.84,
  "max_cell": 69629,
  "min_cell": 110,
  "raw": {
    "cov_gene": 72.28833305102444,
    "r2_depth": 1,
    "r_mono": 1,
    "cov_cell": 1.2682677795352828
  },
  "PF": {
    "cov_gene": 49.48312130592094,
    "r2_depth": 0,
    "r_mono": 1,
    "cov_cell": 2.5507141327302735e-14
  },
  "sqrt": {
    "cov_gene": 8.37517691264782,
    "r2_depth": 0.9573764890454806,
    "r_mono": 1,
    "cov_cell": 1.0752603298624852
  },
  "log1p": {
    "cov_gene": 3.5318034230490767,
    "r2_depth": 0.9506902110058375,
    "r_mono": 1,
    "cov_cell": 1.0681783551361477
  },
  "log1pCP10k": {
    "cov_gene": 3.350622681358805,
    "r2_depth": 0.5661651112407994,
    "r_mono": 1,
    "cov_cell": 0.6477698459999334
  },
  "log1pCPM": {
    "cov_gene": 1.7467714627623951,
    "r2_depth": 0.8214456601602607,
    "r_mono": 1,
    "cov_cell": 0.8609230927174262
  },
  "scalelog1pCP10k": {
    "cov_gene": 1.186610490459613e-13,
    "r2_depth": 0.48227342760036274,
    "r_mono": 0.32958746867937155,
    "cov_cell": null
  },
  "sctransform": {
    "cov_gene": 1.4200232159442618,
    "r2_depth": 0.6654950815445057,
    "r_mono": 0.1533370712253459,
    "cov_cell": null
  },
  "log1pPF": {
    "cov_gene": 3.5831697485092153,
    "r2_depth": 0.5443253331722059,
    "r_mono": 1,
    "cov_cell": 0.6290399262537963
  },
  "PFlog1pPF": {
    "cov_gene": 11.118486942638535,
    "r2_depth": 0,
    "r_mono": 1,
    "cov_cell": 2.213102550726425e-14
  }
}
