{
  "ncells": 5556,
  "ngenes": 60623,
  "nvals": 8739031,
  "density": 0.025945594048795977,
  "total_counts": 39404510,
  "overdispersion": 11.64987673199406,
  "avg_per_cell": 7092.2444204463645,
  "avg_per_gene": 649.9927420286031,
  "max_cell": 60975,
  "min_cell": 59,
  "raw": {
    "cov_gene": 132.14645755027178,
    "cov_cell": 1.3394445447087904,
    "r2_depth": 1,
    "r_mono": 1
  },
  "PF": {
    "cov_gene": 68.7924499433472,
    "cov_cell": 2.3284135398892385e-14,
    "r2_depth": 0,
    "r_mono": 1
  },
  "sqrt": {
    "cov_gene": 11.190350517001233,
    "cov_cell": 1.1542075879524356,
    "r2_depth": 0.9567820440812284,
    "r_mono": 1
  },
  "log1p": {
    "cov_gene": 5.6214863432502495,
    "cov_cell": 1.1472016434329995,
    "r2_depth": 0.9495126973508496,
    "r_mono": 1
  },
  "log1pCP10k": {
    "cov_gene": 5.6494756253599325,
    "cov_cell": 0.7333008162108738,
    "r2_depth": 0.6244839254618514,
    "r_mono": 1
  },
  "log1pCPM": {
    "cov_gene": 2.896537564705349,
    "cov_cell": 0.9516520629822829,
    "r2_depth": 0.8248796206869464,
    "r_mono": 1
  },
  "log1pPF": {
    "cov_gene": 6.186050396311402,
    "cov_cell": 0.7032351680839656,
    "r2_depth": 0.6023714846173036,
    "r_mono": 1
  },
  "PFlog1pPF": {
    "cov_gene": 17.55821591047018,
    "cov_cell": 1.8368411490556698e-14,
    "r2_depth": 0,
    "r_mono": 1
  }
}
