{"ncells": 1626, "ngenes": 60623, "nvals": 1327710, "avg_per_cell": 2231.747847478475, "avg_per_gene": 59.85883245632846, "min_cell": 33, "max_cell": 16159, "total_count": 3628822, "overdispersion": 2.355547939971655, "raw": {"cov_gene": 68.11564144715533, "cov_cell": 1.512963071014592, "r2_depth": 1.0, "r_mono": 1}, "PF": {"cov_gene": 106.91234282060906, "cov_cell": 1.1890142587343815e-14, "r2_depth": 0, "r_mono": 1}, "log1p": {"cov_gene": 6.57746613036124, "cov_cell": 1.398581606286186, "r2_depth": 0.989639344609165, "r_mono": 1}, "log1pPF": {"cov_gene": 6.855041644702942, "cov_cell": 0.6980492687429523, "r2_depth": 0.7813138980574359, "r_mono": 1}, "PFlog1pPF": {"cov_gene": 18.70985659875821, "cov_cell": 1.0127707748232208e-14, "r2_depth": 0, "r_mono": 1}, "log1pCPM": {"cov_gene": 3.346895327946059, "cov_cell": 1.1821170911988688, "r2_depth": 0.9547868815136944, "r_mono": 1}, "log1pCP10k": {"cov_gene": 5.317778059056141, "cov_cell": 0.9121031290222845, "r2_depth": 0.8676923757407499, "r_mono": 1}, "sqrt": {"cov_gene": 9.64660169472774, "cov_cell": 1.3942464449939564, "r2_depth": 0.9904694874410485, "r_mono": 1}, "density": 0.013469307284333586}