{
    "raw": {
        "cov_gene": 36.824807361932834,
        "r2_depth": 1.0,
        "r_mono": 1.0
    },
    "PF": {
        "cov_gene": 57.70943285083127,
        "r2_depth": 0,
        "r_mono": 1.0
    },
    "sqrt": {
        "cov_gene": 5.185237929515188,
        "r2_depth": 0.9904329863103751,
        "r_mono": 1.0
    },
    "log1p": {
        "cov_gene": 3.48154360511609,
        "r2_depth": 0.9895741990047797,
        "r_mono": 1.0
    },
    "log1pCP10k": {
        "cov_gene": 2.7803712151081355,
        "r2_depth": 0.8685350189186014,
        "r_mono": 1.0
    },
    "log1pCPM": {
        "cov_gene": 1.634264846734008,
        "r2_depth": 0.9548046297417491,
        "r_mono": 1.0
    },
    "scalelog1pCP10k": {
        "cov_gene": 2.5644394741131314e-14,
        "r2_depth": 0.8566689564099921,
        "r_mono": 0.2733656507906846
    },
    "sctransform": {
        "cov_gene": 0.7073889684147082,
        "r2_depth": 0.8280738813878397,
        "r_mono": 0.19294209929828135
    },
    "log1pPF": {
        "cov_gene": 3.6447785864512388,
        "r2_depth": 0.7823467090173309,
        "r_mono": 1.0
    },
    "PFlog1pPF": {
        "cov_gene": 10.12504528240226,
        "r2_depth": 0,
        "r_mono": 1.0
    },
    "ncells": 1626,
    "ngenes": 17714,
    "avg_per_cell": 2219.41,
    "avg_per_gene": 203.72,
    "min_cell": 32.0,
    "max_cell": 16084.0,
    "overdispersion": 2.36
}