{"ncells": 74, "ngenes": 60623, "nvals": 47431, "avg_per_cell": 2447.7702702702704, "avg_per_gene": 2.98789238407865, "min_cell": 128, "max_cell": 40795, "total_count": 181135, "overdispersion": 10.78275738168608, "raw": {"cov_gene": 208.14971005844995, "cov_cell": 2.6565632131135484, "r2_depth": 1.0, "r_mono": 1}, "PF": {"cov_gene": 135.99564719615466, "cov_cell": 1.4505898168437536e-14, "r2_depth": 0, "r_mono": 1}, "log1p": {"cov_gene": 5.804776332997741, "cov_cell": 2.464735935077984, "r2_depth": 0.9508196663892271, "r_mono": 1}, "log1pPF": {"cov_gene": 7.849057965076648, "cov_cell": 0.845215738454148, "r2_depth": 0.4919303765900379, "r_mono": 1}, "PFlog1pPF": {"cov_gene": 26.212774146153762, "cov_cell": 1.6605657717759942e-14, "r2_depth": 0, "r_mono": 1}, "log1pCPM": {"cov_gene": 3.579521721843929, "cov_cell": 1.9116126645103189, "r2_depth": 0.8655801889006439, "r_mono": 1}, "log1pCP10k": {"cov_gene": 6.314766435806773, "cov_cell": 1.1822746310307441, "r2_depth": 0.6607087020017831, "r_mono": 1}, "sqrt": {"cov_gene": 30.96128907802403, "cov_cell": 2.4520484377225693, "r2_depth": 0.9540498081473883, "r_mono": 1}, "density": 0.010572875962249633}