{
    "raw": {
        "cov_gene": 46.42668011166528,
        "r2_depth": 1.0,
        "r_mono": 1.0
    },
    "PF": {
        "cov_gene": 29.466420819205137,
        "r2_depth": 0,
        "r_mono": 1.0
    },
    "sqrt": {
        "cov_gene": 8.66648912793187,
        "r2_depth": 0.9239826361696818,
        "r_mono": 1.0
    },
    "log1p": {
        "cov_gene": 1.5441525594832357,
        "r2_depth": 0.9130218565827577,
        "r_mono": 1.0
    },
    "log1pCP10k": {
        "cov_gene": 1.5030451801311724,
        "r2_depth": 0.5941045956023188,
        "r_mono": 1.0
    },
    "log1pCPM": {
        "cov_gene": 0.8377649050061063,
        "r2_depth": 0.7717520915079717,
        "r_mono": 1.0
    },
    "scalelog1pCP10k": {
        "cov_gene": 1.1003537026370405e-15,
        "r2_depth": 0.6574674999479395,
        "r_mono": 0.33978843298931216
    },
    "sctransform": {
        "cov_gene": 0.72720732920031,
        "r2_depth": 0.020335605607860074,
        "r_mono": 0.31860210774266823
    },
    "log1pPF": {
        "cov_gene": 1.9514768143779688,
        "r2_depth": 0.4114801566214501,
        "r_mono": 1.0
    },
    "PFlog1pPF": {
        "cov_gene": 6.227920101210367,
        "r2_depth": 0,
        "r_mono": 1.0
    },
    "ncells": "74",
    "ngenes": 3013,
    "avg_per_cell": "2019.04",
    "avg_per_gene": "49.59",
    "min_cell": "104",
    "max_cell": "32371",
    "overdispersion": "10.78"
}