{"raw": {"cov_gene": 42.410006975249004, "r2_depth": 1.0, "r_mono": 1.0}, "PF": {"cov_gene": 43.61079980449737, "r2_depth": 0, "r_mono": 1.0}, "sqrt": {"cov_gene": 5.777308817182729, "r2_depth": 0.9262281168665228, "r_mono": 1.0}, "log1p": {"cov_gene": 2.8445902858310497, "r2_depth": 0.912351157657288, "r_mono": 1.0}, "log1pCP10k": {"cov_gene": 2.1262433845460214, "r2_depth": 0.4553226097784552, "r_mono": 1.0}, "log1pCPM": {"cov_gene": 1.3664312787006785, "r2_depth": 0.7396214354782216, "r_mono": 1.0}, "scalelog1pCP10k": {"cov_gene": 2.5762222974521622e-14, "r2_depth": 0.43016263887521344, "r_mono": 0.3610746967678211}, "sctransform": {"cov_gene": 0.7204789859376284, "r2_depth": 0.2578915763848263, "r_mono": 0.25783638682241183}, "log1pPF": {"cov_gene": 2.5976286692140103, "r2_depth": 0.3722982403762394, "r_mono": 1.0}, "PFlog1pPF": {"cov_gene": 10.001674297445302, "r2_depth": 0, "r_mono": 1.0}}