{
    "raw": {
        "cov_gene": 81.19050039467795,
        "r2_depth": 1.0,
        "r_mono": 1.0
    },
    "PF": {
        "cov_gene": 56.68632469524782,
        "r2_depth": 0,
        "r_mono": 1.0
    },
    "sqrt": {
        "cov_gene": 6.836271027995236,
        "r2_depth": 0.8530293880107032,
        "r_mono": 1.0
    },
    "log1p": {
        "cov_gene": 1.0234241745890718,
        "r2_depth": 0.8374202502904281,
        "r_mono": 1.0
    },
    "log1pCP10k": {
        "cov_gene": 0.8929124187175238,
        "r2_depth": 0.14699172285906448,
        "r_mono": 1.0
    },
    "log1pCPM": {
        "cov_gene": 0.5344295915561827,
        "r2_depth": 0.5279513435233694,
        "r_mono": 1.0
    },
    "scalelog1pCP10k": {
        "cov_gene": 1.1915975612791276e-15,
        "r2_depth": 0.1964861474599373,
        "r_mono": 0.6470839112752291
    },
    "sctransform": {
        "cov_gene": 0.3312730734262362,
        "r2_depth": 0.1970544806558977,
        "r_mono": 0.5105467857871803
    },
    "log1pPF": {
        "cov_gene": 0.9572310761991468,
        "r2_depth": 0.12536368867363257,
        "r_mono": 1.0
    },
    "PFlog1pPF": {
        "cov_gene": 14.26846670476412,
        "r2_depth": 0,
        "r_mono": 1.0
    },
    "ncells": "87",
    "ngenes": 11260,
    "avg_per_cell": "7994.85",
    "avg_per_gene": "61.77",
    "min_cell": "947",
    "max_cell": "68559",
    "overdispersion": "10.37"
}