{"ncells": 87, "ngenes": 60623, "nvals": 237796, "avg_per_cell": 8244.781609195403, "avg_per_gene": 11.832076934496808, "min_cell": 1029, "max_cell": 70175, "total_count": 717296, "overdispersion": 10.37358967978014, "raw": {"cov_gene": 188.37596885325385, "cov_cell": 1.045674623153165, "r2_depth": 1.0, "r_mono": 1}, "PF": {"cov_gene": 131.80937777368416, "cov_cell": 3.161893387110107e-14, "r2_depth": 0, "r_mono": 1}, "log1p": {"cov_gene": 2.9363730655526665, "cov_cell": 0.6356954930809788, "r2_depth": 0.8449984863836143, "r_mono": 1}, "log1pPF": {"cov_gene": 2.8121095841573203, "cov_cell": 0.21925159027854407, "r2_depth": 0.1305160306939669, "r_mono": 1}, "PFlog1pPF": {"cov_gene": 32.30094231321625, "cov_cell": 2.5980123293258026e-14, "r2_depth": 0, "r_mono": 1}, "log1pCPM": {"cov_gene": 2.1506927031618366, "cov_cell": 0.3702075538207411, "r2_depth": 0.549329608076319, "r_mono": 1}, "log1pCP10k": {"cov_gene": 2.7172642869456514, "cov_cell": 0.22538943732678712, "r2_depth": 0.14984669566855557, "r_mono": 1}, "sqrt": {"cov_gene": 15.024952150934698, "cov_cell": 0.6393983823333566, "r2_depth": 0.8587400922607762, "r_mono": 1}, "density": 0.04508663966352439}