{
  "ncells": 6831,
  "ngenes": 27947,
  "nvals": 17296467,
  "density": 0.09060202872558869,
  "total_counts": 91849604,
  "overdispersion": 3.686683316695276,
  "avg_per_cell": 13445.996779388084,
  "avg_per_gene": 3286.5639961355423,
  "max_cell": 97450,
  "min_cell": 261,
  "raw": {
    "cov_gene": 70.62657500534443,
    "cov_cell": 1.050236561401094,
    "r2_depth": 1,
    "r_mono": 1
  },
  "PF": {
    "cov_gene": 76.26244282774377,
    "cov_cell": 3.0783085215552736e-14,
    "r2_depth": 0,
    "r_mono": 1
  },
  "sqrt": {
    "cov_gene": 9.956680991829732,
    "cov_cell": 0.8335870458443144,
    "r2_depth": 0.9216955538067567,
    "r_mono": 1
  },
  "log1p": {
    "cov_gene": 2.8244784706460133,
    "cov_cell": 0.8239705689483474,
    "r2_depth": 0.9065991198540887,
    "r_mono": 1
  },
  "log1pCP10k": {
    "cov_gene": 2.712759850482722,
    "cov_cell": 0.43489692861972973,
    "r2_depth": 0.3526538091409174,
    "r_mono": 1
  },
  "log1pCPM": {
    "cov_gene": 1.4623792582914448,
    "cov_cell": 0.616049761447668,
    "r2_depth": 0.7151265337040829,
    "r_mono": 1
  },
  "scalelog1pCP10k": {
    "cov_gene": 9.889183506178398e-14,
    "cov_cell": null,
    "r2_depth": 0.2742542642052165,
    "r_mono": 0.4016709826888548
  },
  "sctransform": {
    "cov_gene": 4.069098026060215,
    "cov_cell": null,
    "r2_depth": 0.4897299130535464,
    "r_mono": 0.17296807354753616
  },
  "log1pPF": {
    "cov_gene": 2.4921843974050906,
    "cov_cell": 0.4511710368625479,
    "r2_depth": 0.385308888467483,
    "r_mono": 1
  },
  "PFlog1pPF": {
    "cov_gene": 8.303371265775796,
    "cov_cell": 2.3262538076480043e-14,
    "r2_depth": 0,
    "r_mono": 1
  }
}
