{
    "raw": {
        "cov_gene": 69.00049033526446,
        "r2_depth": 1.0,
        "r_mono": 1.0
    },
    "PF": {
        "cov_gene": 52.96277171487372,
        "r2_depth": 0,
        "r_mono": 1.0
    },
    "sqrt": {
        "cov_gene": 3.3925719115339352,
        "r2_depth": 0.9597283212467107,
        "r_mono": 1.0
    },
    "log1p": {
        "cov_gene": 2.0528519825127582,
        "r2_depth": 0.9552041511604228,
        "r_mono": 1.0
    },
    "log1pCP10k": {
        "cov_gene": 1.7732943622274275,
        "r2_depth": 0.6146215032848914,
        "r_mono": 1.0
    },
    "log1pCPM": {
        "cov_gene": 1.3324893184214663,
        "r2_depth": 0.873596429054085,
        "r_mono": 1.0
    },
    "scalelog1pCP10k": {
        "cov_gene": 7.724925997142688e-14,
        "r2_depth": 0.536392818623352,
        "r_mono": 0.4295201831286989
    },
    "sctransform": {
        "cov_gene": 0.6733638807915282,
        "r2_depth": 0.5773818563840616,
        "r_mono": 0.24489983074743465
    },
    "log1pPF": {
        "cov_gene": 1.938721452544667,
        "r2_depth": 0.553829988734758,
        "r_mono": 1.0
    },
    "PFlog1pPF": {
        "cov_gene": 1.9779348897286515,
        "r2_depth": 0,
        "r_mono": 1.0
    },
    "ncells": "5700",
    "ngenes": 27663,
    "avg_per_cell": "6739.19",
    "avg_per_gene": "1388.62",
    "min_cell": "2208",
    "max_cell": "40354",
    "overdispersion": "0.57"
}