{"ncells": 5700, "ngenes": 60623, "nvals": 13989159, "avg_per_cell": 6741.971754385965, "avg_per_gene": 633.9052669778797, "min_cell": 2209, "max_cell": 40376, "total_count": 38429239, "overdispersion": 0.5734390651731895, "raw": {"cov_gene": 102.15040447204994, "cov_cell": 0.6221374081060224, "r2_depth": 1.0, "r_mono": 1}, "PF": {"cov_gene": 78.40477241634025, "cov_cell": 2.9053006928853394e-14, "r2_depth": 0, "r_mono": 1}, "log1p": {"cov_gene": 3.2256407742027995, "cov_cell": 0.45842948625233965, "r2_depth": 0.9552906480095354, "r_mono": 1}, "log1pPF": {"cov_gene": 3.066992500458135, "cov_cell": 0.11848353434414215, "r2_depth": 0.5539928506447648, "r_mono": 1}, "PFlog1pPF": {"cov_gene": 3.121318999086897, "cov_cell": 2.0872255597466508e-14, "r2_depth": 0, "r_mono": 1}, "log1pCPM": {"cov_gene": 2.250200481200299, "cov_cell": 0.29805769077377536, "r2_depth": 0.8737999593016663, "r_mono": 1}, "log1pCP10k": {"cov_gene": 2.839570078483972, "cov_cell": 0.13666256586999126, "r2_depth": 0.6147432167570402, "r_mono": 1}, "sqrt": {"cov_gene": 5.134242334887352, "cov_cell": 0.4605658601513522, "r2_depth": 0.9598041682605628, "r_mono": 1}, "density": 0.04048361877592055}