{
  "ncells": 5089,
  "ngenes": 23426,
  "nvals": 4815787,
  "density": 0.0403958434261002,
  "total_counts": 11264530,
  "overdispersion": 0.24,
  "avg_per_cell": 2213.51,
  "avg_per_gene": 480.86,
  "max_cell": 9094,
  "min_cell": 914,
  "raw": {
    "cov_gene": 41.12755647353465,
    "r2_depth": 1,
    "r_mono": 1,
    "cov_cell": 0.4401659088484132
  },
  "PF": {
    "cov_gene": 54.36980974457442,
    "r2_depth": 0,
    "r_mono": 1,
    "cov_cell": 1.2551453355360522e-14
  },
  "sqrt": {
    "cov_gene": 3.148559681226103,
    "r2_depth": 0.974618297332854,
    "r_mono": 1,
    "cov_cell": 0.3600359077303731
  },
  "log1p": {
    "cov_gene": 2.784157501918239,
    "r2_depth": 0.9714926140349627,
    "r_mono": 1,
    "cov_cell": 0.35680297765923974
  },
  "log1pCP10k": {
    "cov_gene": 1.9760050326445955,
    "r2_depth": 0.7989190328109634,
    "r_mono": 1,
    "cov_cell": 0.16497940032092007
  },
  "log1pCPM": {
    "cov_gene": 1.6735196263922016,
    "r2_depth": 0.9148594514732802,
    "r_mono": 1,
    "cov_cell": 0.2669693597562703
  },
  "scalelog1pCP10k": {
    "cov_gene": 7.175706943412406e-14,
    "r2_depth": 0.6560829555919142,
    "r_mono": 0.30628570900121255,
    "cov_cell": null
  },
  "sctransform": {
    "cov_gene": 0.4519452337069442,
    "r2_depth": 0.22170015412566524,
    "r_mono": 0.23289978324650507,
    "cov_cell": null
  },
  "log1pPF": {
    "cov_gene": 2.620166447965905,
    "r2_depth": 0.6342274072653789,
    "r_mono": 1,
    "cov_cell": 0.10436153336459132
  },
  "PFlog1pPF": {
    "cov_gene": 2.8620341385134256,
    "r2_depth": 0,
    "r_mono": 1,
    "cov_cell": 1.0365029487719259e-14
  }
}
