{
  "ncells": 6100,
  "ngenes": 28479,
  "nvals": 11499587,
  "density": 0.0661953789361042,
  "total_counts": 69457807,
  "overdispersion": 8.8,
  "avg_per_cell": 11386.53,
  "avg_per_gene": 2438.91,
  "max_cell": 80024,
  "min_cell": 123,
  "raw": {
    "cov_gene": 69.33151507643036,
    "r2_depth": 1,
    "r_mono": 1,
    "cov_cell": 1.3560171309893476
  },
  "PF": {
    "cov_gene": 55.229895860935585,
    "r2_depth": 0,
    "r_mono": 1,
    "cov_cell": 2.6006220365160296e-14
  },
  "sqrt": {
    "cov_gene": 10.613121602362579,
    "r2_depth": 0.9311858891927135,
    "r_mono": 1,
    "cov_cell": 1.1704063833871479
  },
  "log1p": {
    "cov_gene": 3.5297855152028466,
    "r2_depth": 0.918029195602613,
    "r_mono": 1,
    "cov_cell": 1.1623159058877623
  },
  "log1pCP10k": {
    "cov_gene": 3.803934531000524,
    "r2_depth": 0.5184828823382842,
    "r_mono": 1,
    "cov_cell": 0.6959421926540916
  },
  "log1pCPM": {
    "cov_gene": 1.7653863542172201,
    "r2_depth": 0.7852698273830148,
    "r_mono": 1,
    "cov_cell": 0.9461121230421968
  },
  "scalelog1pCP10k": {
    "cov_gene": 9.366540936473621e-14,
    "r2_depth": 0.42931911904561637,
    "r_mono": 0.3261934236832169,
    "cov_cell": null
  },
  "sctransform": {
    "cov_gene": 1.5630127583776696,
    "r2_depth": 0.5571719838065257,
    "r_mono": 0.16252113670799573,
    "cov_cell": null
  },
  "log1pPF": {
    "cov_gene": 3.6781322525780635,
    "r2_depth": 0.5294081487922302,
    "r_mono": 1,
    "cov_cell": 0.7080325449497359
  },
  "PFlog1pPF": {
    "cov_gene": 8.40817211846102,
    "r2_depth": 0,
    "r_mono": 1,
    "cov_cell": 2.1987896495053245e-14
  }
}
