{"ncells": 643, "ngenes": 60623, "nvals": 653412, "avg_per_cell": 2314.457231726283, "avg_per_gene": 24.548372729822013, "min_cell": 238, "max_cell": 10709, "total_count": 1488196, "overdispersion": 0.5659114460781633, "raw": {"cov_gene": 42.703388584891414, "cov_cell": 0.8310520354411246, "r2_depth": 1.0, "r_mono": 1}, "PF": {"cov_gene": 115.63762929810355, "cov_cell": 1.1439289450648784e-14, "r2_depth": 0, "r_mono": 1}, "log1p": {"cov_gene": 4.9770216578938165, "cov_cell": 0.7131460643264599, "r2_depth": 0.9862766307941313, "r_mono": 1}, "log1pPF": {"cov_gene": 4.460988132395295, "cov_cell": 0.24968639992382957, "r2_depth": 0.7144509378951631, "r_mono": 1}, "PFlog1pPF": {"cov_gene": 5.187959394071238, "cov_cell": 1.2821569413216496e-14, "r2_depth": 0, "r_mono": 1}, "log1pCPM": {"cov_gene": 2.8654340204940008, "cov_cell": 0.542588398935631, "r2_depth": 0.945821606024724, "r_mono": 1}, "log1pCP10k": {"cov_gene": 3.5077714539320866, "cov_cell": 0.36199608748453327, "r2_depth": 0.8365368824477284, "r_mono": 1}, "sqrt": {"cov_gene": 5.782941016635483, "cov_cell": 0.7118004348739692, "r2_depth": 0.9873128724707229, "r_mono": 1}, "density": 0.016762496841697287}