{
    "raw": {
        "cov_gene": 63.46839250969079,
        "r2_depth": 1.0,
        "r_mono": 1.0
    },
    "PF": {
        "cov_gene": 35.43832919703139,
        "r2_depth": 0,
        "r_mono": 1.0
    },
    "sqrt": {
        "cov_gene": 8.789673213206097,
        "r2_depth": 0.970555350736011,
        "r_mono": 1.0
    },
    "log1p": {
        "cov_gene": 2.3835849310504167,
        "r2_depth": 0.9684158817614048,
        "r_mono": 1.0
    },
    "log1pCP10k": {
        "cov_gene": 1.8994986025897957,
        "r2_depth": 0.7814481504909867,
        "r_mono": 1.0
    },
    "log1pCPM": {
        "cov_gene": 1.6306253296367335,
        "r2_depth": 0.9049884403486833,
        "r_mono": 1.0
    },
    "scalelog1pCP10k": {
        "cov_gene": 2.939142173619063e-14,
        "r2_depth": 0.7911224811437194,
        "r_mono": 0.3180942173138156
    },
    "sctransform": {
        "cov_gene": 0.4240365626754507,
        "r2_depth": 0.0031997728520725133,
        "r_mono": 0.27115378553016606
    },
    "log1pPF": {
        "cov_gene": 2.2610125026379913,
        "r2_depth": 0.674541224835536,
        "r_mono": 1.0
    },
    "PFlog1pPF": {
        "cov_gene": 2.4993027283236033,
        "r2_depth": 0,
        "r_mono": 1.0
    },
    "ncells": 2000,
    "ngenes": 13239,
    "avg_per_cell": 2229.29,
    "avg_per_gene": 336.78,
    "min_cell": 399.0,
    "max_cell": 26151.0,
    "overdispersion": 0.37
}