{"raw": {"cov_gene": 63.46839250969079, "r2_depth": 1.0, "r_mono": 1.0, "cov_cell": 0.6152048027578159}, "PF": {"cov_gene": 35.43832919703139, "r2_depth": 0, "r_mono": 1.0, "cov_cell": 8.127130984113217e-15}, "sqrt": {"cov_gene": 8.789673213206097, "r2_depth": 0.970555350736011, "r_mono": 1.0, "cov_cell": 0.4962220835996513}, "log1p": {"cov_gene": 2.3835849310504167, "r2_depth": 0.9684158817614048, "r_mono": 1.0, "cov_cell": 0.49645901182872904}, "log1pCP10k": {"cov_gene": 1.8994986025897957, "r2_depth": 0.7814481504909867, "r_mono": 1.0, "cov_cell": 0.25800901067335574}, "log1pCPM": {"cov_gene": 1.6306253296367335, "r2_depth": 0.9049884403486833, "r_mono": 1.0, "cov_cell": 0.3869127436165576}, "scalelog1pCP10k": {"cov_gene": 2.939142173619063e-14, "r2_depth": 0.7911224811437194, "r_mono": 0.3180942173138156, "cov_cell": null}, "sctransform": {"cov_gene": 0.4240365626754507, "r2_depth": 0.0031997728520725133, "r_mono": 0.27115378553016606, "cov_cell": null}, "log1pPF": {"cov_gene": 2.2610125026379913, "r2_depth": 0.674541224835536, "r_mono": 1.0, "cov_cell": 0.16545161190675384}, "PFlog1pPF": {"cov_gene": 2.4993027283236033, "r2_depth": 0, "r_mono": 1.0, "cov_cell": 7.498131825664521e-15}, "ncells": 2000, "ngenes": 13239, "avg_per_cell": 2229.29, "avg_per_gene": 336.78, "min_cell": 399.0, "max_cell": 26151.0, "overdispersion": 0.37, "total_count": 4458574, "nvals": 1135300, "sparsity": 0.042877105521565075}