{"raw": {"cov_gene": 102.6956563681832, "r2_depth": 1.0, "r_mono": 1.0, "cov_cell": 1.0495161891543605}, "PF": {"cov_gene": 81.10842769641008, "r2_depth": 0, "r_mono": 1.0, "cov_cell": 7.267862640423041e-15}, "sqrt": {"cov_gene": 26.522557129907014, "r2_depth": 0.18263504624532012, "r_mono": 1.0, "cov_cell": 0.6214495637580589}, "log1p": {"cov_gene": 3.7260834598732586, "r2_depth": 0.1446289590002573, "r_mono": 1.0, "cov_cell": 0.6450666260406317}, "log1pCP10k": {"cov_gene": 2.323170257755936, "r2_depth": 0.011138977306124453, "r_mono": 1.0, "cov_cell": 0.38638483248501404}, "log1pCPM": {"cov_gene": 2.0118137676651533, "r2_depth": 0.06580997519050158, "r_mono": 1.0, "cov_cell": 0.48897212493140096}, "scalelog1pCP10k": {"cov_gene": 7.431238538540884e-14, "r2_depth": 0.008038947090219906, "r_mono": 0.2610762307033349, "cov_cell": null}, "sctransform": {"cov_gene": 0.5991655129014343, "r2_depth": 0.4126630844340805, "r_mono": 0.2310402271544917, "cov_cell": null}, "log1pPF": {"cov_gene": 3.2328859311170937, "r2_depth": 0.006321879015802501, "r_mono": 1.0, "cov_cell": 0.30632583404753866}, "PFlog1pPF": {"cov_gene": 40.758917039208974, "r2_depth": 0, "r_mono": 1.0, "cov_cell": 4.385401511064494e-15}, "ncells": 5089, "ngenes": 15396, "avg_per_cell": 1421.32, "avg_per_gene": 469.81, "min_cell": 405.0, "max_cell": 18028.0, "overdispersion": 1.53, "total_count": 7233121, "nvals": 2077122, "sparsity": 0.026510727905327262}