{
  "ncells": 2288,
  "ngenes": 60623,
  "nvals": 3066951,
  "density": 0.02211125500038124,
  "total_counts": 10928512,
  "overdispersion": 9.082675709833607,
  "avg_per_cell": 4776.447552447553,
  "avg_per_gene": 180.27006251752636,
  "max_cell": 69074,
  "min_cell": 646,
  "raw": {
    "cov_gene": 202.26061763744303,
    "cov_cell": 1.33059852064143,
    "r2_depth": 1,
    "r_mono": 1
  },
  "PF": {
    "cov_gene": 100.85017467501798,
    "cov_cell": 1.5932086801776213e-14,
    "r2_depth": 0,
    "r_mono": 1
  },
  "sqrt": {
    "cov_gene": 20.431260574794592,
    "cov_cell": 0.8577747253219361,
    "r2_depth": 0.931187542949709,
    "r_mono": 1
  },
  "log1p": {
    "cov_gene": 4.904425987214038,
    "cov_cell": 0.8383589043504062,
    "r2_depth": 0.9214928145999108,
    "r_mono": 1
  },
  "log1pCP10k": {
    "cov_gene": 3.7486813423649616,
    "cov_cell": 0.27626593510677033,
    "r2_depth": 0.4244146012937935,
    "r_mono": 1
  },
  "log1pCPM": {
    "cov_gene": 2.802118998900417,
    "cov_cell": 0.5376766070453218,
    "r2_depth": 0.7469306422369308,
    "r_mono": 1
  },
  "log1pPF": {
    "cov_gene": 4.364096031807389,
    "cov_cell": 0.22155850418830997,
    "r2_depth": 0.3286951247086516,
    "r_mono": 1
  },
  "PFlog1pPF": {
    "cov_gene": 5.3186900590804775,
    "cov_cell": 1.4244718896521998e-14,
    "r2_depth": 0,
    "r_mono": 1
  }
}
