{
  "ncells": 7021,
  "ngenes": 60623,
  "nvals": 9784410,
  "density": 0.022987844232389632,
  "total_counts": 34227060,
  "overdispersion": 1.2452612450111413,
  "avg_per_cell": 4874.955134596212,
  "avg_per_gene": 564.5886874618544,
  "max_cell": 71849,
  "min_cell": 823,
  "raw": {
    "cov_gene": 55.32725801980019,
    "cov_cell": 1.1955818191121221,
    "r2_depth": 1,
    "r_mono": 1
  },
  "PF": {
    "cov_gene": 83.78790991897682,
    "cov_cell": 1.6481235983914136e-14,
    "r2_depth": 0,
    "r_mono": 1
  },
  "sqrt": {
    "cov_gene": 9.609939792278158,
    "cov_cell": 0.8276761826610206,
    "r2_depth": 0.9444610544802605,
    "r_mono": 1
  },
  "log1p": {
    "cov_gene": 4.815372032367249,
    "cov_cell": 0.8072626946830508,
    "r2_depth": 0.9349998479455216,
    "r_mono": 1
  },
  "log1pCP10k": {
    "cov_gene": 3.669136201271715,
    "cov_cell": 0.2797923178797314,
    "r2_depth": 0.4916935853895308,
    "r_mono": 1
  },
  "log1pCPM": {
    "cov_gene": 2.7334423827743413,
    "cov_cell": 0.546390400187148,
    "r2_depth": 0.8034211224268747,
    "r_mono": 1
  },
  "log1pPF": {
    "cov_gene": 4.252610797567902,
    "cov_cell": 0.22479824838204965,
    "r2_depth": 0.39587933988845014,
    "r_mono": 1
  },
  "PFlog1pPF": {
    "cov_gene": 4.766556555489687,
    "cov_cell": 1.539247315996722e-14,
    "r2_depth": 0,
    "r_mono": 1
  }
}
