{
  "ncells": 4701,
  "ngenes": 60623,
  "nvals": 9362037,
  "density": 0.03285055247607113,
  "total_counts": 20880440,
  "overdispersion": 0.2842378919172427,
  "avg_per_cell": 4441.701765581791,
  "avg_per_gene": 344.43099153786517,
  "max_cell": 24271,
  "min_cell": 444,
  "raw": {
    "cov_gene": 139.66083575445833,
    "cov_cell": 0.5179188511739083,
    "r2_depth": 1,
    "r_mono": 1
  },
  "PF": {
    "cov_gene": 131.37883030418595,
    "cov_cell": 2.01043181465063e-14,
    "r2_depth": 0,
    "r_mono": 1
  },
  "sqrt": {
    "cov_gene": 7.241396080433663,
    "cov_cell": 0.4294825810170989,
    "r2_depth": 0.7723653515167016,
    "r_mono": 1
  },
  "log1p": {
    "cov_gene": 3.149021142930397,
    "cov_cell": 0.43314507109038003,
    "r2_depth": 0.7603905156079391,
    "r_mono": 1
  },
  "log1pCP10k": {
    "cov_gene": 2.6002480379101605,
    "cov_cell": 0.22709696906958443,
    "r2_depth": 0.38540604403136425,
    "r_mono": 1
  },
  "log1pCPM": {
    "cov_gene": 2.2367992500174356,
    "cov_cell": 0.3342339384093418,
    "r2_depth": 0.6381253029144911,
    "r_mono": 1
  },
  "log1pPF": {
    "cov_gene": 2.926526033197245,
    "cov_cell": 0.1957855484591473,
    "r2_depth": 0.27261706321326795,
    "r_mono": 1
  },
  "PFlog1pPF": {
    "cov_gene": 33.16432752389238,
    "cov_cell": 2.306501227410627e-14,
    "r2_depth": 0,
    "r_mono": 1
  }
}
