{"raw": {"cov_gene": 85.06537377140678, "r2_depth": 1.0, "r_mono": 1.0}, "PF": {"cov_gene": 75.29511929237093, "r2_depth": 0, "r_mono": 1.0}, "sqrt": {"cov_gene": 8.156136135124266, "r2_depth": 0.8948925358319328, "r_mono": 1.0}, "log1p": {"cov_gene": 5.148069254853009, "r2_depth": 0.8926156928419051, "r_mono": 1.0}, "log1pCP10k": {"cov_gene": 2.658191542224603, "r2_depth": 0.5912038255497811, "r_mono": 1.0}, "log1pCPM": {"cov_gene": 2.4448578760120445, "r2_depth": 0.7297233400936369, "r_mono": 1.0}, "scalelog1pCP10k": {"cov_gene": 1.676785862540025e-13, "r2_depth": 0.6717246380473385, "r_mono": 0.15181416836451572}, "sctransform": {"cov_gene": 0.4268166852000775, "r2_depth": 0.08475964262996838, "r_mono": 0.1377262848908656}, "log1pPF": {"cov_gene": 5.035089616718788, "r2_depth": 0.16292887969236203, "r_mono": 1.0}, "PFlog1pPF": {"cov_gene": 31.146321591041065, "r2_depth": 0, "r_mono": 1.0}}