{"ncells": 11343, "ngenes": 60623, "nvals": 1988062, "avg_per_cell": 274.57066031913956, "avg_per_gene": 51.37414842551507, "min_cell": 1, "max_cell": 5417, "total_count": 3114455, "overdispersion": 2.5514669507416565, "raw": {"cov_gene": 145.91644530385463, "cov_cell": 0.7068988916094604, "r2_depth": 1.0, "r_mono": 1}, "PF": {"cov_gene": 129.19937899214588, "cov_cell": 2.6399633307277362e-15, "r2_depth": 0, "r_mono": 1}, "log1p": {"cov_gene": 8.866323847563809, "cov_cell": 0.5642084767488743, "r2_depth": 0.8948271343576193, "r_mono": 1}, "log1pPF": {"cov_gene": 8.679866647146739, "cov_cell": 0.18012913517105122, "r2_depth": 0.16465498952242397, "r_mono": 1}, "PFlog1pPF": {"cov_gene": 53.61643481241767, "cov_cell": 2.2572496453346086e-15, "r2_depth": 0, "r_mono": 1}, "log1pCPM": {"cov_gene": 4.371890705772774, "cov_cell": 0.42088826114045524, "r2_depth": 0.7346831921319248, "r_mono": 1}, "log1pCP10k": {"cov_gene": 4.720325679699952, "cov_cell": 0.3316438911797823, "r2_depth": 0.5946565069583305, "r_mono": 1}, "sqrt": {"cov_gene": 13.944451810677428, "cov_cell": 0.5562411142691203, "r2_depth": 0.8971366979768659, "r_mono": 1}, "density": 0.0028911096814719047}