{"ncells": 10214, "ngenes": 60623, "nvals": 1067789, "avg_per_cell": 146.28030154689642, "avg_per_gene": 24.64587697738482, "min_cell": 1, "max_cell": 1517, "total_count": 1494107, "overdispersion": 4.34727259606128, "raw": {"cov_gene": 189.3871329330347, "cov_cell": 0.565685947840077, "r2_depth": 1.0, "r_mono": 1}, "PF": {"cov_gene": 124.2120460190741, "cov_cell": 1.4072098286637091e-15, "r2_depth": 0, "r_mono": 1}, "log1p": {"cov_gene": 10.98574135823916, "cov_cell": 0.5199162123362433, "r2_depth": 0.8638779853794893, "r_mono": 1}, "log1pPF": {"cov_gene": 10.885930861110419, "cov_cell": 0.16988315418588235, "r2_depth": 0.25718099097860436, "r_mono": 1}, "PFlog1pPF": {"cov_gene": 47.9257633578427, "cov_cell": 1.39747271553231e-15, "r2_depth": 0, "r_mono": 1}, "log1pCPM": {"cov_gene": 5.443160465436207, "cov_cell": 0.43927128826440076, "r2_depth": 0.8023380277974875, "r_mono": 1}, "log1pCP10k": {"cov_gene": 5.863773492023101, "cov_cell": 0.3661957511179302, "r2_depth": 0.7387777753877387, "r_mono": 1}, "sqrt": {"cov_gene": 13.824458629911721, "cov_cell": 0.5186825718037892, "r2_depth": 0.8736327600907037, "r_mono": 1}, "density": 0.001724456187591319}