{
    "raw": {
        "cov_gene": 96.83723878495522,
        "r2_depth": 1.0,
        "r_mono": 1.0
    },
    "PF": {
        "cov_gene": 63.48453535972853,
        "r2_depth": 0,
        "r_mono": 1.0
    },
    "sqrt": {
        "cov_gene": 7.136390804405888,
        "r2_depth": 0.8701445731036527,
        "r_mono": 1.0
    },
    "log1p": {
        "cov_gene": 5.644628083841879,
        "r2_depth": 0.860126000635523,
        "r_mono": 1.0
    },
    "log1pCP10k": {
        "cov_gene": 2.93501654095174,
        "r2_depth": 0.7333443960108417,
        "r_mono": 1.0
    },
    "log1pCPM": {
        "cov_gene": 2.708599695933712,
        "r2_depth": 0.797060846554869,
        "r_mono": 1.0
    },
    "scalelog1pCP10k": {
        "cov_gene": 1.5309611030106176e-13,
        "r2_depth": 0.7061065194697242,
        "r_mono": 0.13370853340068947
    },
    "sctransform": {
        "cov_gene": 0.5509169227056482,
        "r2_depth": 0.007197822328754322,
        "r_mono": 0.11956524680621615
    },
    "log1pPF": {
        "cov_gene": 5.589603134470083,
        "r2_depth": 0.2519136400842781,
        "r_mono": 1.0
    },
    "PFlog1pPF": {
        "cov_gene": 24.226971543735434,
        "r2_depth": 0,
        "r_mono": 1.0
    },
    "ncells": "10214",
    "ngenes": 15795,
    "avg_per_cell": "144.21",
    "avg_per_gene": "93.26",
    "min_cell": "1",
    "max_cell": "1492",
    "overdispersion": "4.35"
}