{
    "raw": {
        "cov_gene": 56.18941560670094,
        "r2_depth": 1.0,
        "r_mono": 1.0
    },
    "PF": {
        "cov_gene": 105.46894856279285,
        "r2_depth": 0,
        "r_mono": 1.0
    },
    "sqrt": {
        "cov_gene": 4.443188304770368,
        "r2_depth": 0.968542256442277,
        "r_mono": 1.0
    },
    "log1p": {
        "cov_gene": 2.7063368710371978,
        "r2_depth": 0.9651971037194031,
        "r_mono": 1.0
    },
    "log1pCP10k": {
        "cov_gene": 2.129168643810855,
        "r2_depth": 0.637825055071908,
        "r_mono": 1.0
    },
    "log1pCPM": {
        "cov_gene": 1.4575411684708326,
        "r2_depth": 0.8720588680922441,
        "r_mono": 1.0
    },
    "scalelog1pCP10k": {
        "cov_gene": 8.89824608270638e-14,
        "r2_depth": 0.642709528055696,
        "r_mono": 0.381898471373483
    },
    "sctransform": {
        "cov_gene": 0.60393893603818,
        "r2_depth": 0.6091928931851918,
        "r_mono": 0.22701599416828738
    },
    "log1pPF": {
        "cov_gene": 2.5094515042358028,
        "r2_depth": 0.5701953471054049,
        "r_mono": 1.0
    },
    "PFlog1pPF": {
        "cov_gene": 6.167784889206483,
        "r2_depth": 0,
        "r_mono": 1.0
    },
    "ncells": "6394",
    "ngenes": 27009,
    "avg_per_cell": "5147.02",
    "avg_per_gene": "1218.48",
    "min_cell": "178",
    "max_cell": "38289",
    "overdispersion": "1.03"
}