{"ncells": 6394, "ngenes": 60623, "nvals": 11769062, "avg_per_cell": 5149.5556771973725, "avg_per_gene": 543.1314682546229, "min_cell": 179, "max_cell": 38309, "total_count": 32926259, "overdispersion": 1.0335875153984633, "raw": {"cov_gene": 84.187078700811, "cov_cell": 0.8301235832334417, "r2_depth": 1.0, "r_mono": 1}, "PF": {"cov_gene": 158.02680986648122, "cov_cell": 2.0444461934001742e-14, "r2_depth": 0, "r_mono": 1}, "log1p": {"cov_gene": 4.2010436380293905, "cov_cell": 0.6922328567186207, "r2_depth": 0.9652597447296173, "r_mono": 1}, "log1pPF": {"cov_gene": 3.9170193533769546, "cov_cell": 0.3496402714932016, "r2_depth": 0.5702597467708982, "r_mono": 1}, "PFlog1pPF": {"cov_gene": 9.297338352174284, "cov_cell": 2.1641220447729967e-14, "r2_depth": 0, "r_mono": 1}, "log1pCPM": {"cov_gene": 2.447408888641941, "cov_cell": 0.5465512924355863, "r2_depth": 0.872257118630578, "r_mono": 1}, "log1pCP10k": {"cov_gene": 3.3751667846732114, "cov_cell": 0.3885714081153568, "r2_depth": 0.6378843775317746, "r_mono": 1}, "sqrt": {"cov_gene": 6.7429346312536085, "cov_cell": 0.6947506702560821, "r2_depth": 0.9685988289385058, "r_mono": 1}, "density": 0.03036209918583308}