{"ncells": 2700, "ngenes": 12572, "nvals": 2279088, "density": 0.06714179658500372, "avg_per_cell": 2363.871111111111, "avg_per_gene": 507.67196945593383, "min_cell": 546, "max_cell": 15791, "total_count": 6382452, "overdispersion": 0.3931754482480364, "raw": {"cov_gene": 19.173419286915777, "cov_cell": 0.46206444265520025, "r2_depth": 1, "r_mono": 1}, "PF": {"cov_gene": 20.135281560098388, "cov_cell": 8.28300681109333e-15, "r2_depth": 0, "r_mono": 1}, "log1p": {"cov_gene": 2.264630623628877, "cov_cell": 0.3607227764829315, "r2_depth": 0.9533911462512628, "r_mono": 1}, "sqrt": {"cov_gene": 3.014083625196159, "cov_cell": 0.3645693680107645, "r2_depth": 0.9608772931265288, "r_mono": 1}, "log1pPF": {"cov_gene": 2.1610198788287454, "cov_cell": 0.11463451358800343, "r2_depth": 0.492136013256789, "r_mono": 1}, "PFlog1pPF": {"cov_gene": 2.1979554448110075, "cov_cell": 9.605233006270696e-15, "r2_depth": 0, "r_mono": 1}, "log1pCPM": {"cov_gene": 1.3005782454257662, "cov_cell": 0.2664421416855815, "r2_depth": 0.8567029518275413, "r_mono": 1}, "log1pCP10k": {"cov_gene": 1.5727516084237065, "cov_cell": 0.16853457070676367, "r2_depth": 0.6753207477475934, "r_mono": 1}}