{"raw": {"cov_gene": 2.4843633357127417, "r2_depth": 1.0, "r_mono": 1.0}, "PF": {"cov_gene": 2.8581302697618844, "r2_depth": 0, "r_mono": 1.0}, "sqrt": {"cov_gene": 1.8931800508688132, "r2_depth": 0.9922827799629437, "r_mono": 1.0}, "log1p": {"cov_gene": 1.9769069623648023, "r2_depth": 0.9957594429458193, "r_mono": 1.0}, "log1pCP10k": {"cov_gene": 1.8857675675145462, "r2_depth": 0.9656003789718559, "r_mono": 1.0}, "log1pCPM": {"cov_gene": 1.838255501390403, "r2_depth": 0.9734348995049121, "r_mono": 1.0}, "scalelog1pCP10k": {"cov_gene": 3.8095543640733884e-14, "r2_depth": 0.9262853318666051, "r_mono": 0.3243281060695665}, "sctransform": {"cov_gene": 0.4924118279289369, "r2_depth": 0.6739627198545411, "r_mono": 0.2844599370257594}, "log1pPF": {"cov_gene": 2.1032401490170685, "r2_depth": 0.8828492146294815, "r_mono": 1.0}, "PFlog1pPF": {"cov_gene": 2.243070649316985, "r2_depth": 0, "r_mono": 1.0}}