{"ncells": 2638, "ngenes": 13714, "nvals": 2238732, "avg_per_cell": 347.620166793025, "avg_per_gene": 66.86758057459531, "min_cell": 79, "max_cell": 1415, "total_count": 917022, "overdispersion": -0.3439496419130368, "raw": {"cov_gene": 4.343095156239783, "cov_cell": 0.39305636957432494, "r2_depth": 1.0, "r_mono": 1}, "PF": {"cov_gene": 4.958116547336936, "cov_cell": 2.979514537164002e-15, "r2_depth": 0, "r_mono": 1}, "log1p": {"cov_gene": 3.5393082536215683, "cov_cell": 0.38717378181767625, "r2_depth": 0.9958560029544185, "r_mono": 1}, "log1pPF": {"cov_gene": 3.7404507222904817, "cov_cell": 0.11616380557775133, "r2_depth": 0.8805000082263073, "r_mono": 1}, "PFlog1pPF": {"cov_gene": 3.968970695856521, "cov_cell": 3.0399855418407564e-15, "r2_depth": 0, "r_mono": 1}, "log1pCPM": {"cov_gene": 3.3228923099066976, "cov_cell": 0.3318538333370558, "r2_depth": 0.9743085387426603, "r_mono": 1}, "log1pCP10k": {"cov_gene": 3.397632005549909, "cov_cell": 0.2671225246482307, "r2_depth": 0.966096670774162, "r_mono": 1}, "sqrt": {"cov_gene": 3.408346026627634, "cov_cell": 0.387040116929839, "r2_depth": 0.9924651403248366, "r_mono": 1}, "density": 0.06188183317756446}