{"raw": {"cov_gene": 92.19718651775274, "r2_depth": 1.0, "r_mono": 1.0, "cov_cell": 0.648262091136493}, "PF": {"cov_gene": 74.99142341939078, "r2_depth": 0, "r_mono": 1.0, "cov_cell": 4.4928349613660867e-14}, "sqrt": {"cov_gene": 10.397025384560934, "r2_depth": 0.9356454512082182, "r_mono": 1.0, "cov_cell": 0.5302957156108334}, "log1p": {"cov_gene": 2.383908838038446, "r2_depth": 0.9253894141445524, "r_mono": 1.0, "cov_cell": 0.5291120725979195}, "log1pCP10k": {"cov_gene": 2.4851729450430886, "r2_depth": 0.3973137007773764, "r_mono": 1.0, "cov_cell": 0.2730458190672406}, "log1pCPM": {"cov_gene": 1.3138332624162774, "r2_depth": 0.7586697321768434, "r_mono": 1.0, "cov_cell": 0.39303816070669517}, "scalelog1pCP10k": {"cov_gene": 4.539859953462105e-14, "r2_depth": 0.36229430087295345, "r_mono": 0.45844254899599335, "cov_cell": null}, "sctransform": {"cov_gene": 1.0267392309067507, "r2_depth": 0.18535730907780024, "r_mono": 0.24158715444610743, "cov_cell": null}, "log1pPF": {"cov_gene": 2.1924999722753182, "r2_depth": 0.44609637303571414, "r_mono": 1.0, "cov_cell": 0.28441796327929364}, "PFlog1pPF": {"cov_gene": 12.774555681999422, "r2_depth": 0, "r_mono": 1.0, "cov_cell": 2.7148181294263863e-14}, "ncells": 3247, "ngenes": 26412, "avg_per_cell": 14603.04, "avg_per_gene": 1795.25, "min_cell": 2573.0, "max_cell": 70610.0, "overdispersion": 1.23, "total_count": 47416080, "nvals": 9998046, "sparsity": 0.11658201391505695}