{"ncells": 3247, "ngenes": 60623, "nvals": 10017197, "avg_per_cell": 14610.25346473668, "avg_per_gene": 782.5329165498243, "min_cell": 2575, "max_cell": 70650, "total_count": 47439493, "overdispersion": 1.2328245736638848, "raw": {"cov_gene": 139.67997720693842, "cov_cell": 0.6482034220927869, "r2_depth": 1.0, "r_mono": 1}, "PF": {"cov_gene": 113.62548215826669, "cov_cell": 3.7273223732284655e-14, "r2_depth": 0, "r_mono": 1}, "log1p": {"cov_gene": 3.781132766582429, "cov_cell": 0.5292047554431247, "r2_depth": 0.9255468750783756, "r_mono": 1}, "log1pPF": {"cov_gene": 3.5054504113339844, "cov_cell": 0.28440293405075406, "r2_depth": 0.446223683388268, "r_mono": 1}, "PFlog1pPF": {"cov_gene": 19.366814437615943, "cov_cell": 2.881622416734955e-14, "r2_depth": 0, "r_mono": 1}, "log1pCPM": {"cov_gene": 2.2857067596301675, "cov_cell": 0.3931630554139963, "r2_depth": 0.7591003570542879, "r_mono": 1}, "log1pCP10k": {"cov_gene": 3.928204575366526, "cov_cell": 0.27300721185045296, "r2_depth": 0.39734848879465234, "r_mono": 1}, "sqrt": {"cov_gene": 15.773507044175973, "cov_cell": 0.5303868933700262, "r2_depth": 0.9357750237640327, "r_mono": 1}, "density": 0.0508893029258193}