{
  "ncells": 2562,
  "ngenes": 25571,
  "nvals": 8089813,
  "density": 0.12348427184617772,
  "total_counts": 37439829,
  "overdispersion": 0.25,
  "avg_per_cell": 14613.52,
  "avg_per_gene": 1464.15,
  "max_cell": 49532,
  "min_cell": 388,
  "raw": {
    "cov_gene": 25.671736579711553,
    "r2_depth": 1,
    "r_mono": 1,
    "cov_cell": 0.4574423788196234
  },
  "PF": {
    "cov_gene": 56.78569418289538,
    "r2_depth": 0,
    "r_mono": 1,
    "cov_cell": 3.7150676603325663e-14
  },
  "sqrt": {
    "cov_gene": 3.4994593300703056,
    "r2_depth": 0.974449308720528,
    "r_mono": 1,
    "cov_cell": 0.3596514709216722
  },
  "log1p": {
    "cov_gene": 1.827331862373711,
    "r2_depth": 0.9687848871468983,
    "r_mono": 1,
    "cov_cell": 0.3563971376986738
  },
  "log1pCP10k": {
    "cov_gene": 1.7548139361645942,
    "r2_depth": 0.6023137367079627,
    "r_mono": 1,
    "cov_cell": 0.13577709886612135
  },
  "log1pCPM": {
    "cov_gene": 1.1923506946860167,
    "r2_depth": 0.8759270365757156,
    "r_mono": 1,
    "cov_cell": 0.24727628638016114
  },
  "scalelog1pCP10k": {
    "cov_gene": 3.569220200720676e-14,
    "r2_depth": 0.5316773941929649,
    "r_mono": 0.46289857701373066,
    "cov_cell": null
  },
  "sctransform": {
    "cov_gene": 0.47938897564831423,
    "r2_depth": 0.5939574038897151,
    "r_mono": 0.2601500847092921,
    "cov_cell": null
  },
  "log1pPF": {
    "cov_gene": 1.6100648695955602,
    "r2_depth": 0.6399775337146705,
    "r_mono": 1,
    "cov_cell": 0.14843370260996036
  },
  "PFlog1pPF": {
    "cov_gene": 1.913019617791925,
    "r2_depth": 0,
    "r_mono": 1,
    "cov_cell": 2.334292748125043e-14
  }
}
