{"ncells": 3805, "ngenes": 23516, "nvals": 2367872, "density": 0.026463062920897763, "avg_per_cell": 1319.1503285151116, "avg_per_gene": 213.44476101377785, "min_cell": 369, "max_cell": 5676, "total_count": 5019367, "overdispersion": 2.06197111148594, "sctransform": {"cov_gene": 0.6304161248540632, "cov_cell": null, "r2_depth": 0.16015206555081907, "r_mono": 0.22606265901888853}, "scalelog1pCP10k": {"cov_gene": 5.5528431927582994e-14, "cov_cell": null, "r2_depth": 0.5819206277126618, "r_mono": 0.26164278362439786}, "raw": {"cov_gene": 109.90591553791583, "cov_cell": 0.5278703214298754, "r2_depth": 1, "r_mono": 1}, "PF": {"cov_gene": 86.52982423833768, "cov_cell": 9.746201801030832e-15, "r2_depth": 0, "r_mono": 1}, "log1p": {"cov_gene": 3.2977857971154867, "cov_cell": 0.46986167506835336, "r2_depth": 0.8516693047993018, "r_mono": 1}, "sqrt": {"cov_gene": 9.369041767576883, "cov_cell": 0.46682461175260886, "r2_depth": 0.8644027215810562, "r_mono": 1}, "log1pPF": {"cov_gene": 3.1187976141279434, "cov_cell": 0.19367045420531126, "r2_depth": 0.2456889485066941, "r_mono": 1}, "PFlog1pPF": {"cov_gene": 8.49994709919848, "cov_cell": 8.500339635096097e-15, "r2_depth": 0, "r_mono": 1}, "log1pCPM": {"cov_gene": 1.7240773393307582, "cov_cell": 0.3814774556917359, "r2_depth": 0.7784145970422153, "r_mono": 1}, "log1pCP10k": {"cov_gene": 2.019118034804565, "cov_cell": 0.2783115557493169, "r2_depth": 0.5930698284949404, "r_mono": 1}}