{
    "raw": {
        "cov_gene": 84.57620568534468,
        "r2_depth": 1.0,
        "r_mono": 1.0
    },
    "PF": {
        "cov_gene": 83.45056060625377,
        "r2_depth": 0,
        "r_mono": 1.0
    },
    "sqrt": {
        "cov_gene": 8.355552683910139,
        "r2_depth": 0.9190097196394744,
        "r_mono": 1.0
    },
    "log1p": {
        "cov_gene": 2.124382324882933,
        "r2_depth": 0.9063133453793424,
        "r_mono": 1.0
    },
    "log1pCP10k": {
        "cov_gene": 2.1866234956361583,
        "r2_depth": 0.3472293898447134,
        "r_mono": 1.0
    },
    "log1pCPM": {
        "cov_gene": 1.3106674207142535,
        "r2_depth": 0.7562272550519412,
        "r_mono": 1.0
    },
    "scalelog1pCP10k": {
        "cov_gene": 5.03395460631427e-14,
        "r2_depth": 0.26791491737709583,
        "r_mono": 0.46203391916516673
    },
    "sctransform": {
        "cov_gene": 0.8750598850906341,
        "r2_depth": 0.1402933267719877,
        "r_mono": 0.2675865957416389
    },
    "log1pPF": {
        "cov_gene": 2.0658083571977115,
        "r2_depth": 0.37578847613892874,
        "r_mono": 1.0
    },
    "PFlog1pPF": {
        "cov_gene": 10.653061586794223,
        "r2_depth": 0,
        "r_mono": 1.0
    },
    "ncells": 3656,
    "ngenes": 26666,
    "avg_per_cell": 11874.61,
    "avg_per_gene": 1628.05,
    "min_cell": 3672.0,
    "max_cell": 80037.0,
    "overdispersion": 1.14
}