{"ncells": 3805, "ngenes": 60623, "nvals": 2386655, "density": 0.010346597613483458, "avg_per_cell": 1324.1574244415242, "avg_per_gene": 83.11068406380417, "min_cell": 372, "max_cell": 5702, "total_count": 5038419, "overdispersion": 2.0619711117641812, "log1pCP10k": {"cov_gene": 3.4459990592801897, "cov_cell": 0.27829006070573364, "r2_depth": 0.5943443219342832, "r_mono": 1}, "log1pCPM": {"cov_gene": 3.0089202684568974, "cov_cell": 0.3818376110944168, "r2_depth": 0.7795348287199031, "r_mono": 1}, "PFlog1pPF": {"cov_gene": 13.665552235791779, "cov_cell": 8.653301475617464e-15, "r2_depth": 0, "r_mono": 1}, "log1p": {"cov_gene": 5.403272091930898, "cov_cell": 0.47014823744093037, "r2_depth": 0.8525529481816154, "r_mono": 1}, "PF": {"cov_gene": 138.95469369048783, "cov_cell": 9.901185271570304e-15, "r2_depth": 0, "r_mono": 1}, "log1pPF": {"cov_gene": 5.125556901312677, "cov_cell": 0.19352310771465306, "r2_depth": 0.24717912065140568, "r_mono": 1}, "raw": {"cov_gene": 176.45597624203472, "cov_cell": 0.5276438840166193, "r2_depth": 1, "r_mono": 1}, "sqrt": {"cov_gene": 14.996079374486408, "cov_cell": 0.4671334731908242, "r2_depth": 0.8651453232754343, "r_mono": 1}}