{
  "ncells": 7041,
  "ngenes": 60623,
  "nvals": 10630749,
  "density": 0.024905318256261477,
  "total_counts": 39751114,
  "overdispersion": 2.317412600377896,
  "avg_per_cell": 5645.663116034654,
  "avg_per_gene": 655.7101100242483,
  "max_cell": 51351,
  "min_cell": 190,
  "raw": {
    "cov_gene": 85.14183214161412,
    "cov_cell": 1.3880730105363417,
    "r2_depth": 1,
    "r_mono": 1
  },
  "PF": {
    "cov_gene": 55.93483728305277,
    "cov_cell": 2.4600040219800535e-14,
    "r2_depth": 0,
    "r_mono": 1
  },
  "sqrt": {
    "cov_gene": 13.30884950042363,
    "cov_cell": 1.2475710016196706,
    "r2_depth": 0.9619775095007841,
    "r_mono": 1
  },
  "log1p": {
    "cov_gene": 5.6522097946989085,
    "cov_cell": 1.2487554468997424,
    "r2_depth": 0.9540193707271281,
    "r_mono": 1
  },
  "log1pCP10k": {
    "cov_gene": 4.992600791941613,
    "cov_cell": 0.6770658561440625,
    "r2_depth": 0.7814665069770711,
    "r_mono": 1
  },
  "log1pCPM": {
    "cov_gene": 2.7633103591639823,
    "cov_cell": 1.023184082688626,
    "r2_depth": 0.8977986953148951,
    "r_mono": 1
  },
  "log1pPF": {
    "cov_gene": 5.508530082793701,
    "cov_cell": 0.5875996753525754,
    "r2_depth": 0.7537429678952938,
    "r_mono": 1
  },
  "PFlog1pPF": {
    "cov_gene": 6.543372677892143,
    "cov_cell": 1.794203502342004e-14,
    "r2_depth": 0,
    "r_mono": 1
  }
}
