{
  "ncells": 4915,
  "ngenes": 60623,
  "nvals": 15633451,
  "density": 0.05246792758453514,
  "total_counts": 92573088,
  "overdispersion": 1.239983777486311,
  "avg_per_cell": 18834.80935910478,
  "avg_per_gene": 1527.0291473533148,
  "max_cell": 95356,
  "min_cell": 2191,
  "raw": {
    "cov_gene": 135.11212805470694,
    "cov_cell": 0.7278982683055989,
    "r2_depth": 1,
    "r_mono": 1
  },
  "PF": {
    "cov_gene": 180.27971283164047,
    "cov_cell": 2.787201726347779e-14,
    "r2_depth": 0,
    "r_mono": 1
  },
  "sqrt": {
    "cov_gene": 15.657965485820837,
    "cov_cell": 0.5951740587633925,
    "r2_depth": 0.9424270234259255,
    "r_mono": 1
  },
  "log1p": {
    "cov_gene": 3.7666674470065584,
    "cov_cell": 0.5883730847940037,
    "r2_depth": 0.9300818973751089,
    "r_mono": 1
  },
  "log1pCP10k": {
    "cov_gene": 3.9841171851152537,
    "cov_cell": 0.25563051937798925,
    "r2_depth": 0.38712816169058906,
    "r_mono": 1
  },
  "log1pCPM": {
    "cov_gene": 2.3283204065913963,
    "cov_cell": 0.4018102489153634,
    "r2_depth": 0.7735248742576577,
    "r_mono": 1
  },
  "log1pPF": {
    "cov_gene": 3.2835318317444337,
    "cov_cell": 0.2766537790177675,
    "r2_depth": 0.47501846740340725,
    "r_mono": 1
  },
  "PFlog1pPF": {
    "cov_gene": 5.761137750534072,
    "cov_cell": 2.9727872303395956e-14,
    "r2_depth": 0,
    "r_mono": 1
  }
}
