{"ncells": 12589, "ngenes": 60623, "nvals": 22787775, "avg_per_cell": 4050.440463897053, "avg_per_gene": 841.1163254870264, "min_cell": 208, "max_cell": 33860, "total_count": 50990995, "overdispersion": 1.6028763594038011, "raw": {"cov_gene": 57.34935057022111, "cov_cell": 1.0531518663821653, "r2_depth": 1.0, "r_mono": 1}, "PF": {"cov_gene": 81.598958483144, "cov_cell": 2.8325346831228822e-14, "r2_depth": 0, "r_mono": 1}, "log1p": {"cov_gene": 3.779005298363206, "cov_cell": 0.9394676361272624, "r2_depth": 0.9559416691130951, "r_mono": 1}, "log1pPF": {"cov_gene": 3.8100757663829077, "cov_cell": 0.416181379031906, "r2_depth": 0.5649786548227516, "r_mono": 1}, "PFlog1pPF": {"cov_gene": 15.234453147723196, "cov_cell": 2.268029109008654e-14, "r2_depth": 0, "r_mono": 1}, "log1pCPM": {"cov_gene": 2.2731560601054457, "cov_cell": 0.7175575200022595, "r2_depth": 0.8606926726871966, "r_mono": 1}, "log1pCP10k": {"cov_gene": 3.0903637359483165, "cov_cell": 0.49199085111409163, "r2_depth": 0.6556654278678729, "r_mono": 1}, "sqrt": {"cov_gene": 6.5162545021027, "cov_cell": 0.9268723245271704, "r2_depth": 0.9579405593914387, "r_mono": 1}, "density": 0.02985886292346624}