{
    "raw": {
        "cov_gene": 44.322377224145576,
        "r2_depth": 1.0,
        "r_mono": 1.0
    },
    "PF": {
        "cov_gene": 63.06311152687432,
        "r2_depth": 0,
        "r_mono": 1.0
    },
    "sqrt": {
        "cov_gene": 4.99937975816167,
        "r2_depth": 0.9579199269697591,
        "r_mono": 1.0
    },
    "log1p": {
        "cov_gene": 2.852860501612138,
        "r2_depth": 0.9559166570167544,
        "r_mono": 1.0
    },
    "log1pCP10k": {
        "cov_gene": 2.304558321282417,
        "r2_depth": 0.6556309625421772,
        "r_mono": 1.0
    },
    "log1pCPM": {
        "cov_gene": 1.6405136363533857,
        "r2_depth": 0.86060918242846,
        "r_mono": 1.0
    },
    "scalelog1pCP10k": {
        "cov_gene": 1.8225313812925912e-13,
        "r2_depth": 0.62593445064741,
        "r_mono": 0.3295361968784084
    },
    "sctransform": {
        "cov_gene": 1.016094543222354,
        "r2_depth": 0.6167574290241722,
        "r_mono": 0.18757511385716394
    },
    "log1pPF": {
        "cov_gene": 2.8777294453562607,
        "r2_depth": 0.5649334337056887,
        "r_mono": 1.0
    },
    "PFlog1pPF": {
        "cov_gene": 11.76023328167638,
        "r2_depth": 0,
        "r_mono": 1.0
    },
    "ncells": "12589",
    "ngenes": 36216,
    "avg_per_cell": "4048.87",
    "avg_per_gene": "1407.42",
    "min_cell": "205",
    "max_cell": "33852",
    "overdispersion": "1.6"
}