{"ncells": 12723, "ngenes": 60623, "nvals": 15944087, "density": 0.0206715339073104, "avg_per_cell": 3683.616285467264, "avg_per_gene": 773.0836481203504, "min_cell": 119, "max_cell": 87028, "total_count": 46866650, "overdispersion": 1.0454361695716614, "log1pCP10k": {"cov_gene": 3.789731420288259, "cov_cell": 0.4148843204244759, "r2_depth": 0.5399733176899478, "r_mono": 1}, "log1pCPM": {"cov_gene": 2.8014169724068316, "cov_cell": 0.5931033872083, "r2_depth": 0.8004608414516506, "r_mono": 1}, "log1pPF": {"cov_gene": 4.73915059285797, "cov_cell": 0.3488982451516839, "r2_depth": 0.4355737407842306, "r_mono": 1}, "log1p": {"cov_gene": 5.179202094264232, "cov_cell": 0.7848482655446964, "r2_depth": 0.9430456778002758, "r_mono": 1}, "PFlog1pPF": {"cov_gene": 9.302856630008895, "cov_cell": 1.2817448256256509e-14, "r2_depth": 0, "r_mono": 1}, "PF": {"cov_gene": 70.72958721594603, "cov_cell": 1.7464588353647366e-14, "r2_depth": 0, "r_mono": 1}, "sqrt": {"cov_gene": 9.750206048131934, "cov_cell": 0.7915289472381355, "r2_depth": 0.9485825667687037, "r_mono": 1}, "raw": {"cov_gene": 68.91026002531189, "cov_cell": 1.0310301037087135, "r2_depth": 1, "r_mono": 1}}