{"raw": {"cov_gene": 39.842695564365364, "r2_depth": 1.0, "r_mono": 1.0, "cov_cell": 0.8136887511715032}, "PF": {"cov_gene": 51.3791344530318, "r2_depth": 0, "r_mono": 1.0, "cov_cell": 1.2174477054631979e-14}, "sqrt": {"cov_gene": 4.483629538049575, "r2_depth": 0.9649399245649224, "r_mono": 1.0, "cov_cell": 0.603254361093888}, "log1p": {"cov_gene": 3.2867811666811724, "r2_depth": 0.962315038445152, "r_mono": 1.0, "cov_cell": 0.599431867052996}, "log1pCP10k": {"cov_gene": 2.151224597029695, "r2_depth": 0.7115579468356432, "r_mono": 1.0, "cov_cell": 0.2537686407048342}, "log1pCPM": {"cov_gene": 1.8296100872586922, "r2_depth": 0.8723908072920059, "r_mono": 1.0, "cov_cell": 0.4178700424609298}, "scalelog1pCP10k": {"cov_gene": 1.3573152810836788e-13, "r2_depth": 0.681305568634146, "r_mono": 0.2830957045389623, "cov_cell": null}, "sctransform": {"cov_gene": 0.5496981602183542, "r2_depth": 0.4554532706749521, "r_mono": 0.21639791013318108, "cov_cell": null}, "log1pPF": {"cov_gene": 2.8636248738747834, "r2_depth": 0.5219812924238737, "r_mono": 1.0, "cov_cell": 0.1451224099110726}, "PFlog1pPF": {"cov_gene": 3.0359130568896946, "r2_depth": 0, "r_mono": 1.0, "cov_cell": 8.431444979704679e-15}, "ncells": 9582, "ngenes": 23253, "avg_per_cell": 1783.77, "avg_per_gene": 735.05, "min_cell": 382.0, "max_cell": 36321.0, "overdispersion": 0.62, "total_count": 17092064, "nvals": 7593020, "sparsity": 0.03407841486786923}