{"ncells": 3245, "ngenes": 60623, "nvals": 10875436, "avg_per_cell": 19257.718644067798, "avg_per_gene": 1030.8182867888424, "min_cell": 3069, "max_cell": 68466, "total_count": 62491297, "overdispersion": 1.249574880706628, "raw": {"cov_gene": 133.31456192836296, "cov_cell": 0.5999726915634959, "r2_depth": 1.0, "r_mono": 1}, "PF": {"cov_gene": 169.5970051632211, "cov_cell": 3.0496726701992974e-14, "r2_depth": 0, "r_mono": 1}, "log1p": {"cov_gene": 3.5280677794055744, "cov_cell": 0.4939119578627209, "r2_depth": 0.8444936539746852, "r_mono": 1}, "log1pPF": {"cov_gene": 3.141839244430868, "cov_cell": 0.2595176579526629, "r2_depth": 0.26729780413419435, "r_mono": 1}, "PFlog1pPF": {"cov_gene": 7.281469097077339, "cov_cell": 3.196171488107616e-14, "r2_depth": 0, "r_mono": 1}, "log1pCPM": {"cov_gene": 2.188900366853093, "cov_cell": 0.3468282195159793, "r2_depth": 0.6380415933058987, "r_mono": 1}, "log1pCP10k": {"cov_gene": 3.9676713158042594, "cov_cell": 0.24794167857327878, "r2_depth": 0.1808923238012542, "r_mono": 1}, "sqrt": {"cov_gene": 22.230188270444764, "cov_cell": 0.49668136864104007, "r2_depth": 0.8669171252199814, "r_mono": 1}, "density": 0.05528337541521552}