{"raw": {"cov_gene": 89.28714033423735, "r2_depth": 1.0, "r_mono": 1.0}, "PF": {"cov_gene": 113.5769425237938, "r2_depth": 0, "r_mono": 1.0}, "sqrt": {"cov_gene": 14.881305019223182, "r2_depth": 0.8669648906143022, "r_mono": 1.0}, "log1p": {"cov_gene": 2.2460471755410625, "r2_depth": 0.8445287535611721, "r_mono": 1.0}, "log1pCP10k": {"cov_gene": 2.5547066550917585, "r2_depth": 0.1815928580382642, "r_mono": 1.0}, "log1pCPM": {"cov_gene": 1.2688581221026722, "r2_depth": 0.6383848765747031, "r_mono": 1.0}, "scalelog1pCP10k": {"cov_gene": 4.540731066429181e-14, "r2_depth": 0.066995844186573, "r_mono": 0.44983178992976847}, "sctransform": {"cov_gene": 1.0436029842529124, "r2_depth": 0.19887513120946287, "r_mono": 0.2307720678528922}, "log1pPF": {"cov_gene": 1.9726072152838168, "r2_depth": 0.2680417097922426, "r_mono": 1.0}, "PFlog1pPF": {"cov_gene": 4.823050991261944, "r2_depth": 0, "r_mono": 1.0}}