{
  "ncells": 76,
  "ngenes": 310,
  "nvals": 4301,
  "density": 0.18255517826825127,
  "total_counts": 10548,
  "overdispersion": 0.52,
  "avg_per_cell": 138.79,
  "avg_per_gene": 34.03,
  "max_cell": 322,
  "min_cell": 40,
  "raw": {
    "cov_gene": 12.115240564959107,
    "r2_depth": 1,
    "r_mono": 1,
    "cov_cell": 0.39978683215121164
  },
  "PF": {
    "cov_gene": 6.680952339924353,
    "r2_depth": 0,
    "r_mono": 1,
    "cov_cell": 7.972841119503886e-16
  },
  "sqrt": {
    "cov_gene": 1.3208602011831545,
    "r2_depth": 0.7730858889938883,
    "r_mono": 1,
    "cov_cell": 0.2995328439893312
  },
  "log1p": {
    "cov_gene": 1.0615947462469288,
    "r2_depth": 0.7420044662942917,
    "r_mono": 1,
    "cov_cell": 0.30069283140581654
  },
  "log1pCP10k": {
    "cov_gene": 0.5910379026004745,
    "r2_depth": 0.46935325338318745,
    "r_mono": 1,
    "cov_cell": 0.2197294517928279
  },
  "log1pCPM": {
    "cov_gene": 0.5450987157836018,
    "r2_depth": 0.5425219114086535,
    "r_mono": 1,
    "cov_cell": 0.24859670989581154
  },
  "scalelog1pCP10k": {
    "cov_gene": 1.1348580978557806e-15,
    "r2_depth": 0.47093806793291937,
    "r_mono": 0.6271173325971467,
    "cov_cell": null
  },
  "sctransform": {
    "cov_gene": 0.3500093114784315,
    "r2_depth": 0.060967410038377134,
    "r_mono": 0.4789941542554855,
    "cov_cell": null
  },
  "log1pPF": {
    "cov_gene": 1.0105755611609286,
    "r2_depth": 0.0885614823153531,
    "r_mono": 1,
    "cov_cell": 0.12641384818933607
  },
  "PFlog1pPF": {
    "cov_gene": 1.1133251977942933,
    "r2_depth": 0,
    "r_mono": 1,
    "cov_cell": 7.095553649841102e-16
  }
}
