{"raw": {"cov_gene": 65.73410238542374, "r2_depth": 1.0, "r_mono": 1.0, "cov_cell": 0.6604118888553547}, "PF": {"cov_gene": 53.54716112761863, "r2_depth": 0, "r_mono": 1.0, "cov_cell": 2.6427348682576174e-15}, "sqrt": {"cov_gene": 5.02469921890608, "r2_depth": 0.951682637169956, "r_mono": 1.0, "cov_cell": 0.5918390172951815}, "log1p": {"cov_gene": 3.837002681300755, "r2_depth": 0.9481125362931865, "r_mono": 1.0, "cov_cell": 0.5935166795144241}, "log1pCP10k": {"cov_gene": 1.741070717324462, "r2_depth": 0.8263441515391778, "r_mono": 1.0, "cov_cell": 0.37878696193941835}, "log1pCPM": {"cov_gene": 1.533265015466275, "r2_depth": 0.8995684142063861, "r_mono": 1.0, "cov_cell": 0.48253155745631876}, "scalelog1pCP10k": {"cov_gene": 2.016617847336779e-14, "r2_depth": 0.7959917309656455, "r_mono": 0.2231397571337656, "cov_cell": null}, "sctransform": {"cov_gene": 0.47490754808511504, "r2_depth": 0.13433386445640105, "r_mono": 0.1987029540819434, "cov_cell": null}, "log1pPF": {"cov_gene": 3.494974120418534, "r2_depth": 0.424429208808763, "r_mono": 1.0, "cov_cell": 0.1839650710388211}, "PFlog1pPF": {"cov_gene": 26.24229918851358, "r2_depth": 0, "r_mono": 1.0, "cov_cell": 2.537890887745896e-15}, "ncells": 1322, "ngenes": 11808, "avg_per_cell": 347.61, "avg_per_gene": 38.92, "min_cell": 2.0, "max_cell": 2161.0, "overdispersion": 2.28, "total_count": 459539, "nvals": 291440, "sparsity": 0.018669872780422207}