{
    "raw": {
        "cov_gene": 39.06462738137862,
        "r2_depth": 1.0,
        "r_mono": 1.0
    },
    "PF": {
        "cov_gene": 58.754580588952884,
        "r2_depth": 0,
        "r_mono": 1.0
    },
    "sqrt": {
        "cov_gene": 5.900079080920875,
        "r2_depth": 0.8787701015325926,
        "r_mono": 1.0
    },
    "log1p": {
        "cov_gene": 3.414446516295329,
        "r2_depth": 0.861125334086493,
        "r_mono": 1.0
    },
    "log1pCP10k": {
        "cov_gene": 2.289671730491349,
        "r2_depth": 0.3382254213005046,
        "r_mono": 1.0
    },
    "log1pCPM": {
        "cov_gene": 1.732302266641015,
        "r2_depth": 0.6214080658320523,
        "r_mono": 1.0
    },
    "scalelog1pCP10k": {
        "cov_gene": 1.2196177726530146e-13,
        "r2_depth": 0.3216765570462441,
        "r_mono": 0.2820753765006564
    },
    "sctransform": {
        "cov_gene": 0.8621566150085044,
        "r2_depth": 0.3673793720493166,
        "r_mono": 0.2108557949111181
    },
    "log1pPF": {
        "cov_gene": 3.1027485910411574,
        "r2_depth": 0.22699341207020707,
        "r_mono": 1.0
    },
    "PFlog1pPF": {
        "cov_gene": 3.5668935340900414,
        "r2_depth": 0,
        "r_mono": 1.0
    },
    "ncells": 8509,
    "ngenes": 23908,
    "avg_per_cell": 2159.41,
    "avg_per_gene": 768.55,
    "min_cell": 276.0,
    "max_cell": 84371.0,
    "overdispersion": 1.62
}