{"ncells": 8509, "ngenes": 60623, "nvals": 7093949, "avg_per_cell": 2161.343636149959, "avg_per_gene": 303.3646140903617, "min_cell": 276, "max_cell": 84412, "total_count": 18390873, "overdispersion": 1.6185837313153493, "raw": {"cov_gene": 62.21676057684709, "cov_cell": 1.644987565065265, "r2_depth": 1.0, "r_mono": 1}, "PF": {"cov_gene": 93.49116408054587, "cov_cell": 1.0526097302953171e-14, "r2_depth": 0, "r_mono": 1}, "log1p": {"cov_gene": 5.56809270064058, "cov_cell": 0.942030530490598, "r2_depth": 0.8614177956026999, "r_mono": 1}, "log1pPF": {"cov_gene": 5.085373843465216, "cov_cell": 0.24596904449039492, "r2_depth": 0.22698245184062915, "r_mono": 1}, "PFlog1pPF": {"cov_gene": 5.806450873202956, "cov_cell": 1.0711331301999296e-14, "r2_depth": 0, "r_mono": 1}, "log1pCPM": {"cov_gene": 3.015590305503731, "cov_cell": 0.6160401201719987, "r2_depth": 0.6219697423440604, "r_mono": 1}, "log1pCP10k": {"cov_gene": 3.842973149587291, "cov_cell": 0.37703159681938075, "r2_depth": 0.33825806587164686, "r_mono": 1}, "sqrt": {"cov_gene": 9.463229894549325, "cov_cell": 0.9641414641992824, "r2_depth": 0.8790089719531129, "r_mono": 1}, "density": 0.013752197922450566}