{
  "ncells": 7041,
  "ngenes": 28004,
  "nvals": 17527387,
  "density": 0.08889201739415115,
  "total_counts": 92888279,
  "overdispersion": 3.4741318621580595,
  "avg_per_cell": 13192.483880130663,
  "avg_per_gene": 3316.964683616626,
  "max_cell": 82425,
  "min_cell": 281,
  "raw": {
    "cov_gene": 69.85186923066112,
    "cov_cell": 1.0641050984827205,
    "r2_depth": 1,
    "r_mono": 1
  },
  "PF": {
    "cov_gene": 78.2627949690197,
    "cov_cell": 3.015837385285511e-14,
    "r2_depth": 0,
    "r_mono": 1
  },
  "sqrt": {
    "cov_gene": 9.924954611727902,
    "cov_cell": 0.8383552030152757,
    "r2_depth": 0.9251915039497768,
    "r_mono": 1
  },
  "log1p": {
    "cov_gene": 2.821433755105115,
    "cov_cell": 0.8278663132839542,
    "r2_depth": 0.9104175359676928,
    "r_mono": 1
  },
  "log1pCP10k": {
    "cov_gene": 2.6568825897978985,
    "cov_cell": 0.42407686158537206,
    "r2_depth": 0.34778692876792816,
    "r_mono": 1
  },
  "log1pCPM": {
    "cov_gene": 1.4695460280521815,
    "cov_cell": 0.611807024258258,
    "r2_depth": 0.7190965924199177,
    "r_mono": 1
  },
  "scalelog1pCP10k": {
    "cov_gene": 1.0085180012262131e-13,
    "cov_cell": null,
    "r2_depth": 0.26921085989793836,
    "r_mono": 0.3992299081957164
  },
  "sctransform": {
    "cov_gene": 4.545984858398476,
    "cov_cell": null,
    "r2_depth": 0.47172487985340605,
    "r_mono": 0.18607967915173207
  },
  "log1pPF": {
    "cov_gene": 2.4597973580139105,
    "cov_cell": 0.43958013901289195,
    "r2_depth": 0.3796101684727069,
    "r_mono": 1
  },
  "PFlog1pPF": {
    "cov_gene": 8.25986694252659,
    "cov_cell": 2.2077806599314678e-14,
    "r2_depth": 0,
    "r_mono": 1
  }
}
