{
    "raw": {
        "cov_gene": 45.984929706255095,
        "r2_depth": 1.0,
        "r_mono": 1.0
    },
    "PF": {
        "cov_gene": 80.72927858773414,
        "r2_depth": 0,
        "r_mono": 1.0
    },
    "sqrt": {
        "cov_gene": 6.146308880764351,
        "r2_depth": 0.940446168171548,
        "r_mono": 1.0
    },
    "log1p": {
        "cov_gene": 3.1828274426861345,
        "r2_depth": 0.932597175425371,
        "r_mono": 1.0
    },
    "log1pCP10k": {
        "cov_gene": 2.3588180451744485,
        "r2_depth": 0.39914757231020614,
        "r_mono": 1.0
    },
    "log1pCPM": {
        "cov_gene": 1.6077859963205017,
        "r2_depth": 0.7433039653392506,
        "r_mono": 1.0
    },
    "scalelog1pCP10k": {
        "cov_gene": 1.1985747824682213e-13,
        "r2_depth": 0.3980197779976068,
        "r_mono": 0.3390217911143523
    },
    "sctransform": {
        "cov_gene": 0.9257594551994177,
        "r2_depth": 0.6583949039166608,
        "r_mono": 0.20624894596081034
    },
    "log1pPF": {
        "cov_gene": 2.710337096745008,
        "r2_depth": 0.327603439494893,
        "r_mono": 1.0
    },
    "PFlog1pPF": {
        "cov_gene": 6.241493726133366,
        "r2_depth": 0,
        "r_mono": 1.0
    },
    "ncells": "8181",
    "ngenes": 29191,
    "avg_per_cell": "5260.89",
    "avg_per_gene": "1474.4",
    "min_cell": "118",
    "max_cell": "73987",
    "overdispersion": "0.98"
}