{
  "ncells": 14992,
  "ngenes": 60623,
  "nvals": 21216502,
  "density": 0.023344081185765357,
  "total_counts": 58988833,
  "overdispersion": 1.6481261287972366,
  "avg_per_cell": 3934.6873665955177,
  "avg_per_gene": 973.0437787638355,
  "max_cell": 44131,
  "min_cell": 209,
  "raw": {
    "cov_gene": 98.1900855054065,
    "cov_cell": 0.7685568333756966,
    "r2_depth": 1,
    "r_mono": 1
  },
  "PF": {
    "cov_gene": 103.45451585669153,
    "cov_cell": 1.8741639319160178e-14,
    "r2_depth": 0,
    "r_mono": 1
  },
  "sqrt": {
    "cov_gene": 7.3376529727544515,
    "cov_cell": 0.6105492735217999,
    "r2_depth": 0.948138789023748,
    "r_mono": 1
  },
  "log1p": {
    "cov_gene": 4.424802480039671,
    "cov_cell": 0.609376517293735,
    "r2_depth": 0.9427926321977941,
    "r_mono": 1
  },
  "log1pCP10k": {
    "cov_gene": 3.401940756265686,
    "cov_cell": 0.30994278334235625,
    "r2_depth": 0.5894902729965972,
    "r_mono": 1
  },
  "log1pCPM": {
    "cov_gene": 2.73175668551191,
    "cov_cell": 0.4582768439393527,
    "r2_depth": 0.8308625110506622,
    "r_mono": 1
  },
  "log1pPF": {
    "cov_gene": 4.09099154064669,
    "cov_cell": 0.25827342927004376,
    "r2_depth": 0.4763026798844755,
    "r_mono": 1
  },
  "PFlog1pPF": {
    "cov_gene": 7.623714426332412,
    "cov_cell": 1.3991109339740845e-14,
    "r2_depth": 0,
    "r_mono": 1
  }
}
