{
  "ncells": 904,
  "ngenes": 18304,
  "nvals": 1305896,
  "density": 0.07892128612537905,
  "total_counts": 3348308,
  "overdispersion": 0.06,
  "avg_per_cell": 3703.88,
  "avg_per_gene": 182.93,
  "max_cell": 13035,
  "min_cell": 2402,
  "raw": {
    "cov_gene": 55.40016713360037,
    "r2_depth": 1,
    "r_mono": 1,
    "cov_cell": 0.21231881899211533
  },
  "PF": {
    "cov_gene": 60.56518349314864,
    "r2_depth": 0,
    "r_mono": 1,
    "cov_cell": 1.91443973839849e-14
  },
  "sqrt": {
    "cov_gene": 1.6045102459403182,
    "r2_depth": 0.8832966177129822,
    "r_mono": 1,
    "cov_cell": 0.16376670984551314
  },
  "log1p": {
    "cov_gene": 1.5461958460490917,
    "r2_depth": 0.8628464413501854,
    "r_mono": 1,
    "cov_cell": 0.16263301772371838
  },
  "log1pCP10k": {
    "cov_gene": 1.3169344878814095,
    "r2_depth": 0.3601462443091039,
    "r_mono": 1,
    "cov_cell": 0.07693019122284228
  },
  "log1pCPM": {
    "cov_gene": 1.1181021379345921,
    "r2_depth": 0.6663486321792774,
    "r_mono": 1,
    "cov_cell": 0.12269968399041259
  },
  "scalelog1pCP10k": {
    "cov_gene": 1.25078644012963e-14,
    "r2_depth": 0.3335192572645297,
    "r_mono": 0.42572724810578777,
    "cov_cell": null
  },
  "sctransform": {
    "cov_gene": 0.36886395886668727,
    "r2_depth": 0.15140653565677042,
    "r_mono": 0.34140673280573014,
    "cov_cell": null
  },
  "log1pPF": {
    "cov_gene": 1.5269637346018938,
    "r2_depth": 0.20949351732762767,
    "r_mono": 1,
    "cov_cell": 0.06177227168132585
  },
  "PFlog1pPF": {
    "cov_gene": 1.5335524692749403,
    "r2_depth": 0,
    "r_mono": 1,
    "cov_cell": 1.2634671717700772e-14
  }
}
