{"raw": {"cov_gene": 89.17428129701132, "r2_depth": 1.0, "r_mono": 1.0, "cov_cell": 1.390879680879795}, "PF": {"cov_gene": 53.10667024375503, "r2_depth": 0, "r_mono": 1.0, "cov_cell": 2.4292419563463487e-14}, "sqrt": {"cov_gene": 12.906205957011508, "r2_depth": 0.9488686880178013, "r_mono": 1.0, "cov_cell": 1.2134632960207206}, "log1p": {"cov_gene": 3.710557312183965, "r2_depth": 0.9428845787799282, "r_mono": 1.0, "cov_cell": 1.2091950448238042}, "log1pCP10k": {"cov_gene": 3.7830775256026516, "r2_depth": 0.6582602186246205, "r_mono": 1.0, "cov_cell": 0.7556314060266366}, "log1pCPM": {"cov_gene": 1.85798743517464, "r2_depth": 0.8474965259643428, "r_mono": 1.0, "cov_cell": 1.0109422591075323}, "scalelog1pCP10k": {"cov_gene": 1.0472440813829622e-13, "r2_depth": 0.6302411968017945, "r_mono": 0.3036069596908843, "cov_cell": null}, "sctransform": {"cov_gene": 1.219305951459804, "r2_depth": 0.6471081027838033, "r_mono": 0.16653852079397483, "cov_cell": null}, "log1pPF": {"cov_gene": 4.184615510078474, "r2_depth": 0.6286007473536338, "r_mono": 1.0, "cov_cell": 0.7104591054130935}, "PFlog1pPF": {"cov_gene": 8.676106450140086, "r2_depth": 0, "r_mono": 1.0, "cov_cell": 1.782060065269836e-14}, "ncells": 7037, "ngenes": 25702, "avg_per_cell": 6544.24, "avg_per_gene": 1791.76, "min_cell": 74.0, "max_cell": 64020.0, "overdispersion": 3.95, "total_count": 46051845, "nvals": 10015541, "sparsity": 0.05537579100307172}