{
  "ncells": 6259,
  "ngenes": 29621,
  "nvals": 20652761,
  "density": 0.11139698882897982,
  "total_counts": 95159279,
  "overdispersion": 0.79,
  "avg_per_cell": 15203.59,
  "avg_per_gene": 3212.56,
  "max_cell": 84645,
  "min_cell": 92,
  "raw": {
    "cov_gene": 36.92637482693764,
    "r2_depth": 1,
    "r_mono": 1,
    "cov_cell": 0.814726312903588
  },
  "PF": {
    "cov_gene": 49.6517042054696,
    "r2_depth": 0,
    "r_mono": 1,
    "cov_cell": 4.04957136836912e-14
  },
  "sqrt": {
    "cov_gene": 5.453848562141498,
    "r2_depth": 0.9482197706228711,
    "r_mono": 1,
    "cov_cell": 0.6782144854560355
  },
  "log1p": {
    "cov_gene": 2.7063210406099363,
    "r2_depth": 0.9394157255692649,
    "r_mono": 1,
    "cov_cell": 0.6730079968654871
  },
  "log1pCP10k": {
    "cov_gene": 2.8211314218558687,
    "r2_depth": 0.5532597320482919,
    "r_mono": 1,
    "cov_cell": 0.4343434261039255
  },
  "log1pCPM": {
    "cov_gene": 1.4414676278259717,
    "r2_depth": 0.7800606720560281,
    "r_mono": 1,
    "cov_cell": 0.5543697060047142
  },
  "scalelog1pCP10k": {
    "cov_gene": 8.857854651628413e-14,
    "r2_depth": 0.4960829125608607,
    "r_mono": 0.4385305744761782,
    "cov_cell": null
  },
  "sctransform": {
    "cov_gene": 0.7641291812243671,
    "r2_depth": 0.7959795134464509,
    "r_mono": 0.10849347089780713,
    "cov_cell": null
  },
  "log1pPF": {
    "cov_gene": 2.505844911137608,
    "r2_depth": 0.5800591523740619,
    "r_mono": 1,
    "cov_cell": 0.45298318690697714
  },
  "PFlog1pPF": {
    "cov_gene": 7.52697861616435,
    "r2_depth": 0,
    "r_mono": 1,
    "cov_cell": 3.075986032021109e-14
  }
}
