{"raw": {"cov_gene": 59.35996457053081, "r2_depth": 1.0, "r_mono": 1.0}, "PF": {"cov_gene": 52.51938731359479, "r2_depth": 0, "r_mono": 1.0}, "sqrt": {"cov_gene": 11.388276699701182, "r2_depth": 0.6992682385985651, "r_mono": 1.0}, "log1p": {"cov_gene": 4.145527767834031, "r2_depth": 0.6699590684697285, "r_mono": 1.0}, "log1pCP10k": {"cov_gene": 2.2713865782739595, "r2_depth": 0.3400363852715791, "r_mono": 1.0}, "log1pCPM": {"cov_gene": 1.8962199190022424, "r2_depth": 0.5478858014285333, "r_mono": 1.0}, "scalelog1pCP10k": {"cov_gene": 7.749167426033177e-14, "r2_depth": 0.34534468044597866, "r_mono": 0.2643170875490947}, "sctransform": {"cov_gene": 0.6035543525673627, "r2_depth": 0.2055011106305059, "r_mono": 0.20673571774081104}, "log1pPF": {"cov_gene": 3.7338081511901544, "r2_depth": 0.06458479734141609, "r_mono": 1.0}, "PFlog1pPF": {"cov_gene": 7.893322860706326, "r2_depth": 0, "r_mono": 1.0}}