{"raw": {"cov_gene": 42.88523988853561, "r2_depth": 1.0, "r_mono": 1.0, "cov_cell": 0.7836756784760872}, "PF": {"cov_gene": 75.6959736446477, "r2_depth": 0, "r_mono": 1.0, "cov_cell": 1.598113225073392e-14}, "sqrt": {"cov_gene": 3.2167848073965244, "r2_depth": 0.9481594044136811, "r_mono": 1.0, "cov_cell": 0.5484300959574991}, "log1p": {"cov_gene": 2.331196955708273, "r2_depth": 0.9387019626509479, "r_mono": 1.0, "cov_cell": 0.542935408825287}, "log1pCP10k": {"cov_gene": 1.7301293253656815, "r2_depth": 0.5615417209856555, "r_mono": 1.0, "cov_cell": 0.20033884469720867}, "log1pCPM": {"cov_gene": 1.4390040657853354, "r2_depth": 0.8218945353798299, "r_mono": 1.0, "cov_cell": 0.362229413707551}, "scalelog1pCP10k": {"cov_gene": 5.303915547734025e-14, "r2_depth": 0.5397478710416832, "r_mono": 0.3662014127018493, "cov_cell": null}, "sctransform": {"cov_gene": 0.4879377667352962, "r2_depth": 0.6503561385160701, "r_mono": 0.2585720215879707, "cov_cell": null}, "log1pPF": {"cov_gene": 2.084276748277738, "r2_depth": 0.3831735350251442, "r_mono": 1.0, "cov_cell": 0.1346260235363656}, "PFlog1pPF": {"cov_gene": 2.146490594876182, "r2_depth": 0, "r_mono": 1.0, "cov_cell": 1.1122518581170184e-14}, "ncells": 3743, "ngenes": 22708, "avg_per_cell": 3063.98, "avg_per_gene": 505.04, "min_cell": 554.0, "max_cell": 19806.0, "overdispersion": 0.49, "total_count": 11468468, "nvals": 4926214, "density": 0.05795815626430802}