{"ncells": 3743, "ngenes": 60623, "nvals": 4942052, "avg_per_cell": 3068.416510820198, "avg_per_gene": 189.45091796842783, "min_cell": 555, "max_cell": 19831, "total_count": 11485083, "overdispersion": 0.49217854976621705, "raw": {"cov_gene": 70.07282295371992, "cov_cell": 0.7834667499144248, "r2_depth": 1.0, "r_mono": 1}, "PF": {"cov_gene": 123.60380655853723, "cov_cell": 1.4798500960514135e-14, "r2_depth": 0, "r_mono": 1}, "log1p": {"cov_gene": 4.010924245620906, "cov_cell": 0.543200739307923, "r2_depth": 0.9388603528533855, "r_mono": 1}, "log1pPF": {"cov_gene": 3.63114422497444, "cov_cell": 0.13464634261230132, "r2_depth": 0.3836605690648145, "r_mono": 1}, "PFlog1pPF": {"cov_gene": 3.7261646463428244, "cov_cell": 1.1864604331760904e-14, "r2_depth": 0, "r_mono": 1}, "log1pCPM": {"cov_gene": 2.6703582722590946, "cov_cell": 0.3626143856345554, "r2_depth": 0.8224378386055518, "r_mono": 1}, "log1pCP10k": {"cov_gene": 3.0970424229796656, "cov_cell": 0.2003748417198951, "r2_depth": 0.5619734011117898, "r_mono": 1}, "sqrt": {"cov_gene": 5.397321301296987, "cov_cell": 0.5486893361161368, "r2_depth": 0.9482778336630308, "r_mono": 1}, "density": 0.02177960803102741}