{
    "raw": {
        "cov_gene": 42.88523988853561,
        "r2_depth": 1.0,
        "r_mono": 1.0
    },
    "PF": {
        "cov_gene": 75.6959736446477,
        "r2_depth": 0,
        "r_mono": 1.0
    },
    "sqrt": {
        "cov_gene": 3.2167848073965244,
        "r2_depth": 0.9481594044136811,
        "r_mono": 1.0
    },
    "log1p": {
        "cov_gene": 2.331196955708273,
        "r2_depth": 0.9387019626509479,
        "r_mono": 1.0
    },
    "log1pCP10k": {
        "cov_gene": 1.7301293253656815,
        "r2_depth": 0.5615417209856555,
        "r_mono": 1.0
    },
    "log1pCPM": {
        "cov_gene": 1.4390040657853354,
        "r2_depth": 0.8218945353798299,
        "r_mono": 1.0
    },
    "scalelog1pCP10k": {
        "cov_gene": 5.303915547734025e-14,
        "r2_depth": 0.5397478710416832,
        "r_mono": 0.3662014127018493
    },
    "sctransform": {
        "cov_gene": 0.4879377667352962,
        "r2_depth": 0.6503561385160701,
        "r_mono": 0.2585720215879707
    },
    "log1pPF": {
        "cov_gene": 2.084276748277738,
        "r2_depth": 0.3831735350251442,
        "r_mono": 1.0
    },
    "PFlog1pPF": {
        "cov_gene": 2.146490594876182,
        "r2_depth": 0,
        "r_mono": 1.0
    },
    "ncells": "3743",
    "ngenes": 22708,
    "avg_per_cell": "3063.98",
    "avg_per_gene": "505.04",
    "min_cell": "554",
    "max_cell": "19806",
    "overdispersion": "0.49"
}