{
    "raw": {
        "cov_gene": 107.24471475887944,
        "r2_depth": 1.0,
        "r_mono": 1.0
    },
    "PF": {
        "cov_gene": 55.382866183950554,
        "r2_depth": 0,
        "r_mono": 1.0
    },
    "sqrt": {
        "cov_gene": 4.7120874358483515,
        "r2_depth": 0.9327926705297267,
        "r_mono": 1.0
    },
    "log1p": {
        "cov_gene": 2.863474747260053,
        "r2_depth": 0.9286730755767709,
        "r_mono": 1.0
    },
    "log1pCP10k": {
        "cov_gene": 2.206836829856013,
        "r2_depth": 0.5717971317058674,
        "r_mono": 1.0
    },
    "log1pCPM": {
        "cov_gene": 1.536178453745704,
        "r2_depth": 0.8136260603512175,
        "r_mono": 1.0
    },
    "scalelog1pCP10k": {
        "cov_gene": 1.8024289048816426e-13,
        "r2_depth": 0.5730670368836088,
        "r_mono": 0.3707370908485732
    },
    "sctransform": {
        "cov_gene": 0.655015829279869,
        "r2_depth": 0.7392981539995707,
        "r_mono": 0.2118485883476157
    },
    "log1pPF": {
        "cov_gene": 2.6326980543476735,
        "r2_depth": 0.5040741413032293,
        "r_mono": 1.0
    },
    "PFlog1pPF": {
        "cov_gene": 7.130966167920418,
        "r2_depth": 0,
        "r_mono": 1.0
    },
    "ncells": 12849,
    "ngenes": 29968,
    "avg_per_cell": 4904.06,
    "avg_per_gene": 2102.65,
    "min_cell": 111.0,
    "max_cell": 81885.0,
    "overdispersion": 1.0
}