{"ncells": 2075, "ngenes": 60623, "nvals": 6287592, "avg_per_cell": 21056.528674698795, "avg_per_gene": 720.7214588522507, "min_cell": 613, "max_cell": 98825, "total_count": 43692297, "overdispersion": 2.023759543318843, "raw": {"cov_gene": 159.7785558475429, "cov_cell": 0.9909094708323033, "r2_depth": 1.0, "r_mono": 1}, "PF": {"cov_gene": 134.154590185337, "cov_cell": 3.074986551132237e-14, "r2_depth": 0, "r_mono": 1}, "log1p": {"cov_gene": 4.04290615091818, "cov_cell": 0.8169884672679256, "r2_depth": 0.9293545453695917, "r_mono": 1}, "log1pPF": {"cov_gene": 3.3909915215128446, "cov_cell": 0.41517405530606877, "r2_depth": 0.5087348167573478, "r_mono": 1}, "PFlog1pPF": {"cov_gene": 5.659026919387569, "cov_cell": 2.853691843669535e-14, "r2_depth": 0, "r_mono": 1}, "log1pCPM": {"cov_gene": 2.3674614321515897, "cov_cell": 0.5847312099641279, "r2_depth": 0.7629261348323766, "r_mono": 1}, "log1pCP10k": {"cov_gene": 4.000847073316521, "cov_cell": 0.36493424672963376, "r2_depth": 0.4270232765631288, "r_mono": 1}, "sqrt": {"cov_gene": 20.947236610387513, "cov_cell": 0.8284079610896682, "r2_depth": 0.9411255893720332, "r_mono": 1}, "density": 0.04998374906020996}