{
    "raw": {
        "cov_gene": 102.0469541472416,
        "r2_depth": 1.0,
        "r_mono": 1.0
    },
    "PF": {
        "cov_gene": 85.63679501332072,
        "r2_depth": 0,
        "r_mono": 1.0
    },
    "sqrt": {
        "cov_gene": 13.367356142364743,
        "r2_depth": 0.94129873141899,
        "r_mono": 1.0
    },
    "log1p": {
        "cov_gene": 2.46834035702847,
        "r2_depth": 0.9295368473782764,
        "r_mono": 1.0
    },
    "log1pCP10k": {
        "cov_gene": 2.4407566603017017,
        "r2_depth": 0.42826220276157356,
        "r_mono": 1.0
    },
    "log1pCPM": {
        "cov_gene": 1.3083497134431803,
        "r2_depth": 0.763683702832397,
        "r_mono": 1.0
    },
    "scalelog1pCP10k": {
        "cov_gene": 3.0426954758708813e-14,
        "r2_depth": 0.2107879200747228,
        "r_mono": 0.4425606011624709
    },
    "sctransform": {
        "cov_gene": 0.9095475964707288,
        "r2_depth": 0.4104518506513396,
        "r_mono": 0.1857788717774939
    },
    "log1pPF": {
        "cov_gene": 2.029277847178563,
        "r2_depth": 0.5099513916420648,
        "r_mono": 1.0
    },
    "PFlog1pPF": {
        "cov_gene": 3.533690544763821,
        "r2_depth": 0,
        "r_mono": 1.0
    },
    "ncells": 2075,
    "ngenes": 24730,
    "avg_per_cell": 21048.42,
    "avg_per_gene": 1766.09,
    "min_cell": 612.0,
    "max_cell": 98806.0,
    "overdispersion": 2.02
}