{
  "ncells": 8802,
  "ngenes": 24999,
  "nvals": 9077767,
  "density": 0.041254851739172954,
  "total_counts": 17586412,
  "overdispersion": 1.31,
  "avg_per_cell": 1998,
  "avg_per_gene": 703.48,
  "max_cell": 25535,
  "min_cell": 364,
  "raw": {
    "cov_gene": 54.663470043535625,
    "r2_depth": 1,
    "r_mono": 1,
    "cov_cell": 1.118105089458357
  },
  "PF": {
    "cov_gene": 46.49613726513479,
    "r2_depth": 0,
    "r_mono": 1,
    "cov_cell": 1.4599034750613744e-14
  },
  "sqrt": {
    "cov_gene": 5.726993002210254,
    "r2_depth": 0.9907500783603065,
    "r_mono": 1,
    "cov_cell": 0.9599646361635451
  },
  "log1p": {
    "cov_gene": 2.735785710081713,
    "r2_depth": 0.9918740604901584,
    "r_mono": 1,
    "cov_cell": 0.9724122331753968
  },
  "log1pCP10k": {
    "cov_gene": 1.926822648925566,
    "r2_depth": 0.8088420933618705,
    "r_mono": 1,
    "cov_cell": 0.42405678889201104
  },
  "log1pCPM": {
    "cov_gene": 1.5653323190758017,
    "r2_depth": 0.9441413054782584,
    "r_mono": 1,
    "cov_cell": 0.7092331568083434
  },
  "scalelog1pCP10k": {
    "cov_gene": 1.2621577803014434e-13,
    "r2_depth": 0.8090472491898789,
    "r_mono": 0.30856338321474147,
    "cov_cell": null
  },
  "sctransform": {
    "cov_gene": 0.3457532865996543,
    "r2_depth": 0.7147611585253103,
    "r_mono": 0.23723002925295564,
    "cov_cell": null
  },
  "log1pPF": {
    "cov_gene": 2.580675965843043,
    "r2_depth": 0.6708155284987507,
    "r_mono": 1,
    "cov_cell": 0.2476567959043147
  },
  "PFlog1pPF": {
    "cov_gene": 3.1437083341592214,
    "r2_depth": 0,
    "r_mono": 1,
    "cov_cell": 1.559049927043664e-14
  }
}
