{
  "ncells": 869,
  "ngenes": 60623,
  "nvals": 1461625,
  "density": 0.027744618796767824,
  "total_counts": 7287420,
  "overdispersion": 2.1472434899870576,
  "avg_per_cell": 8385.983889528194,
  "avg_per_gene": 120.20883163155898,
  "max_cell": 51417,
  "min_cell": 5118,
  "raw": {
    "cov_gene": 193.78789374461454,
    "cov_cell": 0.5647846850976146,
    "r2_depth": 1,
    "r_mono": 1
  },
  "PF": {
    "cov_gene": 198.43058304809506,
    "cov_cell": 1.935884257154185e-14,
    "r2_depth": 0,
    "r_mono": 1
  },
  "sqrt": {
    "cov_gene": 51.78641825952128,
    "cov_cell": 0.6228511942039714,
    "r2_depth": 0.5245899115137309,
    "r_mono": 1
  },
  "log1p": {
    "cov_gene": 5.591050214330816,
    "cov_cell": 0.6338925135341117,
    "r2_depth": 0.494332167138838,
    "r_mono": 1
  },
  "log1pCP10k": {
    "cov_gene": 5.062108941520634,
    "cov_cell": 0.4724069859428722,
    "r2_depth": 0.030710760552799088,
    "r_mono": 1
  },
  "log1pCPM": {
    "cov_gene": 2.5337325671053534,
    "cov_cell": 0.5212392384612372,
    "r2_depth": 0.2364827637137974,
    "r_mono": 1
  },
  "log1pPF": {
    "cov_gene": 5.526920680311516,
    "cov_cell": 0.4718422099594122,
    "r2_depth": 0.025986810394008297,
    "r_mono": 1
  },
  "PFlog1pPF": {
    "cov_gene": 41.81455482354984,
    "cov_cell": 1.984986653794199e-14,
    "r2_depth": 0,
    "r_mono": 1
  }
}
