{
    "raw": {
        "cov_gene": 54.88287025964442,
        "r2_depth": 1.0,
        "r_mono": 1.0
    },
    "PF": {
        "cov_gene": 75.7648701711017,
        "r2_depth": 0,
        "r_mono": 1.0
    },
    "sqrt": {
        "cov_gene": 3.1980213130185784,
        "r2_depth": 0.9639359245670498,
        "r_mono": 1.0
    },
    "log1p": {
        "cov_gene": 2.314098582645365,
        "r2_depth": 0.9587028931814293,
        "r_mono": 1.0
    },
    "log1pCP10k": {
        "cov_gene": 1.7161949074124858,
        "r2_depth": 0.6629119119963374,
        "r_mono": 1.0
    },
    "log1pCPM": {
        "cov_gene": 1.3545658023514933,
        "r2_depth": 0.8736098216965386,
        "r_mono": 1.0
    },
    "scalelog1pCP10k": {
        "cov_gene": 2.857304116642898e-14,
        "r2_depth": 0.6020629319439698,
        "r_mono": 0.3763709962333205
    },
    "sctransform": {
        "cov_gene": 0.46691505955774465,
        "r2_depth": 0.2433590353447299,
        "r_mono": 0.2861905113491507
    },
    "log1pPF": {
        "cov_gene": 2.2051771571497625,
        "r2_depth": 0.4967013033972656,
        "r_mono": 1.0
    },
    "PFlog1pPF": {
        "cov_gene": 2.2285529938587665,
        "r2_depth": 0,
        "r_mono": 1.0
    },
    "ncells": 2032,
    "ngenes": 21238,
    "avg_per_cell": 3349.96,
    "avg_per_gene": 320.52,
    "min_cell": 1289.0,
    "max_cell": 13818.0,
    "overdispersion": 0.32
}