{"ncells": 2032, "ngenes": 60623, "nvals": 2665672, "avg_per_cell": 3358.7273622047246, "avg_per_gene": 112.57994490539895, "min_cell": 1296, "max_cell": 13851, "total_count": 6824934, "overdispersion": 0.31945560113940685, "raw": {"cov_gene": 92.70328287795014, "cov_cell": 0.45024615179749206, "r2_depth": 1.0, "r_mono": 1}, "PF": {"cov_gene": 127.9039802360903, "cov_cell": 1.678324564778244e-14, "r2_depth": 0, "r_mono": 1}, "log1p": {"cov_gene": 4.115273911638624, "cov_cell": 0.3431646860028447, "r2_depth": 0.9591681356132212, "r_mono": 1}, "log1pPF": {"cov_gene": 3.9413695232732113, "cov_cell": 0.09999928032121601, "r2_depth": 0.49792062227210276, "r_mono": 1}, "PFlog1pPF": {"cov_gene": 3.9779028065171147, "cov_cell": 1.199723096570382e-14, "r2_depth": 0, "r_mono": 1}, "log1pCPM": {"cov_gene": 2.6368536759327874, "cov_cell": 0.24226478840473015, "r2_depth": 0.8749534677432802, "r_mono": 1}, "log1pCP10k": {"cov_gene": 3.1793553818507934, "cov_cell": 0.13775388063199287, "r2_depth": 0.6643129082060011, "r_mono": 1}, "sqrt": {"cov_gene": 5.538296553431603, "cov_cell": 0.34636812472684103, "r2_depth": 0.9643305461521052, "r_mono": 1}, "density": 0.021639418318013186}