{
  "ncells": 7632,
  "ngenes": 21976,
  "nvals": 4989534,
  "density": 0.029749041550187396,
  "total_counts": 13384162,
  "overdispersion": 1.94,
  "avg_per_cell": 1753.69,
  "avg_per_gene": 609.04,
  "max_cell": 42410,
  "min_cell": 106,
  "raw": {
    "cov_gene": 27.77212640203651,
    "r2_depth": 1,
    "r_mono": 1,
    "cov_cell": 1.4079936513138307
  },
  "PF": {
    "cov_gene": 53.83991525645782,
    "r2_depth": 0,
    "r_mono": 1,
    "cov_cell": 1.0956097353248578e-14
  },
  "sqrt": {
    "cov_gene": 5.759900736359156,
    "r2_depth": 0.9634636150389663,
    "r_mono": 1,
    "cov_cell": 1.2138274277568435
  },
  "log1p": {
    "cov_gene": 4.160026983496936,
    "r2_depth": 0.960643132032628,
    "r_mono": 1,
    "cov_cell": 1.2134567583754778
  },
  "log1pCP10k": {
    "cov_gene": 2.969832801018115,
    "r2_depth": 0.7180931467901595,
    "r_mono": 1,
    "cov_cell": 0.752859923051993
  },
  "log1pCPM": {
    "cov_gene": 1.9909178577674764,
    "r2_depth": 0.8719061775115595,
    "r_mono": 1,
    "cov_cell": 0.9878421425854353
  },
  "scalelog1pCP10k": {
    "cov_gene": 1.1234431702113378e-13,
    "r2_depth": 0.7021306209936988,
    "r_mono": 0.2402135276870686,
    "cov_cell": null
  },
  "sctransform": {
    "cov_gene": 0.5841424029939809,
    "r2_depth": 0.4550987799167543,
    "r_mono": 0.1781407120868572,
    "cov_cell": null
  },
  "log1pPF": {
    "cov_gene": 4.2630336838634655,
    "r2_depth": 0.5784732777965056,
    "r_mono": 1,
    "cov_cell": 0.5607866235268549
  },
  "PFlog1pPF": {
    "cov_gene": 13.835965937473167,
    "r2_depth": 0,
    "r_mono": 1,
    "cov_cell": 9.344740684870703e-15
  }
}
