{"ncells": 6594, "ngenes": 60623, "nvals": 4786098, "avg_per_cell": 5261.050652107977, "avg_per_gene": 572.2476287877538, "min_cell": 143, "max_cell": 55816, "total_count": 34691368, "overdispersion": 1.0261637538586719, "raw": {"cov_gene": 213.21972382439722, "cov_cell": 0.9966021537868561, "r2_depth": 1.0, "r_mono": 1}, "PF": {"cov_gene": 202.57141965050937, "cov_cell": 1.3220393952096175e-14, "r2_depth": 0, "r_mono": 1}, "log1p": {"cov_gene": 7.587851954873636, "cov_cell": 1.3700126043284258, "r2_depth": 0.6761786408153778, "r_mono": 1}, "log1pPF": {"cov_gene": 7.655794597143582, "cov_cell": 0.8302672386841099, "r2_depth": 0.1400650851704367, "r_mono": 1}, "PFlog1pPF": {"cov_gene": 37.04192481974425, "cov_cell": 9.976371387632863e-15, "r2_depth": 0, "r_mono": 1}, "log1pCPM": {"cov_gene": 3.448559120042706, "cov_cell": 1.0751351487406973, "r2_depth": 0.5035796521075396, "r_mono": 1}, "log1pCP10k": {"cov_gene": 6.290465560475687, "cov_cell": 0.8592333523405388, "r2_depth": 0.19732948704268127, "r_mono": 1}, "sqrt": {"cov_gene": 66.82263081635327, "cov_cell": 1.3257796704308276, "r2_depth": 0.700945069439384, "r_mono": 1}, "density": 0.01197278599939779}