{
    "raw": {
        "cov_gene": 132.18695092351868,
        "r2_depth": 1.0,
        "r_mono": 1.0
    },
    "PF": {
        "cov_gene": 125.55993650637146,
        "r2_depth": 0,
        "r_mono": 1.0
    },
    "sqrt": {
        "cov_gene": 41.45865181352479,
        "r2_depth": 0.7009780601357021,
        "r_mono": 1.0
    },
    "log1p": {
        "cov_gene": 4.646331360820864,
        "r2_depth": 0.6761383300907867,
        "r_mono": 1.0
    },
    "log1pCP10k": {
        "cov_gene": 3.829275096120856,
        "r2_depth": 0.19747863926303655,
        "r_mono": 1.0
    },
    "log1pCPM": {
        "cov_gene": 1.9975236967086127,
        "r2_depth": 0.5035887041225615,
        "r_mono": 1.0
    },
    "scalelog1pCP10k": {
        "cov_gene": 9.766923029840045e-14,
        "r2_depth": 0.1799396419846776,
        "r_mono": 0.23175139767115685
    },
    "sctransform": {
        "cov_gene": 0.7359725976016126,
        "r2_depth": 0.0018497370017140913,
        "r_mono": 0.18773145913496778
    },
    "log1pPF": {
        "cov_gene": 4.690970283480106,
        "r2_depth": 0.1401286538297566,
        "r_mono": 1.0
    },
    "PFlog1pPF": {
        "cov_gene": 22.957475510009917,
        "r2_depth": 0,
        "r_mono": 1.0
    },
    "ncells": "6594",
    "ngenes": 23301,
    "avg_per_cell": "5258.49",
    "avg_per_gene": "1488.11",
    "min_cell": "142",
    "max_cell": "55775",
    "overdispersion": "1.03"
}