{"raw": {"cov_gene": 64.34337573297897, "r2_depth": 1.0, "r_mono": 1.0}, "PF": {"cov_gene": 61.90620448507259, "r2_depth": 0, "r_mono": 1.0}, "sqrt": {"cov_gene": 12.034726426070062, "r2_depth": 0.8222160079702927, "r_mono": 1.0}, "log1p": {"cov_gene": 5.414669974262256, "r2_depth": 0.8048299874281448, "r_mono": 1.0}, "log1pCP10k": {"cov_gene": 2.5487237622833008, "r2_depth": 0.4590217052283416, "r_mono": 1.0}, "log1pCPM": {"cov_gene": 2.1513790616170865, "r2_depth": 0.6390974352211003, "r_mono": 1.0}, "scalelog1pCP10k": {"cov_gene": 5.1548516933916043e-14, "r2_depth": 0.5112144737773204, "r_mono": 0.1733435222552566}, "sctransform": {"cov_gene": 0.8283652834742276, "r2_depth": 0.011471275144900428, "r_mono": 0.15825600845745227}, "log1pPF": {"cov_gene": 5.616059895516683, "r2_depth": 0.10501833906049873, "r_mono": 1.0}, "PFlog1pPF": {"cov_gene": 35.14746765914818, "r2_depth": 0, "r_mono": 1.0}}