{"raw": {"cov_gene": 7.543968553589946, "r2_depth": 1.0, "r_mono": 1.0, "cov_cell": 0.6813009425383942}, "PF": {"cov_gene": 4.9235865573333255, "r2_depth": 0, "r_mono": 1.0, "cov_cell": 7.037432033746747e-16}, "sqrt": {"cov_gene": 0.9309846254665273, "r2_depth": 0.8661742037043321, "r_mono": 1.0, "cov_cell": 0.5482764707640887}, "log1p": {"cov_gene": 0.6767769972452276, "r2_depth": 0.8510573050616078, "r_mono": 1.0, "cov_cell": 0.556275808002105}, "log1pCP10k": {"cov_gene": 0.26560446262162585, "r2_depth": 0.6433895841160914, "r_mono": 1.0, "cov_cell": 0.4108517210625799}, "log1pCPM": {"cov_gene": 0.22817888229278724, "r2_depth": 0.6974151480350914, "r_mono": 1.0, "cov_cell": 0.4540003593573964}, "scalelog1pCP10k": {"cov_gene": 3.536149540922855e-16, "r2_depth": 0.6527347610259573, "r_mono": 0.7224865552721711, "cov_cell": null}, "sctransform": {"cov_gene": 0.3260172374524266, "r2_depth": 0.2149028543706969, "r_mono": 0.6007422095509841, "cov_cell": null}, "log1pPF": {"cov_gene": 0.6449976520510118, "r2_depth": 0.3491089998055581, "r_mono": 1.0, "cov_cell": 0.2403254852736393}, "PFlog1pPF": {"cov_gene": 1.241571997875015, "r2_depth": 0, "r_mono": 1.0, "cov_cell": 7.512016725657608e-16}, "ncells": 27, "ngenes": 152, "avg_per_cell": 114.3, "avg_per_gene": 20.3, "min_cell": 28.0, "max_cell": 374.0, "overdispersion": 1.05, "total_count": 3086, "nvals": 1355, "sparsity": 0.3301656920077973}