{"ncells": 77, "ngenes": 60623, "nvals": 115992, "density": 0.024848483420312595, "avg_per_cell": 5666.688311688312, "avg_per_gene": 7.197515794335483, "min_cell": 618, "max_cell": 43607, "total_count": 436335, "overdispersion": 4.239943643349941, "raw": {"cov_gene": 128.84074272361076, "cov_cell": 1.406049027464812, "r2_depth": 1, "r_mono": 1}, "PF": {"cov_gene": 125.91368588529659, "cov_cell": 2.674906108235322e-14, "r2_depth": 0, "r_mono": 1}, "log1p": {"cov_gene": 4.762133113547299, "cov_cell": 1.1869187659945934, "r2_depth": 0.9565610241085039, "r_mono": 1}, "sqrt": {"cov_gene": 16.092791904415222, "cov_cell": 1.1843331857353898, "r2_depth": 0.9604207514986574, "r_mono": 1}, "log1pPF": {"cov_gene": 5.116886628919746, "cov_cell": 0.5693386956091806, "r2_depth": 0.4060637466386692, "r_mono": 1}, "PFlog1pPF": {"cov_gene": 41.89541414070408, "cov_cell": 1.8149837107187165e-14, "r2_depth": 0, "r_mono": 1}, "log1pCPM": {"cov_gene": 2.648754884467627, "cov_cell": 0.8867232214052361, "r2_depth": 0.8135936166605847, "r_mono": 1}, "log1pCP10k": {"cov_gene": 4.386527505341713, "cov_cell": 0.6115503481089335, "r2_depth": 0.4791233311029487, "r_mono": 1}}