{
    "raw": {
        "cov_gene": 7.543968553589946,
        "r2_depth": 1.0,
        "r_mono": 1.0
    },
    "PF": {
        "cov_gene": 4.9235865573333255,
        "r2_depth": 0,
        "r_mono": 1.0
    },
    "sqrt": {
        "cov_gene": 0.9309846254665273,
        "r2_depth": 0.8661742037043321,
        "r_mono": 1.0
    },
    "log1p": {
        "cov_gene": 0.6767769972452276,
        "r2_depth": 0.8510573050616078,
        "r_mono": 1.0
    },
    "log1pCP10k": {
        "cov_gene": 0.26560446262162585,
        "r2_depth": 0.6433895841160914,
        "r_mono": 1.0
    },
    "log1pCPM": {
        "cov_gene": 0.22817888229278724,
        "r2_depth": 0.6974151480350914,
        "r_mono": 1.0
    },
    "scalelog1pCP10k": {
        "cov_gene": 3.536149540922855e-16,
        "r2_depth": 0.6527347610259573,
        "r_mono": 0.7224865552721711
    },
    "sctransform": {
        "cov_gene": 0.3260172374524266,
        "r2_depth": 0.2149028543706969,
        "r_mono": 0.6007422095509841
    },
    "log1pPF": {
        "cov_gene": 0.6449976520510118,
        "r2_depth": 0.3491089998055581,
        "r_mono": 1.0
    },
    "PFlog1pPF": {
        "cov_gene": 1.241571997875015,
        "r2_depth": 0,
        "r_mono": 1.0
    },
    "ncells": "27",
    "ngenes": 152,
    "avg_per_cell": "114.3",
    "avg_per_gene": "20.3",
    "min_cell": "28",
    "max_cell": "374",
    "overdispersion": "1.05"
}