{"ncells": 1616, "ngenes": 60623, "nvals": 5803684, "avg_per_cell": 13075.908415841584, "avg_per_gene": 348.55859987133596, "min_cell": 6256, "max_cell": 43409, "total_count": 21130668, "overdispersion": 0.4516734623989521, "raw": {"cov_gene": 90.4935071504955, "cov_cell": 0.36279820652648914, "r2_depth": 1.0, "r_mono": 1}, "PF": {"cov_gene": 115.20208473308301, "cov_cell": 3.697418780488032e-14, "r2_depth": 0, "r_mono": 1}, "log1p": {"cov_gene": 2.657122772365275, "cov_cell": 0.23708363628871376, "r2_depth": 0.9204987050592678, "r_mono": 1}, "log1pPF": {"cov_gene": 2.6175258540368933, "cov_cell": 0.06626466446427678, "r2_depth": 0.20475808473393786, "r_mono": 1}, "PFlog1pPF": {"cov_gene": 2.624843061724001, "cov_cell": 3.607702028701854e-14, "r2_depth": 0, "r_mono": 1}, "log1pCPM": {"cov_gene": 2.105248287769078, "cov_cell": 0.1426016714656197, "r2_depth": 0.7769747665745943, "r_mono": 1}, "log1pCP10k": {"cov_gene": 2.764929313421858, "cov_cell": 0.06255638555140382, "r2_depth": 0.14031037818993009, "r_mono": 1}, "sqrt": {"cov_gene": 5.775258563412476, "cov_cell": 0.24124263808337343, "r2_depth": 0.9382989766043419, "r_mono": 1}, "density": 0.0592413541702223}