{"raw": {"cov_gene": 57.66828119337505, "r2_depth": 1.0, "r_mono": 1.0}, "PF": {"cov_gene": 73.44022539577809, "r2_depth": 0, "r_mono": 1.0}, "sqrt": {"cov_gene": 3.6098200973748797, "r2_depth": 0.9380247580508116, "r_mono": 1.0}, "log1p": {"cov_gene": 1.513939080667195, "r2_depth": 0.9201277816352297, "r_mono": 1.0}, "log1pCP10k": {"cov_gene": 1.5901998919287998, "r2_depth": 0.13934181853493133, "r_mono": 1.0}, "log1pCPM": {"cov_gene": 1.107346531437189, "r2_depth": 0.7758339011086268, "r_mono": 1.0}, "scalelog1pCP10k": {"cov_gene": 2.1147683323143002e-14, "r2_depth": 0.22327777142270933, "r_mono": 0.4991049943127854}, "sctransform": {"cov_gene": 0.5373542337243763, "r2_depth": 0.3792721067088666, "r_mono": 0.2667122164660246}, "log1pPF": {"cov_gene": 1.485633777448881, "r2_depth": 0.2033246788933799, "r_mono": 1.0}, "PFlog1pPF": {"cov_gene": 1.4909413017686672, "r2_depth": 0, "r_mono": 1.0}}