{"raw": {"cov_gene": 42.686295948155944, "r2_depth": 1.0, "r_mono": 1.0}, "PF": {"cov_gene": 55.09363141946186, "r2_depth": 0, "r_mono": 1.0}, "sqrt": {"cov_gene": 4.931852567185646, "r2_depth": 0.8793713942350702, "r_mono": 1.0}, "log1p": {"cov_gene": 2.1462601421525624, "r2_depth": 0.8566340907231615, "r_mono": 1.0}, "log1pCP10k": {"cov_gene": 1.7179938822418144, "r2_depth": 0.31700683934881213, "r_mono": 1.0}, "log1pCPM": {"cov_gene": 1.3545160846092705, "r2_depth": 0.6830354101166984, "r_mono": 1.0}, "scalelog1pCP10k": {"cov_gene": 2.987977480759171e-14, "r2_depth": 0.22649471589663772, "r_mono": 0.4239278105631857}, "sctransform": {"cov_gene": 0.6760503484676952, "r2_depth": 0.23240014880896553, "r_mono": 0.2797926527167351}, "log1pPF": {"cov_gene": 2.065653250280846, "r2_depth": 0.1933800358306167, "r_mono": 1.0}, "PFlog1pPF": {"cov_gene": 2.3185234480237673, "r2_depth": 0, "r_mono": 1.0}}