{"ncells": 6684, "ngenes": 27861, "nvals": 16119432, "density": 0.08655986950349893, "avg_per_cell": 12589.20945541592, "avg_per_gene": 3020.217364775134, "min_cell": 342, "max_cell": 89159, "total_count": 84146276, "overdispersion": 3.2811364967055034, "sctransform": {"cov_gene": 3.696159170453893, "cov_cell": null, "r2_depth": 0.45758243572208146, "r_mono": 0.19728425182410048}, "scalelog1pCP10k": {"cov_gene": 9.756367031692709e-14, "cov_cell": null, "r2_depth": 0.22448715238080963, "r_mono": 0.3989688827267357}, "raw": {"cov_gene": 73.06525894788801, "cov_cell": 1.0267827910015854, "r2_depth": 1, "r_mono": 1}, "PF": {"cov_gene": 75.77870838483648, "cov_cell": 2.878208654069735e-14, "r2_depth": 0, "r_mono": 1}, "log1p": {"cov_gene": 2.8056848730198416, "cov_cell": 0.7815818977459326, "r2_depth": 0.9137993552472609, "r_mono": 1}, "sqrt": {"cov_gene": 9.637837983713816, "cov_cell": 0.7931544322373592, "r2_depth": 0.9293600227803924, "r_mono": 1}, "log1pPF": {"cov_gene": 2.2965631950091066, "cov_cell": 0.3684491129473845, "r2_depth": 0.36749945693787156, "r_mono": 1}, "PFlog1pPF": {"cov_gene": 7.241329448828573, "cov_cell": 2.1107223794786903e-14, "r2_depth": 0, "r_mono": 1}, "log1pCPM": {"cov_gene": 1.474053444228071, "cov_cell": 0.5516251023265316, "r2_depth": 0.7343033390201268, "r_mono": 1}, "log1pCP10k": {"cov_gene": 2.434998355425166, "cov_cell": 0.3558878220023061, "r2_depth": 0.33700388882552135, "r_mono": 1}}