{"raw": {"cov_gene": 42.686295948155944, "r2_depth": 1.0, "r_mono": 1.0, "cov_cell": 0.37020423111778517}, "PF": {"cov_gene": 55.09363141946186, "r2_depth": 0, "r_mono": 1.0, "cov_cell": 1.8665694028984226e-14}, "sqrt": {"cov_gene": 4.931852567185646, "r2_depth": 0.8793713942350702, "r_mono": 1.0, "cov_cell": 0.2835683772297802}, "log1p": {"cov_gene": 2.1462601421525624, "r2_depth": 0.8566340907231615, "r_mono": 1.0, "cov_cell": 0.28198054877233325}, "log1pCP10k": {"cov_gene": 1.7179938822418144, "r2_depth": 0.31700683934881213, "r_mono": 1.0, "cov_cell": 0.13041117871549882}, "log1pCPM": {"cov_gene": 1.3545160846092705, "r2_depth": 0.6830354101166984, "r_mono": 1.0, "cov_cell": 0.20518826733178827}, "scalelog1pCP10k": {"cov_gene": 2.987977480759171e-14, "r2_depth": 0.22649471589663772, "r_mono": 0.4239278105631857, "cov_cell": null}, "sctransform": {"cov_gene": 0.6760503484676952, "r2_depth": 0.23240014880896553, "r_mono": 0.2797926527167351, "cov_cell": null}, "log1pPF": {"cov_gene": 2.065653250280846, "r2_depth": 0.1933800358306167, "r_mono": 1.0, "cov_cell": 0.1151691878056498}, "PFlog1pPF": {"cov_gene": 2.3185234480237673, "r2_depth": 0, "r_mono": 1.0, "cov_cell": 1.2918187718955035e-14}, "ncells": 2155, "ngenes": 18815, "avg_per_cell": 4893.8, "avg_per_gene": 560.52, "min_cell": 2324.0, "max_cell": 17022.0, "overdispersion": 1.25, "total_count": 10546143, "nvals": 3442449, "sparsity": 0.08490162795271829}