{"ncells": 6684, "ngenes": 60623, "nvals": 16135583, "density": 0.03982087477824634, "avg_per_cell": 12591.689108318373, "avg_per_gene": 1388.298995430777, "min_cell": 343, "max_cell": 89165, "total_count": 84162850, "overdispersion": 3.2811364967765644, "log1pCP10k": {"cov_gene": 3.7488797340128053, "cov_cell": 0.35586385885078575, "r2_depth": 0.3366417961041548, "r_mono": 1}, "log1p": {"cov_gene": 4.275989084234155, "cov_cell": 0.781498801319909, "r2_depth": 0.9137913786397547, "r_mono": 1}, "PF": {"cov_gene": 111.80152012563404, "cov_cell": 2.879886603521418e-14, "r2_depth": 0, "r_mono": 1}, "log1pCPM": {"cov_gene": 2.4260613601040624, "cov_cell": 0.5515967447745307, "r2_depth": 0.7342095417773433, "r_mono": 1}, "PFlog1pPF": {"cov_gene": 10.733759462628798, "cov_cell": 2.1198644681354283e-14, "r2_depth": 0, "r_mono": 1}, "log1pPF": {"cov_gene": 3.5536678072175767, "cov_cell": 0.368432675944236, "r2_depth": 0.36716668572279054, "r_mono": 1}, "raw": {"cov_gene": 107.78359900126391, "cov_cell": 1.026696593812576, "r2_depth": 1, "r_mono": 1}, "sqrt": {"cov_gene": 14.252481695146415, "cov_cell": 0.7930626533073747, "r2_depth": 0.9293459485472444, "r_mono": 1}}