{"raw": {"cov_gene": 73.04532874384407, "r2_depth": 1.0, "r_mono": 1.0, "cov_cell": 0.6626862593915201}, "PF": {"cov_gene": 59.32476107972759, "r2_depth": 0, "r_mono": 1.0, "cov_cell": 3.0199928864905904e-15}, "sqrt": {"cov_gene": 7.348941160358137, "r2_depth": 0.892409778685387, "r_mono": 1.0, "cov_cell": 0.6085332674625668}, "log1p": {"cov_gene": 4.367499252156718, "r2_depth": 0.8837325415895922, "r_mono": 1.0, "cov_cell": 0.6102248152690346}, "log1pCP10k": {"cov_gene": 1.9980753373129747, "r2_depth": 0.7313627444529375, "r_mono": 1.0, "cov_cell": 0.41677107432512606}, "log1pCPM": {"cov_gene": 1.7284178137130533, "r2_depth": 0.8226242061877066, "r_mono": 1.0, "cov_cell": 0.5154202720623797}, "scalelog1pCP10k": {"cov_gene": 2.9392907300799184e-14, "r2_depth": 0.7193230854537221, "r_mono": 0.20989398194763864, "cov_cell": null}, "sctransform": {"cov_gene": 0.43005318518400565, "r2_depth": 0.031604466117564955, "r_mono": 0.18790654162018666, "cov_cell": null}, "log1pPF": {"cov_gene": 4.25466454777697, "r2_depth": 0.3233420466277025, "r_mono": 1.0, "cov_cell": 0.23882907160022127}, "PFlog1pPF": {"cov_gene": 47.912170597823284, "r2_depth": 0, "r_mono": 1.0, "cov_cell": 2.3490221257912642e-15}, "ncells": 1925, "ngenes": 12488, "avg_per_cell": 366.57, "avg_per_gene": 56.51, "min_cell": 1.0, "max_cell": 2270.0, "overdispersion": 2.44, "total_count": 705640, "nvals": 404690, "density": 0.016834446783197583}