{"ncells": 1925, "ngenes": 60623, "nvals": 425623, "avg_per_cell": 377.59116883116883, "avg_per_gene": 11.989888326212823, "min_cell": 1, "max_cell": 2326, "total_count": 726863, "overdispersion": 2.441811943946093, "raw": {"cov_gene": 160.71728651405246, "cov_cell": 0.6601604967935418, "r2_depth": 1.0, "r_mono": 1}, "PF": {"cov_gene": 131.01099079133883, "cov_cell": 4.07878223743152e-15, "r2_depth": 0, "r_mono": 1}, "log1p": {"cov_gene": 9.4088046242666, "cov_cell": 0.6095969524279362, "r2_depth": 0.8901856017162961, "r_mono": 1}, "log1pPF": {"cov_gene": 9.179745449357132, "cov_cell": 0.23786701027239898, "r2_depth": 0.3336526226182246, "r_mono": 1}, "PFlog1pPF": {"cov_gene": 107.11835024622775, "cov_cell": 3.0307923826130245e-15, "r2_depth": 0, "r_mono": 1}, "log1pCPM": {"cov_gene": 4.043958399812743, "cov_cell": 0.5152252375242068, "r2_depth": 0.8314511457085627, "r_mono": 1}, "log1pCP10k": {"cov_gene": 4.570480806034129, "cov_cell": 0.4156388329879495, "r2_depth": 0.7404181748074796, "r_mono": 1}, "sqrt": {"cov_gene": 15.637818525056375, "cov_cell": 0.608028078843634, "r2_depth": 0.8982641511775868, "r_mono": 1}, "density": 0.0036471777566741523}