{
  "ncells": 3963,
  "ngenes": 28239,
  "nvals": 7735368,
  "density": 0.06912061502500595,
  "total_counts": 23579386,
  "overdispersion": 0.5201414743042071,
  "avg_per_cell": 5949.882916982085,
  "avg_per_gene": 834.9936612486277,
  "max_cell": 57254,
  "min_cell": 3337,
  "raw": {
    "cov_gene": 27.54848557195998,
    "cov_cell": 0.5215911205778081,
    "r2_depth": 1,
    "r_mono": 1
  },
  "PF": {
    "cov_gene": 28.60494995219372,
    "cov_cell": 2.1684844452594818e-14,
    "r2_depth": 0,
    "r_mono": 1
  },
  "sqrt": {
    "cov_gene": 4.0278489543379985,
    "cov_cell": 0.3754302735988843,
    "r2_depth": 0.9406190192021369,
    "r_mono": 1
  },
  "log1p": {
    "cov_gene": 2.509412476160039,
    "cov_cell": 0.3739865895475914,
    "r2_depth": 0.9311833880279875,
    "r_mono": 1
  },
  "log1pCP10k": {
    "cov_gene": 2.0831665058299396,
    "cov_cell": 0.130319235169952,
    "r2_depth": 0.4791748581448222,
    "r_mono": 1
  },
  "log1pCPM": {
    "cov_gene": 1.559523835045184,
    "cov_cell": 0.24726190431035577,
    "r2_depth": 0.7879279228794442,
    "r_mono": 1
  },
  "log1pPF": {
    "cov_gene": 2.398158565763023,
    "cov_cell": 0.11386502163994411,
    "r2_depth": 0.3972675670304654,
    "r_mono": 1
  },
  "PFlog1pPF": {
    "cov_gene": 2.354617136460467,
    "cov_cell": 2.156198315385741e-14,
    "r2_depth": 0,
    "r_mono": 1
  }
}
