{"raw": {"cov_gene": 110.38763084603004, "r2_depth": 1.0, "r_mono": 1.0, "cov_cell": 0.7750348877839962}, "PF": {"cov_gene": 75.68620964753178, "r2_depth": 0, "r_mono": 1.0, "cov_cell": 2.958750974799288e-15}, "sqrt": {"cov_gene": 14.692969664919076, "r2_depth": 0.2803917649355273, "r_mono": 1.0, "cov_cell": 0.4610303534408413}, "log1p": {"cov_gene": 3.238851074530308, "r2_depth": 0.24649083912068204, "r_mono": 1.0, "cov_cell": 0.4737242102618663}, "log1pCP10k": {"cov_gene": 2.3637913677820803, "r2_depth": 0.07477415960402012, "r_mono": 1.0, "cov_cell": 0.28906214967042854}, "log1pCPM": {"cov_gene": 2.210705290467068, "r2_depth": 0.1581533870346813, "r_mono": 1.0, "cov_cell": 0.36577402741252496}, "scalelog1pCP10k": {"cov_gene": 8.921552548689519e-14, "r2_depth": 0.06962758272551006, "r_mono": 0.26226748322876525, "cov_cell": null}, "sctransform": {"cov_gene": 0.5024131996940508, "r2_depth": 0.40324143510905097, "r_mono": 0.2284367951864271, "cov_cell": null}, "log1pPF": {"cov_gene": 2.993213579973061, "r2_depth": 1.1002117383362986e-05, "r_mono": 1.0, "cov_cell": 0.19629319437040316}, "PFlog1pPF": {"cov_gene": 21.11888899399253, "r2_depth": 0, "r_mono": 1.0, "cov_cell": 3.3689890105618923e-15}, "ncells": 6090, "ngenes": 13717, "avg_per_cell": 835.74, "avg_per_gene": 371.05, "min_cell": 326.0, "max_cell": 9319.0, "overdispersion": 1.01, "total_count": 5089666, "nvals": 2181261, "sparsity": 0.026111462853436695}