{
    "raw": {
        "cov_gene": 29.177191228650777,
        "r2_depth": 1.0,
        "r_mono": 1.0
    },
    "PF": {
        "cov_gene": 38.99337794152503,
        "r2_depth": 0,
        "r_mono": 1.0
    },
    "sqrt": {
        "cov_gene": 2.532888576226201,
        "r2_depth": 0.9580564090079702,
        "r_mono": 1.0
    },
    "log1p": {
        "cov_gene": 1.911682245211828,
        "r2_depth": 0.9492169800057225,
        "r_mono": 1.0
    },
    "log1pCP10k": {
        "cov_gene": 1.6554014480132984,
        "r2_depth": 0.5899655570184106,
        "r_mono": 1.0
    },
    "log1pCPM": {
        "cov_gene": 1.281027138955765,
        "r2_depth": 0.8561360805909132,
        "r_mono": 1.0
    },
    "scalelog1pCP10k": {
        "cov_gene": 2.339749299980022e-14,
        "r2_depth": 0.55554422740463,
        "r_mono": 0.4076586556482577
    },
    "sctransform": {
        "cov_gene": 0.481199350535693,
        "r2_depth": 0.005645029936657275,
        "r_mono": 0.2957439255501194
    },
    "log1pPF": {
        "cov_gene": 1.8852181297958903,
        "r2_depth": 0.48060494648370156,
        "r_mono": 1.0
    },
    "PFlog1pPF": {
        "cov_gene": 1.9348012882736103,
        "r2_depth": 0,
        "r_mono": 1.0
    },
    "ncells": "1662",
    "ngenes": 21796,
    "avg_per_cell": "5147.0",
    "avg_per_gene": "392.47",
    "min_cell": "2455",
    "max_cell": "25257",
    "overdispersion": "0.38"
}