{"ncells": 1662, "ngenes": 60623, "nvals": 2815939, "avg_per_cell": 5158.086642599278, "avg_per_gene": 141.41068571334313, "min_cell": 2460, "max_cell": 25330, "total_count": 8572740, "overdispersion": 0.37680767752454164, "raw": {"cov_gene": 48.66332244559824, "cov_cell": 0.4786807135263092, "r2_depth": 1.0, "r_mono": 1}, "PF": {"cov_gene": 64.98573724723158, "cov_cell": 1.65099830049926e-14, "r2_depth": 0, "r_mono": 1}, "log1p": {"cov_gene": 3.4359098221852378, "cov_cell": 0.3784663399036292, "r2_depth": 0.9494597595769413, "r_mono": 1}, "log1pPF": {"cov_gene": 3.3955581033394497, "cov_cell": 0.1164362596339637, "r2_depth": 0.4823435207044495, "r_mono": 1}, "PFlog1pPF": {"cov_gene": 3.472763451887503, "cov_cell": 1.7642235981501987e-14, "r2_depth": 0, "r_mono": 1}, "log1pCPM": {"cov_gene": 2.4952099982258575, "cov_cell": 0.26782216717737983, "r2_depth": 0.8572987602854394, "r_mono": 1}, "log1pCP10k": {"cov_gene": 3.046603754140549, "cov_cell": 0.14057910851487465, "r2_depth": 0.5913852095460042, "r_mono": 1}, "sqrt": {"cov_gene": 4.403922935649822, "cov_cell": 0.3818253792987215, "r2_depth": 0.9582152552070499, "r_mono": 1}, "density": 0.02794826156558556}