{"raw": {"cov_gene": 15.367663017258721, "r2_depth": 1.0, "r_mono": 1.0, "cov_cell": 0.2122405104388621}, "PF": {"cov_gene": 6.8583226440352165, "r2_depth": 0, "r_mono": 1.0, "cov_cell": 1.3256045122746345e-13}, "sqrt": {"cov_gene": 0.6356170641955922, "r2_depth": 0.9871708859296929, "r_mono": 1.0, "cov_cell": 0.15233756482885993}, "log1p": {"cov_gene": 0.658166916113261, "r2_depth": 0.9854252158533693, "r_mono": 1.0, "cov_cell": 0.152674399694018}, "log1pCP10k": {"cov_gene": 0.8330811019639723, "r2_depth": 0.6718207817790975, "r_mono": 1.0, "cov_cell": 0.021809077843783747}, "log1pCPM": {"cov_gene": 0.5676669518881852, "r2_depth": 0.9219708579876953, "r_mono": 1.0, "cov_cell": 0.08087787498775784}, "scalelog1pCP10k": {"cov_gene": 9.180146521953834e-15, "r2_depth": 0.5751280548676578, "r_mono": 0.6489734060169927, "cov_cell": null}, "sctransform": {"cov_gene": 0.5081836578051163, "r2_depth": 0.9528693960021157, "r_mono": -0.06753429100935471, "cov_cell": null}, "log1pPF": {"cov_gene": 0.6607377541299725, "r2_depth": 0.8018524016387999, "r_mono": 1.0, "cov_cell": 0.037673215621482514}, "PFlog1pPF": {"cov_gene": 0.6600467031653435, "r2_depth": 0, "r_mono": 1.0, "cov_cell": 9.961289500958068e-14}, "ncells": 953, "ngenes": 25025, "avg_per_cell": 32489.5, "avg_per_gene": 1237.26, "min_cell": 12721.0, "max_cell": 73808.0, "overdispersion": 0.04, "total_count": 30962489, "nvals": 9261429, "density": 0.388339006219384}