{"ncells": 953, "ngenes": 25435, "nvals": 9262087, "avg_per_cell": 32490.187827911857, "avg_per_gene": 1217.3441714173382, "min_cell": 12721, "max_cell": 73810, "total_count": 30963149, "overdispersion": 0.04279420008690358, "raw": {"cov_gene": 15.4934218201445, "cov_cell": 0.21224025542528038, "r2_depth": 1.0, "r_mono": 1}, "PF": {"cov_gene": 6.915335058770439, "cov_cell": 9.371221874480264e-14, "r2_depth": 0, "r_mono": 1}, "log1p": {"cov_gene": 0.675568811492689, "cov_cell": 0.1526768504530526, "r2_depth": 0.98542367214094, "r_mono": 1}, "log1pPF": {"cov_gene": 0.6781076820034853, "cov_cell": 0.037674398494984135, "r2_depth": 0.80183374257271, "r_mono": 1}, "PFlog1pPF": {"cov_gene": 0.6774242516157003, "cov_cell": 7.049231122714801e-14, "r2_depth": 0, "r_mono": 1}, "log1pCPM": {"cov_gene": 0.5860728104113248, "cov_cell": 0.08088205150203788, "r2_depth": 0.9219665331488934, "r_mono": 1}, "log1pCP10k": {"cov_gene": 0.849447115405459, "cov_cell": 0.021809323317812577, "r2_depth": 0.6717809735145086, "r_mono": 1}, "sqrt": {"cov_gene": 0.6532250355060476, "cov_cell": 0.15234015640150347, "r2_depth": 0.9871693083271804, "r_mono": 1}, "density": 0.3821063134203578}