{"raw": {"cov_gene": 15.367663017258721, "r2_depth": 1.0, "r_mono": 1.0}, "PF": {"cov_gene": 6.8583226440352165, "r2_depth": 0, "r_mono": 1.0}, "sqrt": {"cov_gene": 0.6356170641955922, "r2_depth": 0.9871708859296929, "r_mono": 1.0}, "log1p": {"cov_gene": 0.658166916113261, "r2_depth": 0.9854252158533693, "r_mono": 1.0}, "log1pCP10k": {"cov_gene": 0.8330811019639723, "r2_depth": 0.6718207817790975, "r_mono": 1.0}, "log1pCPM": {"cov_gene": 0.5676669518881852, "r2_depth": 0.9219708579876953, "r_mono": 1.0}, "scalelog1pCP10k": {"cov_gene": 9.180146521953834e-15, "r2_depth": 0.5751280548676578, "r_mono": 0.6489734060169927}, "sctransform": {"cov_gene": 0.5081836578051163, "r2_depth": 0.9528693960021157, "r_mono": -0.06753429100935471}, "log1pPF": {"cov_gene": 0.6607377541299725, "r2_depth": 0.8018524016387999, "r_mono": 1.0}, "PFlog1pPF": {"cov_gene": 0.6600467031653435, "r2_depth": 0, "r_mono": 1.0}}