{
  "ncells": 6473,
  "ngenes": 60623,
  "nvals": 14110039,
  "density": 0.03595714347445945,
  "total_counts": 51327746,
  "overdispersion": 0.967726716732267,
  "avg_per_cell": 7929.514290128225,
  "avg_per_gene": 846.6711644095475,
  "max_cell": 50135,
  "min_cell": 176,
  "raw": {
    "cov_gene": 38.326703453123564,
    "cov_cell": 0.8601034056629167,
    "r2_depth": 1,
    "r_mono": 1
  },
  "PF": {
    "cov_gene": 54.74399256257726,
    "cov_cell": 2.7255456338403162e-14,
    "r2_depth": 0,
    "r_mono": 1
  },
  "sqrt": {
    "cov_gene": 7.570034079219838,
    "cov_cell": 0.7107556471049031,
    "r2_depth": 0.9665317983970476,
    "r_mono": 1
  },
  "log1p": {
    "cov_gene": 4.1742260257281565,
    "cov_cell": 0.7050798840311883,
    "r2_depth": 0.9615202884527162,
    "r_mono": 1
  },
  "log1pCP10k": {
    "cov_gene": 3.641359972135627,
    "cov_cell": 0.355035067309768,
    "r2_depth": 0.5955690181430607,
    "r_mono": 1
  },
  "log1pCPM": {
    "cov_gene": 2.354641392819489,
    "cov_cell": 0.5447110463703979,
    "r2_depth": 0.8630331651094233,
    "r_mono": 1
  },
  "log1pPF": {
    "cov_gene": 3.8660685698191917,
    "cov_cell": 0.3404018563009917,
    "r2_depth": 0.5690505048864924,
    "r_mono": 1
  },
  "PFlog1pPF": {
    "cov_gene": 10.628258040922201,
    "cov_cell": 2.2656542998892e-14,
    "r2_depth": 0,
    "r_mono": 1
  }
}
