{"ncells": 3985, "ngenes": 60623, "nvals": 14334152, "avg_per_cell": 17221.8730238394, "avg_per_gene": 1132.0647938901077, "min_cell": 7266, "max_cell": 72929, "total_count": 68629164, "overdispersion": 1.1636634658451919, "raw": {"cov_gene": 76.24698047156849, "cov_cell": 0.6445797031349124, "r2_depth": 1.0, "r_mono": 1}, "PF": {"cov_gene": 85.33402540587862, "cov_cell": 3.4886891086122616e-14, "r2_depth": 0, "r_mono": 1}, "log1p": {"cov_gene": 3.0931233366520936, "cov_cell": 0.41551944371349586, "r2_depth": 0.949823643684139, "r_mono": 1}, "log1pPF": {"cov_gene": 3.029391919862475, "cov_cell": 0.10902341156391009, "r2_depth": 0.3839040291226252, "r_mono": 1}, "PFlog1pPF": {"cov_gene": 3.073104469347668, "cov_cell": 3.213512588261141e-14, "r2_depth": 0, "r_mono": 1}, "log1pCPM": {"cov_gene": 2.1978809693091628, "cov_cell": 0.22529659921337197, "r2_depth": 0.8069046471141126, "r_mono": 1}, "log1pCP10k": {"cov_gene": 3.5530543814236197, "cov_cell": 0.09624895320006618, "r2_depth": 0.2631321988350601, "r_mono": 1}, "sqrt": {"cov_gene": 7.313831663075305, "cov_cell": 0.42377808893148255, "r2_depth": 0.9608769112159392, "r_mono": 1}, "density": 0.059334359083022745}