{
    "raw": {
        "cov_gene": 51.4778843309691,
        "r2_depth": 1.0,
        "r_mono": 1.0
    },
    "PF": {
        "cov_gene": 57.60996814230889,
        "r2_depth": 0,
        "r_mono": 1.0
    },
    "sqrt": {
        "cov_gene": 4.887508409780875,
        "r2_depth": 0.9608846350202915,
        "r_mono": 1.0
    },
    "log1p": {
        "cov_gene": 1.956385281298806,
        "r2_depth": 0.9498196616205345,
        "r_mono": 1.0
    },
    "log1pCP10k": {
        "cov_gene": 2.2852964390895765,
        "r2_depth": 0.26352796655858357,
        "r_mono": 1.0
    },
    "log1pCPM": {
        "cov_gene": 1.2920752658842651,
        "r2_depth": 0.8068935577274462,
        "r_mono": 1.0
    },
    "scalelog1pCP10k": {
        "cov_gene": 5.4293939295623e-14,
        "r2_depth": 0.19989568442086014,
        "r_mono": 0.46337207077547327
    },
    "sctransform": {
        "cov_gene": 1.3758610702222216,
        "r2_depth": 0.4792710644564453,
        "r_mono": 0.2108581930806305
    },
    "log1pPF": {
        "cov_gene": 1.9107810364923765,
        "r2_depth": 0.38416775891244914,
        "r_mono": 1.0
    },
    "PFlog1pPF": {
        "cov_gene": 1.9424564218468605,
        "r2_depth": 0,
        "r_mono": 1.0
    },
    "ncells": "3985",
    "ngenes": 27632,
    "avg_per_cell": "17216.15",
    "avg_per_gene": "2482.86",
    "min_cell": "7266",
    "max_cell": "72907",
    "overdispersion": "1.16"
}