{"raw": {"cov_gene": 34.2045894057255, "r2_depth": 1.0, "r_mono": 1.0, "cov_cell": 0.6042110527964958}, "PF": {"cov_gene": 57.09600309655748, "r2_depth": 0, "r_mono": 1.0, "cov_cell": 5.7686773238621464e-15}, "sqrt": {"cov_gene": 3.872891265155364, "r2_depth": 0.9801552093985123, "r_mono": 1.0, "cov_cell": 0.5228091371466996}, "log1p": {"cov_gene": 3.9082659297654607, "r2_depth": 0.9793161160513466, "r_mono": 1.0, "cov_cell": 0.5240827060280294}, "log1pCP10k": {"cov_gene": 2.4779710152575816, "r2_depth": 0.8604012812155198, "r_mono": 1.0, "cov_cell": 0.33602761473018433}, "log1pCPM": {"cov_gene": 2.1650243320758893, "r2_depth": 0.9310718145450974, "r_mono": 1.0, "cov_cell": 0.4234930039941587}, "scalelog1pCP10k": {"cov_gene": 1.0268092714150234e-13, "r2_depth": 0.7920734149636762, "r_mono": 0.23447648043554775, "cov_cell": null}, "sctransform": {"cov_gene": 0.5035698304970117, "r2_depth": 0.27027388974695044, "r_mono": 0.17427165361714178, "cov_cell": null}, "log1pPF": {"cov_gene": 3.5760494172509523, "r2_depth": 0.6667151856875418, "r_mono": 1.0, "cov_cell": 0.20765069322089408}, "PFlog1pPF": {"cov_gene": 4.150886672914821, "r2_depth": 0, "r_mono": 1.0, "cov_cell": 4.375594200874563e-15}, "ncells": 7040, "ngenes": 19278, "avg_per_cell": 791.83, "avg_per_gene": 289.16, "min_cell": 54.0, "max_cell": 4550.0, "overdispersion": 0.31, "total_count": 5574465, "nvals": 2904920, "density": 0.021404226673834518}