{"ncells": 12259, "ngenes": 60623, "nvals": 25647743, "avg_per_cell": 6545.600212089077, "avg_per_gene": 1323.6315094930967, "min_cell": 372, "max_cell": 35045, "total_count": 80242513, "overdispersion": 2.5853195850025834, "raw": {"cov_gene": 182.54557329782594, "cov_cell": 0.6756819859506125, "r2_depth": 1.0, "r_mono": 1}, "PF": {"cov_gene": 145.85658177472502, "cov_cell": 2.7234612345348547e-14, "r2_depth": 0, "r_mono": 1}, "log1p": {"cov_gene": 4.200083548113994, "cov_cell": 0.5432956640609026, "r2_depth": 0.9252850892190232, "r_mono": 1}, "log1pPF": {"cov_gene": 3.911347573746734, "cov_cell": 0.2394200284088256, "r2_depth": 0.4477216039350044, "r_mono": 1}, "PFlog1pPF": {"cov_gene": 4.726409476602901, "cov_cell": 2.4329098505534904e-14, "r2_depth": 0, "r_mono": 1}, "log1pCPM": {"cov_gene": 2.413633829069165, "cov_cell": 0.4034622461881719, "r2_depth": 0.8247987291874073, "r_mono": 1}, "log1pCP10k": {"cov_gene": 3.4666311198994495, "cov_cell": 0.2597337709680529, "r2_depth": 0.5113555249105388, "r_mono": 1}, "sqrt": {"cov_gene": 21.093987819741336, "cov_cell": 0.5430859121860144, "r2_depth": 0.9325877226572241, "r_mono": 1}, "density": 0.03451093168867899}