{"raw": {"cov_gene": 130.66366673201335, "r2_depth": 1.0, "r_mono": 1.0}, "PF": {"cov_gene": 104.38627507053494, "r2_depth": 0, "r_mono": 1.0}, "sqrt": {"cov_gene": 15.089378728409073, "r2_depth": 0.9325325734762152, "r_mono": 1.0}, "log1p": {"cov_gene": 2.925748555805019, "r2_depth": 0.9252249797141988, "r_mono": 1.0}, "log1pCP10k": {"cov_gene": 2.382816321263814, "r2_depth": 0.5113057797665126, "r_mono": 1.0}, "log1pCPM": {"cov_gene": 1.5822168354541335, "r2_depth": 0.8246633005667795, "r_mono": 1.0}, "scalelog1pCP10k": {"cov_gene": 1.7316843489416755e-13, "r2_depth": 0.5072392520630635, "r_mono": 0.3839471331393967}, "sctransform": {"cov_gene": 0.960580596400683, "r2_depth": 0.504081166919907, "r_mono": 0.23361949715445648}, "log1pPF": {"cov_gene": 2.71311329139011, "r2_depth": 0.4476694716862465, "r_mono": 1.0}, "PFlog1pPF": {"cov_gene": 3.3138646239567886, "r2_depth": 0, "r_mono": 1.0}}