{"raw": {"cov_gene": 80.86606359758377, "r2_depth": 1.0, "r_mono": 1.0, "cov_cell": 0.9667840761304342}, "PF": {"cov_gene": 85.22870324122319, "r2_depth": 0, "r_mono": 1.0, "cov_cell": 1.2283211234857411e-14}, "sqrt": {"cov_gene": 10.555266240181318, "r2_depth": 0.9531568040220545, "r_mono": 1.0, "cov_cell": 0.8711114415008214}, "log1p": {"cov_gene": 3.463694620834693, "r2_depth": 0.9488796046901874, "r_mono": 1.0, "cov_cell": 0.8791322187288511}, "log1pCP10k": {"cov_gene": 2.1786987423412216, "r2_depth": 0.6587826192434956, "r_mono": 1.0, "cov_cell": 0.46125628624589465}, "log1pCPM": {"cov_gene": 1.643149424398183, "r2_depth": 0.8724281555190919, "r_mono": 1.0, "cov_cell": 0.6712665033588576}, "scalelog1pCP10k": {"cov_gene": 3.149450885311852e-14, "r2_depth": 0.7139652701253102, "r_mono": 0.2628205813197567, "cov_cell": null}, "sctransform": {"cov_gene": 0.5523267052707349, "r2_depth": 7.407968507433527e-05, "r_mono": 0.22682930866005774, "cov_cell": null}, "log1pPF": {"cov_gene": 3.4587826036797313, "r2_depth": 0.3795392029304079, "r_mono": 1.0, "cov_cell": 0.3446502501888848}, "PFlog1pPF": {"cov_gene": 80.2915653213384, "r2_depth": 0, "r_mono": 1.0, "cov_cell": 8.771967042597105e-15}, "ncells": 2098, "ngenes": 20677, "avg_per_cell": 1666.22, "avg_per_gene": 169.06, "min_cell": 9.0, "max_cell": 14570.0, "overdispersion": 1.36, "total_count": 3495732, "nvals": 1265851, "sparsity": 0.029180288234676596}