{"ncells": 8991, "ngenes": 24729, "nvals": 8919199, "density": 0.04011541612019683, "avg_per_cell": 2707.5702369035703, "avg_per_gene": 984.4216911318695, "min_cell": 212, "max_cell": 41324, "total_count": 24343764, "overdispersion": 1.762101235491583, "raw": {"cov_gene": 26.626941114528865, "cov_cell": 1.1624929949327363, "r2_depth": 1, "r_mono": 1}, "PF": {"cov_gene": 74.2383899812175, "cov_cell": 1.362016526929563e-14, "r2_depth": 0, "r_mono": 1}, "log1p": {"cov_gene": 3.6594251709971704, "cov_cell": 0.9610776603120275, "r2_depth": 0.9510160340946043, "r_mono": 1}, "sqrt": {"cov_gene": 5.3562170946571594, "cov_cell": 0.961757239320954, "r2_depth": 0.9551447187819888, "r_mono": 1}, "log1pPF": {"cov_gene": 3.4122759743098867, "cov_cell": 0.4401507828326633, "r2_depth": 0.5122200739271172, "r_mono": 1}, "PFlog1pPF": {"cov_gene": 15.801899154947442, "cov_cell": 1.3747591748559035e-14, "r2_depth": 0, "r_mono": 1}, "log1pCPM": {"cov_gene": 1.785781944634384, "cov_cell": 0.7536898718706486, "r2_depth": 0.8423300439018065, "r_mono": 1}, "log1pCP10k": {"cov_gene": 2.559892893732865, "cov_cell": 0.5500617512923364, "r2_depth": 0.6393902829631872, "r_mono": 1}, "sctransform": {"cov_gene": 1.3849107872742812, "cov_cell": null, "r2_depth": 0.4890339837365857, "r_mono": 0.20499836768316285}, "scalelog1pCP10k": {"cov_gene": 1.3471731646007157e-13, "cov_cell": null, "r2_depth": 0.641417222856231, "r_mono": 0.29290355416110775}}