{"ncells": 8991, "ngenes": 60623, "nvals": 8938174, "density": 0.01639847201579364, "avg_per_cell": 2709.811144477811, "avg_per_gene": 401.8922191247546, "min_cell": 214, "max_cell": 41356, "total_count": 24363912, "overdispersion": 1.762101235504551, "raw": {"cov_gene": 41.705150660885785, "cov_cell": 1.1623976277049843, "r2_depth": 1, "r_mono": 1}, "PF": {"cov_gene": 116.30305359120744, "cov_cell": 1.3435117222638247e-14, "r2_depth": 0, "r_mono": 1}, "log1p": {"cov_gene": 5.847048682052754, "cov_cell": 0.961097975655274, "r2_depth": 0.9511278966101625, "r_mono": 1}, "sqrt": {"cov_gene": 8.461370306840099, "cov_cell": 0.961780418904783, "r2_depth": 0.9552462019102572, "r_mono": 1}, "log1pPF": {"cov_gene": 5.466654578242772, "cov_cell": 0.43993591557587625, "r2_depth": 0.512151757493333, "r_mono": 1}, "PFlog1pPF": {"cov_gene": 24.759291573645143, "cov_cell": 1.371771028540839e-14, "r2_depth": 0, "r_mono": 1}, "log1pCPM": {"cov_gene": 3.0362827941882413, "cov_cell": 0.75368883095727, "r2_depth": 0.8426006112982254, "r_mono": 1}, "log1pCP10k": {"cov_gene": 4.17661873150338, "cov_cell": 0.5498219031104125, "r2_depth": 0.6393939558888356, "r_mono": 1}}