{
    "raw": {
        "cov_gene": 66.7756566436761,
        "r2_depth": 1.0,
        "r_mono": 1.0
    },
    "PF": {
        "cov_gene": 97.92026991680643,
        "r2_depth": 0,
        "r_mono": 1.0
    },
    "sqrt": {
        "cov_gene": 10.214145601552095,
        "r2_depth": 0.9445328360794779,
        "r_mono": 1.0
    },
    "log1p": {
        "cov_gene": 3.0508686236212763,
        "r2_depth": 0.9369618973910957,
        "r_mono": 1.0
    },
    "log1pCP10k": {
        "cov_gene": 3.148689162889463,
        "r2_depth": 0.6291219162490032,
        "r_mono": 1.0
    },
    "log1pCPM": {
        "cov_gene": 1.4906974307578327,
        "r2_depth": 0.8076467743671365,
        "r_mono": 1.0
    },
    "scalelog1pCP10k": {
        "cov_gene": 5.506822892906179e-14,
        "r2_depth": 0.5826541343505984,
        "r_mono": 0.3767118899155523
    },
    "sctransform": {
        "cov_gene": 0.8555387400903263,
        "r2_depth": 0.7579151426544426,
        "r_mono": 0.17785538475208504
    },
    "log1pPF": {
        "cov_gene": 3.1173936011957464,
        "r2_depth": 0.6312440342596852,
        "r_mono": 1.0
    },
    "PFlog1pPF": {
        "cov_gene": 4.657311120203618,
        "r2_depth": 0,
        "r_mono": 1.0
    },
    "ncells": 3826,
    "ngenes": 27042,
    "avg_per_cell": 10441.24,
    "avg_per_gene": 1477.26,
    "min_cell": 246.0,
    "max_cell": 104576.0,
    "overdispersion": 1.64
}