{"raw": {"cov_gene": 6.700844491517178, "r2_depth": 1.0, "r_mono": 1.0, "cov_cell": 0.5494810119587051}, "PF": {"cov_gene": 6.782153455107304, "r2_depth": 0, "r_mono": 1.0, "cov_cell": 1.3731453488996413e-15}, "sqrt": {"cov_gene": 1.6130596968538815, "r2_depth": 0.9505733420177762, "r_mono": 1.0, "cov_cell": 0.4980417973861526}, "log1p": {"cov_gene": 1.027111293843962, "r2_depth": 0.9400439457459707, "r_mono": 1.0, "cov_cell": 0.5027465939442967}, "log1pCP10k": {"cov_gene": 0.34369118061225284, "r2_depth": 0.8626564176437899, "r_mono": 1.0, "cov_cell": 0.3608124725031109}, "log1pCPM": {"cov_gene": 0.26618873797404535, "r2_depth": 0.8883859084264984, "r_mono": 1.0, "cov_cell": 0.4088504157625072}, "scalelog1pCP10k": {"cov_gene": 4.518280359883027e-16, "r2_depth": 0.8659404013528884, "r_mono": 0.7244885506984035, "cov_cell": null}, "sctransform": {"cov_gene": 0.44745317659571804, "r2_depth": 0.01173292204772336, "r_mono": 0.5713898818108756, "cov_cell": null}, "log1pPF": {"cov_gene": 0.8979516510360724, "r2_depth": 0.6579623279918732, "r_mono": 1.0, "cov_cell": 0.21356136704752085}, "PFlog1pPF": {"cov_gene": 1.033579357937937, "r2_depth": 0, "r_mono": 1.0, "cov_cell": 7.072561438709274e-16}, "ncells": 30, "ngenes": 208, "avg_per_cell": 212.83, "avg_per_gene": 30.7, "min_cell": 34.0, "max_cell": 393.0, "overdispersion": 0.43, "total_count": 6385, "nvals": 1933, "sparsity": 0.30977564102564104}