{"raw": {"cov_gene": 6.700844491517178, "r2_depth": 1.0, "r_mono": 1.0}, "PF": {"cov_gene": 6.782153455107304, "r2_depth": 0, "r_mono": 1.0}, "sqrt": {"cov_gene": 1.6130596968538815, "r2_depth": 0.9505733420177762, "r_mono": 1.0}, "log1p": {"cov_gene": 1.027111293843962, "r2_depth": 0.9400439457459707, "r_mono": 1.0}, "log1pCP10k": {"cov_gene": 0.34369118061225284, "r2_depth": 0.8626564176437899, "r_mono": 1.0}, "log1pCPM": {"cov_gene": 0.26618873797404535, "r2_depth": 0.8883859084264984, "r_mono": 1.0}, "scalelog1pCP10k": {"cov_gene": 4.518280359883027e-16, "r2_depth": 0.8659404013528884, "r_mono": 0.7244885506984035}, "sctransform": {"cov_gene": 0.44745317659571804, "r2_depth": 0.01173292204772336, "r_mono": 0.5713898818108756}, "log1pPF": {"cov_gene": 0.8979516510360724, "r2_depth": 0.6579623279918732, "r_mono": 1.0}, "PFlog1pPF": {"cov_gene": 1.033579357937937, "r2_depth": 0, "r_mono": 1.0}}