{
  "ncells": 6809,
  "ngenes": 27342,
  "nvals": 10453043,
  "density": 0.056147331926610235,
  "total_counts": 46176762,
  "overdispersion": 14.85,
  "avg_per_cell": 6781.72,
  "avg_per_gene": 1688.86,
  "max_cell": 83258,
  "min_cell": 83,
  "raw": {
    "cov_gene": 115.91984102087456,
    "r2_depth": 1,
    "r_mono": 1,
    "cov_cell": 1.407719209100154
  },
  "PF": {
    "cov_gene": 62.02926491927815,
    "r2_depth": 0,
    "r_mono": 1,
    "cov_cell": 3.154238555282348e-14
  },
  "sqrt": {
    "cov_gene": 19.801570648490493,
    "r2_depth": 0.8163116342674489,
    "r_mono": 1,
    "cov_cell": 1.0640656027020061
  },
  "log1p": {
    "cov_gene": 3.5855270982551635,
    "r2_depth": 0.800122847375821,
    "r_mono": 1,
    "cov_cell": 1.0567803710242691
  },
  "log1pCP10k": {
    "cov_gene": 3.265100966990157,
    "r2_depth": 0.33227259980971025,
    "r_mono": 1,
    "cov_cell": 0.6265883638237909
  },
  "log1pCPM": {
    "cov_gene": 1.7088804178510455,
    "r2_depth": 0.6326661254701647,
    "r_mono": 1,
    "cov_cell": 0.8419443235880462
  },
  "scalelog1pCP10k": {
    "cov_gene": 1.0123656066841492e-13,
    "r2_depth": 0.31555904079770025,
    "r_mono": 0.3200145502526605,
    "cov_cell": null
  },
  "sctransform": {
    "cov_gene": 1.0859362441676732,
    "r2_depth": 0.5732977915923003,
    "r_mono": 0.20185905047592184,
    "cov_cell": null
  },
  "log1pPF": {
    "cov_gene": 3.6276444808830797,
    "r2_depth": 0.2978942840085206,
    "r_mono": 1,
    "cov_cell": 0.5949284393297373
  },
  "PFlog1pPF": {
    "cov_gene": 7.196032361652779,
    "r2_depth": 0,
    "r_mono": 1,
    "cov_cell": 1.682873768068118e-14
  }
}
