{"raw": {"cov_gene": 90.62647156453659, "r2_depth": 1.0, "r_mono": 1.0, "cov_cell": 1.3737214645891007}, "PF": {"cov_gene": 86.07116356923527, "r2_depth": 0, "r_mono": 1.0, "cov_cell": 3.18418533632973e-14}, "sqrt": {"cov_gene": 12.444430732247408, "r2_depth": 0.9533662471804065, "r_mono": 1.0, "cov_cell": 1.194790164216119}, "log1p": {"cov_gene": 3.397736364089807, "r2_depth": 0.9483658626698782, "r_mono": 1.0, "cov_cell": 1.1929413906079094}, "log1pCP10k": {"cov_gene": 3.6363520214006115, "r2_depth": 0.6195549428742161, "r_mono": 1.0, "cov_cell": 0.7723228349840499}, "log1pCPM": {"cov_gene": 1.6981859122514007, "r2_depth": 0.834227721618097, "r_mono": 1.0, "cov_cell": 0.9962406597520028}, "scalelog1pCP10k": {"cov_gene": 8.863337831565645e-14, "r2_depth": 0.5954856221548523, "r_mono": 0.32121039285609987, "cov_cell": null}, "sctransform": {"cov_gene": 1.1683471810994361, "r2_depth": 0.5509970452796682, "r_mono": 0.1660803232664261, "cov_cell": null}, "log1pPF": {"cov_gene": 3.940389853387852, "r2_depth": 0.5983862858496045, "r_mono": 1.0, "cov_cell": 0.7488021113706758}, "PFlog1pPF": {"cov_gene": 16.344907281040058, "r2_depth": 0, "r_mono": 1.0, "cov_cell": 2.4789848285369975e-14}, "ncells": 5764, "ngenes": 26083, "avg_per_cell": 7593.62, "avg_per_gene": 1678.09, "min_cell": 50.0, "max_cell": 108216.0, "overdispersion": 4.09, "total_count": 43769606, "nvals": 9612125, "sparsity": 0.06393488618501078}