{"raw": {"cov_gene": 90.62647156453659, "r2_depth": 1.0, "r_mono": 1.0}, "PF": {"cov_gene": 86.07116356923527, "r2_depth": 0, "r_mono": 1.0}, "sqrt": {"cov_gene": 12.444430732247408, "r2_depth": 0.9533662471804065, "r_mono": 1.0}, "log1p": {"cov_gene": 3.397736364089807, "r2_depth": 0.9483658626698782, "r_mono": 1.0}, "log1pCP10k": {"cov_gene": 3.6363520214006115, "r2_depth": 0.6195549428742161, "r_mono": 1.0}, "log1pCPM": {"cov_gene": 1.6981859122514007, "r2_depth": 0.834227721618097, "r_mono": 1.0}, "scalelog1pCP10k": {"cov_gene": 8.863337831565645e-14, "r2_depth": 0.5954856221548523, "r_mono": 0.32121039285609987}, "sctransform": {"cov_gene": 1.1683471810994361, "r2_depth": 0.5509970452796682, "r_mono": 0.1660803232664261}, "log1pPF": {"cov_gene": 3.940389853387852, "r2_depth": 0.5983862858496045, "r_mono": 1.0}, "PFlog1pPF": {"cov_gene": 16.344907281040058, "r2_depth": 0, "r_mono": 1.0}}