{"ncells": 10577, "ngenes": 60623, "nvals": 13971738, "avg_per_cell": 4128.728278339794, "avg_per_gene": 720.3463866849215, "min_cell": 187, "max_cell": 56598, "total_count": 43669559, "overdispersion": 2.4466328371683472, "raw": {"cov_gene": 69.94409231416564, "cov_cell": 0.93640082947255, "r2_depth": 1.0, "r_mono": 1}, "PF": {"cov_gene": 120.14696245868497, "cov_cell": 1.7909231157662323e-14, "r2_depth": 0, "r_mono": 1}, "log1p": {"cov_gene": 5.287428976230187, "cov_cell": 0.7683698859868057, "r2_depth": 0.9427369122283723, "r_mono": 1}, "log1pPF": {"cov_gene": 4.815938703083015, "cov_cell": 0.3784654509211438, "r2_depth": 0.49192303962581907, "r_mono": 1}, "PFlog1pPF": {"cov_gene": 16.838818545831142, "cov_cell": 1.3206799758145044e-14, "r2_depth": 0, "r_mono": 1}, "log1pCPM": {"cov_gene": 2.75659815680263, "cov_cell": 0.5961678144525385, "r2_depth": 0.821345037316835, "r_mono": 1}, "log1pCP10k": {"cov_gene": 3.8248115908107017, "cov_cell": 0.43068515827237075, "r2_depth": 0.5854624649121888, "r_mono": 1}, "sqrt": {"cov_gene": 9.413268377377012, "cov_cell": 0.7678792745534823, "r2_depth": 0.9476323950088502, "r_mono": 1}, "density": 0.02178966255475038}