{
    "raw": {
        "cov_gene": 46.43986691686935,
        "r2_depth": 1.0,
        "r_mono": 1.0
    },
    "PF": {
        "cov_gene": 79.6969341732392,
        "r2_depth": 0,
        "r_mono": 1.0
    },
    "sqrt": {
        "cov_gene": 6.21098124223824,
        "r2_depth": 0.9475760778803622,
        "r_mono": 1.0
    },
    "log1p": {
        "cov_gene": 3.4336888225590774,
        "r2_depth": 0.9426745975724135,
        "r_mono": 1.0
    },
    "log1pCP10k": {
        "cov_gene": 2.43056038234681,
        "r2_depth": 0.5855842569479548,
        "r_mono": 1.0
    },
    "log1pCPM": {
        "cov_gene": 1.6743820077282936,
        "r2_depth": 0.821222165803328,
        "r_mono": 1.0
    },
    "scalelog1pCP10k": {
        "cov_gene": 1.539000738566647e-13,
        "r2_depth": 0.5575245477055898,
        "r_mono": 0.3285150195887954
    },
    "sctransform": {
        "cov_gene": 0.8562260986779376,
        "r2_depth": 0.2890108824104476,
        "r_mono": 0.23205170596492292
    },
    "log1pPF": {
        "cov_gene": 3.113007232379326,
        "r2_depth": 0.4920693894209015,
        "r_mono": 1.0
    },
    "PFlog1pPF": {
        "cov_gene": 11.169644124381254,
        "r2_depth": 0,
        "r_mono": 1.0
    },
    "ncells": 10577,
    "ngenes": 26731,
    "avg_per_cell": 4126.94,
    "avg_per_gene": 1632.96,
    "min_cell": 186.0,
    "max_cell": 56580.0,
    "overdispersion": 2.45
}