{"ncells": 1076, "ngenes": 16941, "nvals": 1000305, "density": 0.05487583300801886, "avg_per_cell": 3194.3596654275093, "avg_per_gene": 202.8883182810932, "min_cell": 157, "max_cell": 72004, "total_count": 3437131, "overdispersion": 2.3332283415895905, "raw": {"cov_gene": 73.84271119082831, "cov_cell": 1.459109237958036, "r2_depth": 1, "r_mono": 1}, "PF": {"cov_gene": 46.71990980798662, "cov_cell": 1.424026349657055e-14, "r2_depth": 0, "r_mono": 1}, "log1p": {"cov_gene": 3.0569187087015663, "cov_cell": 0.9938153139609422, "r2_depth": 0.9004837774441632, "r_mono": 1}, "sqrt": {"cov_gene": 6.533138480396268, "cov_cell": 1.0118521665591655, "r2_depth": 0.9124300595338647, "r_mono": 1}, "log1pPF": {"cov_gene": 2.995168489038143, "cov_cell": 0.3794074245482393, "r2_depth": 0.3127608551844542, "r_mono": 1}, "PFlog1pPF": {"cov_gene": 13.813928088190337, "cov_cell": 1.2987862104297085e-14, "r2_depth": 0, "r_mono": 1}, "log1pCPM": {"cov_gene": 1.3577886013469231, "cov_cell": 0.7091561992675371, "r2_depth": 0.7029348366269695, "r_mono": 1}, "log1pCP10k": {"cov_gene": 2.17792441197741, "cov_cell": 0.4701033576003117, "r2_depth": 0.41744401833597766, "r_mono": 1}, "sctransform": {"cov_gene": 1.441905995029843, "cov_cell": null, "r2_depth": 0.11727862360406627, "r_mono": 0.2580023681898205}, "scalelog1pCP10k": {"cov_gene": 1.596112346313923e-14, "cov_cell": null, "r2_depth": 0.4086268793649972, "r_mono": 0.3407643187179038}}