{
  "ncells": 71720,
  "ngenes": 60623,
  "nvals": 14954743,
  "density": 0.003439547005507666,
  "total_counts": 65293177,
  "overdispersion": 0.1659690719802714,
  "avg_per_cell": 910.3900864472951,
  "avg_per_gene": 1077.0363888293223,
  "max_cell": 12414,
  "min_cell": 332,
  "raw": {
    "cov_gene": 117.08600925287897,
    "cov_cell": 0.6550311775935178,
    "r2_depth": 1,
    "r_mono": 1
  },
  "PF": {
    "cov_gene": 124.89097994860248,
    "cov_cell": 3.963343224594314e-15,
    "r2_depth": 0,
    "r_mono": 1
  },
  "sqrt": {
    "cov_gene": 15.132764403803199,
    "cov_cell": 0.7177906807571999,
    "r2_depth": 0.8959958335559326,
    "r_mono": 1
  },
  "log1p": {
    "cov_gene": 9.327114790933525,
    "cov_cell": 0.7384492819057938,
    "r2_depth": 0.8772600171988881,
    "r_mono": 1
  },
  "log1pCP10k": {
    "cov_gene": 6.220915615717972,
    "cov_cell": 0.4247277854553653,
    "r2_depth": 0.6553139398429924,
    "r_mono": 1
  },
  "log1pCPM": {
    "cov_gene": 5.488631763489822,
    "cov_cell": 0.6031969891891468,
    "r2_depth": 0.7793302024916222,
    "r_mono": 1
  },
  "log1pPF": {
    "cov_gene": 9.14031283413091,
    "cov_cell": 0.25947051891209943,
    "r2_depth": 0.47375671065635794,
    "r_mono": 1
  },
  "PFlog1pPF": {
    "cov_gene": 11.089710930530366,
    "cov_cell": 3.1468238271950976e-15,
    "r2_depth": 0,
    "r_mono": 1
  }
}
