{
  "ncells": 9260,
  "ngenes": 60623,
  "nvals": 10790291,
  "density": 0.01922138804320823,
  "total_counts": 21766351,
  "overdispersion": 2.152614871387764,
  "avg_per_cell": 2350.5778617710585,
  "avg_per_gene": 359.04443857941703,
  "max_cell": 21596,
  "min_cell": 450,
  "raw": {
    "cov_gene": 84.10037044440602,
    "cov_cell": 1.0425214028563627,
    "r2_depth": 1,
    "r_mono": 1
  },
  "PF": {
    "cov_gene": 57.00065953899068,
    "cov_cell": 1.7921048532016363e-14,
    "r2_depth": 0,
    "r_mono": 1
  },
  "sqrt": {
    "cov_gene": 11.490961629226634,
    "cov_cell": 0.8804296312694545,
    "r2_depth": 0.9889447102631178,
    "r_mono": 1
  },
  "log1p": {
    "cov_gene": 5.234733643949445,
    "cov_cell": 0.8856388592007985,
    "r2_depth": 0.9899723406361173,
    "r_mono": 1
  },
  "log1pCP10k": {
    "cov_gene": 3.453165367857082,
    "cov_cell": 0.39127049130842473,
    "r2_depth": 0.7749493256502397,
    "r_mono": 1
  },
  "log1pCPM": {
    "cov_gene": 2.6379767027747847,
    "cov_cell": 0.6592867377709613,
    "r2_depth": 0.9386576918400354,
    "r_mono": 1
  },
  "log1pPF": {
    "cov_gene": 5.0628648775427765,
    "cov_cell": 0.2428333689275418,
    "r2_depth": 0.618397359419439,
    "r_mono": 1
  },
  "PFlog1pPF": {
    "cov_gene": 5.720170196983332,
    "cov_cell": 1.7930779362057104e-14,
    "r2_depth": 0,
    "r_mono": 1
  }
}
