{
  "ncells": 6095,
  "ngenes": 60623,
  "nvals": 11966050,
  "density": 0.032384685149901754,
  "total_counts": 66948522,
  "overdispersion": 2.885380935908881,
  "avg_per_cell": 10984.170959803118,
  "avg_per_gene": 1104.3419494251357,
  "max_cell": 66652,
  "min_cell": 76,
  "raw": {
    "cov_gene": 148.71097021916017,
    "cov_cell": 1.145846109705206,
    "r2_depth": 1,
    "r_mono": 1
  },
  "PF": {
    "cov_gene": 118.6249875835336,
    "cov_cell": 2.6292747193003342e-14,
    "r2_depth": 0,
    "r_mono": 1
  },
  "sqrt": {
    "cov_gene": 24.16616207008052,
    "cov_cell": 1.0284236764606303,
    "r2_depth": 0.9318652916762161,
    "r_mono": 1
  },
  "log1p": {
    "cov_gene": 5.267568683022445,
    "cov_cell": 1.0252216525280244,
    "r2_depth": 0.9216183520356966,
    "r_mono": 1
  },
  "log1pCP10k": {
    "cov_gene": 5.224105077865488,
    "cov_cell": 0.6283877075183242,
    "r2_depth": 0.5560450689100996,
    "r_mono": 1
  },
  "log1pCPM": {
    "cov_gene": 2.721001275112801,
    "cov_cell": 0.8386374687665302,
    "r2_depth": 0.8126379381604006,
    "r_mono": 1
  },
  "log1pPF": {
    "cov_gene": 5.0976374591537,
    "cov_cell": 0.6354170131636786,
    "r2_depth": 0.5651340866042226,
    "r_mono": 1
  },
  "PFlog1pPF": {
    "cov_gene": 14.053087032249309,
    "cov_cell": 2.3886563881478638e-14,
    "r2_depth": 0,
    "r_mono": 1
  }
}
