{"raw": {"cov_gene": 92.65340607929899, "r2_depth": 1.0, "r_mono": 1.0}, "PF": {"cov_gene": 60.00176307583942, "r2_depth": 0, "r_mono": 1.0}, "sqrt": {"cov_gene": 12.939332055804536, "r2_depth": 0.9019760420837143, "r_mono": 1.0}, "log1p": {"cov_gene": 3.33942034163188, "r2_depth": 0.8927039972344083, "r_mono": 1.0}, "log1pCP10k": {"cov_gene": 2.8366193125743497, "r2_depth": 0.47529750092627354, "r_mono": 1.0}, "log1pCPM": {"cov_gene": 1.610417533313844, "r2_depth": 0.759253282434184, "r_mono": 1.0}, "scalelog1pCP10k": {"cov_gene": 1.1630191617574271e-13, "r2_depth": 0.4392566651170985, "r_mono": 0.3613605501904808}, "sctransform": {"cov_gene": 0.9372845091966321, "r2_depth": 0.6674322568922315, "r_mono": 0.22603650683428492}, "log1pPF": {"cov_gene": 3.142138381947767, "r2_depth": 0.43775023516728606, "r_mono": 1.0}, "PFlog1pPF": {"cov_gene": 6.030648667204444, "r2_depth": 0, "r_mono": 1.0}}