{
  "ncells": 8983,
  "ngenes": 60623,
  "nvals": 20032876,
  "density": 0.03678616199476243,
  "total_counts": 77514201,
  "overdispersion": 1.7235103771826983,
  "avg_per_cell": 8628.988199933206,
  "avg_per_gene": 1278.6269402701944,
  "max_cell": 65714,
  "min_cell": 540,
  "raw": {
    "cov_gene": 62.03213474510156,
    "cov_cell": 1.1631128528129449,
    "r2_depth": 1,
    "r_mono": 1
  },
  "PF": {
    "cov_gene": 62.24340461645352,
    "cov_cell": 2.884316403706739e-14,
    "r2_depth": 0,
    "r_mono": 1
  },
  "sqrt": {
    "cov_gene": 10.622884062628904,
    "cov_cell": 1.0193814927473965,
    "r2_depth": 0.9740015789780111,
    "r_mono": 1
  },
  "log1p": {
    "cov_gene": 4.421018795820253,
    "cov_cell": 1.019685803811298,
    "r2_depth": 0.9681255479717342,
    "r_mono": 1
  },
  "log1pCP10k": {
    "cov_gene": 3.8896772149911527,
    "cov_cell": 0.4188512322349036,
    "r2_depth": 0.7967283724101255,
    "r_mono": 1
  },
  "log1pCPM": {
    "cov_gene": 2.420928878382022,
    "cov_cell": 0.7707367034559767,
    "r2_depth": 0.9199309633620097,
    "r_mono": 1
  },
  "log1pPF": {
    "cov_gene": 3.9865937842517596,
    "cov_cell": 0.3993874259949479,
    "r2_depth": 0.7876406478796649,
    "r_mono": 1
  },
  "PFlog1pPF": {
    "cov_gene": 4.7620832744212365,
    "cov_cell": 2.595740448394314e-14,
    "r2_depth": 0,
    "r_mono": 1
  }
}
