{
  "ncells": 3341,
  "ngenes": 60623,
  "nvals": 1219528,
  "density": 0.006021128229050881,
  "total_counts": 2003823,
  "overdispersion": 2.8284649526384094,
  "avg_per_cell": 599.7674348997306,
  "avg_per_gene": 33.05384095145407,
  "max_cell": 5778,
  "min_cell": 2,
  "raw": {
    "cov_gene": 165.67013147594443,
    "cov_cell": 0.712869270362829,
    "r2_depth": 1,
    "r_mono": 1
  },
  "PF": {
    "cov_gene": 110.52447766561501,
    "cov_cell": 5.1517166247761684e-15,
    "r2_depth": 0,
    "r_mono": 1
  },
  "sqrt": {
    "cov_gene": 10.39134839836613,
    "cov_cell": 0.6323135396588674,
    "r2_depth": 0.9593261945337692,
    "r_mono": 1
  },
  "log1p": {
    "cov_gene": 6.869032448692817,
    "cov_cell": 0.633882600328044,
    "r2_depth": 0.9569546743166025,
    "r_mono": 1
  },
  "log1pCP10k": {
    "cov_gene": 3.6921044390009286,
    "cov_cell": 0.387349508583211,
    "r2_depth": 0.8140249131513312,
    "r_mono": 1
  },
  "log1pCPM": {
    "cov_gene": 3.295288330485956,
    "cov_cell": 0.5126348594439265,
    "r2_depth": 0.90932974154931,
    "r_mono": 1
  },
  "log1pPF": {
    "cov_gene": 6.315843304850343,
    "cov_cell": 0.20761002176705814,
    "r2_depth": 0.4729872262991376,
    "r_mono": 1
  },
  "PFlog1pPF": {
    "cov_gene": 84.77857955823029,
    "cov_cell": 4.383927579810705e-15,
    "r2_depth": 0,
    "r_mono": 1
  }
}
