{
  "ncells": 3245,
  "ngenes": 12051,
  "nvals": 443997,
  "density": 0.01135382636123133,
  "total_counts": 823398,
  "overdispersion": 2.94,
  "avg_per_cell": 253.74,
  "avg_per_gene": 68.33,
  "max_cell": 1755,
  "min_cell": 2,
  "raw": {
    "cov_gene": 77.10303411475245,
    "r2_depth": 1,
    "r_mono": 1,
    "cov_cell": 0.605553526140214
  },
  "PF": {
    "cov_gene": 68.25996739465958,
    "r2_depth": 0,
    "r_mono": 1,
    "cov_cell": 2.554318407779437e-15
  },
  "sqrt": {
    "cov_gene": 11.358527686084157,
    "r2_depth": 0.618832166279863,
    "r_mono": 1,
    "cov_cell": 0.5192183584764373
  },
  "log1p": {
    "cov_gene": 5.070269063424436,
    "r2_depth": 0.5853888750247782,
    "r_mono": 1,
    "cov_cell": 0.5233193003695029
  },
  "log1pCP10k": {
    "cov_gene": 2.3411230375467507,
    "r2_depth": 0.3391925355831409,
    "r_mono": 1,
    "cov_cell": 0.4137787667640283
  },
  "log1pCPM": {
    "cov_gene": 2.111034524830254,
    "r2_depth": 0.4580966154298367,
    "r_mono": 1,
    "cov_cell": 0.46989612088588467
  },
  "scalelog1pCP10k": {
    "cov_gene": 4.860266326752583e-14,
    "r2_depth": 0.3586527467411421,
    "r_mono": 0.1734360698877969,
    "cov_cell": null
  },
  "sctransform": {
    "cov_gene": 0.5070070359819792,
    "r2_depth": 0.06721808401872154,
    "r_mono": 0.1552604318311258,
    "cov_cell": null
  },
  "log1pPF": {
    "cov_gene": 4.926569585038135,
    "r2_depth": 0.05274650054022689,
    "r_mono": 1,
    "cov_cell": 0.31117784029706086
  },
  "PFlog1pPF": {
    "cov_gene": 39.49167884385933,
    "r2_depth": 0,
    "r_mono": 1,
    "cov_cell": 1.9127919213676214e-15
  }
}
