{
  "ncells": 1479,
  "ngenes": 13708,
  "nvals": 391975,
  "density": 0.01933375002194915,
  "total_counts": 719882,
  "overdispersion": 2.43,
  "avg_per_cell": 486.74,
  "avg_per_gene": 52.52,
  "max_cell": 5150,
  "min_cell": 7,
  "raw": {
    "cov_gene": 66.42515096227763,
    "r2_depth": 1,
    "r_mono": 1,
    "cov_cell": 0.8257882127278134
  },
  "PF": {
    "cov_gene": 64.91867007004925,
    "r2_depth": 0,
    "r_mono": 1,
    "cov_cell": 4.673755279092565e-15
  },
  "sqrt": {
    "cov_gene": 7.52565304210786,
    "r2_depth": 0.9395074449702634,
    "r_mono": 1,
    "cov_cell": 0.7446222152438803
  },
  "log1p": {
    "cov_gene": 4.10691598011997,
    "r2_depth": 0.9346126266100134,
    "r_mono": 1,
    "cov_cell": 0.7474965102881028
  },
  "log1pCP10k": {
    "cov_gene": 1.8951069352261634,
    "r2_depth": 0.7216327306953338,
    "r_mono": 1,
    "cov_cell": 0.4912039454225442
  },
  "log1pCPM": {
    "cov_gene": 1.6077885860531314,
    "r2_depth": 0.8646554644412688,
    "r_mono": 1,
    "cov_cell": 0.6183226468098422
  },
  "scalelog1pCP10k": {
    "cov_gene": 2.2074276004321965e-14,
    "r2_depth": 0.7301828747302437,
    "r_mono": 0.219090350101577,
    "cov_cell": null
  },
  "sctransform": {
    "cov_gene": 0.41502849589803215,
    "r2_depth": 0.07956699377752463,
    "r_mono": 0.19855982042252016,
    "cov_cell": null
  },
  "log1pPF": {
    "cov_gene": 3.86011380224264,
    "r2_depth": 0.3388247470826924,
    "r_mono": 1,
    "cov_cell": 0.327927253609422
  },
  "PFlog1pPF": {
    "cov_gene": 28.53925790108289,
    "r2_depth": 0,
    "r_mono": 1,
    "cov_cell": 3.633606134075378e-15
  }
}
