{"ncells": 6992, "ngenes": 60623, "nvals": 9440305, "avg_per_cell": 5195.453232265446, "avg_per_gene": 599.2215660722828, "min_cell": 303, "max_cell": 72269, "total_count": 36326609, "overdispersion": 9.159433124078326, "raw": {"cov_gene": 155.67269541352468, "cov_cell": 1.1372704213989262, "r2_depth": 1.0, "r_mono": 1}, "PF": {"cov_gene": 162.6266364949652, "cov_cell": 1.6597811482747107e-14, "r2_depth": 0, "r_mono": 1}, "log1p": {"cov_gene": 4.794816284214604, "cov_cell": 0.8182810630193934, "r2_depth": 0.7324587473454134, "r_mono": 1}, "log1pPF": {"cov_gene": 4.312456448406315, "cov_cell": 0.33096280511719633, "r2_depth": 0.0416855657112668, "r_mono": 1}, "PFlog1pPF": {"cov_gene": 25.192697846748892, "cov_cell": 1.4819874273012476e-14, "r2_depth": 0, "r_mono": 1}, "log1pCPM": {"cov_gene": 2.590472309502871, "cov_cell": 0.5390855096381576, "r2_depth": 0.48774383673446997, "r_mono": 1}, "log1pCP10k": {"cov_gene": 3.6021246519115566, "cov_cell": 0.35491548500588543, "r2_depth": 0.09371424847231269, "r_mono": 1}, "sqrt": {"cov_gene": 34.960792378646744, "cov_cell": 0.8253767122605429, "r2_depth": 0.7542160412160668, "r_mono": 1}, "density": 0.022271382771513075}