{"raw": {"cov_gene": 103.02616669777325, "r2_depth": 1.0, "r_mono": 1.0, "cov_cell": 1.137372643203305}, "PF": {"cov_gene": 107.61080587691364, "r2_depth": 0, "r_mono": 1.0, "cov_cell": 1.3220341389691418e-14}, "sqrt": {"cov_gene": 23.14396848049511, "r2_depth": 0.7540343930180902, "r_mono": 1.0, "cov_cell": 0.8251467821407876}, "log1p": {"cov_gene": 3.087289732592781, "r2_depth": 0.73223943415507, "r_mono": 1.0, "cov_cell": 0.8180451007835174}, "log1pCP10k": {"cov_gene": 2.2667055044022195, "r2_depth": 0.09362041702324109, "r_mono": 1.0, "cov_cell": 0.35490420764661124}, "log1pCPM": {"cov_gene": 1.5461043473694234, "r2_depth": 0.48730804528887783, "r_mono": 1.0, "cov_cell": 0.5388045941738796}, "scalelog1pCP10k": {"cov_gene": 9.908860554718605e-14, "r2_depth": 0.1398893169222719, "r_mono": 0.33383300504378594, "cov_cell": null}, "sctransform": {"cov_gene": 0.806984911851734, "r2_depth": 0.17233781143348426, "r_mono": 0.2572958246543007, "cov_cell": null}, "log1pPF": {"cov_gene": 2.7578697553192626, "r2_depth": 0.04161356481115952, "r_mono": 1.0, "cov_cell": 0.3309595665059755}, "PFlog1pPF": {"cov_gene": 16.660513545454858, "r2_depth": 0, "r_mono": 1.0, "cov_cell": 1.1086443191075555e-14}, "ncells": 6992, "ngenes": 26554, "avg_per_cell": 5193.16, "avg_per_gene": 1367.42, "min_cell": 302.0, "max_cell": 72244.0, "overdispersion": 9.16, "total_count": 36310556, "nvals": 9424762, "density": 0.05076203467085507}