{
    "raw": {
        "cov_gene": 9.836313120517033,
        "r2_depth": 1.0,
        "r_mono": 1.0
    },
    "PF": {
        "cov_gene": 8.199984766952277,
        "r2_depth": 0,
        "r_mono": 1.0
    },
    "sqrt": {
        "cov_gene": 1.571341473221417,
        "r2_depth": 0.7297819129518972,
        "r_mono": 1.0
    },
    "log1p": {
        "cov_gene": 1.1905420558886326,
        "r2_depth": 0.6891738179244198,
        "r_mono": 1.0
    },
    "log1pCP10k": {
        "cov_gene": 0.5727125501101016,
        "r2_depth": 0.3894375524012552,
        "r_mono": 1.0
    },
    "log1pCPM": {
        "cov_gene": 0.5315937187334913,
        "r2_depth": 0.46438558298522303,
        "r_mono": 1.0
    },
    "scalelog1pCP10k": {
        "cov_gene": 1.239027069437378e-15,
        "r2_depth": 0.39496282464005494,
        "r_mono": 0.6044304386314444
    },
    "sctransform": {
        "cov_gene": 0.3237221103701939,
        "r2_depth": 0.006564763025099674,
        "r_mono": 0.4717428167974608
    },
    "log1pPF": {
        "cov_gene": 1.1168922788713405,
        "r2_depth": 0.06663062043632662,
        "r_mono": 1.0
    },
    "PFlog1pPF": {
        "cov_gene": 1.346701021493028,
        "r2_depth": 0,
        "r_mono": 1.0
    },
    "ncells": 79,
    "ngenes": 335,
    "avg_per_cell": 139.51,
    "avg_per_gene": 32.9,
    "min_cell": 41.0,
    "max_cell": 348.0,
    "overdispersion": 0.57
}