{
  "ncells": 77083,
  "ngenes": 60623,
  "nvals": 20464392,
  "density": 0.004379281005034829,
  "total_counts": 79070789,
  "overdispersion": 29.5019283235428,
  "avg_per_cell": 1025.7876444871113,
  "avg_per_gene": 1304.303465681342,
  "max_cell": 94061,
  "min_cell": 11,
  "raw": {
    "cov_gene": 50.663936180895774,
    "cov_cell": 4.518857546913855,
    "r2_depth": 1,
    "r_mono": 1
  },
  "PF": {
    "cov_gene": 11.913441821786408,
    "cov_cell": 9.555101604069772e-15,
    "r2_depth": 0,
    "r_mono": 1
  },
  "sqrt": {
    "cov_gene": 10.58311188883025,
    "cov_cell": 3.9614101125737298,
    "r2_depth": 0.9632465280329413,
    "r_mono": 1
  },
  "log1p": {
    "cov_gene": 6.247013340814878,
    "cov_cell": 3.957537380133932,
    "r2_depth": 0.9582056701779265,
    "r_mono": 1
  },
  "log1pCP10k": {
    "cov_gene": 8.109470953142912,
    "cov_cell": 2.054262439940434,
    "r2_depth": 0.7589747313465056,
    "r_mono": 1
  },
  "log1pCPM": {
    "cov_gene": 4.651344960463657,
    "cov_cell": 3.1382414509057592,
    "r2_depth": 0.8708610144774087,
    "r_mono": 1
  },
  "log1pPF": {
    "cov_gene": 9.115537955019526,
    "cov_cell": 0.993644313645582,
    "r2_depth": 0.669631761373632,
    "r_mono": 1
  },
  "PFlog1pPF": {
    "cov_gene": 9.11869051096143,
    "cov_cell": 7.112087683678878e-15,
    "r2_depth": 0,
    "r_mono": 1
  }
}
