{
  "ncells": 10255,
  "ngenes": 26492,
  "nvals": 15254367,
  "density": 0.05614922672809682,
  "total_counts": 54123338,
  "overdispersion": 2.7952747896967476,
  "avg_per_cell": 5277.751145782545,
  "avg_per_gene": 2043.0068699984902,
  "max_cell": 49127,
  "min_cell": 65,
  "raw": {
    "cov_gene": 80.7563476619388,
    "cov_cell": 0.9330630251224795,
    "r2_depth": 1,
    "r_mono": 1
  },
  "PF": {
    "cov_gene": 54.943445076192,
    "cov_cell": 1.938084575071952e-14,
    "r2_depth": 0,
    "r_mono": 1
  },
  "sqrt": {
    "cov_gene": 10.469265061361417,
    "cov_cell": 0.7897375307064299,
    "r2_depth": 0.9262406146578789,
    "r_mono": 1
  },
  "log1p": {
    "cov_gene": 3.5318775836907856,
    "cov_cell": 0.7868503470514412,
    "r2_depth": 0.9178819302988264,
    "r_mono": 1
  },
  "log1pCP10k": {
    "cov_gene": 2.8802862844438906,
    "cov_cell": 0.4971105824246501,
    "r2_depth": 0.5650910793276529,
    "r_mono": 1
  },
  "log1pCPM": {
    "cov_gene": 1.6843561553033723,
    "cov_cell": 0.6476449421729908,
    "r2_depth": 0.8077490268952878,
    "r_mono": 1
  },
  "scalelog1pCP10k": {
    "cov_gene": 1.4726695617760448e-13,
    "cov_cell": null,
    "r2_depth": 0.550361025761452,
    "r_mono": 0.3413916609922588
  },
  "sctransform": {
    "cov_gene": 5.900485638875552,
    "cov_cell": null,
    "r2_depth": 0.47101412915985064,
    "r_mono": 0.21691433092569626
  },
  "log1pPF": {
    "cov_gene": 3.50395796646605,
    "cov_cell": 0.4609042445073293,
    "r2_depth": 0.5004154340241791,
    "r_mono": 1
  },
  "PFlog1pPF": {
    "cov_gene": 9.217461968436378,
    "cov_cell": 1.578209811458522e-14,
    "r2_depth": 0,
    "r_mono": 1
  }
}
