{"ncells": 1322, "ngenes": 60623, "nvals": 4547992, "avg_per_cell": 11352.744326777609, "avg_per_gene": 247.568216683437, "min_cell": 1420, "max_cell": 128348, "total_count": 15008328, "overdispersion": 0.5534769952034447, "raw": {"cov_gene": 71.83857187101576, "cov_cell": 0.7835850252663695, "r2_depth": 1.0, "r_mono": 1}, "PF": {"cov_gene": 130.1212542625239, "cov_cell": 3.418125373450271e-14, "r2_depth": 0, "r_mono": 1}, "log1p": {"cov_gene": 2.9709944888613857, "cov_cell": 0.5553385555414955, "r2_depth": 0.9234187203716593, "r_mono": 1}, "log1pPF": {"cov_gene": 2.615154391499403, "cov_cell": 0.19048375395265355, "r2_depth": 0.4817477800509653, "r_mono": 1}, "PFlog1pPF": {"cov_gene": 4.382550506337507, "cov_cell": 3.4121507589212583e-14, "r2_depth": 0, "r_mono": 1}, "log1pCPM": {"cov_gene": 1.9934734961832363, "cov_cell": 0.3591386189842069, "r2_depth": 0.7499489467097018, "r_mono": 1}, "log1pCP10k": {"cov_gene": 2.675649938043713, "cov_cell": 0.18358926210508034, "r2_depth": 0.4685029120007569, "r_mono": 1}, "sqrt": {"cov_gene": 5.236593861320121, "cov_cell": 0.5594377307680839, "r2_depth": 0.9341479388306233, "r_mono": 1}, "density": 0.05674803302461833}