{"raw": {"cov_gene": 46.13717163512305, "r2_depth": 1.0, "r_mono": 1.0, "cov_cell": 0.7837052842009378}, "PF": {"cov_gene": 83.68184613072678, "r2_depth": 0, "r_mono": 1.0, "cov_cell": 3.5071812670871646e-14}, "sqrt": {"cov_gene": 3.284585634318798, "r2_depth": 0.9336661525629013, "r_mono": 1.0, "cov_cell": 0.5592188593407575}, "log1p": {"cov_gene": 1.7538999740466652, "r2_depth": 0.9228755633254323, "r_mono": 1.0, "cov_cell": 0.5551312572620052}, "log1pCP10k": {"cov_gene": 1.5447831560436887, "r2_depth": 0.4686562649952468, "r_mono": 1.0, "cov_cell": 0.18382754292866635}, "log1pCPM": {"cov_gene": 1.0358188094388363, "r2_depth": 0.7487636759022158, "r_mono": 1.0, "cov_cell": 0.35897282149689563}, "scalelog1pCP10k": {"cov_gene": 1.81077620621891e-14, "r2_depth": 0.3675852002481461, "r_mono": 0.5161202492174896, "cov_cell": null}, "sctransform": {"cov_gene": 0.6082150604836308, "r2_depth": 0.5166897715285244, "r_mono": 0.2421585813242892, "cov_cell": null}, "log1pPF": {"cov_gene": 1.5017888389530791, "r2_depth": 0.48173695321708965, "r_mono": 1.0, "cov_cell": 0.1906510648859276}, "PFlog1pPF": {"cov_gene": 2.7877855025861917, "r2_depth": 0, "r_mono": 1.0, "cov_cell": 2.8728976409552054e-14}, "ncells": 1322, "ngenes": 25009, "avg_per_cell": 11339.21, "avg_per_gene": 599.4, "min_cell": 1417.0, "max_cell": 128196.0, "overdispersion": 0.55, "total_count": 14990440, "nvals": 4531330, "density": 0.13705595486381333}