{
    "raw": {
        "cov_gene": 64.332017467138,
        "r2_depth": 1.0,
        "r_mono": 1.0
    },
    "PF": {
        "cov_gene": 60.098571526338446,
        "r2_depth": 0,
        "r_mono": 1.0
    },
    "sqrt": {
        "cov_gene": 5.4911244299128885,
        "r2_depth": 0.9366966750359735,
        "r_mono": 1.0
    },
    "log1p": {
        "cov_gene": 2.3764547450559887,
        "r2_depth": 0.9297497335674625,
        "r_mono": 1.0
    },
    "log1pCP10k": {
        "cov_gene": 2.0426493799728553,
        "r2_depth": 0.6165335788581376,
        "r_mono": 1.0
    },
    "log1pCPM": {
        "cov_gene": 1.223807146662637,
        "r2_depth": 0.8262835961931633,
        "r_mono": 1.0
    },
    "scalelog1pCP10k": {
        "cov_gene": 2.0542437329657267e-14,
        "r2_depth": 0.538165106562135,
        "r_mono": 0.41951602234379043
    },
    "sctransform": {
        "cov_gene": 0.5275627843632353,
        "r2_depth": 0.6507646507541383,
        "r_mono": 0.23532569579535872
    },
    "log1pPF": {
        "cov_gene": 2.181035421272621,
        "r2_depth": 0.5912017987263565,
        "r_mono": 1.0
    },
    "PFlog1pPF": {
        "cov_gene": 5.832883056129781,
        "r2_depth": 0,
        "r_mono": 1.0
    },
    "ncells": "1396",
    "ngenes": 22167,
    "avg_per_cell": "7518.81",
    "avg_per_gene": "473.51",
    "min_cell": "350",
    "max_cell": "40821",
    "overdispersion": "1.38"
}