{"ncells": 1396, "ngenes": 60623, "nvals": 2868858, "avg_per_cell": 7533.335959885387, "avg_per_gene": 173.47437441235175, "min_cell": 351, "max_cell": 40880, "total_count": 10516537, "overdispersion": 1.3831777691943983, "raw": {"cov_gene": 106.39247566932382, "cov_cell": 1.0175032242787365, "r2_depth": 1.0, "r_mono": 1}, "PF": {"cov_gene": 99.43000162690153, "cov_cell": 2.5965561716265005e-14, "r2_depth": 0, "r_mono": 1}, "log1p": {"cov_gene": 4.129215066521647, "cov_cell": 0.8795667764717348, "r2_depth": 0.9300127749886541, "r_mono": 1}, "log1pPF": {"cov_gene": 3.8257448111322154, "cov_cell": 0.46240005047528415, "r2_depth": 0.5910571377154237, "r_mono": 1}, "PFlog1pPF": {"cov_gene": 9.68361230035133, "cov_cell": 2.2340648051591837e-14, "r2_depth": 0, "r_mono": 1}, "log1pCPM": {"cov_gene": 2.3956644077039693, "cov_cell": 0.7001853543488277, "r2_depth": 0.826764518048669, "r_mono": 1}, "log1pCP10k": {"cov_gene": 3.6125715697321144, "cov_cell": 0.48673743138548126, "r2_depth": 0.6162700556943208, "r_mono": 1}, "sqrt": {"cov_gene": 9.145877752005516, "cov_cell": 0.8830549353002766, "r2_depth": 0.9369079928802059, "r_mono": 1}, "density": 0.03389894716403843}