{
  "ncells": 7998,
  "ngenes": 24916,
  "nvals": 14073330,
  "density": 0.07062153441715703,
  "total_counts": 42381080,
  "overdispersion": 0.4752551644129253,
  "avg_per_cell": 5298.959739934984,
  "avg_per_gene": 1700.9584202921817,
  "max_cell": 56304,
  "min_cell": 2386,
  "raw": {
    "cov_gene": 51.7846127804902,
    "cov_cell": 0.5561991513871526,
    "r2_depth": 1,
    "r_mono": 1
  },
  "PF": {
    "cov_gene": 47.80649123826092,
    "cov_cell": 1.8773901463862105e-14,
    "r2_depth": 0,
    "r_mono": 1
  },
  "sqrt": {
    "cov_gene": 3.570729798000312,
    "cov_cell": 0.4073997090552717,
    "r2_depth": 0.9610250174482067,
    "r_mono": 1
  },
  "log1p": {
    "cov_gene": 2.168296372240758,
    "cov_cell": 0.4050114470793425,
    "r2_depth": 0.9558019153349718,
    "r_mono": 1
  },
  "log1pCP10k": {
    "cov_gene": 1.8706667433636317,
    "cov_cell": 0.12642841897403073,
    "r2_depth": 0.5912016873761613,
    "r_mono": 1
  },
  "log1pCPM": {
    "cov_gene": 1.499529684522449,
    "cov_cell": 0.26227918805574074,
    "r2_depth": 0.8456077346052249,
    "r_mono": 1
  },
  "scalelog1pCP10k": {
    "cov_gene": 1.101267504980315e-13,
    "cov_cell": null,
    "r2_depth": 0.4788295681506951,
    "r_mono": 0.38795042744315683
  },
  "sctransform": {
    "cov_gene": 1.196620312802441,
    "cov_cell": null,
    "r2_depth": 0.0006061232932195182,
    "r_mono": 0.2639635340438845
  },
  "log1pPF": {
    "cov_gene": 2.1236080315558468,
    "cov_cell": 0.10269101714354571,
    "r2_depth": 0.4933312977117087,
    "r_mono": 1
  },
  "PFlog1pPF": {
    "cov_gene": 2.2242873490773305,
    "cov_cell": 1.9075776597943868e-14,
    "r2_depth": 0,
    "r_mono": 1
  }
}
