{
  "ncells": 2515,
  "ngenes": 25736,
  "nvals": 5930864,
  "density": 0.0916302619471236,
  "total_counts": 25113305,
  "overdispersion": 1.55,
  "avg_per_cell": 9985.41,
  "avg_per_gene": 975.8,
  "max_cell": 66568,
  "min_cell": 194,
  "raw": {
    "cov_gene": 69.96387557343208,
    "r2_depth": 1,
    "r_mono": 1,
    "cov_cell": 1.1281081254247614
  },
  "PF": {
    "cov_gene": 66.92865811331214,
    "r2_depth": 0,
    "r_mono": 1,
    "cov_cell": 4.198797646427925e-14
  },
  "sqrt": {
    "cov_gene": 10.234345318072302,
    "r2_depth": 0.9700925524680175,
    "r_mono": 1,
    "cov_cell": 0.9933554132553827
  },
  "log1p": {
    "cov_gene": 3.010446677172328,
    "r2_depth": 0.9658978853092708,
    "r_mono": 1,
    "cov_cell": 0.990770934209353
  },
  "log1pCP10k": {
    "cov_gene": 3.038526257754479,
    "r2_depth": 0.7170426851583811,
    "r_mono": 1,
    "cov_cell": 0.5459524668763152
  },
  "log1pCPM": {
    "cov_gene": 1.3930395070504513,
    "r2_depth": 0.8849666570870062,
    "r_mono": 1,
    "cov_cell": 0.8145192572330259
  },
  "scalelog1pCP10k": {
    "cov_gene": 3.780950560369059e-14,
    "r2_depth": 0.6812726092496918,
    "r_mono": 0.39777569199502855,
    "cov_cell": null
  },
  "sctransform": {
    "cov_gene": 0.7640625320284561,
    "r2_depth": 0.7224952283249548,
    "r_mono": 0.23466258512312027,
    "cov_cell": null
  },
  "log1pPF": {
    "cov_gene": 3.0397599821759536,
    "r2_depth": 0.716946112377425,
    "r_mono": 1,
    "cov_cell": 0.5457946245108818
  },
  "PFlog1pPF": {
    "cov_gene": 5.882445789092736,
    "r2_depth": 0,
    "r_mono": 1,
    "cov_cell": 2.916184267527388e-14
  }
}
