{"raw": {"cov_gene": 20.58133990275318, "r2_depth": 1.0, "r_mono": 1.0, "cov_cell": 1.009868931039072}, "PF": {"cov_gene": 17.871226514120288, "r2_depth": 0, "r_mono": 1.0, "cov_cell": 1.6356832415529873e-15}, "sqrt": {"cov_gene": 5.302532255395672, "r2_depth": 0.9552383761548745, "r_mono": 1.0, "cov_cell": 1.0216328558565917}, "log1p": {"cov_gene": 4.615344001767763, "r2_depth": 0.9518583054442946, "r_mono": 1.0, "cov_cell": 1.0308933794751551}, "log1pCP10k": {"cov_gene": 2.468137480560791, "r2_depth": 0.8704581828650929, "r_mono": 1.0, "cov_cell": 0.7487632883493538}, "log1pCPM": {"cov_gene": 2.19265907358697, "r2_depth": 0.9127861909172301, "r_mono": 1.0, "cov_cell": 0.8830232474108606}, "scalelog1pCP10k": {"cov_gene": 9.311333297763479e-14, "r2_depth": 0.8274833704910121, "r_mono": 0.13592813092930087, "cov_cell": null}, "sctransform": {"cov_gene": 0.7804978521692969, "r2_depth": 0.01110120920318236, "r_mono": 0.1273890038613324, "cov_cell": null}, "log1pPF": {"cov_gene": 5.092380092443764, "r2_depth": 0.4964909760969841, "r_mono": 1.0, "cov_cell": 0.34959008579754464}, "PFlog1pPF": {"cov_gene": 10.8310200591923, "r2_depth": 0, "r_mono": 1.0, "cov_cell": 1.2981258751584017e-15}, "ncells": 6117, "ngenes": 9831, "avg_per_cell": 120.14, "avg_per_gene": 74.75, "min_cell": 14.0, "max_cell": 1308.0, "overdispersion": 8.06, "total_count": 734872, "nvals": 454654, "sparsity": 0.007560401153866869}