{"ncells": 6117, "ngenes": 60623, "nvals": 471203, "avg_per_cell": 122.92725192087624, "avg_per_gene": 12.403642182010127, "min_cell": 16, "max_cell": 1337, "total_count": 751946, "overdispersion": 8.057807555800437, "raw": {"cov_gene": 51.04498925537886, "cov_cell": 1.0116721591743922, "r2_depth": 1.0, "r_mono": 1}, "PF": {"cov_gene": 44.560734996745694, "cov_cell": 1.3779427209364463e-15, "r2_depth": 0, "r_mono": 1}, "log1p": {"cov_gene": 11.393284376609135, "cov_cell": 1.0346990418951474, "r2_depth": 0.953627857558027, "r_mono": 1}, "log1pPF": {"cov_gene": 12.569234544550364, "cov_cell": 0.3499719847212735, "r2_depth": 0.5010480700954418, "r_mono": 1}, "PFlog1pPF": {"cov_gene": 27.0927053134733, "cov_cell": 1.4145347524835663e-15, "r2_depth": 0, "r_mono": 1}, "log1pCPM": {"cov_gene": 5.6882972896504365, "cov_cell": 0.8865230689167503, "r2_depth": 0.9156174914689629, "r_mono": 1}, "log1pCP10k": {"cov_gene": 6.323204574974839, "cov_cell": 0.7504832890327165, "r2_depth": 0.8733146538702816, "r_mono": 1}, "sqrt": {"cov_gene": 13.029528959775988, "cov_cell": 1.0256253704041396, "r2_depth": 0.9567731582290541, "r_mono": 1}, "density": 0.0012706681439869582}