{
  "ncells": 3480,
  "ngenes": 20959,
  "nvals": 4133509,
  "density": 0.056672071307253956,
  "total_counts": 12137040,
  "overdispersion": 0.2,
  "avg_per_cell": 3487.66,
  "avg_per_gene": 579.08,
  "max_cell": 23199,
  "min_cell": 358,
  "raw": {
    "cov_gene": 37.42210525460807,
    "r2_depth": 1,
    "r_mono": 1,
    "cov_cell": 0.41920375364254386
  },
  "PF": {
    "cov_gene": 91.47856062120145,
    "r2_depth": 0,
    "r_mono": 1,
    "cov_cell": 1.6945446864080742e-14
  },
  "sqrt": {
    "cov_gene": 3.050878453996921,
    "r2_depth": 0.8875279567518006,
    "r_mono": 1,
    "cov_cell": 0.3233221835646049
  },
  "log1p": {
    "cov_gene": 2.177822862457253,
    "r2_depth": 0.8621720718772392,
    "r_mono": 1,
    "cov_cell": 0.31968813200059665
  },
  "log1pCP10k": {
    "cov_gene": 1.648923143277735,
    "r2_depth": 0.31545211560040787,
    "r_mono": 1,
    "cov_cell": 0.17313152117428268
  },
  "log1pCPM": {
    "cov_gene": 1.3752827863806605,
    "r2_depth": 0.6644562541590306,
    "r_mono": 1,
    "cov_cell": 0.24756393296629153
  },
  "scalelog1pCP10k": {
    "cov_gene": 4.864090806173037e-14,
    "r2_depth": 0.29663694949670294,
    "r_mono": 0.3642485569170643,
    "cov_cell": null
  },
  "sctransform": {
    "cov_gene": 0.5447486548226008,
    "r2_depth": 0.16146738017267692,
    "r_mono": 0.2926462282811437,
    "cov_cell": null
  },
  "log1pPF": {
    "cov_gene": 2.03828913615985,
    "r2_depth": 0.16541753566367123,
    "r_mono": 1,
    "cov_cell": 0.1498419903629344
  },
  "PFlog1pPF": {
    "cov_gene": 18.695383502864388,
    "r2_depth": 0,
    "r_mono": 1,
    "cov_cell": 1.3177512622680165e-14
  }
}
