{
    "raw": {
        "cov_gene": 34.0291912802851,
        "r2_depth": 1.0,
        "r_mono": 1.0
    },
    "PF": {
        "cov_gene": 46.186362557322575,
        "r2_depth": 0,
        "r_mono": 1.0
    },
    "sqrt": {
        "cov_gene": 5.067431492923461,
        "r2_depth": 0.9513234230464578,
        "r_mono": 1.0
    },
    "log1p": {
        "cov_gene": 1.3651594284253137,
        "r2_depth": 0.9448078026773756,
        "r_mono": 1.0
    },
    "log1pCP10k": {
        "cov_gene": 1.0937867338082732,
        "r2_depth": 0.56654233310879,
        "r_mono": 1.0
    },
    "log1pCPM": {
        "cov_gene": 0.4872435973649684,
        "r2_depth": 0.787456484202344,
        "r_mono": 1.0
    },
    "scalelog1pCP10k": {
        "cov_gene": 5.574582800171336e-16,
        "r2_depth": 0.6153404104513325,
        "r_mono": 0.53371952208481
    },
    "sctransform": {
        "cov_gene": 0.33502835279304594,
        "r2_depth": 0.08682270815426074,
        "r_mono": 0.49962505477816654
    },
    "log1pPF": {
        "cov_gene": 1.4163335183977184,
        "r2_depth": 0.4857995974555742,
        "r_mono": 1.0
    },
    "PFlog1pPF": {
        "cov_gene": 13.925422150373661,
        "r2_depth": 0,
        "r_mono": 1.0
    },
    "ncells": 40,
    "ngenes": 4499,
    "avg_per_cell": 4416.98,
    "avg_per_gene": 39.27,
    "min_cell": 720.0,
    "max_cell": 22366.0,
    "overdispersion": 0.86
}