{"ncells": 7621, "ngenes": 60623, "nvals": 19047167, "avg_per_cell": 8316.77771945939, "avg_per_gene": 1045.5134684855582, "min_cell": 228, "max_cell": 35218, "total_count": 63382163, "overdispersion": 0.4828347404821803, "raw": {"cov_gene": 52.75664232965129, "cov_cell": 0.5843184430582036, "r2_depth": 1.0, "r_mono": 1}, "PF": {"cov_gene": 67.24945864170209, "cov_cell": 2.8767447535691364e-14, "r2_depth": 0, "r_mono": 1}, "log1p": {"cov_gene": 3.569629930022371, "cov_cell": 0.4944814980021817, "r2_depth": 0.9602424710834878, "r_mono": 1}, "log1pPF": {"cov_gene": 3.229685161093912, "cov_cell": 0.27933608112916714, "r2_depth": 0.617283565242057, "r_mono": 1}, "PFlog1pPF": {"cov_gene": 7.3942520467030945, "cov_cell": 2.1768609997251002e-14, "r2_depth": 0, "r_mono": 1}, "log1pCPM": {"cov_gene": 2.2658552468286994, "cov_cell": 0.4025899308656641, "r2_depth": 0.8670850511146664, "r_mono": 1}, "log1pCP10k": {"cov_gene": 3.0974802507505808, "cov_cell": 0.28773555114192423, "r2_depth": 0.6349183048893268, "r_mono": 1}, "sqrt": {"cov_gene": 6.476099276849672, "cov_cell": 0.49634032022110114, "r2_depth": 0.965148925442881, "r_mono": 1}, "density": 0.041226930753473744}