{"raw": {"cov_gene": 35.88373444435746, "r2_depth": 1.0, "r_mono": 1.0, "cov_cell": 0.5843153961863462}, "PF": {"cov_gene": 45.72598955013678, "r2_depth": 0, "r_mono": 1.0, "cov_cell": 3.918403036188926e-14}, "sqrt": {"cov_gene": 4.347285356882392, "r2_depth": 0.9651043946531449, "r_mono": 1.0, "cov_cell": 0.49629583387582304}, "log1p": {"cov_gene": 2.317000527512911, "r2_depth": 0.9601921257422142, "r_mono": 1.0, "cov_cell": 0.4944363970978035}, "log1pCP10k": {"cov_gene": 1.977384771385011, "r2_depth": 0.6349134070082123, "r_mono": 1.0, "cov_cell": 0.28773440776301734}, "log1pCPM": {"cov_gene": 1.3583813559835958, "r2_depth": 0.8669552550424513, "r_mono": 1.0, "cov_cell": 0.4025421127171561}, "scalelog1pCP10k": {"cov_gene": 1.0546145085657999e-13, "r2_depth": 0.605736512710255, "r_mono": 0.42809622185889423, "cov_cell": null}, "sctransform": {"cov_gene": 0.6147026274028442, "r2_depth": 0.6285047530478962, "r_mono": 0.24445662885699426, "cov_cell": null}, "log1pPF": {"cov_gene": 2.073147302215585, "r2_depth": 0.6172643517080463, "r_mono": 1.0, "cov_cell": 0.2793251194826034}, "PFlog1pPF": {"cov_gene": 4.977773567756496, "r2_depth": 0, "r_mono": 1.0, "cov_cell": 2.4200365964366983e-14}, "ncells": 7621, "ngenes": 28057, "avg_per_cell": 8314.74, "avg_per_gene": 2258.5, "min_cell": 228.0, "max_cell": 35207.0, "overdispersion": 0.48, "total_count": 63366671, "nvals": 19032232, "sparsity": 0.0890095343940981}