{"raw": {"cov_gene": 35.88373444435746, "r2_depth": 1.0, "r_mono": 1.0}, "PF": {"cov_gene": 45.72598955013678, "r2_depth": 0, "r_mono": 1.0}, "sqrt": {"cov_gene": 4.347285356882392, "r2_depth": 0.9651043946531449, "r_mono": 1.0}, "log1p": {"cov_gene": 2.317000527512911, "r2_depth": 0.9601921257422142, "r_mono": 1.0}, "log1pCP10k": {"cov_gene": 1.977384771385011, "r2_depth": 0.6349134070082123, "r_mono": 1.0}, "log1pCPM": {"cov_gene": 1.3583813559835958, "r2_depth": 0.8669552550424513, "r_mono": 1.0}, "scalelog1pCP10k": {"cov_gene": 1.0546145085657999e-13, "r2_depth": 0.605736512710255, "r_mono": 0.42809622185889423}, "sctransform": {"cov_gene": 0.6147026274028442, "r2_depth": 0.6285047530478962, "r_mono": 0.24445662885699426}, "log1pPF": {"cov_gene": 2.073147302215585, "r2_depth": 0.6172643517080463, "r_mono": 1.0}, "PFlog1pPF": {"cov_gene": 4.977773567756496, "r2_depth": 0, "r_mono": 1.0}}