{
  "ncells": 12668,
  "ngenes": 20161,
  "nvals": 3565342,
  "density": 0.013959860257857622,
  "total_counts": 14021336,
  "overdispersion": 9.140721602802397,
  "avg_per_cell": 1106.8310704136406,
  "avg_per_gene": 695.468280343237,
  "max_cell": 32532,
  "min_cell": 57,
  "raw": {
    "cov_gene": 113.5466202626674,
    "cov_cell": 1.8749367841411124,
    "r2_depth": 1,
    "r_mono": 1
  },
  "PF": {
    "cov_gene": 118.30691868970356,
    "cov_cell": 4.866806760752168e-15,
    "r2_depth": 0,
    "r_mono": 1
  },
  "sqrt": {
    "cov_gene": 31.69580643714588,
    "cov_cell": 1.6723530022408826,
    "r2_depth": 0.6693772219190961,
    "r_mono": 1
  },
  "log1p": {
    "cov_gene": 6.160146911768712,
    "cov_cell": 1.693197797163409,
    "r2_depth": 0.6388279713385061,
    "r_mono": 1
  },
  "log1pCP10k": {
    "cov_gene": 4.12363603774125,
    "cov_cell": 1.084313345529816,
    "r2_depth": 0.3060275436887143,
    "r_mono": 1
  },
  "log1pCPM": {
    "cov_gene": 2.6694284478343553,
    "cov_cell": 1.3462229896848614,
    "r2_depth": 0.5088977217745718,
    "r_mono": 1
  },
  "scalelog1pCP10k": {
    "cov_gene": 1.8772040425013685e-13,
    "cov_cell": null,
    "r2_depth": 0.3332469309072087,
    "r_mono": 0.15354102567345804
  },
  "sctransform": {
    "cov_gene": 1.6990184749729482,
    "cov_cell": null,
    "r2_depth": 0.09079945486021124,
    "r_mono": 0.13336687443123993
  },
  "log1pPF": {
    "cov_gene": 6.850022499312411,
    "cov_cell": 0.8417578809025521,
    "r2_depth": 0.1564838972758561,
    "r_mono": 1
  },
  "PFlog1pPF": {
    "cov_gene": 30.433397497750857,
    "cov_cell": 5.6891640861060204e-15,
    "r2_depth": 0,
    "r_mono": 1
  }
}
