{
  "ncells": 6799,
  "ngenes": 26730,
  "nvals": 10674190,
  "density": 0.058734182592266294,
  "total_counts": 33938069,
  "overdispersion": 0.9494133325241648,
  "avg_per_cell": 4991.6265627298135,
  "avg_per_gene": 1269.6621399176954,
  "max_cell": 45712,
  "min_cell": 60,
  "raw": {
    "cov_gene": 62.70846778353753,
    "cov_cell": 0.9721937565867078,
    "r2_depth": 1,
    "r_mono": 1
  },
  "PF": {
    "cov_gene": 28.615798172059392,
    "cov_cell": 1.7195586324454913e-14,
    "r2_depth": 0,
    "r_mono": 1
  },
  "sqrt": {
    "cov_gene": 6.228061241167697,
    "cov_cell": 0.8770746330504053,
    "r2_depth": 0.9766848353334154,
    "r_mono": 1
  },
  "log1p": {
    "cov_gene": 3.347045099305731,
    "cov_cell": 0.8761274583170626,
    "r2_depth": 0.9742020481864335,
    "r_mono": 1
  },
  "log1pCP10k": {
    "cov_gene": 2.8600118522902997,
    "cov_cell": 0.6156812697174898,
    "r2_depth": 0.7572641730379528,
    "r_mono": 1
  },
  "log1pCPM": {
    "cov_gene": 1.598366247662238,
    "cov_cell": 0.7579497299300988,
    "r2_depth": 0.9053008644435218,
    "r_mono": 1
  },
  "scalelog1pCP10k": {
    "cov_gene": 9.662810447429795e-14,
    "cov_cell": null,
    "r2_depth": 0.7763885944923063,
    "r_mono": 0.34075488421884104
  },
  "sctransform": {
    "cov_gene": 1.1665245807672942,
    "cov_cell": null,
    "r2_depth": 0.648053447270962,
    "r_mono": 0.1970174841886293
  },
  "log1pPF": {
    "cov_gene": 3.47254709711043,
    "cov_cell": 0.5696319590434331,
    "r2_depth": 0.7171981338489273,
    "r_mono": 1
  },
  "PFlog1pPF": {
    "cov_gene": 6.097056788416947,
    "cov_cell": 1.6222081805098746e-14,
    "r2_depth": 0,
    "r_mono": 1
  }
}
