{
    "raw": {
        "cov_gene": 40.133678206692075,
        "r2_depth": 1.0,
        "r_mono": 1.0
    },
    "PF": {
        "cov_gene": 55.38515083231799,
        "r2_depth": 0,
        "r_mono": 1.0
    },
    "sqrt": {
        "cov_gene": 8.052940175964123,
        "r2_depth": 0.9460739052343936,
        "r_mono": 1.0
    },
    "log1p": {
        "cov_gene": 3.0568744509775745,
        "r2_depth": 0.9359038905653523,
        "r_mono": 1.0
    },
    "log1pCP10k": {
        "cov_gene": 2.6605002166929337,
        "r2_depth": 0.6403673853025427,
        "r_mono": 1.0
    },
    "log1pCPM": {
        "cov_gene": 1.6743719458404396,
        "r2_depth": 0.8238955510737153,
        "r_mono": 1.0
    },
    "scalelog1pCP10k": {
        "cov_gene": 1.814857406241627e-13,
        "r2_depth": 0.5652181414926669,
        "r_mono": 0.35045582226154076
    },
    "sctransform": {
        "cov_gene": 0.6679458430358057,
        "r2_depth": 0.6494083970749323,
        "r_mono": 0.1710780783852902
    },
    "log1pPF": {
        "cov_gene": 2.716373025872847,
        "r2_depth": 0.6308520302611575,
        "r_mono": 1.0
    },
    "PFlog1pPF": {
        "cov_gene": 3.3073902663373134,
        "r2_depth": 0,
        "r_mono": 1.0
    },
    "ncells": "12351",
    "ngenes": 28728,
    "avg_per_cell": "8695.48",
    "avg_per_gene": "3738.44",
    "min_cell": "627",
    "max_cell": "87047",
    "overdispersion": "2.59"
}