{"raw": {"cov_gene": 40.133678206692075, "r2_depth": 1.0, "r_mono": 1.0, "cov_cell": 1.3166385036467392}, "PF": {"cov_gene": 55.38515083231799, "r2_depth": 0, "r_mono": 1.0, "cov_cell": 3.121749721668599e-14}, "sqrt": {"cov_gene": 8.052940175964123, "r2_depth": 0.9460739052343936, "r_mono": 1.0, "cov_cell": 1.0460426870428625}, "log1p": {"cov_gene": 3.0568744509775745, "r2_depth": 0.9359038905653523, "r_mono": 1.0, "cov_cell": 1.0339656531240466}, "log1pCP10k": {"cov_gene": 2.6605002166929337, "r2_depth": 0.6403673853025427, "r_mono": 1.0, "cov_cell": 0.4016163881563036}, "log1pCPM": {"cov_gene": 1.6743719458404396, "r2_depth": 0.8238955510737153, "r_mono": 1.0, "cov_cell": 0.7543511251743769}, "scalelog1pCP10k": {"cov_gene": 1.814857406241627e-13, "r2_depth": 0.5652181414926669, "r_mono": 0.35045582226154076, "cov_cell": null}, "sctransform": {"cov_gene": 0.6679458430358057, "r2_depth": 0.6494083970749323, "r_mono": 0.1710780783852902, "cov_cell": null}, "log1pPF": {"cov_gene": 2.716373025872847, "r2_depth": 0.6308520302611575, "r_mono": 1.0, "cov_cell": 0.383977732087888}, "PFlog1pPF": {"cov_gene": 3.3073902663373134, "r2_depth": 0, "r_mono": 1.0, "cov_cell": 2.4751276485566915e-14}, "ncells": 12351, "ngenes": 28728, "avg_per_cell": 8695.48, "avg_per_gene": 3738.44, "min_cell": 627.0, "max_cell": 87047.0, "overdispersion": 2.59, "total_count": 107397840, "nvals": 24414209, "density": 0.06880739946195971}