{"ncells": 12351, "ngenes": 60623, "nvals": 24428199, "avg_per_cell": 8696.631365881305, "avg_per_gene": 1771.804331689293, "min_cell": 628, "max_cell": 87051, "total_count": 107412094, "overdispersion": 2.5897338996519808, "raw": {"cov_gene": 58.31031425073539, "cov_cell": 1.3166274543234284, "r2_depth": 1.0, "r_mono": 1}, "PF": {"cov_gene": 80.44088331122279, "cov_cell": 2.5409261740374103e-14, "r2_depth": 0, "r_mono": 1}, "log1p": {"cov_gene": 4.5625489531940895, "cov_cell": 1.0340578481459075, "r2_depth": 0.9359148767388134, "r_mono": 1}, "log1pPF": {"cov_gene": 4.083001267392348, "cov_cell": 0.38404741965472156, "r2_depth": 0.6308572221844218, "r_mono": 1}, "PFlog1pPF": {"cov_gene": 4.917839429526593, "cov_cell": 2.5415146873575088e-14, "r2_depth": 0, "r_mono": 1}, "log1pCPM": {"cov_gene": 2.6489319383592114, "cov_cell": 0.7545090203484679, "r2_depth": 0.823945953078352, "r_mono": 1}, "log1pCP10k": {"cov_gene": 4.004698215870499, "cov_cell": 0.4016732167437435, "r2_depth": 0.6403647068914218, "r_mono": 1}, "sqrt": {"cov_gene": 11.742900974916187, "cov_cell": 1.0461311014280341, "r2_depth": 0.9460801706343284, "r_mono": 1}, "density": 0.03262510389701434}