{"raw": {"cov_gene": 79.0015869929097, "r2_depth": 1.0, "r_mono": 1.0, "cov_cell": 0.4893277414733879}, "PF": {"cov_gene": 78.65654657158834, "r2_depth": 0, "r_mono": 1.0, "cov_cell": 3.3395357984567714e-14}, "sqrt": {"cov_gene": 9.051683312944057, "r2_depth": 0.8615409178923005, "r_mono": 1.0, "cov_cell": 0.36168050961034515}, "log1p": {"cov_gene": 2.1180261936664286, "r2_depth": 0.8457190744668109, "r_mono": 1.0, "cov_cell": 0.3600519018460852}, "log1pCP10k": {"cov_gene": 1.8711722412182148, "r2_depth": 0.21881771885558565, "r_mono": 1.0, "cov_cell": 0.1526892928292256}, "log1pCPM": {"cov_gene": 1.2609724092321455, "r2_depth": 0.6612157501867301, "r_mono": 1.0, "cov_cell": 0.24882518793008215}, "scalelog1pCP10k": {"cov_gene": 3.182649180043171e-14, "r2_depth": 0.22247120024779177, "r_mono": 0.4448945569489291, "cov_cell": null}, "sctransform": {"cov_gene": 0.5839052246247199, "r2_depth": 0.12003638338360356, "r_mono": 0.30260504434239077, "cov_cell": null}, "log1pPF": {"cov_gene": 2.0392569988326397, "r2_depth": 0.17602340539523353, "r_mono": 1.0, "cov_cell": 0.14710904300786964}, "PFlog1pPF": {"cov_gene": 7.8015862404480645, "r2_depth": 0, "r_mono": 1.0, "cov_cell": 2.130506232896022e-14}, "ncells": 2360, "ngenes": 23529, "avg_per_cell": 7657.97, "avg_per_gene": 768.11, "min_cell": 2750.0, "max_cell": 47723.0, "overdispersion": 0.56, "total_count": 18072801, "nvals": 5339633, "sparsity": 0.09616032793285748}