{"ncells": 2693, "ngenes": 60623, "nvals": 5981598, "density": 0.03663898591661863, "avg_per_cell": 7711.026735982176, "avg_per_gene": 342.5398776042096, "min_cell": 1837, "max_cell": 51488, "total_count": 20765795, "overdispersion": 0.7690862877514808, "log1pCP10k": {"cov_gene": 3.3215197714385436, "cov_cell": 0.18500138761461313, "r2_depth": 0.2816507230490225, "r_mono": 1}, "PFlog1pPF": {"cov_gene": 16.015371975158974, "cov_cell": 1.8703686308772027e-14, "r2_depth": 0, "r_mono": 1}, "log1p": {"cov_gene": 3.800442764514012, "cov_cell": 0.4235749622713328, "r2_depth": 0.8566290983551486, "r_mono": 1}, "log1pPF": {"cov_gene": 3.5659147977508847, "cov_cell": 0.17739924246857688, "r2_depth": 0.2376019346985231, "r_mono": 1}, "log1pCPM": {"cov_gene": 2.395977276838442, "cov_cell": 0.3001568207676677, "r2_depth": 0.6921713990670719, "r_mono": 1}, "PF": {"cov_gene": 116.16131915773528, "cov_cell": 2.707184633493608e-14, "r2_depth": 0, "r_mono": 1}, "raw": {"cov_gene": 119.99429780102842, "cov_cell": 0.5622945984437265, "r2_depth": 1, "r_mono": 1}, "sqrt": {"cov_gene": 15.50483793071892, "cov_cell": 0.42535289295950374, "r2_depth": 0.8709802729394271, "r_mono": 1}}