{"raw": {"cov_gene": 64.44199974843431, "r2_depth": 1.0, "r_mono": 1.0, "cov_cell": 0.5183234430477068}, "PF": {"cov_gene": 44.18829311866801, "r2_depth": 0, "r_mono": 1.0, "cov_cell": 4.792285673590718e-14}, "sqrt": {"cov_gene": 5.305167701346411, "r2_depth": 0.9168289250833024, "r_mono": 1.0, "cov_cell": 0.3639160933009973}, "log1p": {"cov_gene": 1.8337592288938918, "r2_depth": 0.8906943217027672, "r_mono": 1.0, "cov_cell": 0.3548616455022628}, "log1pCP10k": {"cov_gene": 2.0019068445190675, "r2_depth": 0.20193349418640105, "r_mono": 1.0, "cov_cell": 0.12792395771607284}, "log1pCPM": {"cov_gene": 1.3108174505656265, "r2_depth": 0.6722479347326282, "r_mono": 1.0, "cov_cell": 0.23719056443790523}, "scalelog1pCP10k": {"cov_gene": 8.854674912056557e-14, "r2_depth": 0.1509733939078325, "r_mono": 0.44095999491598975, "cov_cell": null}, "sctransform": {"cov_gene": 0.7574425529126584, "r2_depth": 0.48456538762745205, "r_mono": 0.1845465750883401, "cov_cell": null}, "log1pPF": {"cov_gene": 1.6893863483946796, "r2_depth": 0.3015062379340707, "r_mono": 1.0, "cov_cell": 0.14857258375387578}, "PFlog1pPF": {"cov_gene": 1.9534144458819334, "r2_depth": 0, "r_mono": 1.0, "cov_cell": 2.739720350154425e-14}, "ncells": 6561, "ngenes": 27371, "avg_per_cell": 20308.77, "avg_per_gene": 4868.14, "min_cell": 2404.0, "max_cell": 73855.0, "overdispersion": 0.37, "total_count": 133245866, "nvals": 24816516, "density": 0.13819111095808836}