{"ncells": 6561, "ngenes": 60623, "nvals": 24833240, "avg_per_cell": 20311.34735558604, "avg_per_gene": 2198.2209722382595, "min_cell": 2404, "max_cell": 73862, "total_count": 133262750, "overdispersion": 0.37430741109359933, "raw": {"cov_gene": 95.91125579371274, "cov_cell": 0.5183136313529912, "r2_depth": 1.0, "r_mono": 1}, "PF": {"cov_gene": 65.76745525779411, "cov_cell": 3.1524334478519696e-14, "r2_depth": 0, "r_mono": 1}, "log1p": {"cov_gene": 2.9412382843438607, "cov_cell": 0.3548918272807956, "r2_depth": 0.8907692840091765, "r_mono": 1}, "log1pPF": {"cov_gene": 2.7429881481637532, "cov_cell": 0.14856146149765206, "r2_depth": 0.3015684473290322, "r_mono": 1}, "PFlog1pPF": {"cov_gene": 3.1068917808939287, "cov_cell": 2.7737946798727726e-14, "r2_depth": 0, "r_mono": 1}, "log1pCPM": {"cov_gene": 2.2374578058212085, "cov_cell": 0.23722800423559554, "r2_depth": 0.672491086186515, "r_mono": 1}, "log1pCP10k": {"cov_gene": 3.1747743945553526, "cov_cell": 0.12790338361102327, "r2_depth": 0.2019185293900414, "r_mono": 1}, "sqrt": {"cov_gene": 7.967537479237851, "cov_cell": 0.3639446867781667, "r2_depth": 0.9168820461204498, "r_mono": 1}, "density": 0.062434684850805965}