{"raw": {"cov_gene": 64.44199974843431, "r2_depth": 1.0, "r_mono": 1.0}, "PF": {"cov_gene": 44.18829311866801, "r2_depth": 0, "r_mono": 1.0}, "sqrt": {"cov_gene": 5.305167701346411, "r2_depth": 0.9168289250833024, "r_mono": 1.0}, "log1p": {"cov_gene": 1.8337592288938918, "r2_depth": 0.8906943217027672, "r_mono": 1.0}, "log1pCP10k": {"cov_gene": 2.0019068445190675, "r2_depth": 0.20193349418640105, "r_mono": 1.0}, "log1pCPM": {"cov_gene": 1.3108174505656265, "r2_depth": 0.6722479347326282, "r_mono": 1.0}, "scalelog1pCP10k": {"cov_gene": 8.854674912056557e-14, "r2_depth": 0.1509733939078325, "r_mono": 0.44095999491598975}, "sctransform": {"cov_gene": 0.7574425529126584, "r2_depth": 0.48456538762745205, "r_mono": 0.1845465750883401}, "log1pPF": {"cov_gene": 1.6893863483946796, "r2_depth": 0.3015062379340707, "r_mono": 1.0}, "PFlog1pPF": {"cov_gene": 1.9534144458819334, "r2_depth": 0, "r_mono": 1.0}}