{"ncells": 6203, "ngenes": 60623, "nvals": 10405038, "avg_per_cell": 6655.981460583588, "avg_per_gene": 681.0460221368128, "min_cell": 95, "max_cell": 131982, "total_count": 41287053, "overdispersion": 4.835469955726451, "raw": {"cov_gene": 120.59390262452678, "cov_cell": 1.3082188546031908, "r2_depth": 1.0, "r_mono": 1}, "PF": {"cov_gene": 74.96049692915369, "cov_cell": 2.6041095081980215e-14, "r2_depth": 0, "r_mono": 1}, "log1p": {"cov_gene": 5.334666290486168, "cov_cell": 1.088602855309948, "r2_depth": 0.9105661842342054, "r_mono": 1}, "log1pPF": {"cov_gene": 5.615398805443852, "cov_cell": 0.6291931943792711, "r2_depth": 0.5172828733705027, "r_mono": 1}, "PFlog1pPF": {"cov_gene": 10.050883120272514, "cov_cell": 2.0450574225816427e-14, "r2_depth": 0, "r_mono": 1}, "log1pCPM": {"cov_gene": 2.693780661986565, "cov_cell": 0.8935963134538493, "r2_depth": 0.7850581600934109, "r_mono": 1}, "log1pCP10k": {"cov_gene": 5.057686004875353, "cov_cell": 0.6664466808336991, "r2_depth": 0.5500079396130351, "r_mono": 1}, "sqrt": {"cov_gene": 17.311083431160647, "cov_cell": 1.0922266980539037, "r2_depth": 0.9184943855929184, "r_mono": 1}, "density": 0.027669700946990925}