{
    "raw": {
        "cov_gene": 81.7339428102994,
        "r2_depth": 1.0,
        "r_mono": 1.0
    },
    "PF": {
        "cov_gene": 50.79949651306896,
        "r2_depth": 0,
        "r_mono": 1.0
    },
    "sqrt": {
        "cov_gene": 11.717675067621522,
        "r2_depth": 0.9183233201380444,
        "r_mono": 1.0
    },
    "log1p": {
        "cov_gene": 3.543247357674151,
        "r2_depth": 0.910364662108663,
        "r_mono": 1.0
    },
    "log1pCP10k": {
        "cov_gene": 3.350897480844903,
        "r2_depth": 0.5500809082174691,
        "r_mono": 1.0
    },
    "log1pCPM": {
        "cov_gene": 1.674872378684352,
        "r2_depth": 0.7848638278886849,
        "r_mono": 1.0
    },
    "scalelog1pCP10k": {
        "cov_gene": 8.888249648302918e-14,
        "r2_depth": 0.5138975770031333,
        "r_mono": 0.32754869759942645
    },
    "sctransform": {
        "cov_gene": 1.1349246277692597,
        "r2_depth": 0.617412623281161,
        "r_mono": 0.20117042986677966
    },
    "log1pPF": {
        "cov_gene": 3.737290531656055,
        "r2_depth": 0.517333083316683,
        "r_mono": 1.0
    },
    "PFlog1pPF": {
        "cov_gene": 6.775395206979957,
        "r2_depth": 0,
        "r_mono": 1.0
    },
    "ncells": 6203,
    "ngenes": 27850,
    "avg_per_cell": 6653.21,
    "avg_per_gene": 1481.86,
    "min_cell": 94.0,
    "max_cell": 131602.0,
    "overdispersion": 4.84
}