{
  "ncells": 8319,
  "ngenes": 60623,
  "nvals": 6718390,
  "density": 0.013321608381102992,
  "total_counts": 19515450,
  "overdispersion": 5.288889135908832,
  "avg_per_cell": 2345.8889289578074,
  "avg_per_gene": 321.91494977153883,
  "max_cell": 39720,
  "min_cell": 110,
  "raw": {
    "cov_gene": 135.75348920378656,
    "cov_cell": 1.832190758401161,
    "r2_depth": 1,
    "r_mono": 1
  },
  "PF": {
    "cov_gene": 108.43874986498088,
    "cov_cell": 1.2859261425233491e-14,
    "r2_depth": 0,
    "r_mono": 1
  },
  "sqrt": {
    "cov_gene": 12.714348750838173,
    "cov_cell": 1.636770316301537,
    "r2_depth": 0.9718362620185123,
    "r_mono": 1
  },
  "log1p": {
    "cov_gene": 6.412736255380142,
    "cov_cell": 1.633052600437346,
    "r2_depth": 0.9686293358418453,
    "r_mono": 1
  },
  "log1pCP10k": {
    "cov_gene": 6.102740795607767,
    "cov_cell": 0.938177869647795,
    "r2_depth": 0.7529482016688496,
    "r_mono": 1
  },
  "log1pCPM": {
    "cov_gene": 3.381572054359092,
    "cov_cell": 1.3433899670466416,
    "r2_depth": 0.9004933956797838,
    "r_mono": 1
  },
  "log1pPF": {
    "cov_gene": 8.351311506400496,
    "cov_cell": 0.6838995393316082,
    "r2_depth": 0.6477152856124799,
    "r_mono": 1
  },
  "PFlog1pPF": {
    "cov_gene": 14.533548591601447,
    "cov_cell": 1.1446111604237414e-14,
    "r2_depth": 0,
    "r_mono": 1
  }
}
