{"raw": {"cov_gene": 93.86185657794539, "r2_depth": 1.0, "r_mono": 1.0, "cov_cell": 0.5023858002547688}, "PF": {"cov_gene": 69.15770332443341, "r2_depth": 0, "r_mono": 1.0, "cov_cell": 1.326002134221398e-15}, "sqrt": {"cov_gene": 8.727229658931229, "r2_depth": 0.7018272079208951, "r_mono": 1.0, "cov_cell": 0.4686714129195735}, "log1p": {"cov_gene": 5.125403344890627, "r2_depth": 0.6769657549324883, "r_mono": 1.0, "cov_cell": 0.4701220209689925}, "log1pCP10k": {"cov_gene": 2.6440619751942465, "r2_depth": 0.5090183934294217, "r_mono": 1.0, "cov_cell": 0.36151234951221767}, "log1pCPM": {"cov_gene": 2.4695661819733727, "r2_depth": 0.5866340604678595, "r_mono": 1.0, "cov_cell": 0.4193253954013792}, "scalelog1pCP10k": {"cov_gene": 7.791140450633622e-14, "r2_depth": 0.4950174866082554, "r_mono": 0.14704421378888127, "cov_cell": null}, "sctransform": {"cov_gene": 0.5196878129930397, "r2_depth": 0.00033321897596017003, "r_mono": 0.1295959728095024, "cov_cell": null}, "log1pPF": {"cov_gene": 4.9471301800078304, "r2_depth": 0.08972802365053445, "r_mono": 1.0, "cov_cell": 0.20574540286496112}, "PFlog1pPF": {"cov_gene": 23.717177024133925, "r2_depth": 0, "r_mono": 1.0, "cov_cell": 1.1585859789091928e-15}, "ncells": 5143, "ngenes": 11084, "avg_per_cell": 140.75, "avg_per_gene": 65.31, "min_cell": 2.0, "max_cell": 1102.0, "overdispersion": 2.91, "total_count": 723867, "nvals": 458648, "sparsity": 0.00804574867908106}