{"ncells": 5143, "ngenes": 60623, "nvals": 479007, "avg_per_cell": 144.7283686564262, "avg_per_gene": 12.278145258400277, "min_cell": 2, "max_cell": 1134, "total_count": 744338, "overdispersion": 2.908927633926197, "raw": {"cov_gene": 219.0457783601814, "cov_cell": 0.5002122271943099, "r2_depth": 1.0, "r_mono": 1}, "PF": {"cov_gene": 161.60428464124718, "cov_cell": 1.286232752938529e-15, "r2_depth": 0, "r_mono": 1}, "log1p": {"cov_gene": 11.68554270670945, "cov_cell": 0.47191590166551, "r2_depth": 0.6916760691430617, "r_mono": 1}, "log1pPF": {"cov_gene": 11.318539052924107, "cov_cell": 0.20454848165610756, "r2_depth": 0.1004698489054986, "r_mono": 1}, "PFlog1pPF": {"cov_gene": 56.42292894675206, "cov_cell": 1.146269210041731e-15, "r2_depth": 0, "r_mono": 1}, "log1pCPM": {"cov_gene": 5.848261066538808, "cov_cell": 0.42043775070681705, "r2_depth": 0.6043822959406309, "r_mono": 1}, "log1pCP10k": {"cov_gene": 6.226291596616095, "cov_cell": 0.3616668834400377, "r2_depth": 0.5270030501139534, "r_mono": 1}, "sqrt": {"cov_gene": 19.70509185708353, "cov_cell": 0.47053932461228665, "r2_depth": 0.715170251068761, "r_mono": 1}, "density": 0.0015363420293073391}