{
    "raw": {
        "cov_gene": 26.325949437805857,
        "r2_depth": 1.0,
        "r_mono": 1.0
    },
    "PF": {
        "cov_gene": 49.418974264872894,
        "r2_depth": 0,
        "r_mono": 1.0
    },
    "sqrt": {
        "cov_gene": 4.916150304488382,
        "r2_depth": 0.9710116019512799,
        "r_mono": 1.0
    },
    "log1p": {
        "cov_gene": 2.668111189583673,
        "r2_depth": 0.9689008411365693,
        "r_mono": 1.0
    },
    "log1pCP10k": {
        "cov_gene": 2.0332737794096887,
        "r2_depth": 0.6063757496455695,
        "r_mono": 1.0
    },
    "log1pCPM": {
        "cov_gene": 1.4373432261586279,
        "r2_depth": 0.864891634772279,
        "r_mono": 1.0
    },
    "scalelog1pCP10k": {
        "cov_gene": 1.0313418940140937e-13,
        "r2_depth": 0.5255494526943222,
        "r_mono": 0.4056938045809211
    },
    "sctransform": {
        "cov_gene": 0.7186876236878263,
        "r2_depth": 0.7055999109987932,
        "r_mono": 0.24167928842459752
    },
    "log1pPF": {
        "cov_gene": 2.2091410855013054,
        "r2_depth": 0.564327320824497,
        "r_mono": 1.0
    },
    "PFlog1pPF": {
        "cov_gene": 8.17738028385836,
        "r2_depth": 0,
        "r_mono": 1.0
    },
    "ncells": "7302",
    "ngenes": 27951,
    "avg_per_cell": "6996.3",
    "avg_per_gene": "1827.73",
    "min_cell": "207",
    "max_cell": "39826",
    "overdispersion": "0.65"
}