{
    "raw": {
        "cov_gene": 38.48661288899477,
        "r2_depth": 1.0,
        "r_mono": 1.0
    },
    "PF": {
        "cov_gene": 49.22935902685691,
        "r2_depth": 0,
        "r_mono": 1.0
    },
    "sqrt": {
        "cov_gene": 4.121872725943423,
        "r2_depth": 0.9645640998744217,
        "r_mono": 1.0
    },
    "log1p": {
        "cov_gene": 2.1769313968919226,
        "r2_depth": 0.9593437462084975,
        "r_mono": 1.0
    },
    "log1pCP10k": {
        "cov_gene": 1.9145373275074624,
        "r2_depth": 0.6075057286721264,
        "r_mono": 1.0
    },
    "log1pCPM": {
        "cov_gene": 1.3332339549386412,
        "r2_depth": 0.8596787041823739,
        "r_mono": 1.0
    },
    "scalelog1pCP10k": {
        "cov_gene": 1.062559273409027e-13,
        "r2_depth": 0.5741206162632555,
        "r_mono": 0.43585283465432323
    },
    "sctransform": {
        "cov_gene": 0.6349115683350732,
        "r2_depth": 0.5550911242364821,
        "r_mono": 0.25888777458694906
    },
    "log1pPF": {
        "cov_gene": 1.9650796148961418,
        "r2_depth": 0.5969747786684059,
        "r_mono": 1.0
    },
    "PFlog1pPF": {
        "cov_gene": 4.79878230812322,
        "r2_depth": 0,
        "r_mono": 1.0
    },
    "ncells": 7681,
    "ngenes": 28500,
    "avg_per_cell": 9011.69,
    "avg_per_gene": 2428.73,
    "min_cell": 266.0,
    "max_cell": 40372.0,
    "overdispersion": 0.45
}