{
  "ncells": 5929,
  "ngenes": 60623,
  "nvals": 11345273,
  "density": 0.03156429373537406,
  "total_counts": 23266612,
  "overdispersion": 0.3714845994894994,
  "avg_per_cell": 3924.205093607691,
  "avg_per_gene": 383.79182818402256,
  "max_cell": 35319,
  "min_cell": 1438,
  "raw": {
    "cov_gene": 150.18993125421133,
    "cov_cell": 0.5811890212188443,
    "r2_depth": 1,
    "r_mono": 1
  },
  "PF": {
    "cov_gene": 124.40021199497579,
    "cov_cell": 2.4459916731760187e-14,
    "r2_depth": 0,
    "r_mono": 1
  },
  "sqrt": {
    "cov_gene": 9.628317506646024,
    "cov_cell": 0.4479370291373092,
    "r2_depth": 0.6977668969756015,
    "r_mono": 1
  },
  "log1p": {
    "cov_gene": 3.12508203585254,
    "cov_cell": 0.4548033110488021,
    "r2_depth": 0.6842392050989805,
    "r_mono": 1
  },
  "log1pCP10k": {
    "cov_gene": 2.582256548058506,
    "cov_cell": 0.19660418145705222,
    "r2_depth": 0.23374274369999615,
    "r_mono": 1
  },
  "log1pCPM": {
    "cov_gene": 2.263302232385922,
    "cov_cell": 0.3198788244328054,
    "r2_depth": 0.5314937447625782,
    "r_mono": 1
  },
  "log1pPF": {
    "cov_gene": 2.930103380907815,
    "cov_cell": 0.16129419484172272,
    "r2_depth": 0.10420495365863003,
    "r_mono": 1
  },
  "PFlog1pPF": {
    "cov_gene": 18.727592377398558,
    "cov_cell": 2.255122358892828e-14,
    "r2_depth": 0,
    "r_mono": 1
  }
}
