{
  "ncells": 1076,
  "ngenes": 60623,
  "nvals": 1016339,
  "density": 0.015580769245627818,
  "total_counts": 3454448,
  "overdispersion": 2.333228340063742,
  "avg_per_cell": 3210.453531598513,
  "avg_per_gene": 56.98246540092044,
  "max_cell": 72238,
  "min_cell": 157,
  "raw": {
    "cov_gene": 139.68776283365898,
    "cov_cell": 1.4577615355608884,
    "r2_depth": 1,
    "r_mono": 1
  },
  "PF": {
    "cov_gene": 88.46948928485881,
    "cov_cell": 1.479758003689118e-14,
    "r2_depth": 0,
    "r_mono": 1
  },
  "sqrt": {
    "cov_gene": 12.361311448246227,
    "cov_cell": 1.0138250527850448,
    "r2_depth": 0.9132023976172771,
    "r_mono": 1
  },
  "log1p": {
    "cov_gene": 5.944342309243204,
    "cov_cell": 0.99600615803383,
    "r2_depth": 0.9015186134032305,
    "r_mono": 1
  },
  "log1pCP10k": {
    "cov_gene": 4.369832970266261,
    "cov_cell": 0.471221533919065,
    "r2_depth": 0.4168540990605175,
    "r_mono": 1
  },
  "log1pCPM": {
    "cov_gene": 2.971738924921822,
    "cov_cell": 0.7119626425041842,
    "r2_depth": 0.7048626956015512,
    "r_mono": 1
  },
  "log1pPF": {
    "cov_gene": 5.8319741179269045,
    "cov_cell": 0.38051876197540196,
    "r2_depth": 0.3123640669660023,
    "r_mono": 1
  },
  "PFlog1pPF": {
    "cov_gene": 25.275470836577163,
    "cov_cell": 1.2829023165170227e-14,
    "r2_depth": 0,
    "r_mono": 1
  }
}
