{"raw": {"cov_gene": 60.63558323946685, "r2_depth": 1.0, "r_mono": 1.0, "cov_cell": 0.46231006091618865}, "PF": {"cov_gene": 51.09009260513423, "r2_depth": 0, "r_mono": 1.0, "cov_cell": 2.2020875495751413e-14}, "sqrt": {"cov_gene": 3.7872409529258158, "r2_depth": 0.9284672415388591, "r_mono": 1.0, "cov_cell": 0.36663079235395185}, "log1p": {"cov_gene": 2.231400875953018, "r2_depth": 0.9158908126633081, "r_mono": 1.0, "cov_cell": 0.3630183843070237}, "log1pCP10k": {"cov_gene": 1.8213909416822387, "r2_depth": 0.468722336801796, "r_mono": 1.0, "cov_cell": 0.19783574868984546}, "log1pCPM": {"cov_gene": 1.2747465252227896, "r2_depth": 0.7781418790289255, "r_mono": 1.0, "cov_cell": 0.28204808503448414}, "scalelog1pCP10k": {"cov_gene": 4.36616906051542e-14, "r2_depth": 0.4057815144274537, "r_mono": 0.4258049914624321, "cov_cell": null}, "sctransform": {"cov_gene": 0.5667092924357867, "r2_depth": 0.36473709624683914, "r_mono": 0.2763614221864241, "cov_cell": null}, "log1pPF": {"cov_gene": 2.108445150787842, "r2_depth": 0.40287810898773957, "r_mono": 1.0, "cov_cell": 0.18504859134885707}, "PFlog1pPF": {"cov_gene": 13.306215317035374, "r2_depth": 0, "r_mono": 1.0, "cov_cell": 1.6799791157240493e-14}, "ncells": 3164, "ngenes": 22324, "avg_per_cell": 6125.18, "avg_per_gene": 868.13, "min_cell": 561.0, "max_cell": 32741.0, "overdispersion": 0.27, "total_count": 19380075, "nvals": 6010345, "density": 0.08509242744085439}