{"ncells": 3164, "ngenes": 60623, "nvals": 6025365, "avg_per_cell": 6130.322376738306, "avg_per_gene": 319.95018392359333, "min_cell": 561, "max_cell": 32767, "total_count": 19396340, "overdispersion": 0.26640990104327933, "raw": {"cov_gene": 99.91037468822914, "cov_cell": 0.46237517207602175, "r2_depth": 1.0, "r_mono": 1}, "PF": {"cov_gene": 84.24356766501768, "cov_cell": 2.322904832039572e-14, "r2_depth": 0, "r_mono": 1}, "log1p": {"cov_gene": 3.894364324545828, "cov_cell": 0.3630140773402914, "r2_depth": 0.9158776913957591, "r_mono": 1}, "log1pPF": {"cov_gene": 3.7037114669382247, "cov_cell": 0.1849529645118823, "r2_depth": 0.40238336420101795, "r_mono": 1}, "PFlog1pPF": {"cov_gene": 21.962336481732606, "cov_cell": 2.143484149306665e-14, "r2_depth": 0, "r_mono": 1}, "log1pCPM": {"cov_gene": 2.465312928434411, "cov_cell": 0.28202470348790015, "r2_depth": 0.7782328204847873, "r_mono": 1}, "log1pCP10k": {"cov_gene": 3.265953671384208, "cov_cell": 0.19771590088188445, "r2_depth": 0.4682169097794564, "r_mono": 1}, "sqrt": {"cov_gene": 6.362805178538095, "cov_cell": 0.3666283179086386, "r2_depth": 0.9284376524167945, "r_mono": 1}, "density": 0.03141300340941559}