{"raw": {"cov_gene": 60.63558323946685, "r2_depth": 1.0, "r_mono": 1.0}, "PF": {"cov_gene": 51.09009260513423, "r2_depth": 0, "r_mono": 1.0}, "sqrt": {"cov_gene": 3.7872409529258158, "r2_depth": 0.9284672415388591, "r_mono": 1.0}, "log1p": {"cov_gene": 2.231400875953018, "r2_depth": 0.9158908126633081, "r_mono": 1.0}, "log1pCP10k": {"cov_gene": 1.8213909416822387, "r2_depth": 0.468722336801796, "r_mono": 1.0}, "log1pCPM": {"cov_gene": 1.2747465252227896, "r2_depth": 0.7781418790289255, "r_mono": 1.0}, "scalelog1pCP10k": {"cov_gene": 4.36616906051542e-14, "r2_depth": 0.4057815144274537, "r_mono": 0.4258049914624321}, "sctransform": {"cov_gene": 0.5667092924357867, "r2_depth": 0.36473709624683914, "r_mono": 0.2763614221864241}, "log1pPF": {"cov_gene": 2.108445150787842, "r2_depth": 0.40287810898773957, "r_mono": 1.0}, "PFlog1pPF": {"cov_gene": 13.306215317035374, "r2_depth": 0, "r_mono": 1.0}}