{
  "ncells": 17365,
  "ngenes": 60623,
  "nvals": 10254602,
  "density": 0.009741068502939952,
  "total_counts": 27484511,
  "overdispersion": 0.9881184870480818,
  "avg_per_cell": 1582.753296861503,
  "avg_per_gene": 453.367715223595,
  "max_cell": 28573,
  "min_cell": 266,
  "raw": {
    "cov_gene": 104.47486244072678,
    "cov_cell": 0.9714840257696142,
    "r2_depth": 1,
    "r_mono": 1
  },
  "PF": {
    "cov_gene": 89.96933257967731,
    "cov_cell": 1.0157567689901195e-14,
    "r2_depth": 0,
    "r_mono": 1
  },
  "sqrt": {
    "cov_gene": 10.897947545925073,
    "cov_cell": 0.904547328537643,
    "r2_depth": 0.9454919422411855,
    "r_mono": 1
  },
  "log1p": {
    "cov_gene": 6.927765231063478,
    "cov_cell": 0.9110460111471302,
    "r2_depth": 0.939063276804298,
    "r_mono": 1
  },
  "log1pCP10k": {
    "cov_gene": 4.973039671352203,
    "cov_cell": 0.5791247825865228,
    "r2_depth": 0.6476627168628588,
    "r_mono": 1
  },
  "log1pCPM": {
    "cov_gene": 3.9204672152286615,
    "cov_cell": 0.7484239038087921,
    "r2_depth": 0.8328622041312533,
    "r_mono": 1
  },
  "log1pPF": {
    "cov_gene": 7.121890857972358,
    "cov_cell": 0.4650798591206418,
    "r2_depth": 0.44875400374117247,
    "r_mono": 1
  },
  "PFlog1pPF": {
    "cov_gene": 44.67326924135924,
    "cov_cell": 8.633207321203027e-15,
    "r2_depth": 0,
    "r_mono": 1
  }
}
