{"ncells": 918, "ngenes": 60623, "nvals": 303801, "avg_per_cell": 609.5675381263617, "avg_per_gene": 9.230539564191808, "min_cell": 8, "max_cell": 5328, "total_count": 559583, "overdispersion": 3.3012321646654206, "raw": {"cov_gene": 138.83794428652337, "cov_cell": 0.8469232161050405, "r2_depth": 1.0, "r_mono": 1}, "PF": {"cov_gene": 127.18705632359399, "cov_cell": 4.334614646035947e-15, "r2_depth": 0, "r_mono": 1}, "log1p": {"cov_gene": 7.36620519058311, "cov_cell": 0.6648212860711676, "r2_depth": 0.9498559581047781, "r_mono": 1}, "log1pPF": {"cov_gene": 7.297188812503545, "cov_cell": 0.2096781681625095, "r2_depth": 0.3424798548284097, "r_mono": 1}, "PFlog1pPF": {"cov_gene": 126.03253135533387, "cov_cell": 3.7286403468713655e-15, "r2_depth": 0, "r_mono": 1}, "log1pCPM": {"cov_gene": 3.817916148577589, "cov_cell": 0.4729628248967747, "r2_depth": 0.8181504905873751, "r_mono": 1}, "log1pCP10k": {"cov_gene": 4.341937097001294, "cov_cell": 0.353752997376618, "r2_depth": 0.6687650737071085, "r_mono": 1}, "sqrt": {"cov_gene": 10.901851029346481, "cov_cell": 0.6554723813836549, "r2_depth": 0.9495395447573735, "r_mono": 1}, "density": 0.005458949713751085}