{
    "raw": {
        "cov_gene": 57.424771959734095,
        "r2_depth": 1.0,
        "r_mono": 1.0
    },
    "PF": {
        "cov_gene": 52.179980047863786,
        "r2_depth": 0,
        "r_mono": 1.0
    },
    "sqrt": {
        "cov_gene": 4.6618544483293745,
        "r2_depth": 0.9500689867105835,
        "r_mono": 1.0
    },
    "log1p": {
        "cov_gene": 3.0746217005995455,
        "r2_depth": 0.9495589185593862,
        "r_mono": 1.0
    },
    "log1pCP10k": {
        "cov_gene": 1.7050811551189713,
        "r2_depth": 0.672653092401738,
        "r_mono": 1.0
    },
    "log1pCPM": {
        "cov_gene": 1.4517500027617007,
        "r2_depth": 0.8192555856059032,
        "r_mono": 1.0
    },
    "scalelog1pCP10k": {
        "cov_gene": 1.3804171918024229e-14,
        "r2_depth": 0.7165057391851375,
        "r_mono": 0.28048935871644326
    },
    "sctransform": {
        "cov_gene": 0.46754734810052195,
        "r2_depth": 0.12141766780986984,
        "r_mono": 0.24757949243564423
    },
    "log1pPF": {
        "cov_gene": 3.0636546268002087,
        "r2_depth": 0.3448659242711348,
        "r_mono": 1.0
    },
    "PFlog1pPF": {
        "cov_gene": 50.925621854462584,
        "r2_depth": 0,
        "r_mono": 1.0
    },
    "ncells": 918,
    "ngenes": 10311,
    "avg_per_cell": 585.62,
    "avg_per_gene": 52.14,
    "min_cell": 8.0,
    "max_cell": 5228.0,
    "overdispersion": 3.3
}