{"raw": {"cov_gene": 31.26005717576154, "r2_depth": 1.0, "r_mono": 1.0}, "PF": {"cov_gene": 40.449942210495045, "r2_depth": 0, "r_mono": 1.0}, "sqrt": {"cov_gene": 5.843498133144454, "r2_depth": 0.9354064376618536, "r_mono": 1.0}, "log1p": {"cov_gene": 1.9664562797301424, "r2_depth": 0.9221731496240106, "r_mono": 1.0}, "log1pCP10k": {"cov_gene": 1.935514472467984, "r2_depth": 0.5871839545476217, "r_mono": 1.0}, "log1pCPM": {"cov_gene": 1.1485294882840031, "r2_depth": 0.7781851704588321, "r_mono": 1.0}, "scalelog1pCP10k": {"cov_gene": 3.3726569887252016e-15, "r2_depth": 0.653987841279617, "r_mono": 0.28745696347543653}, "sctransform": {"cov_gene": 0.8060501123865973, "r2_depth": 0.005327923891386144, "r_mono": 0.25739607224288935}, "log1pPF": {"cov_gene": 2.634031643049961, "r2_depth": 0.3813292682134969, "r_mono": 1.0}, "PFlog1pPF": {"cov_gene": 8.42846879292507, "r2_depth": 0, "r_mono": 1.0}}