{"ncells": 162, "ngenes": 60623, "nvals": 78890, "avg_per_cell": 1721.3024691358025, "avg_per_gene": 4.599755868234828, "min_cell": 121, "max_cell": 49220, "total_count": 278851, "overdispersion": 5.901205686099847, "raw": {"cov_gene": 104.74219279139176, "cov_cell": 3.173962769811382, "r2_depth": 1.0, "r_mono": 1}, "PF": {"cov_gene": 138.96120670117767, "cov_cell": 1.5249006344360076e-14, "r2_depth": 0, "r_mono": 1}, "log1p": {"cov_gene": 6.08723991259498, "cov_cell": 2.706399566319051, "r2_depth": 0.9460381644528951, "r_mono": 1}, "log1pPF": {"cov_gene": 8.379130288329259, "cov_cell": 0.7216042423344461, "r2_depth": 0.41250691863250066, "r_mono": 1}, "PFlog1pPF": {"cov_gene": 27.39290353310807, "cov_cell": 1.1573843135695999e-14, "r2_depth": 0, "r_mono": 1}, "log1pCPM": {"cov_gene": 3.9227424676194573, "cov_cell": 1.95793327799133, "r2_depth": 0.8292627036119109, "r_mono": 1}, "log1pCP10k": {"cov_gene": 6.38025626073124, "cov_cell": 1.1357004467568859, "r2_depth": 0.6151155935467576, "r_mono": 1}, "sqrt": {"cov_gene": 17.22258754578927, "cov_cell": 2.70204793522132, "r2_depth": 0.9526558922341908, "r_mono": 1}, "density": 0.00803284741174101}