{"raw": {"cov_gene": 32.31685047088312, "r2_depth": 1.0, "r_mono": 1.0}, "PF": {"cov_gene": 96.62411029900198, "r2_depth": 0, "r_mono": 1.0}, "sqrt": {"cov_gene": 4.844061465635551, "r2_depth": 0.9645850184189949, "r_mono": 1.0}, "log1p": {"cov_gene": 2.800367132566733, "r2_depth": 0.9608063904579239, "r_mono": 1.0}, "log1pCP10k": {"cov_gene": 2.0986954173921037, "r2_depth": 0.5508500056840913, "r_mono": 1.0}, "log1pCPM": {"cov_gene": 1.5636928986677874, "r2_depth": 0.8348635187763719, "r_mono": 1.0}, "scalelog1pCP10k": {"cov_gene": 9.545075266597768e-14, "r2_depth": 0.5309039513105511, "r_mono": 0.37797576382621917}, "sctransform": {"cov_gene": 0.883285515700846, "r2_depth": 0.6286599905467687, "r_mono": 0.1938014209662018}, "log1pPF": {"cov_gene": 2.3202006488927602, "r2_depth": 0.4698963679473148, "r_mono": 1.0}, "PFlog1pPF": {"cov_gene": 21.67328569667867, "r2_depth": 0, "r_mono": 1.0}}