{
    "raw": {
        "cov_gene": 135.4852947410246,
        "r2_depth": 1.0,
        "r_mono": 1.0
    },
    "PF": {
        "cov_gene": 135.28431117134252,
        "r2_depth": 0,
        "r_mono": 1.0
    },
    "sqrt": {
        "cov_gene": 45.14276131242388,
        "r2_depth": 0.4473419903845829,
        "r_mono": 1.0
    },
    "log1p": {
        "cov_gene": 4.86923972081733,
        "r2_depth": 0.41033843287057226,
        "r_mono": 1.0
    },
    "log1pCP10k": {
        "cov_gene": 2.666974661599606,
        "r2_depth": 0.0034674760582249498,
        "r_mono": 1.0
    },
    "log1pCPM": {
        "cov_gene": 1.8162234456079354,
        "r2_depth": 0.19087519919496765,
        "r_mono": 1.0
    },
    "scalelog1pCP10k": {
        "cov_gene": 1.255885378034503e-13,
        "r2_depth": 0.012446570328601081,
        "r_mono": 0.2587789421566869
    },
    "sctransform": {
        "cov_gene": 0.6257493683140184,
        "r2_depth": 0.16069325405513268,
        "r_mono": 0.21627840932322395
    },
    "log1pPF": {
        "cov_gene": 4.035082933361485,
        "r2_depth": 0.01081704049173593,
        "r_mono": 1.0
    },
    "PFlog1pPF": {
        "cov_gene": 46.19185200272841,
        "r2_depth": 0,
        "r_mono": 1.0
    },
    "ncells": 8775,
    "ngenes": 25588,
    "avg_per_cell": 3053.46,
    "avg_per_gene": 1047.14,
    "min_cell": 570.0,
    "max_cell": 37895.0,
    "overdispersion": 3.81
}