{
  "ncells": 15707,
  "ngenes": 23455,
  "nvals": 9941601,
  "density": 0.02698532469538468,
  "total_counts": 25272514,
  "overdispersion": 0.64,
  "avg_per_cell": 1609,
  "avg_per_gene": 1077.49,
  "max_cell": 8702,
  "min_cell": 244,
  "raw": {
    "cov_gene": 84.19151618718446,
    "r2_depth": 1,
    "r_mono": 1,
    "cov_cell": 0.5945607625521122
  },
  "PF": {
    "cov_gene": 69.086920528261,
    "r2_depth": 0,
    "r_mono": 1,
    "cov_cell": 7.993059979683263e-15
  },
  "sqrt": {
    "cov_gene": 7.847185030244062,
    "r2_depth": 0.9018600539474443,
    "r_mono": 1,
    "cov_cell": 0.4686992692906244
  },
  "log1p": {
    "cov_gene": 3.7734562592111645,
    "r2_depth": 0.892971266067419,
    "r_mono": 1,
    "cov_cell": 0.4673844776316574
  },
  "log1pCP10k": {
    "cov_gene": 2.4143553784850633,
    "r2_depth": 0.6203599443774179,
    "r_mono": 1,
    "cov_cell": 0.23728058891853065
  },
  "log1pCPM": {
    "cov_gene": 2.0597142805473045,
    "r2_depth": 0.7968789127301632,
    "r_mono": 1,
    "cov_cell": 0.3492528306000657
  },
  "scalelog1pCP10k": {
    "cov_gene": 2.2238784759603095e-13,
    "r2_depth": 0.547595963430275,
    "r_mono": 0.25581258308215105,
    "cov_cell": null
  },
  "sctransform": {
    "cov_gene": 0.8266608665036889,
    "r2_depth": 0.3372648449666379,
    "r_mono": 0.1963395750475361,
    "cov_cell": null
  },
  "log1pPF": {
    "cov_gene": 3.398894187777602,
    "r2_depth": 0.3270868642044721,
    "r_mono": 1,
    "cov_cell": 0.15550129397974197
  },
  "PFlog1pPF": {
    "cov_gene": 13.863255090432192,
    "r2_depth": 0,
    "r_mono": 1,
    "cov_cell": 5.694814086285131e-15
  }
}
