{
  "ncells": 1290,
  "ngenes": 12930,
  "nvals": 551151,
  "density": 0.03304322020180219,
  "total_counts": 1186031,
  "overdispersion": 2.2693359439022722,
  "avg_per_cell": 919.4038759689922,
  "avg_per_gene": 91.72706883217325,
  "max_cell": 4735,
  "min_cell": 595,
  "raw": {
    "cov_gene": 109.40496932414575,
    "cov_cell": 0.4303541159907484,
    "r2_depth": 1,
    "r_mono": 1
  },
  "PF": {
    "cov_gene": 104.76293199152617,
    "cov_cell": 7.290087598963555e-15,
    "r2_depth": 0,
    "r_mono": 1
  },
  "sqrt": {
    "cov_gene": 13.660755863971362,
    "cov_cell": 0.431073100076476,
    "r2_depth": 0.4242893785873296,
    "r_mono": 1
  },
  "log1p": {
    "cov_gene": 2.411182974650151,
    "cov_cell": 0.4433224089201382,
    "r2_depth": 0.40108135242585763,
    "r_mono": 1
  },
  "log1pCP10k": {
    "cov_gene": 1.565084046571579,
    "cov_cell": 0.31956339506291664,
    "r2_depth": 0.126187536194607,
    "r_mono": 1
  },
  "log1pCPM": {
    "cov_gene": 1.4248682988190966,
    "cov_cell": 0.3811985512236976,
    "r2_depth": 0.280775448734508,
    "r_mono": 1
  },
  "scalelog1pCP10k": {
    "cov_gene": 1.8867085199373156e-14,
    "cov_cell": null,
    "r2_depth": 0.15895655226555427,
    "r_mono": 0.2931758524592163
  },
  "sctransform": {
    "cov_gene": 0.2558883942400025,
    "cov_cell": null,
    "r2_depth": 0.06066271487360664,
    "r_mono": 0.2644148120163271
  },
  "log1pPF": {
    "cov_gene": 2.3392690819440487,
    "cov_cell": 0.27000565972460827,
    "r2_depth": 0.00349158687018436,
    "r_mono": 1
  },
  "PFlog1pPF": {
    "cov_gene": 7.731498685620096,
    "cov_cell": 5.534164896931856e-15,
    "r2_depth": 0,
    "r_mono": 1
  }
}
