{
  "ncells": 2031,
  "ngenes": 24872,
  "nvals": 7882493,
  "density": 0.15604252215459352,
  "total_counts": 52025705,
  "overdispersion": 0.5534455502795355,
  "avg_per_cell": 25615.80748399803,
  "avg_per_gene": 2091.7378980379544,
  "max_cell": 97092,
  "min_cell": 5998,
  "raw": {
    "cov_gene": 46.34740849081201,
    "cov_cell": 0.6517335070182576,
    "r2_depth": 1,
    "r_mono": 1
  },
  "PF": {
    "cov_gene": 69.30315126866266,
    "cov_cell": 3.732890270490875e-14,
    "r2_depth": 0,
    "r_mono": 1
  },
  "sqrt": {
    "cov_gene": 6.887496277896798,
    "cov_cell": 0.4402363762665358,
    "r2_depth": 0.9636448387800692,
    "r_mono": 1
  },
  "log1p": {
    "cov_gene": 2.04699290495967,
    "cov_cell": 0.4231137068633803,
    "r2_depth": 0.9498398008596616,
    "r_mono": 1
  },
  "log1pCP10k": {
    "cov_gene": 2.525596451661209,
    "cov_cell": 0.09761650992576432,
    "r2_depth": 0.20605225059847576,
    "r_mono": 1
  },
  "log1pCPM": {
    "cov_gene": 1.1389159241108835,
    "cov_cell": 0.23143919826410786,
    "r2_depth": 0.7741474657767926,
    "r_mono": 1
  },
  "scalelog1pCP10k": {
    "cov_gene": 2.7579021243011868e-14,
    "cov_cell": null,
    "r2_depth": 0.001485215998945466,
    "r_mono": 0.47792982374399096
  },
  "sctransform": {
    "cov_gene": 3.6552838332483604,
    "cov_cell": null,
    "r2_depth": 0.4563739118397393,
    "r_mono": 0.20488911761876674
  },
  "log1pPF": {
    "cov_gene": 1.776580538340502,
    "cov_cell": 0.12182164983169697,
    "r2_depth": 0.38955699608534355,
    "r_mono": 1
  },
  "PFlog1pPF": {
    "cov_gene": 1.7805357565153521,
    "cov_cell": 2.614364657916e-14,
    "r2_depth": 0,
    "r_mono": 1
  }
}
