{"raw": {"cov_gene": 49.66928709653945, "r2_depth": 1.0, "r_mono": 1.0}, "PF": {"cov_gene": 61.75752818696245, "r2_depth": 0, "r_mono": 1.0}, "sqrt": {"cov_gene": 4.2179689400720966, "r2_depth": 0.9220022157025506, "r_mono": 1.0}, "log1p": {"cov_gene": 2.516178890212366, "r2_depth": 0.907346475072184, "r_mono": 1.0}, "log1pCP10k": {"cov_gene": 1.765679189090373, "r2_depth": 0.32598222556525847, "r_mono": 1.0}, "log1pCPM": {"cov_gene": 1.3933007977126661, "r2_depth": 0.706603873033058, "r_mono": 1.0}, "scalelog1pCP10k": {"cov_gene": 4.42405621895759e-14, "r2_depth": 0.31057940761783154, "r_mono": 0.35255612661006536}, "sctransform": {"cov_gene": 0.5594700925431682, "r2_depth": 0.09765905518414009, "r_mono": 0.2802248731835506}, "log1pPF": {"cov_gene": 2.2130164746057757, "r2_depth": 0.1885042180907126, "r_mono": 1.0}, "PFlog1pPF": {"cov_gene": 18.078779708076237, "r2_depth": 0, "r_mono": 1.0}}