{"raw": {"cov_gene": 49.66928709653945, "r2_depth": 1.0, "r_mono": 1.0, "cov_cell": 0.8345633662479336}, "PF": {"cov_gene": 61.75752818696245, "r2_depth": 0, "r_mono": 1.0, "cov_cell": 1.7899007571184483e-14}, "sqrt": {"cov_gene": 4.2179689400720966, "r2_depth": 0.9220022157025506, "r_mono": 1.0, "cov_cell": 0.5439447003983963}, "log1p": {"cov_gene": 2.516178890212366, "r2_depth": 0.907346475072184, "r_mono": 1.0, "cov_cell": 0.5328278927114445}, "log1pCP10k": {"cov_gene": 1.765679189090373, "r2_depth": 0.32598222556525847, "r_mono": 1.0, "cov_cell": 0.2030333460863051}, "log1pCPM": {"cov_gene": 1.3933007977126661, "r2_depth": 0.706603873033058, "r_mono": 1.0, "cov_cell": 0.34715852525604407}, "scalelog1pCP10k": {"cov_gene": 4.42405621895759e-14, "r2_depth": 0.31057940761783154, "r_mono": 0.35255612661006536, "cov_cell": null}, "sctransform": {"cov_gene": 0.5594700925431682, "r2_depth": 0.09765905518414009, "r_mono": 0.2802248731835506, "cov_cell": null}, "log1pPF": {"cov_gene": 2.2130164746057757, "r2_depth": 0.1885042180907126, "r_mono": 1.0, "cov_cell": 0.16714196346763685}, "PFlog1pPF": {"cov_gene": 18.078779708076237, "r2_depth": 0, "r_mono": 1.0, "cov_cell": 1.2632374805137848e-14}, "ncells": 3167, "ngenes": 21409, "avg_per_cell": 3711.25, "avg_per_gene": 549.0, "min_cell": 362.0, "max_cell": 55183.0, "overdispersion": 0.32, "total_count": 11753516, "nvals": 3644894, "density": 0.05375767250855771}