{"ncells": 3167, "ngenes": 60623, "nvals": 3661191, "avg_per_cell": 3716.63909062204, "avg_per_gene": 194.16056612176897, "min_cell": 363, "max_cell": 55248, "total_count": 11770596, "overdispersion": 0.3168473625355277, "raw": {"cov_gene": 83.58832868762973, "cov_cell": 0.8344707094328554, "r2_depth": 1.0, "r_mono": 1}, "PF": {"cov_gene": 103.8249861052798, "cov_cell": 1.5548853149785017e-14, "r2_depth": 0, "r_mono": 1}, "log1p": {"cov_gene": 4.4281897992919, "cov_cell": 0.5335420318512545, "r2_depth": 0.9076659514762432, "r_mono": 1}, "log1pPF": {"cov_gene": 3.9454789301823308, "cov_cell": 0.1671113095716544, "r2_depth": 0.18871746973951542, "r_mono": 1}, "PFlog1pPF": {"cov_gene": 29.234189025118063, "cov_cell": 1.088753790536256e-14, "r2_depth": 0, "r_mono": 1}, "log1pCPM": {"cov_gene": 2.689914704685613, "cov_cell": 0.3478127976595559, "r2_depth": 0.7076024535999573, "r_mono": 1}, "log1pCP10k": {"cov_gene": 3.2490329678105616, "cov_cell": 0.20305090895407824, "r2_depth": 0.3263257678233026, "r_mono": 1}, "sqrt": {"cov_gene": 7.200845212302709, "cov_cell": 0.5446074966989313, "r2_depth": 0.9222289328424956, "r_mono": 1}, "density": 0.019069394291223295}