{"raw": {"cov_gene": 61.331307282103445, "r2_depth": 1.0, "r_mono": 1.0, "cov_cell": 0.302868860993178}, "PF": {"cov_gene": 65.23274328697916, "r2_depth": 0, "r_mono": 1.0, "cov_cell": 2.1585919600511395e-14}, "sqrt": {"cov_gene": 3.411693204494201, "r2_depth": 0.8999437579222239, "r_mono": 1.0, "cov_cell": 0.2543822029563336}, "log1p": {"cov_gene": 1.7164625045740334, "r2_depth": 0.8790221636418518, "r_mono": 1.0, "cov_cell": 0.2573470269586131}, "log1pCP10k": {"cov_gene": 1.481936902358138, "r2_depth": 0.39844344515040575, "r_mono": 1.0, "cov_cell": 0.11737348642181958}, "log1pCPM": {"cov_gene": 1.1853581719408968, "r2_depth": 0.7351866760720813, "r_mono": 1.0, "cov_cell": 0.18919700045685514}, "scalelog1pCP10k": {"cov_gene": 3.191753760745379e-14, "r2_depth": 0.40045936185727027, "r_mono": 0.4608302646241039, "cov_cell": null}, "sctransform": {"cov_gene": 0.5982510761845641, "r2_depth": 0.0011296255534489763, "r_mono": 0.3356553882112013, "cov_cell": null}, "log1pPF": {"cov_gene": 1.7083749725740418, "r2_depth": 0.30112719753012984, "r_mono": 1.0, "cov_cell": 0.10492579580818419}, "PFlog1pPF": {"cov_gene": 1.740306164884252, "r2_depth": 0, "r_mono": 1.0, "cov_cell": 1.5859441317353224e-14}, "ncells": 2378, "ngenes": 17413, "avg_per_cell": 5347.5, "avg_per_gene": 730.28, "min_cell": 3437.0, "max_cell": 21259.0, "overdispersion": 0.95, "total_count": 12716343, "nvals": 4170374, "sparsity": 0.1007139325398882}