{"ncells": 1517, "ngenes": 60623, "nvals": 505884, "density": 0.0055008263950937645, "avg_per_cell": 814.3085036255768, "avg_per_gene": 20.376853669399402, "min_cell": 563, "max_cell": 2885, "total_count": 1235306, "overdispersion": 1.5716788747396113, "log1pCP10k": {"cov_gene": 4.123022560707846, "cov_cell": 0.30378048430188986, "r2_depth": 0.027665971505505982, "r_mono": 1}, "log1pCPM": {"cov_gene": 3.839697535462961, "cov_cell": 0.33921294248776834, "r2_depth": 0.10916924298135333, "r_mono": 1}, "PFlog1pPF": {"cov_gene": 15.623391142257969, "cov_cell": 3.560494749867334e-15, "r2_depth": 0, "r_mono": 1}, "log1pPF": {"cov_gene": 6.009070931637414, "cov_cell": 0.2686286980282205, "r2_depth": 0.012611965281270399, "r_mono": 1}, "log1p": {"cov_gene": 6.167518404803485, "cov_cell": 0.35544612023466043, "r2_depth": 0.19746176452270103, "r_mono": 1}, "PF": {"cov_gene": 226.25328156253235, "cov_cell": 5.9673872510492014e-15, "r2_depth": 0, "r_mono": 1}, "raw": {"cov_gene": 237.13115310461325, "cov_cell": 0.35355072371146246, "r2_depth": 1, "r_mono": 1}, "sqrt": {"cov_gene": 32.59203307521623, "cov_cell": 0.346346864197497, "r2_depth": 0.22749953866340855, "r_mono": 1}}