{"raw": {"cov_gene": 63.52329818140966, "r2_depth": 1.0, "r_mono": 1.0, "cov_cell": 0.9710690149886836}, "PF": {"cov_gene": 54.68195942001418, "r2_depth": 0, "r_mono": 1.0, "cov_cell": 9.95239554021239e-15}, "sqrt": {"cov_gene": 6.586100877743286, "r2_depth": 0.9453771216712246, "r_mono": 1.0, "cov_cell": 0.9037410714365918}, "log1p": {"cov_gene": 4.141651410944014, "r2_depth": 0.9389099025395181, "r_mono": 1.0, "cov_cell": 0.910291803763052}, "log1pCP10k": {"cov_gene": 2.921160273508861, "r2_depth": 0.6472321842346416, "r_mono": 1.0, "cov_cell": 0.5788327462054411}, "log1pCPM": {"cov_gene": 2.2521711380790426, "r2_depth": 0.832509848519797, "r_mono": 1.0, "cov_cell": 0.7475942881945434}, "scalelog1pCP10k": {"cov_gene": 2.475942125289627e-13, "r2_depth": 0.6173987673150774, "r_mono": 0.2403891957647309, "cov_cell": null}, "sctransform": {"cov_gene": 0.9013885204579651, "r2_depth": 0.0725652343173957, "r_mono": 0.1781240121285828, "cov_cell": null}, "log1pPF": {"cov_gene": 4.260555633955425, "r2_depth": 0.448410792935811, "r_mono": 1.0, "cov_cell": 0.46499600958798026}, "PFlog1pPF": {"cov_gene": 27.160362359737697, "r2_depth": 0, "r_mono": 1.0, "cov_cell": 8.206867010229522e-15}, "ncells": 17365, "ngenes": 22413, "avg_per_cell": 1581.76, "avg_per_gene": 1225.51, "min_cell": 266.0, "max_cell": 28532.0, "overdispersion": 0.99, "total_count": 27467315, "nvals": 10238491, "density": 0.026306385137096443}