{"raw": {"cov_gene": 63.52329818140966, "r2_depth": 1.0, "r_mono": 1.0}, "PF": {"cov_gene": 54.68195942001418, "r2_depth": 0, "r_mono": 1.0}, "sqrt": {"cov_gene": 6.586100877743286, "r2_depth": 0.9453771216712246, "r_mono": 1.0}, "log1p": {"cov_gene": 4.141651410944014, "r2_depth": 0.9389099025395181, "r_mono": 1.0}, "log1pCP10k": {"cov_gene": 2.921160273508861, "r2_depth": 0.6472321842346416, "r_mono": 1.0}, "log1pCPM": {"cov_gene": 2.2521711380790426, "r2_depth": 0.832509848519797, "r_mono": 1.0}, "scalelog1pCP10k": {"cov_gene": 2.475942125289627e-13, "r2_depth": 0.6173987673150774, "r_mono": 0.2403891957647309}, "sctransform": {"cov_gene": 0.9013885204579651, "r2_depth": 0.0725652343173957, "r_mono": 0.1781240121285828}, "log1pPF": {"cov_gene": 4.260555633955425, "r2_depth": 0.448410792935811, "r_mono": 1.0}, "PFlog1pPF": {"cov_gene": 27.160362359737697, "r2_depth": 0, "r_mono": 1.0}}