{
    "raw": {
        "cov_gene": 113.47363774221691,
        "r2_depth": 1.0,
        "r_mono": 1.0
    },
    "PF": {
        "cov_gene": 94.03652389450305,
        "r2_depth": 0,
        "r_mono": 1.0
    },
    "sqrt": {
        "cov_gene": 7.967583698398851,
        "r2_depth": 0.9394665624167322,
        "r_mono": 1.0
    },
    "log1p": {
        "cov_gene": 2.4433143397905894,
        "r2_depth": 0.9335088092407624,
        "r_mono": 1.0
    },
    "log1pCP10k": {
        "cov_gene": 2.164057219085798,
        "r2_depth": 0.5855210037794808,
        "r_mono": 1.0
    },
    "log1pCPM": {
        "cov_gene": 1.3997607363786606,
        "r2_depth": 0.8044941546667335,
        "r_mono": 1.0
    },
    "scalelog1pCP10k": {
        "cov_gene": 8.537836637515467e-14,
        "r2_depth": 0.4869606433556314,
        "r_mono": 0.4321793264479835
    },
    "sctransform": {
        "cov_gene": 1.3905085180714525,
        "r2_depth": 0.6390483921866346,
        "r_mono": 0.10915995780825336
    },
    "log1pPF": {
        "cov_gene": 2.230141773168914,
        "r2_depth": 0.5736463559172182,
        "r_mono": 1.0
    },
    "PFlog1pPF": {
        "cov_gene": 8.119475211430368,
        "r2_depth": 0,
        "r_mono": 1.0
    },
    "ncells": 6066,
    "ngenes": 33410,
    "avg_per_cell": 8753.19,
    "avg_per_gene": 1589.25,
    "min_cell": 290.0,
    "max_cell": 54583.0,
    "overdispersion": 5.11
}