{"ncells": 6066, "ngenes": 60623, "nvals": 18189696, "avg_per_cell": 8755.941477085395, "avg_per_gene": 876.1285485706745, "min_cell": 291, "max_cell": 54589, "total_count": 53113541, "overdispersion": 5.108552718690846, "raw": {"cov_gene": 152.85544114796068, "cov_cell": 0.8285471216636873, "r2_depth": 1.0, "r_mono": 1}, "PF": {"cov_gene": 126.6919762373301, "cov_cell": 2.9364522257760535e-14, "r2_depth": 0, "r_mono": 1}, "log1p": {"cov_gene": 3.4108792398083208, "cov_cell": 0.7083150939639772, "r2_depth": 0.9335404430702481, "r_mono": 1}, "log1pPF": {"cov_gene": 3.133810342302437, "cov_cell": 0.35609259614607885, "r2_depth": 0.5734516024845089, "r_mono": 1}, "PFlog1pPF": {"cov_gene": 10.907877587550304, "cov_cell": 2.7723008607673728e-14, "r2_depth": 0, "r_mono": 1}, "log1pCPM": {"cov_gene": 2.0873609564773354, "cov_cell": 0.5322478800928891, "r2_depth": 0.8045372462386025, "r_mono": 1}, "log1pCP10k": {"cov_gene": 3.048857748638074, "cov_cell": 0.3643230274811011, "r2_depth": 0.585310340571735, "r_mono": 1}, "sqrt": {"cov_gene": 10.764819833441386, "cov_cell": 0.7031423618896878, "r2_depth": 0.9394927290029609, "r_mono": 1}, "density": 0.04946358739023244}