{
  "ncells": 5029,
  "ngenes": 60623,
  "nvals": 445724,
  "density": 0.0014619986094081573,
  "total_counts": 707571,
  "overdispersion": 3.5554616897735833,
  "avg_per_cell": 140.6981507257904,
  "avg_per_gene": 11.67165927123369,
  "max_cell": 1737,
  "min_cell": 20,
  "raw": {
    "cov_gene": 50.643725532371136,
    "cov_cell": 1.0186502260825159,
    "r2_depth": 1,
    "r_mono": 1
  },
  "PF": {
    "cov_gene": 45.19660241197327,
    "cov_cell": 1.301311213247193e-15,
    "r2_depth": 0,
    "r_mono": 1
  },
  "sqrt": {
    "cov_gene": 11.954731246517312,
    "cov_cell": 1.0134153787889344,
    "r2_depth": 0.9696987687855803,
    "r_mono": 1
  },
  "log1p": {
    "cov_gene": 10.411191593454625,
    "cov_cell": 1.0256832121495703,
    "r2_depth": 0.9677366249681097,
    "r_mono": 1
  },
  "log1pCP10k": {
    "cov_gene": 5.815061764985372,
    "cov_cell": 0.7180456055166808,
    "r2_depth": 0.8827364333428046,
    "r_mono": 1
  },
  "log1pCPM": {
    "cov_gene": 5.274125577575586,
    "cov_cell": 0.85713790064828,
    "r2_depth": 0.9306257916246263,
    "r_mono": 1
  },
  "log1pPF": {
    "cov_gene": 11.359824301239255,
    "cov_cell": 0.33352635031166084,
    "r2_depth": 0.5315315069751716,
    "r_mono": 1
  },
  "PFlog1pPF": {
    "cov_gene": 28.03411189811907,
    "cov_cell": 1.5709552523090762e-15,
    "r2_depth": 0,
    "r_mono": 1
  }
}
