{
  "ncells": 964,
  "ngenes": 15243,
  "nvals": 821411,
  "density": 0.05590015742209947,
  "total_counts": 1936260,
  "overdispersion": 0.8,
  "avg_per_cell": 2008.57,
  "avg_per_gene": 127.03,
  "max_cell": 11428,
  "min_cell": 219,
  "raw": {
    "cov_gene": 38.60624908588832,
    "r2_depth": 1,
    "r_mono": 1,
    "cov_cell": 1.0104297149456076
  },
  "PF": {
    "cov_gene": 61.139265266922315,
    "r2_depth": 0,
    "r_mono": 1,
    "cov_cell": 9.397778314182681e-15
  },
  "sqrt": {
    "cov_gene": 3.9311700246810157,
    "r2_depth": 0.9898644060254256,
    "r_mono": 1,
    "cov_cell": 0.8701148596644921
  },
  "log1p": {
    "cov_gene": 2.801612012305539,
    "r2_depth": 0.9893481238231664,
    "r_mono": 1,
    "cov_cell": 0.8777914831851614
  },
  "log1pCP10k": {
    "cov_gene": 1.6899699194492233,
    "r2_depth": 0.8553938129115789,
    "r_mono": 1,
    "cov_cell": 0.4601179890864224
  },
  "log1pCPM": {
    "cov_gene": 1.2910395234444614,
    "r2_depth": 0.9508229918539343,
    "r_mono": 1,
    "cov_cell": 0.661254572572065
  },
  "scalelog1pCP10k": {
    "cov_gene": 1.4354783784640938e-14,
    "r2_depth": 0.8109931272308051,
    "r_mono": 0.35922077001438607,
    "cov_cell": null
  },
  "sctransform": {
    "cov_gene": 0.532948236024656,
    "r2_depth": 0.7658299359724207,
    "r_mono": 0.26986424453112134,
    "cov_cell": null
  },
  "log1pPF": {
    "cov_gene": 2.269146285682606,
    "r2_depth": 0.7353156895683395,
    "r_mono": 1,
    "cov_cell": 0.31333938535564204
  },
  "PFlog1pPF": {
    "cov_gene": 4.003319945316586,
    "r2_depth": 0,
    "r_mono": 1,
    "cov_cell": 7.980131531357538e-15
  }
}
