{"raw": {"cov_gene": 88.83661848447942, "r2_depth": 1.0, "r_mono": 1.0, "cov_cell": 0.820776711013911}, "PF": {"cov_gene": 83.48387370249685, "r2_depth": 0, "r_mono": 1.0, "cov_cell": 1.1442959945156891e-14}, "sqrt": {"cov_gene": 8.471465430128573, "r2_depth": 0.8570580036378767, "r_mono": 1.0, "cov_cell": 0.5510896992138882}, "log1p": {"cov_gene": 2.680936568123528, "r2_depth": 0.8411417646984276, "r_mono": 1.0, "cov_cell": 0.5405599434818557}, "log1pCP10k": {"cov_gene": 1.9747286550081427, "r2_depth": 0.23458139519703602, "r_mono": 1.0, "cov_cell": 0.18843497547798488}, "log1pCPM": {"cov_gene": 1.5528497555989165, "r2_depth": 0.6685611420393516, "r_mono": 1.0, "cov_cell": 0.34758121978086043}, "scalelog1pCP10k": {"cov_gene": 8.47495217674771e-14, "r2_depth": 0.33717298005733964, "r_mono": 0.3246451964898122, "cov_cell": null}, "sctransform": {"cov_gene": 0.6641362332247728, "r2_depth": 0.13783690551049899, "r_mono": 0.25608495693969324, "cov_cell": null}, "log1pPF": {"cov_gene": 2.5501684670665834, "r2_depth": 0.07459504578319853, "r_mono": 1.0, "cov_cell": 0.15555146080913107}, "PFlog1pPF": {"cov_gene": 11.592732507679335, "r2_depth": 0, "r_mono": 1.0, "cov_cell": 1.0106128702293765e-14}, "ncells": 6018, "ngenes": 24973, "avg_per_cell": 3488.81, "avg_per_gene": 840.73, "min_cell": 1312.0, "max_cell": 41392.0, "overdispersion": 1.4, "total_count": 20995668, "nvals": 6926874, "density": 0.046090814969499065}