{
    "raw": {
        "cov_gene": 88.83661848447942,
        "r2_depth": 1.0,
        "r_mono": 1.0
    },
    "PF": {
        "cov_gene": 83.48387370249685,
        "r2_depth": 0,
        "r_mono": 1.0
    },
    "sqrt": {
        "cov_gene": 8.471465430128573,
        "r2_depth": 0.8570580036378767,
        "r_mono": 1.0
    },
    "log1p": {
        "cov_gene": 2.680936568123528,
        "r2_depth": 0.8411417646984276,
        "r_mono": 1.0
    },
    "log1pCP10k": {
        "cov_gene": 1.9747286550081427,
        "r2_depth": 0.23458139519703602,
        "r_mono": 1.0
    },
    "log1pCPM": {
        "cov_gene": 1.5528497555989165,
        "r2_depth": 0.6685611420393516,
        "r_mono": 1.0
    },
    "scalelog1pCP10k": {
        "cov_gene": 8.47495217674771e-14,
        "r2_depth": 0.33717298005733964,
        "r_mono": 0.3246451964898122
    },
    "sctransform": {
        "cov_gene": 0.6641362332247728,
        "r2_depth": 0.13783690551049899,
        "r_mono": 0.25608495693969324
    },
    "log1pPF": {
        "cov_gene": 2.5501684670665834,
        "r2_depth": 0.07459504578319853,
        "r_mono": 1.0
    },
    "PFlog1pPF": {
        "cov_gene": 11.592732507679335,
        "r2_depth": 0,
        "r_mono": 1.0
    },
    "ncells": "6018",
    "ngenes": 24973,
    "avg_per_cell": "3488.81",
    "avg_per_gene": "840.73",
    "min_cell": "1312",
    "max_cell": "41392",
    "overdispersion": "1.4"
}