{
    "raw": {
        "cov_gene": 53.774447590262234,
        "r2_depth": 1.0,
        "r_mono": 1.0
    },
    "PF": {
        "cov_gene": 52.97634808232679,
        "r2_depth": 0,
        "r_mono": 1.0
    },
    "sqrt": {
        "cov_gene": 9.008067990339917,
        "r2_depth": 0.9688655623373661,
        "r_mono": 1.0
    },
    "log1p": {
        "cov_gene": 3.432897022946986,
        "r2_depth": 0.9658819728898114,
        "r_mono": 1.0
    },
    "log1pCP10k": {
        "cov_gene": 2.9624065079379847,
        "r2_depth": 0.7185074520502894,
        "r_mono": 1.0
    },
    "log1pCPM": {
        "cov_gene": 1.6935299233611913,
        "r2_depth": 0.9006399043070192,
        "r_mono": 1.0
    },
    "scalelog1pCP10k": {
        "cov_gene": 6.783866211349816e-14,
        "r2_depth": 0.729217587232122,
        "r_mono": 0.281661971035883
    },
    "sctransform": {
        "cov_gene": 0.7780567029176461,
        "r2_depth": 0.32527883779468403,
        "r_mono": 0.20246168330242484
    },
    "log1pPF": {
        "cov_gene": 3.7838657129833058,
        "r2_depth": 0.6168246522545211,
        "r_mono": 1.0
    },
    "PFlog1pPF": {
        "cov_gene": 14.991620621174523,
        "r2_depth": 0,
        "r_mono": 1.0
    },
    "ncells": 4618,
    "ngenes": 25226,
    "avg_per_cell": 3699.75,
    "avg_per_gene": 677.3,
    "min_cell": 293.0,
    "max_cell": 54766.0,
    "overdispersion": 2.62
}