{"ncells": 4618, "ngenes": 60623, "nvals": 5223991, "avg_per_cell": 3703.777176266782, "avg_per_gene": 282.1378519703743, "min_cell": 294, "max_cell": 55007, "total_count": 17104043, "overdispersion": 2.6206048526687686, "raw": {"cov_gene": 83.36636041831157, "cov_cell": 1.34149786144068, "r2_depth": 1.0, "r_mono": 1}, "PF": {"cov_gene": 82.15341297847606, "cov_cell": 2.1530785688514524e-14, "r2_depth": 0, "r_mono": 1}, "log1p": {"cov_gene": 5.441892936913781, "cov_cell": 1.232274142065822, "r2_depth": 0.9659529848368431, "r_mono": 1}, "log1pPF": {"cov_gene": 5.975165745613374, "cov_cell": 0.63390911457156, "r2_depth": 0.6168302483958437, "r_mono": 1}, "PFlog1pPF": {"cov_gene": 23.25523097517469, "cov_cell": 1.8269427447570603e-14, "r2_depth": 0, "r_mono": 1}, "log1pCPM": {"cov_gene": 2.870074722366755, "cov_cell": 1.0269995009742932, "r2_depth": 0.9008717143631171, "r_mono": 1}, "log1pCP10k": {"cov_gene": 4.734531915277658, "cov_cell": 0.7453218331987039, "r2_depth": 0.7184472393020684, "r_mono": 1}, "sqrt": {"cov_gene": 13.992015643886257, "cov_cell": 1.230657534508569, "r2_depth": 0.9689270142599197, "r_mono": 1}, "density": 0.018659975420369356}