{
    "raw": {
        "cov_gene": 52.06696444582155,
        "r2_depth": 1.0,
        "r_mono": 1.0
    },
    "PF": {
        "cov_gene": 51.83052118523089,
        "r2_depth": 0,
        "r_mono": 1.0
    },
    "sqrt": {
        "cov_gene": 5.620765346091048,
        "r2_depth": 0.9354387617936936,
        "r_mono": 1.0
    },
    "log1p": {
        "cov_gene": 3.1284398004274525,
        "r2_depth": 0.9282307296497467,
        "r_mono": 1.0
    },
    "log1pCP10k": {
        "cov_gene": 2.2247829337343354,
        "r2_depth": 0.5471344566597107,
        "r_mono": 1.0
    },
    "log1pCPM": {
        "cov_gene": 1.5901434458070571,
        "r2_depth": 0.7837985684800185,
        "r_mono": 1.0
    },
    "scalelog1pCP10k": {
        "cov_gene": 8.281882010880326e-14,
        "r2_depth": 0.5545851365782526,
        "r_mono": 0.3239267751994585
    },
    "sctransform": {
        "cov_gene": 0.7531707269254717,
        "r2_depth": 0.24450675006816058,
        "r_mono": 0.23338353292497196
    },
    "log1pPF": {
        "cov_gene": 3.036153072952368,
        "r2_depth": 0.41618766301109655,
        "r_mono": 1.0
    },
    "PFlog1pPF": {
        "cov_gene": 20.18563371715815,
        "r2_depth": 0,
        "r_mono": 1.0
    },
    "ncells": 5819,
    "ngenes": 23933,
    "avg_per_cell": 3001.12,
    "avg_per_gene": 729.68,
    "min_cell": 330.0,
    "max_cell": 57654.0,
    "overdispersion": 0.86
}