{"ncells": 5819, "ngenes": 60623, "nvals": 6539193, "avg_per_cell": 3004.679841897233, "avg_per_gene": 288.4092176236742, "min_cell": 330, "max_cell": 57730, "total_count": 17484232, "overdispersion": 0.8561660665574096, "raw": {"cov_gene": 80.87995840116619, "cov_cell": 0.944146833468354, "r2_depth": 1.0, "r_mono": 1}, "PF": {"cov_gene": 82.4645766135925, "cov_cell": 1.5390688179258193e-14, "r2_depth": 0, "r_mono": 1}, "log1p": {"cov_gene": 5.121698651041224, "cov_cell": 0.7535244098628227, "r2_depth": 0.9280094852584925, "r_mono": 1}, "log1pPF": {"cov_gene": 4.978809501120321, "cov_cell": 0.33894814313342053, "r2_depth": 0.4153845499998976, "r_mono": 1}, "PFlog1pPF": {"cov_gene": 32.12631425275087, "cov_cell": 1.4270665108858074e-14, "r2_depth": 0, "r_mono": 1}, "log1pCPM": {"cov_gene": 2.8081926486127955, "cov_cell": 0.5768943292667732, "r2_depth": 0.7838554591036578, "r_mono": 1}, "log1pCP10k": {"cov_gene": 3.7427834691769784, "cov_cell": 0.40932778663255276, "r2_depth": 0.5464189735960179, "r_mono": 1}, "sqrt": {"cov_gene": 9.013210940321601, "cov_cell": 0.7558513870435503, "r2_depth": 0.9352287146005773, "r_mono": 1}, "density": 0.018536954082014605}