{"raw": {"cov_gene": 54.08174185375629, "r2_depth": 1.0, "r_mono": 1.0, "cov_cell": 0.5481505711782275}, "PF": {"cov_gene": 89.05411153097226, "r2_depth": 0, "r_mono": 1.0, "cov_cell": 2.7728223923693936e-14}, "sqrt": {"cov_gene": 3.246452272820538, "r2_depth": 0.9717126618157573, "r_mono": 1.0, "cov_cell": 0.4688558782498137}, "log1p": {"cov_gene": 2.1353378819335873, "r2_depth": 0.9697657434504022, "r_mono": 1.0, "cov_cell": 0.46913461826594394}, "log1pCP10k": {"cov_gene": 1.693964110294949, "r2_depth": 0.6724043142962649, "r_mono": 1.0, "cov_cell": 0.27534553123866545}, "log1pCPM": {"cov_gene": 1.286995137671298, "r2_depth": 0.8872749751832205, "r_mono": 1.0, "cov_cell": 0.37708865078895704}, "scalelog1pCP10k": {"cov_gene": 5.553582348187364e-14, "r2_depth": 0.6468544152589015, "r_mono": 0.4187981610285078, "cov_cell": null}, "sctransform": {"cov_gene": 0.4493180623439127, "r2_depth": 0.6835057284126216, "r_mono": 0.27263832973627, "cov_cell": null}, "log1pPF": {"cov_gene": 2.0155389565867394, "r2_depth": 0.5915176873724008, "r_mono": 1.0, "cov_cell": 0.24471389956793382}, "PFlog1pPF": {"cov_gene": 4.068427221276883, "r2_depth": 0, "r_mono": 1.0, "cov_cell": 2.2296233473377484e-14}, "ncells": 4064, "ngenes": 25557, "avg_per_cell": 4686.89, "avg_per_gene": 745.3, "min_cell": 136.0, "max_cell": 23072.0, "overdispersion": 0.47, "total_count": 19047541, "nvals": 8045852, "density": 0.07746552480036134}