{
    "raw": {
        "cov_gene": 54.08174185375629,
        "r2_depth": 1.0,
        "r_mono": 1.0
    },
    "PF": {
        "cov_gene": 89.05411153097226,
        "r2_depth": 0,
        "r_mono": 1.0
    },
    "sqrt": {
        "cov_gene": 3.246452272820538,
        "r2_depth": 0.9717126618157573,
        "r_mono": 1.0
    },
    "log1p": {
        "cov_gene": 2.1353378819335873,
        "r2_depth": 0.9697657434504022,
        "r_mono": 1.0
    },
    "log1pCP10k": {
        "cov_gene": 1.693964110294949,
        "r2_depth": 0.6724043142962649,
        "r_mono": 1.0
    },
    "log1pCPM": {
        "cov_gene": 1.286995137671298,
        "r2_depth": 0.8872749751832205,
        "r_mono": 1.0
    },
    "scalelog1pCP10k": {
        "cov_gene": 5.553582348187364e-14,
        "r2_depth": 0.6468544152589015,
        "r_mono": 0.4187981610285078
    },
    "sctransform": {
        "cov_gene": 0.4493180623439127,
        "r2_depth": 0.6835057284126216,
        "r_mono": 0.27263832973627
    },
    "log1pPF": {
        "cov_gene": 2.0155389565867394,
        "r2_depth": 0.5915176873724008,
        "r_mono": 1.0
    },
    "PFlog1pPF": {
        "cov_gene": 4.068427221276883,
        "r2_depth": 0,
        "r_mono": 1.0
    },
    "ncells": "4064",
    "ngenes": 25557,
    "avg_per_cell": "4686.89",
    "avg_per_gene": "745.3",
    "min_cell": "136",
    "max_cell": "23072",
    "overdispersion": "0.47"
}