{"raw": {"cov_gene": 3.5756257021427307, "r2_depth": 1.0, "r_mono": 1.0, "cov_cell": 0.24550596045474496}, "PF": {"cov_gene": 3.4434315470575974, "r2_depth": 0, "r_mono": 1.0, "cov_cell": 2.416723462931576e-16}, "sqrt": {"cov_gene": 1.8842716192991222, "r2_depth": 0.9855279764797572, "r_mono": 1.0, "cov_cell": 0.1526283263726817}, "log1p": {"cov_gene": 0.6266407198749944, "r2_depth": 0.9184250864248322, "r_mono": 1.0, "cov_cell": 0.10761455982430965}, "log1pCP10k": {"cov_gene": 0.7974599892140005, "r2_depth": 0.6018285260883836, "r_mono": 1.0, "cov_cell": 0.044956751724121405}, "log1pCPM": {"cov_gene": 0.954615337598038, "r2_depth": 0.6348206756525305, "r_mono": 1.0, "cov_cell": 0.06393109652063396}, "scalelog1pCP10k": {"cov_gene": 7.721983167586108e-16, "r2_depth": 0.6851491767845976, "r_mono": 0.3430911359149486, "cov_cell": null}, "sctransform": {"cov_gene": 0.6778971370255806, "r2_depth": 0.6747579048949461, "r_mono": 0.7653474103210763, "cov_cell": null}, "log1pPF": {"cov_gene": 0.801321373236786, "r2_depth": 0.6019379964426366, "r_mono": 1.0, "cov_cell": 0.04590728699918056}, "PFlog1pPF": {"cov_gene": 0.7153395656251986, "r2_depth": 0, "r_mono": 1.0, "cov_cell": 3.11990481504187e-16}, "ncells": 84, "ngenes": 69, "avg_per_cell": 12153.06, "avg_per_gene": 14795.03, "min_cell": 4337.0, "max_cell": 21122.0, "overdispersion": 0.05, "total_count": 1020857, "nvals": 3984, "sparsity": 0.6873706004140787}