{
    "raw": {
        "cov_gene": 12.258385545321685,
        "r2_depth": 1.0,
        "r_mono": 1.0
    },
    "PF": {
        "cov_gene": 17.063139719393106,
        "r2_depth": 0,
        "r_mono": 1.0
    },
    "sqrt": {
        "cov_gene": 4.0678987414231,
        "r2_depth": 0.9682968545695092,
        "r_mono": 1.0
    },
    "log1p": {
        "cov_gene": 4.0062234895818,
        "r2_depth": 0.9687478391085101,
        "r_mono": 1.0
    },
    "log1pCP10k": {
        "cov_gene": 2.4906890000280555,
        "r2_depth": 0.8637834256874655,
        "r_mono": 1.0
    },
    "log1pCPM": {
        "cov_gene": 2.312983284908893,
        "r2_depth": 0.8975009224220802,
        "r_mono": 1.0
    },
    "scalelog1pCP10k": {
        "cov_gene": 1.3148640233005928e-13,
        "r2_depth": 0.8027047255926014,
        "r_mono": 0.23035197953347383
    },
    "sctransform": {
        "cov_gene": 1.063154949896696,
        "r2_depth": 0.18688344363208942,
        "r_mono": 0.21134775307106846
    },
    "log1pPF": {
        "cov_gene": 4.565375407394587,
        "r2_depth": 0.5905659728165531,
        "r_mono": 1.0
    },
    "PFlog1pPF": {
        "cov_gene": 9.270098570650031,
        "r2_depth": 0,
        "r_mono": 1.0
    },
    "ncells": "8484",
    "ngenes": 1378,
    "avg_per_cell": "67.29",
    "avg_per_gene": "414.31",
    "min_cell": "15",
    "max_cell": "683",
    "overdispersion": "0.97"
}