{"raw": {"cov_gene": 12.258385545321685, "r2_depth": 1.0, "r_mono": 1.0, "cov_cell": 1.0369408481894478}, "PF": {"cov_gene": 17.063139719393106, "r2_depth": 0, "r_mono": 1.0, "cov_cell": 5.377264342272525e-16}, "sqrt": {"cov_gene": 4.0678987414231, "r2_depth": 0.9682968545695092, "r_mono": 1.0, "cov_cell": 0.9634378409554437}, "log1p": {"cov_gene": 4.0062234895818, "r2_depth": 0.9687478391085101, "r_mono": 1.0, "cov_cell": 0.9678402525778095}, "log1pCP10k": {"cov_gene": 2.4906890000280555, "r2_depth": 0.8637834256874655, "r_mono": 1.0, "cov_cell": 0.7578193103859603}, "log1pCPM": {"cov_gene": 2.312983284908893, "r2_depth": 0.8975009224220802, "r_mono": 1.0, "cov_cell": 0.839497884231314}, "scalelog1pCP10k": {"cov_gene": 1.3148640233005928e-13, "r2_depth": 0.8027047255926014, "r_mono": 0.23035197953347383, "cov_cell": null}, "sctransform": {"cov_gene": 1.063154949896696, "r2_depth": 0.18688344363208942, "r_mono": 0.21134775307106846, "cov_cell": null}, "log1pPF": {"cov_gene": 4.565375407394587, "r2_depth": 0.5905659728165531, "r_mono": 1.0, "cov_cell": 0.39579909065933233}, "PFlog1pPF": {"cov_gene": 9.270098570650031, "r2_depth": 0, "r_mono": 1.0, "cov_cell": 6.313314707441645e-16}, "ncells": 8484, "ngenes": 1378, "avg_per_cell": 67.29, "avg_per_gene": 414.31, "min_cell": 15.0, "max_cell": 683.0, "overdispersion": 0.97, "total_count": 570921, "nvals": 272795, "sparsity": 0.023333856815082297}