{"ncells": 17262, "ngenes": 60623, "nvals": 7744060, "density": 0.007400144033743264, "avg_per_cell": 2012.0474452554745, "avg_per_gene": 572.9172591260742, "min_cell": 389, "max_cell": 26520, "total_count": 34731963, "overdispersion": 0.8421958162305203, "log1pCP10k": {"cov_gene": 5.911394298118687, "cov_cell": 0.8127368841988505, "r2_depth": 0.569956984999451, "r_mono": 1}, "PFlog1pPF": {"cov_gene": 29.76683527861411, "cov_cell": 7.849434228956262e-15, "r2_depth": 0, "r_mono": 1}, "log1pCPM": {"cov_gene": 4.153354015793726, "cov_cell": 1.1291366238430303, "r2_depth": 0.7987524963231444, "r_mono": 1}, "log1p": {"cov_gene": 8.366314302250034, "cov_cell": 1.386576557761486, "r2_depth": 0.9185363030486392, "r_mono": 1}, "log1pPF": {"cov_gene": 8.380042135776284, "cov_cell": 0.6458317570325095, "r2_depth": 0.3843873005148539, "r_mono": 1}, "PF": {"cov_gene": 76.03937233098011, "cov_cell": 9.812285796064116e-15, "r2_depth": 0, "r_mono": 1}, "raw": {"cov_gene": 56.27912852561392, "cov_cell": 1.362350782227937, "r2_depth": 1, "r_mono": 1}, "sqrt": {"cov_gene": 17.72677322281138, "cov_cell": 1.360210665310823, "r2_depth": 0.9307400585771862, "r_mono": 1}}