{"ncells": 11005, "ngenes": 60623, "nvals": 17379932, "avg_per_cell": 6711.3882780554295, "avg_per_gene": 1218.330138726226, "min_cell": 439, "max_cell": 92157, "total_count": 73858828, "overdispersion": 2.8788689419507496, "raw": {"cov_gene": 106.13238864929494, "cov_cell": 1.643955990814776, "r2_depth": 1.0, "r_mono": 1}, "PF": {"cov_gene": 150.74259013454125, "cov_cell": 2.7141053812021045e-14, "r2_depth": 0, "r_mono": 1}, "log1p": {"cov_gene": 5.016645267659962, "cov_cell": 1.348781737461442, "r2_depth": 0.9678991373281074, "r_mono": 1}, "log1pPF": {"cov_gene": 4.589831312145009, "cov_cell": 0.4452069894371236, "r2_depth": 0.7335362949919265, "r_mono": 1}, "PFlog1pPF": {"cov_gene": 5.3168511347882355, "cov_cell": 2.0747916208602124e-14, "r2_depth": 0, "r_mono": 1}, "log1pCPM": {"cov_gene": 2.8467232346229094, "cov_cell": 0.9921819403903807, "r2_depth": 0.8921206852542231, "r_mono": 1}, "log1pCP10k": {"cov_gene": 4.376964245519245, "cov_cell": 0.5130678938136034, "r2_depth": 0.7533915060807405, "r_mono": 1}, "sqrt": {"cov_gene": 14.416365566602861, "cov_cell": 1.3600236298539579, "r2_depth": 0.9719784864618339, "r_mono": 1}, "density": 0.026050772239418055}