{
    "raw": {
        "cov_gene": 73.56512856403107,
        "r2_depth": 1.0,
        "r_mono": 1.0
    },
    "PF": {
        "cov_gene": 104.5310513480515,
        "r2_depth": 0,
        "r_mono": 1.0
    },
    "sqrt": {
        "cov_gene": 9.970214681065892,
        "r2_depth": 0.9719694195324955,
        "r_mono": 1.0
    },
    "log1p": {
        "cov_gene": 3.403373046537826,
        "r2_depth": 0.9678875593368851,
        "r_mono": 1.0
    },
    "log1pCP10k": {
        "cov_gene": 2.9483056737437496,
        "r2_depth": 0.7534525470227069,
        "r_mono": 1.0
    },
    "log1pCPM": {
        "cov_gene": 1.8388226850565166,
        "r2_depth": 0.8920840867478571,
        "r_mono": 1.0
    },
    "scalelog1pCP10k": {
        "cov_gene": 1.7159329192204357e-13,
        "r2_depth": 0.6576313707930852,
        "r_mono": 0.30273442261844424
    },
    "sctransform": {
        "cov_gene": 0.8789978262962138,
        "r2_depth": 0.7560293916802046,
        "r_mono": 0.1680036825671067
    },
    "log1pPF": {
        "cov_gene": 3.1000293874721203,
        "r2_depth": 0.7335985700225562,
        "r_mono": 1.0
    },
    "PFlog1pPF": {
        "cov_gene": 3.6150878544405125,
        "r2_depth": 0,
        "r_mono": 1.0
    },
    "ncells": "11005",
    "ngenes": 29129,
    "avg_per_cell": "6710.01",
    "avg_per_gene": "2535.05",
    "min_cell": "438",
    "max_cell": "92140",
    "overdispersion": "2.88"
}