{
    "raw": {
        "cov_gene": 51.146153451490775,
        "r2_depth": 1.0,
        "r_mono": 1.0
    },
    "PF": {
        "cov_gene": 29.461513757237686,
        "r2_depth": 0,
        "r_mono": 1.0
    },
    "sqrt": {
        "cov_gene": 7.4520962695775035,
        "r2_depth": 0.9665103460735944,
        "r_mono": 1.0
    },
    "log1p": {
        "cov_gene": 2.9664192219280245,
        "r2_depth": 0.9596437542719108,
        "r_mono": 1.0
    },
    "log1pCP10k": {
        "cov_gene": 3.4059618277415273,
        "r2_depth": 0.7002456081728693,
        "r_mono": 1.0
    },
    "log1pCPM": {
        "cov_gene": 1.8763610992548854,
        "r2_depth": 0.860903129350293,
        "r_mono": 1.0
    },
    "scalelog1pCP10k": {
        "cov_gene": 2.9542204508176856e-14,
        "r2_depth": 0.6680298356845673,
        "r_mono": 0.19919833182262975
    },
    "sctransform": {
        "cov_gene": 1.061948310354667,
        "r2_depth": 0.5186140030933457,
        "r_mono": 0.14960982720351396
    },
    "log1pPF": {
        "cov_gene": 4.273770255099168,
        "r2_depth": 0.6220562529221829,
        "r_mono": 1.0
    },
    "PFlog1pPF": {
        "cov_gene": 7.970912383613404,
        "r2_depth": 0,
        "r_mono": 1.0
    },
    "ncells": "1683",
    "ngenes": 17814,
    "avg_per_cell": "2665.35",
    "avg_per_gene": "251.81",
    "min_cell": "63",
    "max_cell": "52385",
    "overdispersion": "6.82"
}