{"ncells": 1683, "ngenes": 60623, "nvals": 933861, "avg_per_cell": 2680.806892453951, "avg_per_gene": 74.42386552958448, "min_cell": 65, "max_cell": 52575, "total_count": 4511798, "overdispersion": 6.818238141951826, "raw": {"cov_gene": 94.33829402433386, "cov_cell": 2.5256212415182535, "r2_depth": 1.0, "r_mono": 1}, "PF": {"cov_gene": 54.33466755582512, "cov_cell": 9.591913691115848e-15, "r2_depth": 0, "r_mono": 1}, "log1p": {"cov_gene": 5.640379630238454, "cov_cell": 2.1506857779424986, "r2_depth": 0.960089236100594, "r_mono": 1}, "log1pPF": {"cov_gene": 7.971657843909352, "cov_cell": 0.9416472474723789, "r2_depth": 0.6215629406258074, "r_mono": 1}, "PFlog1pPF": {"cov_gene": 14.728038148504538, "cov_cell": 8.830911623175363e-15, "r2_depth": 0, "r_mono": 1}, "log1pCPM": {"cov_gene": 3.728954836453887, "cov_cell": 1.7045364125828573, "r2_depth": 0.8620213803871288, "r_mono": 1}, "log1pCP10k": {"cov_gene": 6.416725975254117, "cov_cell": 1.2181125005823872, "r2_depth": 0.6996847723371111, "r_mono": 1}, "sqrt": {"cov_gene": 13.742228710264333, "cov_cell": 2.1700375422447133, "r2_depth": 0.9668067769658854, "r_mono": 1}, "density": 0.009152941752780098}