{
    "raw": {
        "cov_gene": 46.213090005975786,
        "r2_depth": 1.0,
        "r_mono": 1.0
    },
    "PF": {
        "cov_gene": 11.283066735302343,
        "r2_depth": 0,
        "r_mono": 1.0
    },
    "sqrt": {
        "cov_gene": 6.437616890248849,
        "r2_depth": 0.9555132574988765,
        "r_mono": 1.0
    },
    "log1p": {
        "cov_gene": 3.74674399060358,
        "r2_depth": 0.9488955173197827,
        "r_mono": 1.0
    },
    "log1pCP10k": {
        "cov_gene": 4.321961848624887,
        "r2_depth": 0.6883132009963617,
        "r_mono": 1.0
    },
    "log1pCPM": {
        "cov_gene": 3.6921855078367822,
        "r2_depth": 0.8654522732257826,
        "r_mono": 1.0
    },
    "scalelog1pCP10k": {
        "cov_gene": 2.595635733490295e-13,
        "r2_depth": 0.7210453817734694,
        "r_mono": 0.09770140132744097
    },
    "sctransform": {
        "cov_gene": 0.7926957261083004,
        "r2_depth": 0.25349372053045693,
        "r_mono": 0.09036076312856023
    },
    "log1pPF": {
        "cov_gene": 5.176083743247347,
        "r2_depth": 0.24967987614766984,
        "r_mono": 1.0
    },
    "PFlog1pPF": {
        "cov_gene": 5.526486851465989,
        "r2_depth": 0,
        "r_mono": 1.0
    },
    "ncells": "15628",
    "ngenes": 15580,
    "avg_per_cell": "227.1",
    "avg_per_gene": "227.8",
    "min_cell": "36",
    "max_cell": "58630",
    "overdispersion": "216.13"
}