{"raw": {"cov_gene": 46.213090005975786, "r2_depth": 1.0, "r_mono": 1.0, "cov_cell": 8.155557906806871}, "PF": {"cov_gene": 11.283066735302343, "r2_depth": 0, "r_mono": 1.0, "cov_cell": 2.3877885632531397e-15}, "sqrt": {"cov_gene": 6.437616890248849, "r2_depth": 0.9555132574988765, "r_mono": 1.0, "cov_cell": 5.346969368743372}, "log1p": {"cov_gene": 3.74674399060358, "r2_depth": 0.9488955173197827, "r_mono": 1.0, "cov_cell": 5.302831655683726}, "log1pCP10k": {"cov_gene": 4.321961848624887, "r2_depth": 0.6883132009963617, "r_mono": 1.0, "cov_cell": 1.08734568028733}, "log1pCPM": {"cov_gene": 3.6921855078367822, "r2_depth": 0.8654522732257826, "r_mono": 1.0, "cov_cell": 2.4936826728174184}, "scalelog1pCP10k": {"cov_gene": 2.595635733490295e-13, "r2_depth": 0.7210453817734694, "r_mono": 0.09770140132744097, "cov_cell": null}, "sctransform": {"cov_gene": 0.7926957261083004, "r2_depth": 0.25349372053045693, "r_mono": 0.09036076312856023, "cov_cell": null}, "log1pPF": {"cov_gene": 5.176083743247347, "r2_depth": 0.24967987614766984, "r_mono": 1.0, "cov_cell": 0.2394739687158706}, "PFlog1pPF": {"cov_gene": 5.526486851465989, "r2_depth": 0, "r_mono": 1.0, "cov_cell": 2.0980828420261504e-15}, "ncells": 15628, "ngenes": 15580, "avg_per_cell": 227.1, "avg_per_gene": 227.8, "min_cell": 36.0, "max_cell": 58630.0, "overdispersion": 216.13, "total_count": 3549080, "nvals": 1185933, "sparsity": 0.004870676640097938}