{
    "raw": {
        "cov_gene": 36.832899327386095,
        "r2_depth": 1.0,
        "r_mono": 1.0
    },
    "PF": {
        "cov_gene": 47.224172750634686,
        "r2_depth": 0,
        "r_mono": 1.0
    },
    "sqrt": {
        "cov_gene": 5.85888282108198,
        "r2_depth": 0.9675457269227757,
        "r_mono": 1.0
    },
    "log1p": {
        "cov_gene": 3.547016151479071,
        "r2_depth": 0.9625117168615732,
        "r_mono": 1.0
    },
    "log1pCP10k": {
        "cov_gene": 2.172940830659581,
        "r2_depth": 0.6901416248319715,
        "r_mono": 1.0
    },
    "log1pCPM": {
        "cov_gene": 1.7293445070226323,
        "r2_depth": 0.879643086714774,
        "r_mono": 1.0
    },
    "scalelog1pCP10k": {
        "cov_gene": 5.904494046849437e-14,
        "r2_depth": 0.6016047314875937,
        "r_mono": 0.28411785921511445
    },
    "sctransform": {
        "cov_gene": 0.5591246577700466,
        "r2_depth": 0.2795928722962421,
        "r_mono": 0.21986892437045255
    },
    "log1pPF": {
        "cov_gene": 3.0293562505355274,
        "r2_depth": 0.48907726652211736,
        "r_mono": 1.0
    },
    "PFlog1pPF": {
        "cov_gene": 3.3582072665038836,
        "r2_depth": 0,
        "r_mono": 1.0
    },
    "ncells": "4077",
    "ngenes": 19283,
    "avg_per_cell": "1910.77",
    "avg_per_gene": "403.99",
    "min_cell": "440",
    "max_cell": "21442",
    "overdispersion": "0.87"
}