{"ncells": 4077, "ngenes": 60623, "nvals": 2853269, "avg_per_cell": 1915.0515084621045, "avg_per_gene": 128.7904755620804, "min_cell": 441, "max_cell": 21468, "total_count": 7807665, "overdispersion": 0.8652114210185179, "raw": {"cov_gene": 65.31377810082613, "cov_cell": 1.0915389118877064, "r2_depth": 1.0, "r_mono": 1}, "PF": {"cov_gene": 83.74145036966182, "cov_cell": 1.1223859349249488e-14, "r2_depth": 0, "r_mono": 1}, "log1p": {"cov_gene": 6.427966763862658, "cov_cell": 0.7789250248076669, "r2_depth": 0.9624901677413653, "r_mono": 1}, "log1pPF": {"cov_gene": 5.535535104378765, "cov_cell": 0.18011131213065068, "r2_depth": 0.48767239096586223, "r_mono": 1}, "PFlog1pPF": {"cov_gene": 6.098877384040128, "cov_cell": 8.065458528880962e-15, "r2_depth": 0, "r_mono": 1}, "log1pCPM": {"cov_gene": 3.369804621724401, "cov_cell": 0.5455251926598031, "r2_depth": 0.8793330326398425, "r_mono": 1}, "log1pCP10k": {"cov_gene": 4.09288293919917, "cov_cell": 0.309483018821411, "r2_depth": 0.689072097327619, "r_mono": 1}, "sqrt": {"cov_gene": 10.446027134059285, "cov_cell": 0.7958538552423449, "r2_depth": 0.967488983772444, "r_mono": 1}, "density": 0.011544219674633316}