{"raw": {"cov_gene": 64.71524803687538, "r2_depth": 1.0, "r_mono": 1.0}, "PF": {"cov_gene": 91.49317334225971, "r2_depth": 0, "r_mono": 1.0}, "sqrt": {"cov_gene": 3.9848578925291833, "r2_depth": 0.9389724847619801, "r_mono": 1.0}, "log1p": {"cov_gene": 2.545047010438209, "r2_depth": 0.9313669761852476, "r_mono": 1.0}, "log1pCP10k": {"cov_gene": 2.0768164962773197, "r2_depth": 0.705299747163315, "r_mono": 1.0}, "log1pCPM": {"cov_gene": 1.7760006075962056, "r2_depth": 0.8603378641095125, "r_mono": 1.0}, "scalelog1pCP10k": {"cov_gene": 5.932597532380642e-14, "r2_depth": 0.6694870048144954, "r_mono": 0.34284541953935654}, "sctransform": {"cov_gene": 0.526670527560191, "r2_depth": 0.05386017838839985, "r_mono": 0.24629404400182803}, "log1pPF": {"cov_gene": 2.4752351929699716, "r2_depth": 0.5564624219998096, "r_mono": 1.0}, "PFlog1pPF": {"cov_gene": 2.792315675323399, "r2_depth": 0, "r_mono": 1.0}}