{"ncells": 9293, "ngenes": 60623, "nvals": 1636093, "avg_per_cell": 270.9624448509631, "avg_per_gene": 41.53628160929021, "min_cell": 31, "max_cell": 5888, "total_count": 2518054, "overdispersion": 3.0079930164047357, "raw": {"cov_gene": 120.12073249156212, "cov_cell": 1.0139002997211055, "r2_depth": 1.0, "r_mono": 1}, "PF": {"cov_gene": 65.2696202701223, "cov_cell": 2.3197886207472288e-15, "r2_depth": 0, "r_mono": 1}, "log1p": {"cov_gene": 10.614814470457382, "cov_cell": 0.863970191198207, "r2_depth": 0.979695094122016, "r_mono": 1}, "log1pPF": {"cov_gene": 10.314195638946225, "cov_cell": 0.26863215040342275, "r2_depth": 0.5137935653993441, "r_mono": 1}, "PFlog1pPF": {"cov_gene": 14.364270972183386, "cov_cell": 2.556682405025175e-15, "r2_depth": 0, "r_mono": 1}, "log1pCPM": {"cov_gene": 5.6839190198177985, "cov_cell": 0.6792691719511478, "r2_depth": 0.9213435503794651, "r_mono": 1}, "log1pCP10k": {"cov_gene": 6.327443192972879, "cov_cell": 0.5481912590593232, "r2_depth": 0.8380296427987661, "r_mono": 1}, "sqrt": {"cov_gene": 13.209114235619573, "cov_cell": 0.8571722306161589, "r2_depth": 0.9792091992569785, "r_mono": 1}, "density": 0.0029041204515674037}