{"raw": {"cov_gene": 59.08365752142242, "r2_depth": 1.0, "r_mono": 1.0, "cov_cell": 1.0136306424031183}, "PF": {"cov_gene": 32.20007616973084, "r2_depth": 0, "r_mono": 1.0, "cov_cell": 2.657586454030432e-15}, "sqrt": {"cov_gene": 6.4900816723788015, "r2_depth": 0.9786770385273267, "r_mono": 1.0, "cov_cell": 0.8561956410459078}, "log1p": {"cov_gene": 5.1870582812144646, "r2_depth": 0.9791934088354197, "r_mono": 1.0, "cov_cell": 0.8630194973566253}, "log1pCP10k": {"cov_gene": 3.021702225521317, "r2_depth": 0.837912827004168, "r_mono": 1.0, "cov_cell": 0.5488692594745403}, "log1pCPM": {"cov_gene": 2.6893262321173443, "r2_depth": 0.9202295525224201, "r_mono": 1.0, "cov_cell": 0.6789434144900536}, "scalelog1pCP10k": {"cov_gene": 1.369589934811478e-13, "r2_depth": 0.865682211643324, "r_mono": 0.17382692131269595, "cov_cell": null}, "sctransform": {"cov_gene": 0.46328166878465205, "r2_depth": 0.2472267502347073, "r_mono": 0.15002746571402312, "cov_cell": null}, "log1pPF": {"cov_gene": 5.044567912286939, "r2_depth": 0.5141976519320883, "r_mono": 1.0, "cov_cell": 0.26951651954402595}, "PFlog1pPF": {"cov_gene": 7.10107772191615, "r2_depth": 0, "r_mono": 1.0, "cov_cell": 2.477792101032502e-15}, "ncells": 9293, "ngenes": 14632, "avg_per_cell": 269.1, "avg_per_gene": 170.91, "min_cell": 29.0, "max_cell": 5805.0, "overdispersion": 3.01, "total_count": 2500734, "nvals": 1618986, "sparsity": 0.011906482106704535}