{"raw": {"cov_gene": 42.52204261532563, "r2_depth": 1.0, "r_mono": 1.0}, "PF": {"cov_gene": 51.84357616600574, "r2_depth": 0, "r_mono": 1.0}, "sqrt": {"cov_gene": 6.745855704040669, "r2_depth": 0.9162448249832663, "r_mono": 1.0}, "log1p": {"cov_gene": 2.6724165923949434, "r2_depth": 0.9035447923057421, "r_mono": 1.0}, "log1pCP10k": {"cov_gene": 2.497463819481058, "r2_depth": 0.36329210305947635, "r_mono": 1.0}, "log1pCPM": {"cov_gene": 1.23292802942123, "r2_depth": 0.6891165604756458, "r_mono": 1.0}, "scalelog1pCP10k": {"cov_gene": 1.0189569341401699e-14, "r2_depth": 0.435880555441328, "r_mono": 0.3712872685568505}, "sctransform": {"cov_gene": 0.6662514941553093, "r2_depth": 0.14873997490759694, "r_mono": 0.27048234911336066}, "log1pPF": {"cov_gene": 2.8476196323184886, "r2_depth": 0.32898948126658245, "r_mono": 1.0}, "PFlog1pPF": {"cov_gene": 20.86959492007372, "r2_depth": 0, "r_mono": 1.0}}