{"ncells": 680, "ngenes": 60623, "nvals": 1104199, "avg_per_cell": 6715.341176470588, "avg_per_gene": 75.32507464163766, "min_cell": 421, "max_cell": 101114, "total_count": 4566432, "overdispersion": 1.9941651794651922, "raw": {"cov_gene": 74.7036058480983, "cov_cell": 1.5725043173880813, "r2_depth": 1.0, "r_mono": 1}, "PF": {"cov_gene": 91.1144601582471, "cov_cell": 2.3769090887569416e-14, "r2_depth": 0, "r_mono": 1}, "log1p": {"cov_gene": 4.872089698611599, "cov_cell": 1.181094209693077, "r2_depth": 0.9057329199361578, "r_mono": 1}, "log1pPF": {"cov_gene": 5.164262897225099, "cov_cell": 0.6333312083780289, "r2_depth": 0.329535315097076, "r_mono": 1}, "PFlog1pPF": {"cov_gene": 36.58120741549088, "cov_cell": 2.0740716620504176e-14, "r2_depth": 0, "r_mono": 1}, "log1pCPM": {"cov_gene": 2.559249957536107, "cov_cell": 0.9010507806900856, "r2_depth": 0.6939838775935854, "r_mono": 1}, "log1pCP10k": {"cov_gene": 4.582050184424626, "cov_cell": 0.6601231691482092, "r2_depth": 0.36374569651839495, "r_mono": 1}, "sqrt": {"cov_gene": 11.86268356000578, "cov_cell": 1.1926450338282097, "r2_depth": 0.9181380313878422, "r_mono": 1}, "density": 0.02678557740170446}