{"raw": {"cov_gene": 70.95098968648341, "r2_depth": 1.0, "r_mono": 1.0, "cov_cell": 0.311189359141188}, "PF": {"cov_gene": 43.38471137925513, "r2_depth": 0, "r_mono": 1.0, "cov_cell": 9.42128018718785e-15}, "sqrt": {"cov_gene": 3.453834214231293, "r2_depth": 0.9736550352566643, "r_mono": 1.0, "cov_cell": 0.2531824603189522}, "log1p": {"cov_gene": 2.0244342149027093, "r2_depth": 0.9701057664344706, "r_mono": 1.0, "cov_cell": 0.2537086466507328}, "log1pCP10k": {"cov_gene": 1.7158755806412809, "r2_depth": 0.7978418730641388, "r_mono": 1.0, "cov_cell": 0.12708823042425393}, "log1pCPM": {"cov_gene": 1.5448288387660223, "r2_depth": 0.9267389842130167, "r_mono": 1.0, "cov_cell": 0.19765137133003544}, "scalelog1pCP10k": {"cov_gene": 2.871878396489941e-14, "r2_depth": 0.7952462044720136, "r_mono": 0.33690532211872154, "cov_cell": null}, "sctransform": {"cov_gene": 0.41679802377318886, "r2_depth": 0.0010841342814013055, "r_mono": 0.29538523796103106, "cov_cell": null}, "log1pPF": {"cov_gene": 1.9912579890358826, "r2_depth": 0.623768758347186, "r_mono": 1.0, "cov_cell": 0.08216038073623873}, "PFlog1pPF": {"cov_gene": 2.019098635270614, "r2_depth": 0, "r_mono": 1.0, "cov_cell": 6.6258751002734125e-15}, "ncells": 2000, "ngenes": 13025, "avg_per_cell": 2283.2, "avg_per_gene": 350.59, "min_cell": 472.0, "max_cell": 7345.0, "overdispersion": 0.09, "total_count": 4566396, "nvals": 1239772, "density": 0.04759201535508637}