{"ncells": 2000, "ngenes": 24116, "nvals": 1253823, "avg_per_cell": 2290.285, "avg_per_gene": 189.93904461768122, "min_cell": 476, "max_cell": 7370, "total_count": 4580570, "overdispersion": 0.09397885219218373, "raw": {"cov_gene": 96.52926552864623, "cov_cell": 0.3111699513360934, "r2_depth": 1.0, "r_mono": 1}, "PF": {"cov_gene": 58.95709119037584, "cov_cell": 1.1731166650107428e-14, "r2_depth": 0, "r_mono": 1}, "log1p": {"cov_gene": 2.8653961363475418, "cov_cell": 0.2541665210379048, "r2_depth": 0.9703620129210742, "r_mono": 1}, "log1pPF": {"cov_gene": 2.8224145129882756, "cov_cell": 0.08229592367827014, "r2_depth": 0.6250209856933298, "r_mono": 1}, "PFlog1pPF": {"cov_gene": 2.8586772621931833, "cov_cell": 7.137543622753987e-15, "r2_depth": 0, "r_mono": 1}, "log1pCPM": {"cov_gene": 2.2534076417644995, "cov_cell": 0.1982276897701042, "r2_depth": 0.9274917606727585, "r_mono": 1}, "log1pCP10k": {"cov_gene": 2.470061151490025, "cov_cell": 0.127321260945405, "r2_depth": 0.7986831653245413, "r_mono": 1}, "sqrt": {"cov_gene": 4.727248467044592, "cov_cell": 0.25364033020922583, "r2_depth": 0.9738632787074362, "r_mono": 1}, "density": 0.025995666777243322}