{"raw": {"cov_gene": 78.32395303716388, "r2_depth": 1.0, "r_mono": 1.0, "cov_cell": 0.7039495903103412}, "PF": {"cov_gene": 44.97165378993971, "r2_depth": 0, "r_mono": 1.0, "cov_cell": 1.5565295970812504e-14}, "sqrt": {"cov_gene": 4.128563041452597, "r2_depth": 0.9248066452658374, "r_mono": 1.0, "cov_cell": 0.5271745683705501}, "log1p": {"cov_gene": 2.3833320842394854, "r2_depth": 0.9136510406131113, "r_mono": 1.0, "cov_cell": 0.5194616141841915}, "log1pCP10k": {"cov_gene": 1.7211340593722313, "r2_depth": 0.49811268413631105, "r_mono": 1.0, "cov_cell": 0.24777195358937767}, "log1pCPM": {"cov_gene": 1.2180073348753888, "r2_depth": 0.7822609576157884, "r_mono": 1.0, "cov_cell": 0.3842463880018448}, "scalelog1pCP10k": {"cov_gene": 1.992624281307564e-14, "r2_depth": 0.46200525655341296, "r_mono": 0.4097894044040844, "cov_cell": null}, "sctransform": {"cov_gene": 0.4748913754273695, "r2_depth": 0.42998751957538417, "r_mono": 0.29802184266764725, "cov_cell": null}, "log1pPF": {"cov_gene": 2.1610399301318206, "r2_depth": 0.38841049614556455, "r_mono": 1.0, "cov_cell": 0.20699151789825188}, "PFlog1pPF": {"cov_gene": 5.860419277358462, "r2_depth": 0, "r_mono": 1.0, "cov_cell": 1.176704368770532e-14}, "ncells": 1404, "ngenes": 19175, "avg_per_cell": 4282.55, "avg_per_gene": 313.57, "min_cell": 399.0, "max_cell": 35576.0, "overdispersion": 0.54, "total_count": 6012703, "nvals": 2010233, "density": 0.07466961596035912}