{"ncells": 1404, "ngenes": 60623, "nvals": 2025685, "avg_per_cell": 4294.8376068376065, "avg_per_gene": 99.46640713920459, "min_cell": 399, "max_cell": 35659, "total_count": 6029952, "overdispersion": 0.5437528781173858, "raw": {"cov_gene": 139.25147171795743, "cov_cell": 0.7037608314956164, "r2_depth": 1.0, "r_mono": 1}, "PF": {"cov_gene": 79.77378213871208, "cov_cell": 1.6689941263217073e-14, "r2_depth": 0, "r_mono": 1}, "log1p": {"cov_gene": 4.457622314699913, "cov_cell": 0.51963811164948, "r2_depth": 0.9142778047136912, "r_mono": 1}, "log1pPF": {"cov_gene": 4.085331236661572, "cov_cell": 0.2067611960492724, "r2_depth": 0.388061278186143, "r_mono": 1}, "PFlog1pPF": {"cov_gene": 10.514985815484017, "cov_cell": 1.4084833163927023e-14, "r2_depth": 0, "r_mono": 1}, "log1pCPM": {"cov_gene": 2.5884165353095097, "cov_cell": 0.38440229755202115, "r2_depth": 0.7836489248924561, "r_mono": 1}, "log1pCP10k": {"cov_gene": 3.3685386058300812, "cov_cell": 0.24742817772913375, "r2_depth": 0.49794313172004523, "r_mono": 1}, "sqrt": {"cov_gene": 7.442596673188582, "cov_cell": 0.527336304738292, "r2_depth": 0.9253296452735675, "r_mono": 1}, "density": 0.023799475183438366}