{"ncells": 3101, "ngenes": 60623, "nvals": 5043432, "avg_per_cell": 3572.541438245727, "avg_per_gene": 182.7433647295581, "min_cell": 1343, "max_cell": 29985, "total_count": 11078451, "overdispersion": 0.6273114564525059, "raw": {"cov_gene": 67.7250549623838, "cov_cell": 0.8254233264606113, "r2_depth": 1.0, "r_mono": 1}, "PF": {"cov_gene": 79.13627807870864, "cov_cell": 2.6280830803456175e-14, "r2_depth": 0, "r_mono": 1}, "log1p": {"cov_gene": 3.695488397844686, "cov_cell": 0.6553530045761577, "r2_depth": 0.9741182222960437, "r_mono": 1}, "log1pPF": {"cov_gene": 3.2671662743427494, "cov_cell": 0.16529203332233466, "r2_depth": 0.6070170443266902, "r_mono": 1}, "PFlog1pPF": {"cov_gene": 3.3379617889447326, "cov_cell": 1.8695510029537126e-14, "r2_depth": 0, "r_mono": 1}, "log1pCPM": {"cov_gene": 2.378377681207482, "cov_cell": 0.436518567965653, "r2_depth": 0.9024502950637469, "r_mono": 1}, "log1pCP10k": {"cov_gene": 2.7897336235426504, "cov_cell": 0.23097756441932127, "r2_depth": 0.7199063001360464, "r_mono": 1}, "sqrt": {"cov_gene": 5.476366032589291, "cov_cell": 0.6478815238083356, "r2_depth": 0.9760596853598187, "r_mono": 1}, "density": 0.026827918559032986}