{
    "raw": {
        "cov_gene": 42.86551559339619,
        "r2_depth": 1.0,
        "r_mono": 1.0
    },
    "PF": {
        "cov_gene": 50.105229492111164,
        "r2_depth": 0,
        "r_mono": 1.0
    },
    "sqrt": {
        "cov_gene": 3.3900012913992854,
        "r2_depth": 0.9758991484623242,
        "r_mono": 1.0
    },
    "log1p": {
        "cov_gene": 2.215159466911999,
        "r2_depth": 0.9739380285068044,
        "r_mono": 1.0
    },
    "log1pCP10k": {
        "cov_gene": 1.594946613968857,
        "r2_depth": 0.7198833470336417,
        "r_mono": 1.0
    },
    "log1pCPM": {
        "cov_gene": 1.3002896845370757,
        "r2_depth": 0.9020567834078674,
        "r_mono": 1.0
    },
    "scalelog1pCP10k": {
        "cov_gene": 4.331919685264079e-14,
        "r2_depth": 0.6688605041022384,
        "r_mono": 0.39879144472332184
    },
    "sctransform": {
        "cov_gene": 0.4576786791900286,
        "r2_depth": 0.5713728950038524,
        "r_mono": 0.3002003425162089
    },
    "log1pPF": {
        "cov_gene": 1.9255053928274952,
        "r2_depth": 0.6068801281979611,
        "r_mono": 1.0
    },
    "PFlog1pPF": {
        "cov_gene": 1.9738345737237037,
        "r2_depth": 0,
        "r_mono": 1.0
    },
    "ncells": 3101,
    "ngenes": 24288,
    "avg_per_cell": 3566.66,
    "avg_per_gene": 455.38,
    "min_cell": 1334.0,
    "max_cell": 29913.0,
    "overdispersion": 0.63
}