{"raw": {"cov_gene": 83.83536167259442, "r2_depth": 1.0, "r_mono": 1.0}, "PF": {"cov_gene": 106.18077870287291, "r2_depth": 0, "r_mono": 1.0}, "sqrt": {"cov_gene": 9.751170259496426, "r2_depth": 0.9839495834399055, "r_mono": 1.0}, "log1p": {"cov_gene": 3.4003668392412845, "r2_depth": 0.9820841949453243, "r_mono": 1.0}, "log1pCP10k": {"cov_gene": 2.643388297333763, "r2_depth": 0.7900309781939259, "r_mono": 1.0}, "log1pCPM": {"cov_gene": 1.846554827414261, "r2_depth": 0.9241895787217047, "r_mono": 1.0}, "scalelog1pCP10k": {"cov_gene": 1.7923144531761132e-13, "r2_depth": 0.6468233130529637, "r_mono": 0.31332758614694756}, "sctransform": {"cov_gene": 0.8690567174424089, "r2_depth": 0.6948289328898933, "r_mono": 0.18867475014392665}, "log1pPF": {"cov_gene": 3.0143186589259945, "r2_depth": 0.7460485523457155, "r_mono": 1.0}, "PFlog1pPF": {"cov_gene": 3.405869650428019, "r2_depth": 0, "r_mono": 1.0}}