{"raw": {"cov_gene": 83.83536167259442, "r2_depth": 1.0, "r_mono": 1.0, "cov_cell": 1.2058541099505193}, "PF": {"cov_gene": 106.18077870287291, "r2_depth": 0, "r_mono": 1.0, "cov_cell": 2.4517069435975386e-14}, "sqrt": {"cov_gene": 9.751170259496426, "r2_depth": 0.9839495834399055, "r_mono": 1.0, "cov_cell": 0.9834717829455044}, "log1p": {"cov_gene": 3.4003668392412845, "r2_depth": 0.9820841949453243, "r_mono": 1.0, "cov_cell": 0.9735524086316001}, "log1pCP10k": {"cov_gene": 2.643388297333763, "r2_depth": 0.7900309781939259, "r_mono": 1.0, "cov_cell": 0.4058113204975858}, "log1pCPM": {"cov_gene": 1.846554827414261, "r2_depth": 0.9241895787217047, "r_mono": 1.0, "cov_cell": 0.7168521583411918}, "scalelog1pCP10k": {"cov_gene": 1.7923144531761132e-13, "r2_depth": 0.6468233130529637, "r_mono": 0.31332758614694756, "cov_cell": null}, "sctransform": {"cov_gene": 0.8690567174424089, "r2_depth": 0.6948289328898933, "r_mono": 0.18867475014392665, "cov_cell": null}, "log1pPF": {"cov_gene": 3.0143186589259945, "r2_depth": 0.7460485523457155, "r_mono": 1.0, "cov_cell": 0.31358988081686884}, "PFlog1pPF": {"cov_gene": 3.405869650428019, "r2_depth": 0, "r_mono": 1.0, "cov_cell": 2.1988202584743192e-14}, "ncells": 12365, "ngenes": 27623, "avg_per_cell": 4583.35, "avg_per_gene": 2051.66, "min_cell": 541.0, "max_cell": 47047.0, "overdispersion": 1.7, "total_count": 56673082, "nvals": 17144576, "sparsity": 0.05019515330606938}