{
  "ncells": 2733,
  "ngenes": 60623,
  "nvals": 8307144,
  "density": 0.050138886291051135,
  "total_counts": 39591942,
  "overdispersion": 0.3893990944218996,
  "avg_per_cell": 14486.623490669594,
  "avg_per_gene": 653.0845058806063,
  "max_cell": 50888,
  "min_cell": 281,
  "raw": {
    "cov_gene": 60.26982712550607,
    "cov_cell": 0.5164223537880729,
    "r2_depth": 1,
    "r_mono": 1
  },
  "PF": {
    "cov_gene": 97.1363170767607,
    "cov_cell": 3.262999240124007e-14,
    "r2_depth": 0,
    "r_mono": 1
  },
  "sqrt": {
    "cov_gene": 6.7410595474986605,
    "cov_cell": 0.41411051317587966,
    "r2_depth": 0.9733800434349079,
    "r_mono": 1
  },
  "log1p": {
    "cov_gene": 3.2239361973916836,
    "cov_cell": 0.4097980322662247,
    "r2_depth": 0.9681646659119199,
    "r_mono": 1
  },
  "log1pCP10k": {
    "cov_gene": 3.0976731586723814,
    "cov_cell": 0.18286018389185907,
    "r2_depth": 0.5775879279557052,
    "r_mono": 1
  },
  "log1pCPM": {
    "cov_gene": 2.1825268465983143,
    "cov_cell": 0.301415756276517,
    "r2_depth": 0.8662355889757167,
    "r_mono": 1
  },
  "log1pPF": {
    "cov_gene": 2.872711879477081,
    "cov_cell": 0.19689728730956108,
    "r2_depth": 0.6148586137758134,
    "r_mono": 1
  },
  "PFlog1pPF": {
    "cov_gene": 4.579339360941355,
    "cov_cell": 2.829619763024686e-14,
    "r2_depth": 0,
    "r_mono": 1
  }
}
