{
  "ncells": 5695,
  "ngenes": 60623,
  "nvals": 7983221,
  "density": 0.023123150161180522,
  "total_counts": 21787329,
  "overdispersion": 1.321832084802006,
  "avg_per_cell": 3825.694293239684,
  "avg_per_gene": 359.39047886115833,
  "max_cell": 38972,
  "min_cell": 316,
  "raw": {
    "cov_gene": 49.52445849966401,
    "cov_cell": 1.024699815837883,
    "r2_depth": 1,
    "r_mono": 1
  },
  "PF": {
    "cov_gene": 128.3629796293434,
    "cov_cell": 1.8421323212165646e-14,
    "r2_depth": 0,
    "r_mono": 1
  },
  "sqrt": {
    "cov_gene": 7.393101199213089,
    "cov_cell": 0.8061888390361165,
    "r2_depth": 0.9656864832832116,
    "r_mono": 1
  },
  "log1p": {
    "cov_gene": 4.821775726365837,
    "cov_cell": 0.806386564086792,
    "r2_depth": 0.9618655589756631,
    "r_mono": 1
  },
  "log1pCP10k": {
    "cov_gene": 3.4547647574486033,
    "cov_cell": 0.35600291936375494,
    "r2_depth": 0.6305434243800774,
    "r_mono": 1
  },
  "log1pCPM": {
    "cov_gene": 2.7537353556585207,
    "cov_cell": 0.5729734621008162,
    "r2_depth": 0.861557173626804,
    "r_mono": 1
  },
  "log1pPF": {
    "cov_gene": 4.038686934174579,
    "cov_cell": 0.2835998877331374,
    "r2_depth": 0.5058020234785228,
    "r_mono": 1
  },
  "PFlog1pPF": {
    "cov_gene": 22.224664082714312,
    "cov_cell": 1.3957170174189105e-14,
    "r2_depth": 0,
    "r_mono": 1
  }
}
