{
  "ncells": 4457,
  "ngenes": 60623,
  "nvals": 4230386,
  "density": 0.015656689470213425,
  "total_counts": 13272672,
  "overdispersion": 3.8154420908633035,
  "avg_per_cell": 2977.9385236706303,
  "avg_per_gene": 218.93789485838707,
  "max_cell": 72563,
  "min_cell": 124,
  "raw": {
    "cov_gene": 84.53751895109326,
    "cov_cell": 1.6293098345076797,
    "r2_depth": 1,
    "r_mono": 1
  },
  "PF": {
    "cov_gene": 72.84368153405407,
    "cov_cell": 1.7331356857076976e-14,
    "r2_depth": 0,
    "r_mono": 1
  },
  "sqrt": {
    "cov_gene": 12.168764536839666,
    "cov_cell": 1.4176570589684103,
    "r2_depth": 0.962288614693584,
    "r_mono": 1
  },
  "log1p": {
    "cov_gene": 5.9638546095845895,
    "cov_cell": 1.4152368679163914,
    "r2_depth": 0.9591168290959151,
    "r_mono": 1
  },
  "log1pCP10k": {
    "cov_gene": 5.466509798241625,
    "cov_cell": 0.9173093109924645,
    "r2_depth": 0.651922546080006,
    "r_mono": 1
  },
  "log1pCPM": {
    "cov_gene": 3.140295479366222,
    "cov_cell": 1.1799239204563294,
    "r2_depth": 0.8475534748038005,
    "r_mono": 1
  },
  "log1pPF": {
    "cov_gene": 7.416980530303031,
    "cov_cell": 0.7793017641052381,
    "r2_depth": 0.5610868388281463,
    "r_mono": 1
  },
  "PFlog1pPF": {
    "cov_gene": 30.28961456163537,
    "cov_cell": 1.3604533301729342e-14,
    "r2_depth": 0,
    "r_mono": 1
  }
}
