{"ncells": 473, "ngenes": 60623, "nvals": 264772, "avg_per_cell": 1449.0570824524314, "avg_per_gene": 11.306005971331013, "min_cell": 17, "max_cell": 15002, "total_count": 685404, "overdispersion": 2.0369267454626643, "raw": {"cov_gene": 91.21605338810696, "cov_cell": 1.198874357769349, "r2_depth": 1.0, "r_mono": 1}, "PF": {"cov_gene": 70.12237399504889, "cov_cell": 8.381917565778513e-15, "r2_depth": 0, "r_mono": 1}, "log1p": {"cov_gene": 7.3773208953313265, "cov_cell": 0.9608489083341886, "r2_depth": 0.9335668492351717, "r_mono": 1}, "log1pPF": {"cov_gene": 7.576770175591895, "cov_cell": 0.3970702798231127, "r2_depth": 0.2652257223168325, "r_mono": 1}, "PFlog1pPF": {"cov_gene": 48.74882241449578, "cov_cell": 8.984370286050109e-15, "r2_depth": 0, "r_mono": 1}, "log1pCPM": {"cov_gene": 3.6285308397017637, "cov_cell": 0.7235081283512935, "r2_depth": 0.7875839089523389, "r_mono": 1}, "log1pCP10k": {"cov_gene": 4.754117454692459, "cov_cell": 0.5190167351762051, "r2_depth": 0.5109385838976888, "r_mono": 1}, "sqrt": {"cov_gene": 12.063323491426534, "cov_cell": 0.9631635821615112, "r2_depth": 0.9400073077983613, "r_mono": 1}, "density": 0.009233651752474719}