{"ncells": 76, "ngenes": 60623, "nvals": 8887, "avg_per_cell": 203.39473684210526, "avg_per_gene": 0.2549857314880491, "min_cell": 83, "max_cell": 540, "total_count": 15458, "overdispersion": 0.5190307981469435, "raw": {"cov_gene": 155.80977392473352, "cov_cell": 0.38027008896336084, "r2_depth": 1.0, "r_mono": 1}, "PF": {"cov_gene": 95.60220914723597, "cov_cell": 2.45210721173746e-15, "r2_depth": 0, "r_mono": 1}, "log1p": {"cov_gene": 10.325153103539591, "cov_cell": 0.34670514140350817, "r2_depth": 0.8471946036515379, "r_mono": 1}, "log1pPF": {"cov_gene": 10.183525544460544, "cov_cell": 0.1292432243703835, "r2_depth": 0.2714277975791217, "r_mono": 1}, "PFlog1pPF": {"cov_gene": 11.072132663478175, "cov_cell": 1.810105346010334e-15, "r2_depth": 0, "r_mono": 1}, "log1pCPM": {"cov_gene": 6.836235184021594, "cov_cell": 0.3009184260615114, "r2_depth": 0.7469957249067881, "r_mono": 1}, "log1pCP10k": {"cov_gene": 7.174376093220592, "cov_cell": 0.25564668296172166, "r2_depth": 0.6862409411873569, "r_mono": 1}, "sqrt": {"cov_gene": 11.377850931250304, "cov_cell": 0.3457388345655197, "r2_depth": 0.8573854258831964, "r_mono": 1}, "density": 0.0019288753530230405}