{
    "raw": {
        "cov_gene": 12.115240564959107,
        "r2_depth": 1.0,
        "r_mono": 1.0
    },
    "PF": {
        "cov_gene": 6.680952339924353,
        "r2_depth": 0,
        "r_mono": 1.0
    },
    "sqrt": {
        "cov_gene": 1.3208602011831545,
        "r2_depth": 0.7730858889938883,
        "r_mono": 1.0
    },
    "log1p": {
        "cov_gene": 1.0615947462469288,
        "r2_depth": 0.7420044662942917,
        "r_mono": 1.0
    },
    "log1pCP10k": {
        "cov_gene": 0.5910379026004745,
        "r2_depth": 0.46935325338318745,
        "r_mono": 1.0
    },
    "log1pCPM": {
        "cov_gene": 0.5450987157836018,
        "r2_depth": 0.5425219114086535,
        "r_mono": 1.0
    },
    "scalelog1pCP10k": {
        "cov_gene": 1.1348580978557806e-15,
        "r2_depth": 0.47093806793291937,
        "r_mono": 0.6271173325971467
    },
    "sctransform": {
        "cov_gene": 0.3500093114784315,
        "r2_depth": 0.060967410038377134,
        "r_mono": 0.4789941542554855
    },
    "log1pPF": {
        "cov_gene": 1.0105755611609286,
        "r2_depth": 0.0885614823153531,
        "r_mono": 1.0
    },
    "PFlog1pPF": {
        "cov_gene": 1.1133251977942933,
        "r2_depth": 0,
        "r_mono": 1.0
    },
    "ncells": "76",
    "ngenes": 310,
    "avg_per_cell": "138.79",
    "avg_per_gene": "34.03",
    "min_cell": "40",
    "max_cell": "322",
    "overdispersion": "0.52"
}