{
    "raw": {
        "cov_gene": 90.93391754138558,
        "r2_depth": 1.0,
        "r_mono": 1.0
    },
    "PF": {
        "cov_gene": 44.268958702590716,
        "r2_depth": 0,
        "r_mono": 1.0
    },
    "sqrt": {
        "cov_gene": 2.560037207576369,
        "r2_depth": 0.9610835501215433,
        "r_mono": 1.0
    },
    "log1p": {
        "cov_gene": 2.0467248081029865,
        "r2_depth": 0.9576975295931898,
        "r_mono": 1.0
    },
    "log1pCP10k": {
        "cov_gene": 1.7385443418041941,
        "r2_depth": 0.6876298297021772,
        "r_mono": 1.0
    },
    "log1pCPM": {
        "cov_gene": 1.4163139968132223,
        "r2_depth": 0.8874465850511073,
        "r_mono": 1.0
    },
    "scalelog1pCP10k": {
        "cov_gene": 8.221258904339675e-14,
        "r2_depth": 0.5820027781656532,
        "r_mono": 0.4036749366828904
    },
    "sctransform": {
        "cov_gene": 0.5936136534234653,
        "r2_depth": 0.4032619170955162,
        "r_mono": 0.24603569793590585
    },
    "log1pPF": {
        "cov_gene": 1.9911370368927976,
        "r2_depth": 0.5796182747798456,
        "r_mono": 1.0
    },
    "PFlog1pPF": {
        "cov_gene": 2.0060195737028246,
        "r2_depth": 0,
        "r_mono": 1.0
    },
    "ncells": "6062",
    "ngenes": 26283,
    "avg_per_cell": "4855.61",
    "avg_per_gene": "1119.91",
    "min_cell": "2727",
    "max_cell": "37752",
    "overdispersion": "0.41"
}