{"ncells": 6062, "ngenes": 60623, "nvals": 12012366, "avg_per_cell": 4858.310128670406, "avg_per_gene": 485.806970951619, "min_cell": 2731, "max_cell": 37918, "total_count": 29451076, "overdispersion": 0.41099845103523047, "raw": {"cov_gene": 138.10375464232422, "cov_cell": 0.48186081449043217, "r2_depth": 1.0, "r_mono": 1}, "PF": {"cov_gene": 67.15128677221367, "cov_cell": 1.8894098642570815e-14, "r2_depth": 0, "r_mono": 1}, "log1p": {"cov_gene": 3.307283418501451, "cov_cell": 0.35539298945579045, "r2_depth": 0.9579237619495506, "r_mono": 1}, "log1pPF": {"cov_gene": 3.22823692352662, "cov_cell": 0.08235370471415727, "r2_depth": 0.5800316873785514, "r_mono": 1}, "PFlog1pPF": {"cov_gene": 3.249356952618394, "cov_cell": 2.2113638440548878e-14, "r2_depth": 0, "r_mono": 1}, "log1pCPM": {"cov_gene": 2.4304864950780902, "cov_cell": 0.23449277386485967, "r2_depth": 0.887801173414437, "r_mono": 1}, "log1pCP10k": {"cov_gene": 2.872652743277989, "cov_cell": 0.10880195122693656, "r2_depth": 0.6878839999186064, "r_mono": 1}, "sqrt": {"cov_gene": 4.046734999227957, "cov_cell": 0.35735958819972974, "r2_depth": 0.9612857855731041, "r_mono": 1}, "density": 0.03268701030196669}