{"ncells": 7081, "ngenes": 60623, "nvals": 937467, "avg_per_cell": 222.67575201242764, "avg_per_gene": 26.009385876647478, "min_cell": 0, "max_cell": 2244, "total_count": 1576767, "overdispersion": 4.770645175319015, "raw": {"cov_gene": 193.80491775085358, "cov_cell": 0.6576855091409621, "r2_depth": 1.0, "r_mono": 1}, "PF": {"cov_gene": 138.22073863569668, "cov_cell": 0.011884567213538212, "r2_depth": 0, "r_mono": 1}, "log1p": {"cov_gene": 11.111605872520146, "cov_cell": 0.5284907759917367, "r2_depth": 0.6890317688307753, "r_mono": 1}, "log1pPF": {"cov_gene": 10.704364503573876, "cov_cell": 0.2286716372392305, "r2_depth": 0.07113039020043099, "r_mono": 1}, "PFlog1pPF": {"cov_gene": 72.40846514524654, "cov_cell": 0.011884567213538212, "r2_depth": 0, "r_mono": 1}, "log1pCPM": {"cov_gene": 5.130915979583821, "cov_cell": 0.4480554974902486, "r2_depth": 0.5843554544023661, "r_mono": 1}, "log1pCP10k": {"cov_gene": 5.561491445827304, "cov_cell": 0.3752151538816674, "r2_depth": 0.471205512823507, "r_mono": 1}, "sqrt": {"cov_gene": 21.315633360618893, "cov_cell": 0.5269893015692241, "r2_depth": 0.7141035394546245, "r_mono": 1}, "density": 0.0021838558599922586}