{"raw": {"cov_gene": 97.43931332716538, "r2_depth": 1.0, "r_mono": 1.0, "cov_cell": 0.6597777428431937}, "PF": {"cov_gene": 69.49587691610598, "r2_depth": 0, "r_mono": 1.0, "cov_cell": 2.331203028014309e-15}, "sqrt": {"cov_gene": 10.883360542383146, "r2_depth": 0.7082339104816531, "r_mono": 1.0, "cov_cell": 0.5255489063468715}, "log1p": {"cov_gene": 5.629093558593815, "r2_depth": 0.682437725791949, "r_mono": 1.0, "cov_cell": 0.5270609607979974}, "log1pCP10k": {"cov_gene": 2.730500662260264, "r2_depth": 0.46294703891876443, "r_mono": 1.0, "cov_cell": 0.3748133878496331}, "log1pCPM": {"cov_gene": 2.5012886840853223, "r2_depth": 0.5759588285785443, "r_mono": 1.0, "cov_cell": 0.4468768548588199}, "scalelog1pCP10k": {"cov_gene": 1.0664869046631565e-13, "r2_depth": 0.47069018444590605, "r_mono": 0.1508727292910237, "cov_cell": null}, "sctransform": {"cov_gene": 0.5547979738318806, "r2_depth": 0.0787094183049728, "r_mono": 0.13609316880951852, "cov_cell": null}, "log1pPF": {"cov_gene": 5.410551989378028, "r2_depth": 0.0669905059650453, "r_mono": 1.0, "cov_cell": 0.2289596395002231}, "PFlog1pPF": {"cov_gene": 36.124807957711, "r2_depth": 0, "r_mono": 1.0, "cov_cell": 1.843667993034471e-15}, "ncells": 7080, "ngenes": 15311, "avg_per_cell": 219.67, "avg_per_gene": 101.58, "min_cell": 1.0, "max_cell": 2224.0, "overdispersion": 4.77, "total_count": 1555254, "nvals": 916241, "sparsity": 0.008452261160046302}