{"ncells": 6749, "ngenes": 60623, "nvals": 4187832, "avg_per_cell": 3333.255741591347, "avg_per_gene": 371.0826419015885, "min_cell": 144, "max_cell": 94552, "total_count": 22496143, "overdispersion": 0.9251405962122596, "raw": {"cov_gene": 65.8271095637815, "cov_cell": 1.666363517451473, "r2_depth": 1.0, "r_mono": 1}, "PF": {"cov_gene": 85.41786744155091, "cov_cell": 1.6130105485341573e-14, "r2_depth": 0, "r_mono": 1}, "log1p": {"cov_gene": 6.9290537308326945, "cov_cell": 1.835126843537348, "r2_depth": 0.9192374822093139, "r_mono": 1}, "log1pPF": {"cov_gene": 8.340943503410566, "cov_cell": 0.9258919112056315, "r2_depth": 0.5336466907140435, "r_mono": 1}, "PFlog1pPF": {"cov_gene": 27.027367000669784, "cov_cell": 1.2816006863204855e-14, "r2_depth": 0, "r_mono": 1}, "log1pCPM": {"cov_gene": 3.5082141472056927, "cov_cell": 1.494509793667973, "r2_depth": 0.8012368537653128, "r_mono": 1}, "log1pCP10k": {"cov_gene": 6.370791280933037, "cov_cell": 1.0840294674274342, "r2_depth": 0.6007113570272905, "r_mono": 1}, "sqrt": {"cov_gene": 16.49329550137268, "cov_cell": 1.7853248798937542, "r2_depth": 0.9296014259125287, "r_mono": 1}, "density": 0.01023557862828784}