{
    "raw": {
        "cov_gene": 41.300798744986146,
        "r2_depth": 1.0,
        "r_mono": 1.0
    },
    "PF": {
        "cov_gene": 53.58040916317781,
        "r2_depth": 0,
        "r_mono": 1.0
    },
    "sqrt": {
        "cov_gene": 10.334347393037428,
        "r2_depth": 0.929401491644925,
        "r_mono": 1.0
    },
    "log1p": {
        "cov_gene": 4.285987483763332,
        "r2_depth": 0.9189925943794017,
        "r_mono": 1.0
    },
    "log1pCP10k": {
        "cov_gene": 3.9291095288309354,
        "r2_depth": 0.6008213704576347,
        "r_mono": 1.0
    },
    "log1pCPM": {
        "cov_gene": 2.0681603198658354,
        "r2_depth": 0.8008517608994586,
        "r_mono": 1.0
    },
    "scalelog1pCP10k": {
        "cov_gene": 1.0535592268159875e-13,
        "r2_depth": 0.5641386555655865,
        "r_mono": 0.19854653770210248
    },
    "sctransform": {
        "cov_gene": 0.6114506908844537,
        "r2_depth": 0.13969741495922428,
        "r_mono": 0.16194504376662572
    },
    "log1pPF": {
        "cov_gene": 5.184280397919918,
        "r2_depth": 0.5337427168042687,
        "r_mono": 1.0
    },
    "PFlog1pPF": {
        "cov_gene": 16.950098322592012,
        "r2_depth": 0,
        "r_mono": 1.0
    },
    "ncells": 6749,
    "ngenes": 23872,
    "avg_per_cell": 3330.63,
    "avg_per_gene": 941.62,
    "min_cell": 142.0,
    "max_cell": 94440.0,
    "overdispersion": 0.93
}