{"ncells": 12781, "ngenes": 60623, "nvals": 11391964, "avg_per_cell": 3028.215084891636, "avg_per_gene": 638.4312389687083, "min_cell": 200, "max_cell": 97989, "total_count": 38703617, "overdispersion": 2.20291024055972, "raw": {"cov_gene": 114.27338245322707, "cov_cell": 1.6146271288299856, "r2_depth": 1.0, "r_mono": 1}, "PF": {"cov_gene": 52.22987260119736, "cov_cell": 1.733331377234956e-14, "r2_depth": 0, "r_mono": 1}, "log1p": {"cov_gene": 6.565675663654484, "cov_cell": 1.2747591765663822, "r2_depth": 0.9403913633275364, "r_mono": 1}, "log1pPF": {"cov_gene": 6.113680294766561, "cov_cell": 0.4162839379010049, "r2_depth": 0.570334930153287, "r_mono": 1}, "PFlog1pPF": {"cov_gene": 7.326010555584641, "cov_cell": 1.3496943999198765e-14, "r2_depth": 0, "r_mono": 1}, "log1pCPM": {"cov_gene": 3.373649946774511, "cov_cell": 0.9314522035326421, "r2_depth": 0.8354154505465122, "r_mono": 1}, "log1pCP10k": {"cov_gene": 5.026260846376531, "cov_cell": 0.5814625931523763, "r2_depth": 0.6448358182699734, "r_mono": 1}, "sqrt": {"cov_gene": 13.103979063356014, "cov_cell": 1.2825742327513832, "r2_depth": 0.9465864502887367, "r_mono": 1}, "density": 0.014702674578669955}