{
    "raw": {
        "cov_gene": 74.82715459696558,
        "r2_depth": 1.0,
        "r_mono": 1.0
    },
    "PF": {
        "cov_gene": 34.204473149207985,
        "r2_depth": 0,
        "r_mono": 1.0
    },
    "sqrt": {
        "cov_gene": 8.552964835638939,
        "r2_depth": 0.9464359036080515,
        "r_mono": 1.0
    },
    "log1p": {
        "cov_gene": 4.235726723308717,
        "r2_depth": 0.9402238510909519,
        "r_mono": 1.0
    },
    "log1pCP10k": {
        "cov_gene": 3.2064567077299415,
        "r2_depth": 0.6448921505875205,
        "r_mono": 1.0
    },
    "log1pCPM": {
        "cov_gene": 2.0794239256550027,
        "r2_depth": 0.8351472640813081,
        "r_mono": 1.0
    },
    "scalelog1pCP10k": {
        "cov_gene": 1.9255833143130877e-13,
        "r2_depth": 0.6264617619203332,
        "r_mono": 0.2579375889998574
    },
    "sctransform": {
        "cov_gene": 0.7953551578485717,
        "r2_depth": 0.42072448651696503,
        "r_mono": 0.18314815983153063
    },
    "log1pPF": {
        "cov_gene": 3.934576564234821,
        "r2_depth": 0.5704302343005341,
        "r_mono": 1.0
    },
    "PFlog1pPF": {
        "cov_gene": 4.740268403940471,
        "r2_depth": 0,
        "r_mono": 1.0
    },
    "ncells": 12781,
    "ngenes": 25996,
    "avg_per_cell": 3026.99,
    "avg_per_gene": 1488.23,
    "min_cell": 199.0,
    "max_cell": 97934.0,
    "overdispersion": 2.2
}