{"raw": {"cov_gene": 46.30129739276017, "r2_depth": 1.0, "r_mono": 1.0, "cov_cell": 0.9052516456863876}, "PF": {"cov_gene": 46.599663546868186, "r2_depth": 0, "r_mono": 1.0, "cov_cell": 4.1500266365390983e-14}, "sqrt": {"cov_gene": 5.754474693586998, "r2_depth": 0.9388564348015116, "r_mono": 1.0, "cov_cell": 0.7404891427799998}, "log1p": {"cov_gene": 2.6829357233523425, "r2_depth": 0.9283316516937309, "r_mono": 1.0, "cov_cell": 0.7349877565249582}, "log1pCP10k": {"cov_gene": 2.719865140815591, "r2_depth": 0.5271298272699337, "r_mono": 1.0, "cov_cell": 0.44325188064580856}, "log1pCPM": {"cov_gene": 1.4361010301182708, "r2_depth": 0.7623412503811879, "r_mono": 1.0, "cov_cell": 0.5915494443915005}, "scalelog1pCP10k": {"cov_gene": 8.627783054364184e-14, "r2_depth": 0.4575636720059062, "r_mono": 0.4240405667967591, "cov_cell": null}, "sctransform": {"cov_gene": 1.4434143236139447, "r2_depth": 0.7348973031440031, "r_mono": 0.13315198372984896, "cov_cell": null}, "log1pPF": {"cov_gene": 2.542325777798978, "r2_depth": 0.5438156703658354, "r_mono": 1.0, "cov_cell": 0.4563327682447786}, "PFlog1pPF": {"cov_gene": 7.716833698984115, "r2_depth": 0, "r_mono": 1.0, "cov_cell": 2.883193222330703e-14}, "ncells": 6045, "ngenes": 30145, "avg_per_cell": 12689.7, "avg_per_gene": 2544.68, "min_cell": 108.0, "max_cell": 75526.0, "overdispersion": 1.68, "total_count": 76709232, "nvals": 17947639, "sparsity": 0.09849081520925672}