{"ncells": 6045, "ngenes": 60623, "nvals": 17964112, "avg_per_cell": 12692.528205128205, "avg_per_gene": 1265.630750705178, "min_cell": 108, "max_cell": 75547, "total_count": 76726333, "overdispersion": 1.6762964147307162, "raw": {"cov_gene": 65.66788884851115, "cov_cell": 0.9052049641802961, "r2_depth": 1.0, "r_mono": 1}, "PF": {"cov_gene": 66.09376827533866, "cov_cell": 3.4319091551321147e-14, "r2_depth": 0, "r_mono": 1}, "log1p": {"cov_gene": 3.9332088010555384, "cov_cell": 0.7349685470690006, "r2_depth": 0.9283789024083468, "r_mono": 1}, "log1pPF": {"cov_gene": 3.740407809607892, "cov_cell": 0.4563083342574418, "r2_depth": 0.5437631345932287, "r_mono": 1}, "PFlog1pPF": {"cov_gene": 10.983359718500424, "cov_cell": 2.887499269601301e-14, "r2_depth": 0, "r_mono": 1}, "log1pCPM": {"cov_gene": 2.268136956925452, "cov_cell": 0.5915490288009065, "r2_depth": 0.7624426907998083, "r_mono": 1}, "log1pCP10k": {"cov_gene": 3.983768087656667, "cov_cell": 0.4432141433157287, "r2_depth": 0.5270540591884011, "r_mono": 1}, "sqrt": {"cov_gene": 8.218461356972778, "cov_cell": 0.7404680835516895, "r2_depth": 0.9388937121171604, "r_mono": 1}, "density": 0.04901985527799323}