{"ncells": 7901, "ngenes": 60623, "nvals": 1344351, "avg_per_cell": 393.41766864953803, "avg_per_gene": 51.27415337413193, "min_cell": 2, "max_cell": 5268, "total_count": 3108393, "overdispersion": 2.4637889163859366, "raw": {"cov_gene": 130.76774879810412, "cov_cell": 0.7494899435406387, "r2_depth": 1.0, "r_mono": 1}, "PF": {"cov_gene": 133.61860775599354, "cov_cell": 3.682220516182917e-15, "r2_depth": 0, "r_mono": 1}, "log1p": {"cov_gene": 12.256318392094887, "cov_cell": 0.6275566532997195, "r2_depth": 0.7228222982662087, "r_mono": 1}, "log1pPF": {"cov_gene": 11.444430980098792, "cov_cell": 0.29065322871055843, "r2_depth": 0.04400327852302255, "r_mono": 1}, "PFlog1pPF": {"cov_gene": 58.78820427491572, "cov_cell": 2.1161881631176747e-15, "r2_depth": 0, "r_mono": 1}, "log1pCPM": {"cov_gene": 4.901847739254016, "cov_cell": 0.49421566877561846, "r2_depth": 0.5563263937728327, "r_mono": 1}, "log1pCP10k": {"cov_gene": 5.626404432820508, "cov_cell": 0.4021744777840159, "r2_depth": 0.3754026370256537, "r_mono": 1}, "sqrt": {"cov_gene": 25.799025320766642, "cov_cell": 0.6174649559695733, "r2_depth": 0.7531718114623585, "r_mono": 1}, "density": 0.0028066818657940325}