{
  "ncells": 5360,
  "ngenes": 24778,
  "nvals": 7828967,
  "density": 0.058948590347961544,
  "total_counts": 30558860,
  "overdispersion": 7.15,
  "avg_per_cell": 5701.28,
  "avg_per_gene": 1233.31,
  "max_cell": 71510,
  "min_cell": 48,
  "raw": {
    "cov_gene": 69.04291011751863,
    "r2_depth": 1,
    "r_mono": 1,
    "cov_cell": 1.360458019135263
  },
  "PF": {
    "cov_gene": 35.17256986278663,
    "r2_depth": 0,
    "r_mono": 1,
    "cov_cell": 2.1850495767864696e-14
  },
  "sqrt": {
    "cov_gene": 7.9343084891018485,
    "r2_depth": 0.8817754576988732,
    "r_mono": 1,
    "cov_cell": 1.0679256951418057
  },
  "log1p": {
    "cov_gene": 3.434949494795723,
    "r2_depth": 0.8647694906751489,
    "r_mono": 1,
    "cov_cell": 1.0585105263676038
  },
  "log1pCP10k": {
    "cov_gene": 3.2315140528618804,
    "r2_depth": 0.4630579068542193,
    "r_mono": 1,
    "cov_cell": 0.6747818063864341
  },
  "log1pCPM": {
    "cov_gene": 1.6631863469618169,
    "r2_depth": 0.6993516509719636,
    "r_mono": 1,
    "cov_cell": 0.8690651563879923
  },
  "scalelog1pCP10k": {
    "cov_gene": 7.970782021201977e-14,
    "r2_depth": 0.4817800796080548,
    "r_mono": 0.32725178335835253,
    "cov_cell": null
  },
  "sctransform": {
    "cov_gene": 1.2161670037530925,
    "r2_depth": 0.5698137747525972,
    "r_mono": 0.18684326630695441,
    "cov_cell": null
  },
  "log1pPF": {
    "cov_gene": 3.7878251705505757,
    "r2_depth": 0.42505492907120956,
    "r_mono": 1,
    "cov_cell": 0.6318528246024346
  },
  "PFlog1pPF": {
    "cov_gene": 9.23155476944142,
    "r2_depth": 0,
    "r_mono": 1,
    "cov_cell": 1.5298743839123832e-14
  }
}
