{
    "raw": {
        "cov_gene": 49.38806725471945,
        "r2_depth": 1.0,
        "r_mono": 1.0
    },
    "PF": {
        "cov_gene": 24.294638314159073,
        "r2_depth": 0,
        "r_mono": 1.0
    },
    "sqrt": {
        "cov_gene": 21.76577819862479,
        "r2_depth": 0.9321350707965669,
        "r_mono": 1.0
    },
    "log1p": {
        "cov_gene": 13.070597767673465,
        "r2_depth": 0.9188364675102585,
        "r_mono": 1.0
    },
    "log1pCP10k": {
        "cov_gene": 7.097047559332995,
        "r2_depth": 0.5178087747605529,
        "r_mono": 1.0
    },
    "log1pCPM": {
        "cov_gene": 6.062279069418544,
        "r2_depth": 0.7596710564801852,
        "r_mono": 1.0
    },
    "scalelog1pCP10k": {
        "cov_gene": 1.1402198550467189e-12,
        "r2_depth": 0.44119318846928623,
        "r_mono": 0.07167000280313737
    },
    "sctransform": {
        "cov_gene": 0.7605634455562873,
        "r2_depth": 0.044728630621612586,
        "r_mono": 0.05402197035287485
    },
    "log1pPF": {
        "cov_gene": 9.438213293422079,
        "r2_depth": 0.10147339172977954,
        "r_mono": 1.0
    },
    "PFlog1pPF": {
        "cov_gene": 10.351316134587432,
        "r2_depth": 0,
        "r_mono": 1.0
    },
    "ncells": 71092,
    "ngenes": 19485,
    "avg_per_cell": 146.96,
    "avg_per_gene": 536.18,
    "min_cell": 11.0,
    "max_cell": 51169.0,
    "overdispersion": 9.11
}