{
  "ncells": 2127,
  "ngenes": 60623,
  "nvals": 2148253,
  "density": 0.01666021159497768,
  "total_counts": 6508164,
  "overdispersion": 0.9408737860571341,
  "avg_per_cell": 3059.7856135401976,
  "avg_per_gene": 107.35470036124903,
  "max_cell": 43268,
  "min_cell": 424,
  "raw": {
    "cov_gene": 175.79034356258333,
    "cov_cell": 0.9452158004255012,
    "r2_depth": 1,
    "r_mono": 1
  },
  "PF": {
    "cov_gene": 100.75454437639901,
    "cov_cell": 1.3084191886827983e-14,
    "r2_depth": 0,
    "r_mono": 1
  },
  "sqrt": {
    "cov_gene": 9.512853325525132,
    "cov_cell": 0.6361097324201108,
    "r2_depth": 0.8597039510108805,
    "r_mono": 1
  },
  "log1p": {
    "cov_gene": 5.183520697046421,
    "cov_cell": 0.6235276212682348,
    "r2_depth": 0.8452778603586861,
    "r_mono": 1
  },
  "log1pCP10k": {
    "cov_gene": 3.5149745746103886,
    "cov_cell": 0.26997854691267226,
    "r2_depth": 0.3969203811304711,
    "r_mono": 1
  },
  "log1pCPM": {
    "cov_gene": 2.8047935238831623,
    "cov_cell": 0.44239554273149095,
    "r2_depth": 0.7087957195710819,
    "r_mono": 1
  },
  "log1pPF": {
    "cov_gene": 4.472729630548951,
    "cov_cell": 0.20818481460601615,
    "r2_depth": 0.23878985996788504,
    "r_mono": 1
  },
  "PFlog1pPF": {
    "cov_gene": 8.167795767113532,
    "cov_cell": 1.273600271525211e-14,
    "r2_depth": 0,
    "r_mono": 1
  }
}
