{"ncells": 1015, "ngenes": 92, "nvals": 49299, "avg_per_cell": 10534.536945812808, "avg_per_gene": 116223.42391304347, "min_cell": 1913, "max_cell": 16579, "total_count": 10692555, "overdispersion": 0.04157554139133648, "raw": {"cov_gene": 6.3221151881628606, "cov_cell": 0.20627840852843332, "r2_depth": 1.0, "r_mono": 1}, "PF": {"cov_gene": 3.8249314606301206, "cov_cell": 2.1935050878836242e-16, "r2_depth": 0, "r_mono": 1}, "log1p": {"cov_gene": 0.8445957893442785, "cov_cell": 0.08176501283027882, "r2_depth": 0.9186243386261721, "r_mono": 1}, "log1pPF": {"cov_gene": 1.0518327071536695, "cov_cell": 0.0239963161831723, "r2_depth": 0.20518248205187006, "r_mono": 1}, "PFlog1pPF": {"cov_gene": 0.9950768233466358, "cov_cell": 2.6720918552346414e-16, "r2_depth": 0, "r_mono": 1}, "log1pCPM": {"cov_gene": 1.1632485355990467, "cov_cell": 0.04691926725369178, "r2_depth": 0.39539104170769757, "r_mono": 1}, "log1pCP10k": {"cov_gene": 1.0513386271918708, "cov_cell": 0.023719271620966417, "r2_depth": 0.20128559316995853, "r_mono": 1}, "sqrt": {"cov_gene": 3.390132456728224, "cov_cell": 0.1223753330017753, "r2_depth": 0.9840190834070375, "r_mono": 1}, "density": 0.5279396016277575}