{"raw": {"cov_gene": 6.143497183117319, "r2_depth": 1.0, "r_mono": 1.0, "cov_cell": 0.2062783537036287}, "PF": {"cov_gene": 3.712192889293004, "r2_depth": 0, "r_mono": 1.0, "cov_cell": 3.4359049986579123e-16}, "sqrt": {"cov_gene": 3.288696379626268, "r2_depth": 0.9840300620518986, "r_mono": 1.0, "cov_cell": 0.12237087178226093}, "log1p": {"cov_gene": 0.7884587639202869, "r2_depth": 0.9186490468006627, "r_mono": 1.0, "cov_cell": 0.08175408668024951}, "log1pCP10k": {"cov_gene": 0.9964199907536425, "r2_depth": 0.20100238416314753, "r_mono": 1.0, "cov_cell": 0.02371187960669798}, "log1pCPM": {"cov_gene": 1.1097680615480041, "r2_depth": 0.39519109322305457, "r_mono": 1.0, "cov_cell": 0.04688252829170087}, "scalelog1pCP10k": {"cov_gene": 8.274289145165876e-15, "r2_depth": 0.18456530736201648, "r_mono": 0.285893936185399, "cov_cell": null}, "sctransform": {"cov_gene": 0.6764534075574264, "r2_depth": 0.22904193789211624, "r_mono": 0.8243442260149255, "cov_cell": null}, "log1pPF": {"cov_gene": 0.9969449369667125, "r2_depth": 0.20489694770040856, "r_mono": 1.0, "cov_cell": 0.023988570353830244}, "PFlog1pPF": {"cov_gene": 0.9401758516150209, "r2_depth": 0, "r_mono": 1.0, "cov_cell": 3.799913245329712e-16}, "ncells": 1015, "ngenes": 87, "avg_per_cell": 10534.53, "avg_per_gene": 122902.8, "min_cell": 1913.0, "max_cell": 16579.0, "overdispersion": 0.04, "total_count": 10692544, "nvals": 49288, "sparsity": 0.5581563897854028}