{
    "raw": {
        "cov_gene": 6.143497183117319,
        "r2_depth": 1.0,
        "r_mono": 1.0
    },
    "PF": {
        "cov_gene": 3.712192889293004,
        "r2_depth": 0,
        "r_mono": 1.0
    },
    "sqrt": {
        "cov_gene": 3.288696379626268,
        "r2_depth": 0.9840300620518986,
        "r_mono": 1.0
    },
    "log1p": {
        "cov_gene": 0.7884587639202869,
        "r2_depth": 0.9186490468006627,
        "r_mono": 1.0
    },
    "log1pCP10k": {
        "cov_gene": 0.9964199907536425,
        "r2_depth": 0.20100238416314753,
        "r_mono": 1.0
    },
    "log1pCPM": {
        "cov_gene": 1.1097680615480041,
        "r2_depth": 0.39519109322305457,
        "r_mono": 1.0
    },
    "scalelog1pCP10k": {
        "cov_gene": 8.274289145165876e-15,
        "r2_depth": 0.18456530736201648,
        "r_mono": 0.285893936185399
    },
    "sctransform": {
        "cov_gene": 0.6764534075574264,
        "r2_depth": 0.22904193789211624,
        "r_mono": 0.8243442260149255
    },
    "log1pPF": {
        "cov_gene": 0.9969449369667125,
        "r2_depth": 0.20489694770040856,
        "r_mono": 1.0
    },
    "PFlog1pPF": {
        "cov_gene": 0.9401758516150209,
        "r2_depth": 0,
        "r_mono": 1.0
    },
    "ncells": 1015,
    "ngenes": 87,
    "avg_per_cell": 10534.53,
    "avg_per_gene": 122902.8,
    "min_cell": 1913.0,
    "max_cell": 16579.0,
    "overdispersion": 0.04
}