{"raw": {"cov_gene": 33.78362810258865, "r2_depth": 1.0, "r_mono": 1.0, "cov_cell": 0.6188896986624182}, "PF": {"cov_gene": 16.15042947237112, "r2_depth": 0, "r_mono": 1.0, "cov_cell": 1.3293681949051575e-15}, "sqrt": {"cov_gene": 4.886607882151653, "r2_depth": 0.8519173194618488, "r_mono": 1.0, "cov_cell": 0.5701480775903418}, "log1p": {"cov_gene": 3.749333750044417, "r2_depth": 0.8361985039613593, "r_mono": 1.0, "cov_cell": 0.570197508073773}, "log1pCP10k": {"cov_gene": 1.8244345603130032, "r2_depth": 0.6996280265275274, "r_mono": 1.0, "cov_cell": 0.4191527411081126}, "log1pCPM": {"cov_gene": 1.638788625157603, "r2_depth": 0.7674920597308457, "r_mono": 1.0, "cov_cell": 0.49847511210684065}, "scalelog1pCP10k": {"cov_gene": 1.7897364625062e-14, "r2_depth": 0.6759426911408337, "r_mono": 0.23223816218571441, "cov_cell": null}, "sctransform": {"cov_gene": null, "r2_depth": null, "r_mono": null, "cov_cell": null}, "log1pPF": {"cov_gene": 3.685652758249164, "r2_depth": 0.270820824128281, "r_mono": 1.0, "cov_cell": 0.2115893511893971}, "PFlog1pPF": {"cov_gene": 8.610117645476183, "r2_depth": 0, "r_mono": 1.0, "cov_cell": 1.0567968280012552e-15}, "total_count": 210679, "nvals": 113438, "sparsity": 0.020423878570843428}