{"raw": {"cov_gene": 43.78823980682783, "r2_depth": 1.0, "r_mono": 1.0}, "PF": {"cov_gene": 53.69888222523415, "r2_depth": 0, "r_mono": 1.0}, "sqrt": {"cov_gene": 6.853839345498835, "r2_depth": 0.9302295557178142, "r_mono": 1.0}, "log1p": {"cov_gene": 3.124225475451339, "r2_depth": 0.9175387766574924, "r_mono": 1.0}, "log1pCP10k": {"cov_gene": 2.3381564325707735, "r2_depth": 0.472370776599324, "r_mono": 1.0}, "log1pCPM": {"cov_gene": 1.5199115316437666, "r2_depth": 0.7932919555647696, "r_mono": 1.0}, "scalelog1pCP10k": {"cov_gene": 5.537535232608615e-14, "r2_depth": 0.4394402523225549, "r_mono": 0.3557002561060419}, "sctransform": {"cov_gene": 0.6932198806721539, "r2_depth": 0.1571271033175996, "r_mono": 0.25856659609402566}, "log1pPF": {"cov_gene": 2.7635218351184956, "r2_depth": 0.38888403951584594, "r_mono": 1.0}, "PFlog1pPF": {"cov_gene": 10.861750157672148, "r2_depth": 0, "r_mono": 1.0}}