{"raw": {"cov_gene": 43.78823980682783, "r2_depth": 1.0, "r_mono": 1.0, "cov_cell": 1.1066336387664195}, "PF": {"cov_gene": 53.69888222523415, "r2_depth": 0, "r_mono": 1.0, "cov_cell": 1.6288459167221172e-14}, "sqrt": {"cov_gene": 6.853839345498835, "r2_depth": 0.9302295557178142, "r_mono": 1.0, "cov_cell": 0.9091985458356001}, "log1p": {"cov_gene": 3.124225475451339, "r2_depth": 0.9175387766574924, "r_mono": 1.0, "cov_cell": 0.9074074792673217}, "log1pCP10k": {"cov_gene": 2.3381564325707735, "r2_depth": 0.472370776599324, "r_mono": 1.0, "cov_cell": 0.43008241445336803}, "log1pCPM": {"cov_gene": 1.5199115316437666, "r2_depth": 0.7932919555647696, "r_mono": 1.0, "cov_cell": 0.6487528440040661}, "scalelog1pCP10k": {"cov_gene": 5.537535232608615e-14, "r2_depth": 0.4394402523225549, "r_mono": 0.3557002561060419, "cov_cell": null}, "sctransform": {"cov_gene": 0.6932198806721539, "r2_depth": 0.1571271033175996, "r_mono": 0.25856659609402566, "cov_cell": null}, "log1pPF": {"cov_gene": 2.7635218351184956, "r2_depth": 0.38888403951584594, "r_mono": 1.0, "cov_cell": 0.39349799135622693}, "PFlog1pPF": {"cov_gene": 10.861750157672148, "r2_depth": 0, "r_mono": 1.0, "cov_cell": 1.1102698599693758e-14}, "ncells": 3839, "ngenes": 22105, "avg_per_cell": 5308.27, "avg_per_gene": 921.89, "min_cell": 476.0, "max_cell": 52891.0, "overdispersion": 1.04, "total_count": 20378464, "nvals": 5129653, "sparsity": 0.06044764093604967}