{"raw": {"cov_gene": 25.389647483884147, "r2_depth": 1.0, "r_mono": 1.0, "cov_cell": 1.5750662354769935}, "PF": {"cov_gene": 12.928428585442896, "r2_depth": 0, "r_mono": 1.0, "cov_cell": 5.535377517269037e-16}, "sqrt": {"cov_gene": 7.003284214783355, "r2_depth": 0.9499161728757561, "r_mono": 1.0, "cov_cell": 1.0686560153040816}, "log1p": {"cov_gene": 5.3439963226624805, "r2_depth": 0.94417065131666, "r_mono": 1.0, "cov_cell": 1.0579604241057925}, "log1pCP10k": {"cov_gene": 3.064969659453882, "r2_depth": 0.7147849992220112, "r_mono": 1.0, "cov_cell": 0.6311527453359724}, "log1pCPM": {"cov_gene": 2.828244647710052, "r2_depth": 0.8121047252396305, "r_mono": 1.0, "cov_cell": 0.7517246441079384}, "scalelog1pCP10k": {"cov_gene": 1.0047736547004565e-13, "r2_depth": 0.6683510037910556, "r_mono": 0.19676536247646725, "cov_cell": null}, "sctransform": {"cov_gene": 0.811662638639259, "r2_depth": 0.07434289111943415, "r_mono": 0.16664166314642156, "cov_cell": null}, "log1pPF": {"cov_gene": 4.754487408015577, "r2_depth": 0.27519146490845403, "r_mono": 1.0, "cov_cell": 0.3098742158863196}, "PFlog1pPF": {"cov_gene": 6.764040385686979, "r2_depth": 0, "r_mono": 1.0, "cov_cell": 4.83550136198322e-16}, "ncells": 6437, "ngenes": 2306, "avg_per_cell": 92.47, "avg_per_gene": 258.11, "min_cell": 4.0, "max_cell": 1831.0, "overdispersion": 2.35, "total_count": 595211, "nvals": 234533, "sparsity": 0.01580014769880492}