{"ncells": 9198, "ngenes": 60623, "nvals": 5991644, "density": 0.01074521654237432, "avg_per_cell": 3177.1667753859533, "avg_per_gene": 482.05433581314026, "min_cell": 85, "max_cell": 48765, "total_count": 29223580, "overdispersion": 4.251069861296463, "log1pCP10k": {"cov_gene": 5.961304416807863, "cov_cell": 0.7954967677252687, "r2_depth": 0.18391976575922386, "r_mono": 1}, "log1p": {"cov_gene": 8.200818685350567, "cov_cell": 1.3292775089422293, "r2_depth": 0.6482979389705835, "r_mono": 1}, "PFlog1pPF": {"cov_gene": 33.98415503431184, "cov_cell": 8.194304783371796e-15, "r2_depth": 0, "r_mono": 1}, "log1pCPM": {"cov_gene": 3.5533866428793695, "cov_cell": 1.0154752167066312, "r2_depth": 0.46600977204446925, "r_mono": 1}, "PF": {"cov_gene": 177.53840593846923, "cov_cell": 1.1429805020055407e-14, "r2_depth": 0, "r_mono": 1}, "log1pPF": {"cov_gene": 8.19410612196068, "cov_cell": 0.7206939837192807, "r2_depth": 0.09945603041697715, "r_mono": 1}, "raw": {"cov_gene": 173.24936535926813, "cov_cell": 1.3608299668758246, "r2_depth": 1, "r_mono": 1}, "sqrt": {"cov_gene": 57.45501837501995, "cov_cell": 1.3146869248741069, "r2_depth": 0.6767833772252704, "r_mono": 1}}