{"ncells": 9198, "ngenes": 23140, "nvals": 5975501, "density": 0.02807485769237347, "avg_per_cell": 3175.3393128941075, "avg_per_gene": 1262.1767934312877, "min_cell": 83, "max_cell": 48732, "total_count": 29206771, "overdispersion": 4.251069861296463, "sctransform": {"cov_gene": 2.004569910331583, "cov_cell": null, "r2_depth": 0.08258607279113073, "r_mono": 0.187497273388836}, "scalelog1pCP10k": {"cov_gene": 1.3609199527897005e-13, "cov_cell": null, "r2_depth": 0.20771857560609497, "r_mono": 0.22724954728431007}, "raw": {"cov_gene": 107.03435974378735, "cov_cell": 1.3609565828491696, "r2_depth": 1, "r_mono": 1}, "PF": {"cov_gene": 109.6691508248951, "cov_cell": 1.1499078138982371e-14, "r2_depth": 0, "r_mono": 1}, "log1p": {"cov_gene": 5.012249433940153, "cov_cell": 1.3290124830070025, "r2_depth": 0.648028670066055, "r_mono": 1}, "sqrt": {"cov_gene": 35.51687387077226, "cov_cell": 1.3143998523912612, "r2_depth": 0.6765820266368874, "r_mono": 1}, "log1pPF": {"cov_gene": 5.00948231542952, "cov_cell": 0.7206604465483775, "r2_depth": 0.09937643133020158, "r_mono": 1}, "PFlog1pPF": {"cov_gene": 20.99232495737064, "cov_cell": 8.016067057332779e-15, "r2_depth": 0, "r_mono": 1}, "log1pCPM": {"cov_gene": 2.0567838469262263, "cov_cell": 1.0150884725245068, "r2_depth": 0.4656601486211249, "r_mono": 1}, "log1pCP10k": {"cov_gene": 3.605501425287066, "cov_cell": 0.7954335045870071, "r2_depth": 0.18384427338815812, "r_mono": 1}}