{
  "ncells": 10515,
  "ngenes": 60623,
  "nvals": 16725281,
  "density": 0.02623775798744137,
  "total_counts": 61665658,
  "overdispersion": 2.8776865281834647,
  "avg_per_cell": 5864.541892534475,
  "avg_per_gene": 1017.1990498655625,
  "max_cell": 133389,
  "min_cell": 130,
  "raw": {
    "cov_gene": 117.76694493942118,
    "cov_cell": 1.1945360468461625,
    "r2_depth": 1,
    "r_mono": 1
  },
  "PF": {
    "cov_gene": 86.93108515270137,
    "cov_cell": 2.4432303599805e-14,
    "r2_depth": 0,
    "r_mono": 1
  },
  "sqrt": {
    "cov_gene": 14.586104760130365,
    "cov_cell": 1.008280620704956,
    "r2_depth": 0.9236490584170729,
    "r_mono": 1
  },
  "log1p": {
    "cov_gene": 5.426404122627928,
    "cov_cell": 1.0047758229214006,
    "r2_depth": 0.9157036948453726,
    "r_mono": 1
  },
  "log1pCP10k": {
    "cov_gene": 4.907565919881204,
    "cov_cell": 0.5955651008200503,
    "r2_depth": 0.6182575539831523,
    "r_mono": 1
  },
  "log1pCPM": {
    "cov_gene": 2.763994816005633,
    "cov_cell": 0.8260224205120311,
    "r2_depth": 0.8084533964841809,
    "r_mono": 1
  },
  "log1pPF": {
    "cov_gene": 5.600200105451193,
    "cov_cell": 0.543099139728309,
    "r2_depth": 0.5809153072752298,
    "r_mono": 1
  },
  "PFlog1pPF": {
    "cov_gene": 9.20064887369907,
    "cov_cell": 1.8641923400630127e-14,
    "r2_depth": 0,
    "r_mono": 1
  }
}
