{"ncells": 1998, "ngenes": 19557, "nvals": 1863025, "density": 0.04767832208134913, "avg_per_cell": 2041.8793793793793, "avg_per_gene": 208.60433604336043, "min_cell": 207, "max_cell": 20516, "total_count": 4079675, "overdispersion": 3.0762095660907263, "raw": {"cov_gene": 55.35637448955671, "cov_cell": 1.210428142556838, "r2_depth": 1, "r_mono": 1}, "PF": {"cov_gene": 86.44275434076704, "cov_cell": 1.5395114438479577e-14, "r2_depth": 0, "r_mono": 1}, "log1p": {"cov_gene": 2.644362138283469, "cov_cell": 0.9128121163931286, "r2_depth": 0.8980674724525972, "r_mono": 1}, "sqrt": {"cov_gene": 5.123763374224268, "cov_cell": 0.9057138977325746, "r2_depth": 0.903165673649156, "r_mono": 1}, "log1pPF": {"cov_gene": 2.400948947304592, "cov_cell": 0.38207199309453643, "r2_depth": 0.2836753336606458, "r_mono": 1}, "PFlog1pPF": {"cov_gene": 7.591763877782939, "cov_cell": 1.2582811249116118e-14, "r2_depth": 0, "r_mono": 1}, "log1pCPM": {"cov_gene": 1.3433014928305689, "cov_cell": 0.6699003946000668, "r2_depth": 0.705555816298123, "r_mono": 1}, "log1pCP10k": {"cov_gene": 1.731776652022089, "cov_cell": 0.49304257239774313, "r2_depth": 0.4390388338383314, "r_mono": 1}, "sctransform": {"cov_gene": 0.9387528509735908, "cov_cell": null, "r2_depth": 0.35136354705997375, "r_mono": 0.2732957698413152}, "scalelog1pCP10k": {"cov_gene": 2.973892476114087e-14, "cov_cell": null, "r2_depth": 0.41830604998484777, "r_mono": 0.3312732254332823}}