{
    "raw": {
        "cov_gene": 57.059968682173555,
        "r2_depth": 1.0,
        "r_mono": 1.0
    },
    "PF": {
        "cov_gene": 53.48881461424943,
        "r2_depth": 0,
        "r_mono": 1.0
    },
    "sqrt": {
        "cov_gene": 7.5188235522105895,
        "r2_depth": 0.9253588955188708,
        "r_mono": 1.0
    },
    "log1p": {
        "cov_gene": 4.077092318237223,
        "r2_depth": 0.9229546569143486,
        "r_mono": 1.0
    },
    "log1pCP10k": {
        "cov_gene": 3.159832305777873,
        "r2_depth": 0.6094408648071729,
        "r_mono": 1.0
    },
    "log1pCPM": {
        "cov_gene": 2.39431211229953,
        "r2_depth": 0.7813924583415639,
        "r_mono": 1.0
    },
    "scalelog1pCP10k": {
        "cov_gene": 1.7807796960896827e-13,
        "r2_depth": 0.5619207122755745,
        "r_mono": 0.14506374119926158
    },
    "sctransform": {
        "cov_gene": 0.5117202803313571,
        "r2_depth": 0.46427764057517473,
        "r_mono": 0.12861871340072414
    },
    "log1pPF": {
        "cov_gene": 4.352138944508503,
        "r2_depth": 0.4061089397215477,
        "r_mono": 1.0
    },
    "PFlog1pPF": {
        "cov_gene": 5.243531426063899,
        "r2_depth": 0,
        "r_mono": 1.0
    },
    "ncells": "11687",
    "ngenes": 20420,
    "avg_per_cell": "439.4",
    "avg_per_gene": "251.48",
    "min_cell": "33",
    "max_cell": "20529",
    "overdispersion": "11.95"
}