{"ncells": 1998, "ngenes": 60623, "nvals": 1884510, "density": 0.015558421691407523, "avg_per_cell": 2053.6001001001, "avg_per_gene": 67.68211734820117, "min_cell": 211, "max_cell": 20570, "total_count": 4103093, "overdispersion": 3.0762095963725735, "raw": {"cov_gene": 97.45928147284413, "cov_cell": 1.2087940848144043, "r2_depth": 1, "r_mono": 1}, "PF": {"cov_gene": 152.5164283783334, "cov_cell": 1.541368999524468e-14, "r2_depth": 0, "r_mono": 1}, "log1p": {"cov_gene": 4.835148747166026, "cov_cell": 0.912976204639863, "r2_depth": 0.8985813681894476, "r_mono": 1}, "sqrt": {"cov_gene": 9.063993040195509, "cov_cell": 0.9058887497214729, "r2_depth": 0.903570501918533, "r_mono": 1}, "log1pPF": {"cov_gene": 4.429340521871002, "cov_cell": 0.38181851573297904, "r2_depth": 0.28398297605695855, "r_mono": 1}, "PFlog1pPF": {"cov_gene": 13.39219140451844, "cov_cell": 1.2649618125546274e-14, "r2_depth": 0, "r_mono": 1}, "log1pCPM": {"cov_gene": 2.734828773883349, "cov_cell": 0.6706074818441911, "r2_depth": 0.7068077793916347, "r_mono": 1}, "log1pCP10k": {"cov_gene": 3.3395242153719056, "cov_cell": 0.4926826825621359, "r2_depth": 0.43925792011856546, "r_mono": 1}}