{
  "ncells": 2518,
  "ngenes": 60623,
  "nvals": 12929323,
  "density": 0.08469984883069503,
  "total_counts": 72485575,
  "overdispersion": 1.634210322805174,
  "avg_per_cell": 28786.963860206513,
  "avg_per_gene": 1195.677795556142,
  "max_cell": 159454,
  "min_cell": 1091,
  "raw": {
    "cov_gene": 118.49702281885757,
    "cov_cell": 0.8211662836192715,
    "r2_depth": 1,
    "r_mono": 1
  },
  "PF": {
    "cov_gene": 87.48988229526685,
    "cov_cell": 5.965626064893278e-14,
    "r2_depth": 0,
    "r_mono": 1
  },
  "sqrt": {
    "cov_gene": 14.646671069989118,
    "cov_cell": 0.6268579478419092,
    "r2_depth": 0.9239003558911429,
    "r_mono": 1
  },
  "log1p": {
    "cov_gene": 2.9366370016173464,
    "cov_cell": 0.6247595999664822,
    "r2_depth": 0.9101372136960667,
    "r_mono": 1
  },
  "log1pCP10k": {
    "cov_gene": 3.8506955416680118,
    "cov_cell": 0.30265506409358583,
    "r2_depth": 0.2869928579632428,
    "r_mono": 1
  },
  "log1pCPM": {
    "cov_gene": 1.8977395648829363,
    "cov_cell": 0.42291180869524264,
    "r2_depth": 0.6544759910564389,
    "r_mono": 1
  },
  "log1pPF": {
    "cov_gene": 2.696802134931811,
    "cov_cell": 0.3321627774566185,
    "r2_depth": 0.387648519014715,
    "r_mono": 1
  },
  "PFlog1pPF": {
    "cov_gene": 31.390681999027084,
    "cov_cell": 4.0769834220957205e-14,
    "r2_depth": 0,
    "r_mono": 1
  }
}
