{
    "raw": {
        "cov_gene": 47.20711914261277,
        "r2_depth": 1.0,
        "r_mono": 1.0
    },
    "PF": {
        "cov_gene": 39.38657517026321,
        "r2_depth": 0,
        "r_mono": 1.0
    },
    "sqrt": {
        "cov_gene": 7.433452603481007,
        "r2_depth": 0.9207415093970228,
        "r_mono": 1.0
    },
    "log1p": {
        "cov_gene": 5.768852361615487,
        "r2_depth": 0.9135940795419889,
        "r_mono": 1.0
    },
    "log1pCP10k": {
        "cov_gene": 2.99864104168851,
        "r2_depth": 0.7936971777965123,
        "r_mono": 1.0
    },
    "log1pCPM": {
        "cov_gene": 2.688900073460854,
        "r2_depth": 0.8532372945217126,
        "r_mono": 1.0
    },
    "scalelog1pCP10k": {
        "cov_gene": 1.6261096340546697e-13,
        "r2_depth": 0.7897904996091345,
        "r_mono": 0.10542185892156576
    },
    "sctransform": {
        "cov_gene": 0.6241672678115634,
        "r2_depth": 0.0011876197749556283,
        "r_mono": 0.09559272646357132
    },
    "log1pPF": {
        "cov_gene": 6.324200038420131,
        "r2_depth": 0.37568080179308583,
        "r_mono": 1.0
    },
    "PFlog1pPF": {
        "cov_gene": 22.031922414975163,
        "r2_depth": 0,
        "r_mono": 1.0
    },
    "ncells": 10774,
    "ngenes": 10152,
    "avg_per_cell": 83.8,
    "avg_per_gene": 88.94,
    "min_cell": 5.0,
    "max_cell": 2382.0,
    "overdispersion": 4.09
}