{"raw": {"cov_gene": 64.56666761727529, "r2_depth": 1.0, "r_mono": 1.0, "cov_cell": 1.4892729916693144}, "PF": {"cov_gene": 51.04966847080834, "r2_depth": 0, "r_mono": 1.0, "cov_cell": 1.1921810232852805e-14}, "sqrt": {"cov_gene": 9.377107780544344, "r2_depth": 0.9726127232346746, "r_mono": 1.0, "cov_cell": 1.3899336379086227}, "log1p": {"cov_gene": 5.441115590880759, "r2_depth": 0.9696533384956043, "r_mono": 1.0, "cov_cell": 1.3952892903436256}, "log1pCP10k": {"cov_gene": 3.773066413978553, "r2_depth": 0.7949329640069848, "r_mono": 1.0, "cov_cell": 1.0093463955497137}, "log1pCPM": {"cov_gene": 2.1666506648229493, "r2_depth": 0.9133635027295677, "r_mono": 1.0, "cov_cell": 1.2070512444052006}, "scalelog1pCP10k": {"cov_gene": 1.4000846313009342e-13, "r2_depth": 0.781317713611551, "r_mono": 0.18840854416545882, "cov_cell": null}, "sctransform": {"cov_gene": 0.8812421932145863, "r2_depth": 0.5947018188699853, "r_mono": 0.15334771094397073, "cov_cell": null}, "log1pPF": {"cov_gene": 6.521143762471196, "r2_depth": 0.6758576446966135, "r_mono": 1.0, "cov_cell": 0.794304039238442}, "PFlog1pPF": {"cov_gene": 10.13408993128702, "r2_depth": 0, "r_mono": 1.0, "cov_cell": 1.0360974662125243e-14}, "ncells": 9548, "ngenes": 24003, "avg_per_cell": 1283.12, "avg_per_gene": 510.4, "min_cell": 26.0, "max_cell": 16804.0, "overdispersion": 1.73, "total_count": 12251189, "nvals": 4882811, "density": 0.021305512170565328}