{"ncells": 9548, "ngenes": 60623, "nvals": 4898168, "avg_per_cell": 1284.8386049434437, "avg_per_gene": 202.35948402421522, "min_cell": 27, "max_cell": 16830, "total_count": 12267639, "overdispersion": 1.729836197778901, "raw": {"cov_gene": 102.61101324125721, "cov_cell": 1.4892225093677074, "r2_depth": 1.0, "r_mono": 1}, "PF": {"cov_gene": 81.12658404689819, "cov_cell": 8.733172676574592e-15, "r2_depth": 0, "r_mono": 1}, "log1p": {"cov_gene": 8.719267839623772, "cov_cell": 1.3953599451466667, "r2_depth": 0.9697664879075388, "r_mono": 1}, "log1pPF": {"cov_gene": 10.420793448639117, "cov_cell": 0.7944478679688645, "r2_depth": 0.6757522828953006, "r_mono": 1}, "PFlog1pPF": {"cov_gene": 16.13134870603219, "cov_cell": 7.774623737313553e-15, "r2_depth": 0, "r_mono": 1}, "log1pCPM": {"cov_gene": 3.646068049487386, "cov_cell": 1.2071988345739184, "r2_depth": 0.913587424591867, "r_mono": 1}, "log1pCP10k": {"cov_gene": 6.109522695240344, "cov_cell": 1.0093490646406826, "r2_depth": 0.7949408446426013, "r_mono": 1}, "sqrt": {"cov_gene": 14.927423964738571, "cov_cell": 1.3900199786804246, "r2_depth": 0.9727105883620016, "r_mono": 1}, "density": 0.008462210848934082}