{
  "ncells": 2103,
  "ngenes": 16389,
  "nvals": 1395916,
  "density": 0.04050116887430179,
  "total_counts": 12620036,
  "overdispersion": 0.30161314674555406,
  "avg_per_cell": 6000.968140751308,
  "avg_per_gene": 770.0308743669534,
  "max_cell": 39977,
  "min_cell": 3238,
  "raw": {
    "cov_gene": 86.13623924421569,
    "cov_cell": 0.5409478054868732,
    "r2_depth": 1,
    "r_mono": 1
  },
  "PF": {
    "cov_gene": 94.99990319082069,
    "cov_cell": 1.202324228957049e-14,
    "r2_depth": 0,
    "r_mono": 1
  },
  "sqrt": {
    "cov_gene": 23.689142750306395,
    "cov_cell": 1.2658945147093041,
    "r2_depth": 0.6265316083039201,
    "r_mono": 1
  },
  "log1p": {
    "cov_gene": 3.775146167777925,
    "cov_cell": 1.3673824716859855,
    "r2_depth": 0.6089674172414591,
    "r_mono": 1
  },
  "log1pCP10k": {
    "cov_gene": 3.443629189074495,
    "cov_cell": 1.0788177879626206,
    "r2_depth": 0.27667128140366615,
    "r_mono": 1
  },
  "log1pCPM": {
    "cov_gene": 1.6684439345358366,
    "cov_cell": 1.2081145567139397,
    "r2_depth": 0.45953598708666676,
    "r_mono": 1
  },
  "scalelog1pCP10k": {
    "cov_gene": 3.1252417878415317e-14,
    "cov_cell": null,
    "r2_depth": 0.25394207563022253,
    "r_mono": 0.26498978968942416
  },
  "sctransform": {
    "cov_gene": null,
    "cov_cell": null,
    "r2_depth": null,
    "r_mono": null
  },
  "log1pPF": {
    "cov_gene": 4.2420879790618145,
    "cov_cell": 1.0621492227609222,
    "r2_depth": 0.2513030013114741,
    "r_mono": 1
  },
  "PFlog1pPF": {
    "cov_gene": 20.31495681676617,
    "cov_cell": 8.358323322651143e-15,
    "r2_depth": 0,
    "r_mono": 1
  }
}
