{"ncells": 2122, "ngenes": 60623, "nvals": 3167412, "avg_per_cell": 4461.299245994345, "avg_per_gene": 156.15982382923974, "min_cell": 2533, "max_cell": 43670, "total_count": 9466877, "overdispersion": 0.11464214284235363, "raw": {"cov_gene": 60.76248306691235, "cov_cell": 0.3928659859552514, "r2_depth": 1.0, "r_mono": 1}, "PF": {"cov_gene": 88.7240104942746, "cov_cell": 1.3946135970012817e-14, "r2_depth": 0, "r_mono": 1}, "log1p": {"cov_gene": 3.3978216684858618, "cov_cell": 0.2879415083278216, "r2_depth": 0.8821791473811461, "r_mono": 1}, "log1pPF": {"cov_gene": 3.3260666445535065, "cov_cell": 0.10111108722324227, "r2_depth": 0.159549474218049, "r_mono": 1}, "PFlog1pPF": {"cov_gene": 5.107307517366354, "cov_cell": 1.5231286605041544e-14, "r2_depth": 0, "r_mono": 1}, "log1pCPM": {"cov_gene": 2.44529976984991, "cov_cell": 0.1983762725165119, "r2_depth": 0.681434200489744, "r_mono": 1}, "log1pCP10k": {"cov_gene": 2.889777919394138, "cov_cell": 0.11693934877236063, "r2_depth": 0.29090107970168566, "r_mono": 1}, "sqrt": {"cov_gene": 4.312098098378508, "cov_cell": 0.28950947241383873, "r2_depth": 0.9038110320681447, "r_mono": 1}, "density": 0.02462191082436945}