{
    "raw": {
        "cov_gene": 36.86953390972055,
        "r2_depth": 1.0,
        "r_mono": 1.0
    },
    "PF": {
        "cov_gene": 55.09008747344435,
        "r2_depth": 0,
        "r_mono": 1.0
    },
    "sqrt": {
        "cov_gene": 2.4957630654533287,
        "r2_depth": 0.9041044483368725,
        "r_mono": 1.0
    },
    "log1p": {
        "cov_gene": 1.9044268617563997,
        "r2_depth": 0.8823789447358052,
        "r_mono": 1.0
    },
    "log1pCP10k": {
        "cov_gene": 1.5658475595672618,
        "r2_depth": 0.2915447790876988,
        "r_mono": 1.0
    },
    "log1pCPM": {
        "cov_gene": 1.2582418119136785,
        "r2_depth": 0.6812208719998681,
        "r_mono": 1.0
    },
    "scalelog1pCP10k": {
        "cov_gene": 2.9489146575603396e-14,
        "r2_depth": 0.2773673661301339,
        "r_mono": 0.3936879188473179
    },
    "sctransform": {
        "cov_gene": 0.5100322976839871,
        "r2_depth": 0.06555864236819309,
        "r_mono": 0.31652260229473855
    },
    "log1pPF": {
        "cov_gene": 1.8573676399967307,
        "r2_depth": 0.15994937612833748,
        "r_mono": 1.0
    },
    "PFlog1pPF": {
        "cov_gene": 3.011856745687917,
        "r2_depth": 0,
        "r_mono": 1.0
    },
    "ncells": "2122",
    "ngenes": 22152,
    "avg_per_cell": "4453.35",
    "avg_per_gene": "426.6",
    "min_cell": "2524",
    "max_cell": "43506",
    "overdispersion": "0.11"
}