{
    "raw": {
        "cov_gene": 34.3527912641718,
        "r2_depth": 1.0,
        "r_mono": 1.0
    },
    "PF": {
        "cov_gene": 45.14264219750838,
        "r2_depth": 0,
        "r_mono": 1.0
    },
    "sqrt": {
        "cov_gene": 6.317475552502544,
        "r2_depth": 0.9532131634549685,
        "r_mono": 1.0
    },
    "log1p": {
        "cov_gene": 3.6441111425233883,
        "r2_depth": 0.9482689124867099,
        "r_mono": 1.0
    },
    "log1pCP10k": {
        "cov_gene": 2.6612512532320207,
        "r2_depth": 0.6183816987359161,
        "r_mono": 1.0
    },
    "log1pCPM": {
        "cov_gene": 1.7591871890414714,
        "r2_depth": 0.8320581744582316,
        "r_mono": 1.0
    },
    "scalelog1pCP10k": {
        "cov_gene": 1.6077323880053548e-13,
        "r2_depth": 0.582901269191667,
        "r_mono": 0.3205006195585322
    },
    "sctransform": {
        "cov_gene": 0.8593178581733241,
        "r2_depth": 0.5249478519898063,
        "r_mono": 0.20058295853760486
    },
    "log1pPF": {
        "cov_gene": 3.315445301058373,
        "r2_depth": 0.5359544204813461,
        "r_mono": 1.0
    },
    "PFlog1pPF": {
        "cov_gene": 7.724168715666222,
        "r2_depth": 0,
        "r_mono": 1.0
    },
    "ncells": "10785",
    "ngenes": 27176,
    "avg_per_cell": "4109.37",
    "avg_per_gene": "1630.84",
    "min_cell": "128",
    "max_cell": "62608",
    "overdispersion": "2.61"
}