{"ncells": 10785, "ngenes": 60623, "nvals": 14273310, "avg_per_cell": 4111.135095039406, "avg_per_gene": 731.3823466341157, "min_cell": 182, "max_cell": 62634, "total_count": 44338592, "overdispersion": 2.6095549726416425, "raw": {"cov_gene": 51.317933282093755, "cov_cell": 1.0686458033359376, "r2_depth": 1.0, "r_mono": 1}, "PF": {"cov_gene": 67.46114431350844, "cov_cell": 1.8279241554553796e-14, "r2_depth": 0, "r_mono": 1}, "log1p": {"cov_gene": 5.5503157352216155, "cov_cell": 0.8813734877971827, "r2_depth": 0.9483363284855878, "r_mono": 1}, "log1pPF": {"cov_gene": 5.069195508818174, "cov_cell": 0.4409780965141479, "r2_depth": 0.535789067243787, "r_mono": 1}, "PFlog1pPF": {"cov_gene": 11.538192801534192, "cov_cell": 1.3112433644951644e-14, "r2_depth": 0, "r_mono": 1}, "log1pCPM": {"cov_gene": 2.8473195087175416, "cov_cell": 0.694524332949127, "r2_depth": 0.8321616518640179, "r_mono": 1}, "log1pCP10k": {"cov_gene": 4.1219119611418416, "cov_cell": 0.5068815570370642, "r2_depth": 0.6182390886408382, "r_mono": 1}, "sqrt": {"cov_gene": 9.493657885223904, "cov_cell": 0.8830529152801648, "r2_depth": 0.9532723203192933, "r_mono": 1}, "density": 0.02183067301395797}