{"ncells": 3407, "ngenes": 60623, "nvals": 7734543, "avg_per_cell": 12768.043146463164, "avg_per_gene": 717.5613710967784, "min_cell": 238, "max_cell": 109555, "total_count": 43500723, "overdispersion": 4.540905214703591, "raw": {"cov_gene": 108.15868777395602, "cov_cell": 1.2139972250879332, "r2_depth": 1.0, "r_mono": 1}, "PF": {"cov_gene": 72.68512184964253, "cov_cell": 2.9808436614989864e-14, "r2_depth": 0, "r_mono": 1}, "log1p": {"cov_gene": 4.927192916999942, "cov_cell": 1.0171042753880923, "r2_depth": 0.8611084092261352, "r_mono": 1}, "log1pPF": {"cov_gene": 5.065634782166508, "cov_cell": 0.6209552359514935, "r2_depth": 0.532923430519165, "r_mono": 1}, "PFlog1pPF": {"cov_gene": 23.558406784540022, "cov_cell": 2.3966084090470825e-14, "r2_depth": 0, "r_mono": 1}, "log1pCPM": {"cov_gene": 2.603962025785953, "cov_cell": 0.8485997643376038, "r2_depth": 0.7165042144481157, "r_mono": 1}, "log1pCP10k": {"cov_gene": 5.406921464078892, "cov_cell": 0.5968820430223264, "r2_depth": 0.5170135436957626, "r_mono": 1}, "sqrt": {"cov_gene": 19.302496938467335, "cov_cell": 1.0207816651668153, "r2_depth": 0.880071538425574, "r_mono": 1}, "density": 0.037447695828657805}