{"raw": {"cov_gene": 71.06739916511773, "r2_depth": 1.0, "r_mono": 1.0}, "PF": {"cov_gene": 47.76959755373256, "r2_depth": 0, "r_mono": 1.0}, "sqrt": {"cov_gene": 12.668715989713123, "r2_depth": 0.8801210556667294, "r_mono": 1.0}, "log1p": {"cov_gene": 3.1517032934110105, "r2_depth": 0.8611352115828497, "r_mono": 1.0}, "log1pCP10k": {"cov_gene": 3.474400989870217, "r2_depth": 0.5170532358521625, "r_mono": 1.0}, "log1pCPM": {"cov_gene": 1.5404852179256636, "r2_depth": 0.7165010576752882, "r_mono": 1.0}, "scalelog1pCP10k": {"cov_gene": 5.232936536031489e-14, "r2_depth": 0.43842785117303973, "r_mono": 0.37434730548116946}, "sctransform": {"cov_gene": 0.8951378036555138, "r2_depth": 0.509689985060645, "r_mono": 0.21478256953943511}, "log1pPF": {"cov_gene": 3.2449971851270236, "r2_depth": 0.5329437043503303, "r_mono": 1.0}, "PFlog1pPF": {"cov_gene": 15.469400041464203, "r2_depth": 0, "r_mono": 1.0}}