{
  "ncells": 12626,
  "ngenes": 60623,
  "nvals": 12231616,
  "density": 0.015980141819013572,
  "total_counts": 32099058,
  "overdispersion": 1.4952663134428203,
  "avg_per_cell": 2542.298273404087,
  "avg_per_gene": 529.4864655328836,
  "max_cell": 42831,
  "min_cell": 462,
  "raw": {
    "cov_gene": 51.782106501603224,
    "cov_cell": 1.101126523024331,
    "r2_depth": 1,
    "r_mono": 1
  },
  "PF": {
    "cov_gene": 128.06533465542924,
    "cov_cell": 1.2541396458568735e-14,
    "r2_depth": 0,
    "r_mono": 1
  },
  "sqrt": {
    "cov_gene": 7.764656566286851,
    "cov_cell": 0.8635045051230998,
    "r2_depth": 0.9528920976369821,
    "r_mono": 1
  },
  "log1p": {
    "cov_gene": 5.385794969367708,
    "cov_cell": 0.8603102082915769,
    "r2_depth": 0.9478993635256259,
    "r_mono": 1
  },
  "log1pCP10k": {
    "cov_gene": 3.7341678828906475,
    "cov_cell": 0.40965498318434135,
    "r2_depth": 0.6280100263778129,
    "r_mono": 1
  },
  "log1pCPM": {
    "cov_gene": 2.983038973533417,
    "cov_cell": 0.6311412385732744,
    "r2_depth": 0.8412335254939785,
    "r_mono": 1
  },
  "log1pPF": {
    "cov_gene": 4.737414028762212,
    "cov_cell": 0.2978394895145733,
    "r2_depth": 0.46678681240231057,
    "r_mono": 1
  },
  "PFlog1pPF": {
    "cov_gene": 19.648059349301143,
    "cov_cell": 1.3138703951883156e-14,
    "r2_depth": 0,
    "r_mono": 1
  }
}
