{"raw": {"cov_gene": 93.25169080868895, "r2_depth": 1.0, "r_mono": 1.0}, "PF": {"cov_gene": 62.46469167913185, "r2_depth": 0, "r_mono": 1.0}, "sqrt": {"cov_gene": 13.076790145158542, "r2_depth": 0.9225056368116021, "r_mono": 1.0}, "log1p": {"cov_gene": 7.288863409715843, "r2_depth": 0.9177468993315432, "r_mono": 1.0}, "log1pCP10k": {"cov_gene": 5.24039249610597, "r2_depth": 0.6811941103153203, "r_mono": 1.0}, "log1pCPM": {"cov_gene": 4.266305930283493, "r2_depth": 0.8107411156054802, "r_mono": 1.0}, "scalelog1pCP10k": {"cov_gene": 1.4283025175525574e-12, "r2_depth": 0.7034786772841555, "r_mono": 0.08447430880802337}, "sctransform": {"cov_gene": 0.7685707921410345, "r2_depth": 0.362727672438969, "r_mono": 0.07581580811094889}, "log1pPF": {"cov_gene": 6.95070099531328, "r2_depth": 0.35979796246024665, "r_mono": 1.0}, "PFlog1pPF": {"cov_gene": 10.555538198187529, "r2_depth": 0, "r_mono": 1.0}}