{"ncells": 200, "ngenes": 60623, "nvals": 377227, "density": 0.031112531547432494, "avg_per_cell": 7586.805, "avg_per_gene": 25.02946076571598, "min_cell": 4237, "max_cell": 27446, "total_count": 1517361, "overdispersion": 2.415645589779559, "raw": {"cov_gene": 170.5304336448914, "cov_cell": 0.6407676678298115, "r2_depth": 1, "r_mono": 1}, "PF": {"cov_gene": 185.4255331741222, "cov_cell": 2.339965723872015e-14, "r2_depth": 0, "r_mono": 1}, "log1p": {"cov_gene": 4.593848246590017, "cov_cell": 0.6174027024794043, "r2_depth": 0.7742918832116856, "r_mono": 1}, "sqrt": {"cov_gene": 32.29528738415322, "cov_cell": 0.6107763204096422, "r2_depth": 0.7903238600277055, "r_mono": 1}, "log1pPF": {"cov_gene": 4.539879274686543, "cov_cell": 0.3707140692322994, "r2_depth": 0.16901141344521498, "r_mono": 1}, "PFlog1pPF": {"cov_gene": 30.241418423935965, "cov_cell": 2.0192318876709222e-14, "r2_depth": 0, "r_mono": 1}, "log1pCPM": {"cov_gene": 2.476862122696128, "cov_cell": 0.46673176786299336, "r2_depth": 0.5423145742637742, "r_mono": 1}, "log1pCP10k": {"cov_gene": 4.059851633537878, "cov_cell": 0.37495204088567813, "r2_depth": 0.19438571336097044, "r_mono": 1}}