{"raw": {"cov_gene": 93.25169080868895, "r2_depth": 1.0, "r_mono": 1.0, "cov_cell": 3.398402062601204}, "PF": {"cov_gene": 62.46469167913185, "r2_depth": 0, "r_mono": 1.0, "cov_cell": 3.2211891576740558e-15}, "sqrt": {"cov_gene": 13.076790145158542, "r2_depth": 0.9225056368116021, "r_mono": 1.0, "cov_cell": 2.554518196357461}, "log1p": {"cov_gene": 7.288863409715843, "r2_depth": 0.9177468993315432, "r_mono": 1.0, "cov_cell": 2.579594219183438}, "log1pCP10k": {"cov_gene": 5.24039249610597, "r2_depth": 0.6811941103153203, "r_mono": 1.0, "cov_cell": 1.2117622666144823}, "log1pCPM": {"cov_gene": 4.266305930283493, "r2_depth": 0.8107411156054802, "r_mono": 1.0, "cov_cell": 1.7457740126687842}, "scalelog1pCP10k": {"cov_gene": 1.4283025175525574e-12, "r2_depth": 0.7034786772841555, "r_mono": 0.08447430880802337, "cov_cell": null}, "sctransform": {"cov_gene": 0.7685707921410345, "r2_depth": 0.362727672438969, "r_mono": 0.07581580811094889, "cov_cell": null}, "log1pPF": {"cov_gene": 6.95070099531328, "r2_depth": 0.35979796246024665, "r_mono": 1.0, "cov_cell": 0.32537839406360625}, "PFlog1pPF": {"cov_gene": 10.555538198187529, "r2_depth": 0, "r_mono": 1.0, "cov_cell": 2.3035774187212252e-15}, "ncells": 94246, "ngenes": 24781, "avg_per_cell": 180.11, "avg_per_gene": 685.0, "min_cell": 16.0, "max_cell": 27422.0, "overdispersion": 19.23, "total_count": 16974998, "nvals": 8681919, "sparsity": 0.0037173544671670585}