{
  "ncells": 7899,
  "ngenes": 37475,
  "nvals": 19994496,
  "density": 0.06754554435201389,
  "total_counts": 68706232,
  "overdispersion": 18.49,
  "avg_per_cell": 8698.09,
  "avg_per_gene": 1833.39,
  "max_cell": 188288,
  "min_cell": 367,
  "raw": {
    "cov_gene": 75.7159821235212,
    "r2_depth": 1,
    "r_mono": 1,
    "cov_cell": 1.7625245746321376
  },
  "PF": {
    "cov_gene": 48.96924647423044,
    "r2_depth": 0,
    "r_mono": 1,
    "cov_cell": 3.4820409349481246e-14
  },
  "sqrt": {
    "cov_gene": 4.443254956370363,
    "r2_depth": 0.9091964462847356,
    "r_mono": 1,
    "cov_cell": 1.2572363325434972
  },
  "log1p": {
    "cov_gene": 2.458886453373762,
    "r2_depth": 0.8918454770066042,
    "r_mono": 1,
    "cov_cell": 1.2459715082580416
  },
  "log1pCP10k": {
    "cov_gene": 2.4925733309734115,
    "r2_depth": 0.40519791875700184,
    "r_mono": 1,
    "cov_cell": 0.5563876755431448
  },
  "log1pCPM": {
    "cov_gene": 1.53239414520831,
    "r2_depth": 0.6217511120518187,
    "r_mono": 1,
    "cov_cell": 0.8615318901265949
  },
  "scalelog1pCP10k": {
    "cov_gene": 1.149228825661611e-13,
    "r2_depth": 0.3167174780503158,
    "r_mono": 0.3518523018882899,
    "cov_cell": null
  },
  "sctransform": {
    "cov_gene": 0.8510595148325965,
    "r2_depth": 0.575793295701553,
    "r_mono": 0.12851408905018047,
    "cov_cell": null
  },
  "log1pPF": {
    "cov_gene": 2.5583027261531357,
    "r2_depth": 0.3983747212698031,
    "r_mono": 1,
    "cov_cell": 0.5402278516888008
  },
  "PFlog1pPF": {
    "cov_gene": 3.669400730438985,
    "r2_depth": 0,
    "r_mono": 1,
    "cov_cell": 2.510283544315798e-14
  }
}
