{
  "ncells": 8620,
  "ngenes": 27916,
  "nvals": 9920422,
  "density": 0.04122585688786612,
  "total_counts": 21650710,
  "overdispersion": 11.543667335383965,
  "avg_per_cell": 2511.683294663573,
  "avg_per_gene": 775.5663418827912,
  "max_cell": 27527,
  "min_cell": 199,
  "raw": {
    "cov_gene": 102.01785460492985,
    "cov_cell": 1.0778393556246997,
    "r2_depth": 1,
    "r_mono": 1
  },
  "PF": {
    "cov_gene": 86.64255914790917,
    "cov_cell": 1.3253100958503673e-14,
    "r2_depth": 0,
    "r_mono": 1
  },
  "sqrt": {
    "cov_gene": 20.809340712797717,
    "cov_cell": 0.6391003113257119,
    "r2_depth": 0.22793707090136028,
    "r_mono": 1
  },
  "log1p": {
    "cov_gene": 2.70797737245658,
    "cov_cell": 0.6558166157609322,
    "r2_depth": 0.19989118103864068,
    "r_mono": 1
  },
  "log1pCP10k": {
    "cov_gene": 1.76994514074063,
    "cov_cell": 0.37546134583548507,
    "r2_depth": 0.006284195724274855,
    "r_mono": 1
  },
  "log1pCPM": {
    "cov_gene": 1.463987145166737,
    "cov_cell": 0.4996870825566417,
    "r2_depth": 0.0913774688046175,
    "r_mono": 1
  },
  "scalelog1pCP10k": {
    "cov_gene": 1.2143196047666598e-13,
    "cov_cell": null,
    "r2_depth": 0.009105732458491889,
    "r_mono": 0.3212970872943853
  },
  "sctransform": {
    "cov_gene": 4.671406599221417,
    "cov_cell": null,
    "r2_depth": 0.6909760778926186,
    "r_mono": 0.2542140424688826
  },
  "log1pPF": {
    "cov_gene": 2.267798904203285,
    "cov_cell": 0.3115290966811644,
    "r2_depth": 0.008409679780047585,
    "r_mono": 1
  },
  "PFlog1pPF": {
    "cov_gene": 25.5807906431758,
    "cov_cell": 1.4823488885996173e-14,
    "r2_depth": 0,
    "r_mono": 1
  }
}
