{
  "ncells": 1958,
  "ngenes": 7818,
  "nvals": 204263,
  "density": 0.013343856180611464,
  "total_counts": 366106,
  "overdispersion": 10.462272121779124,
  "avg_per_cell": 186.97957099080693,
  "avg_per_gene": 46.828600665131745,
  "max_cell": 6768,
  "min_cell": 56,
  "raw": {
    "cov_gene": 43.28565887081674,
    "cov_cell": 2.6646116334569023,
    "r2_depth": 1,
    "r_mono": 1
  },
  "PF": {
    "cov_gene": 10.070900884333287,
    "cov_cell": 1.6528364433360696e-15,
    "r2_depth": 0,
    "r_mono": 1
  },
  "sqrt": {
    "cov_gene": 4.268019780525907,
    "cov_cell": 1.711729072284228,
    "r2_depth": 0.9734633853937509,
    "r_mono": 1
  },
  "log1p": {
    "cov_gene": 2.550404017756331,
    "cov_cell": 1.7769986837022391,
    "r2_depth": 0.9732420652439812,
    "r_mono": 1
  },
  "log1pCP10k": {
    "cov_gene": 2.3395878791718023,
    "cov_cell": 0.6300655045678828,
    "r2_depth": 0.799510805819649,
    "r_mono": 1
  },
  "log1pCPM": {
    "cov_gene": 2.1086154425617427,
    "cov_cell": 0.9323841949667214,
    "r2_depth": 0.8849007917151172,
    "r_mono": 1
  },
  "scalelog1pCP10k": {
    "cov_gene": 3.090216706511799e-14,
    "cov_cell": null,
    "r2_depth": 0.8075703263121313,
    "r_mono": 0.18299003910557812
  },
  "sctransform": {
    "cov_gene": 0.7604375623318225,
    "cov_cell": null,
    "r2_depth": 0.3796217797217333,
    "r_mono": 0.17396600327648354
  },
  "log1pPF": {
    "cov_gene": 2.947084986806186,
    "cov_cell": 0.17482450033862895,
    "r2_depth": 0.35111104401233406,
    "r_mono": 1
  },
  "PFlog1pPF": {
    "cov_gene": 3.5407181819581033,
    "cov_cell": 1.4708425036701574e-15,
    "r2_depth": 0,
    "r_mono": 1
  }
}
