{"raw": {"cov_gene": 80.27478097883822, "r2_depth": 1.0, "r_mono": 1.0}, "PF": {"cov_gene": 71.49832909788218, "r2_depth": 0, "r_mono": 1.0}, "sqrt": {"cov_gene": 10.168186101055984, "r2_depth": 0.7552349401476476, "r_mono": 1.0}, "log1p": {"cov_gene": 5.812122147799136, "r2_depth": 0.7371630840610057, "r_mono": 1.0}, "log1pCP10k": {"cov_gene": 2.839867384000078, "r2_depth": 0.4848977508900989, "r_mono": 1.0}, "log1pCPM": {"cov_gene": 2.5741689043751945, "r2_depth": 0.6091874603838479, "r_mono": 1.0}, "scalelog1pCP10k": {"cov_gene": 1.3424161039089347e-13, "r2_depth": 0.5317778794066599, "r_mono": 0.15117934059497526}, "sctransform": {"cov_gene": 0.9357555986846567, "r2_depth": 0.046312218509194536, "r_mono": 0.13892284575176853}, "log1pPF": {"cov_gene": 5.611159321555511, "r2_depth": 0.08698525473181706, "r_mono": 1.0}, "PFlog1pPF": {"cov_gene": 34.23365180970246, "r2_depth": 0, "r_mono": 1.0}}