{"raw": {"cov_gene": 80.27478097883822, "r2_depth": 1.0, "r_mono": 1.0, "cov_cell": 0.7664335189419396}, "PF": {"cov_gene": 71.49832909788218, "r2_depth": 0, "r_mono": 1.0, "cov_cell": 2.973105209267811e-15}, "sqrt": {"cov_gene": 10.168186101055984, "r2_depth": 0.7552349401476476, "r_mono": 1.0, "cov_cell": 0.5823626089827156}, "log1p": {"cov_gene": 5.812122147799136, "r2_depth": 0.7371630840610057, "r_mono": 1.0, "cov_cell": 0.5893202317571101}, "log1pCP10k": {"cov_gene": 2.839867384000078, "r2_depth": 0.4848977508900989, "r_mono": 1.0, "cov_cell": 0.36805947754073687}, "log1pCPM": {"cov_gene": 2.5741689043751945, "r2_depth": 0.6091874603838479, "r_mono": 1.0, "cov_cell": 0.4569234924305627}, "scalelog1pCP10k": {"cov_gene": 1.3424161039089347e-13, "r2_depth": 0.5317778794066599, "r_mono": 0.15117934059497526, "cov_cell": null}, "sctransform": {"cov_gene": 0.9357555986846567, "r2_depth": 0.046312218509194536, "r_mono": 0.13892284575176853, "cov_cell": null}, "log1pPF": {"cov_gene": 5.611159321555511, "r2_depth": 0.08698525473181706, "r_mono": 1.0, "cov_cell": 0.21536188322942185}, "PFlog1pPF": {"cov_gene": 34.23365180970246, "r2_depth": 0, "r_mono": 1.0, "cov_cell": 2.2978650982388094e-15}, "ncells": 8976, "ngenes": 17340, "avg_per_cell": 253.17, "avg_per_gene": 131.05, "min_cell": 1.0, "max_cell": 6326.0, "overdispersion": 4.88, "total_count": 2272410, "nvals": 1314643, "density": 0.008446482687654069}