{"raw": {"cov_gene": 98.7994374899852, "r2_depth": 1.0, "r_mono": 1.0}, "PF": {"cov_gene": 72.84626230508104, "r2_depth": 0, "r_mono": 1.0}, "sqrt": {"cov_gene": 12.494603337421621, "r2_depth": 0.8119311150198034, "r_mono": 1.0}, "log1p": {"cov_gene": 3.4113635426334463, "r2_depth": 0.7966636224242476, "r_mono": 1.0}, "log1pCP10k": {"cov_gene": 1.9158488718931024, "r2_depth": 0.4350416422190818, "r_mono": 1.0}, "log1pCPM": {"cov_gene": 1.6770160138952, "r2_depth": 0.6720563235426551, "r_mono": 1.0}, "scalelog1pCP10k": {"cov_gene": 2.2434944802504627e-13, "r2_depth": 0.42273103194745965, "r_mono": 0.26577165281326254}, "sctransform": {"cov_gene": 0.624949675758283, "r2_depth": 0.36262724067194263, "r_mono": 0.2311006001466103}, "log1pPF": {"cov_gene": 3.0444778212831327, "r2_depth": 0.057111432541895324, "r_mono": 1.0}, "PFlog1pPF": {"cov_gene": 3.9664936588682815, "r2_depth": 0, "r_mono": 1.0}}