{"raw": {"cov_gene": 98.7994374899852, "r2_depth": 1.0, "r_mono": 1.0, "cov_cell": 0.990769672107577}, "PF": {"cov_gene": 72.84626230508104, "r2_depth": 0, "r_mono": 1.0, "cov_cell": 8.440589957939009e-15}, "sqrt": {"cov_gene": 12.494603337421621, "r2_depth": 0.8119311150198034, "r_mono": 1.0, "cov_cell": 0.716678447054719}, "log1p": {"cov_gene": 3.4113635426334463, "r2_depth": 0.7966636224242476, "r_mono": 1.0, "cov_cell": 0.7276646671264568}, "log1pCP10k": {"cov_gene": 1.9158488718931024, "r2_depth": 0.4350416422190818, "r_mono": 1.0, "cov_cell": 0.3632458593080612}, "log1pCPM": {"cov_gene": 1.6770160138952, "r2_depth": 0.6720563235426551, "r_mono": 1.0, "cov_cell": 0.523226607648557}, "scalelog1pCP10k": {"cov_gene": 2.2434944802504627e-13, "r2_depth": 0.42273103194745965, "r_mono": 0.26577165281326254, "cov_cell": null}, "sctransform": {"cov_gene": 0.624949675758283, "r2_depth": 0.36262724067194263, "r_mono": 0.2311006001466103, "cov_cell": null}, "log1pPF": {"cov_gene": 3.0444778212831327, "r2_depth": 0.057111432541895324, "r_mono": 1.0, "cov_cell": 0.21649862064400832}, "PFlog1pPF": {"cov_gene": 3.9664936588682815, "r2_depth": 0, "r_mono": 1.0, "cov_cell": 5.566885362117898e-15}, "ncells": 14813, "ngenes": 16541, "avg_per_cell": 818.47, "avg_per_gene": 732.96, "min_cell": 209.0, "max_cell": 14781.0, "overdispersion": 12.48, "total_count": 12123966, "nvals": 6599814, "sparsity": 0.026935615978352426}