{"ncells": 14813, "ngenes": 21969, "nvals": 6607982, "avg_per_cell": 819.0402349287788, "avg_per_gene": 552.2528562975101, "min_cell": 209, "max_cell": 14787, "total_count": 12132443, "overdispersion": 12.480226964086837, "raw": {"cov_gene": 113.86279986226236, "cov_cell": 0.9907291779728494, "r2_depth": 1.0, "r_mono": 1}, "PF": {"cov_gene": 83.96036675227828, "cov_cell": 7.683227184476105e-15, "r2_depth": 0, "r_mono": 1}, "log1p": {"cov_gene": 3.9688018167189614, "cov_cell": 0.7279637413541519, "r2_depth": 0.7969478006767196, "r_mono": 1}, "log1pPF": {"cov_gene": 3.551760495793778, "cov_cell": 0.21649513393928843, "r2_depth": 0.057387971116458436, "r_mono": 1}, "PFlog1pPF": {"cov_gene": 4.601144989448821, "cov_cell": 5.899305840988042e-15, "r2_depth": 0, "r_mono": 1}, "log1pCPM": {"cov_gene": 2.012473691854251, "cov_cell": 0.5235322958295114, "r2_depth": 0.6724959985850681, "r_mono": 1}, "log1pCP10k": {"cov_gene": 2.2779694672072037, "cov_cell": 0.36336084174729616, "r2_depth": 0.43548963037047617, "r_mono": 1}, "sqrt": {"cov_gene": 14.397880693425309, "cov_cell": 0.7169946071469748, "r2_depth": 0.8121847596567708, "r_mono": 1}, "density": 0.020305586574052167}