{
  "ncells": 8319,
  "ngenes": 26747,
  "nvals": 6701228,
  "density": 0.030116756142657568,
  "total_counts": 19497189,
  "overdispersion": 5.29,
  "avg_per_cell": 2343.69,
  "avg_per_gene": 728.95,
  "max_cell": 39657,
  "min_cell": 109,
  "raw": {
    "cov_gene": 90.17145478093776,
    "r2_depth": 1,
    "r_mono": 1,
    "cov_cell": 1.8321544668269385
  },
  "PF": {
    "cov_gene": 72.01830702061658,
    "r2_depth": 0,
    "r_mono": 1,
    "cov_cell": 2.0035629644726104e-14
  },
  "sqrt": {
    "cov_gene": 8.422817409899379,
    "r2_depth": 0.9717554169685764,
    "r_mono": 1,
    "cov_cell": 1.636339631956559
  },
  "log1p": {
    "cov_gene": 4.199245108177912,
    "r2_depth": 0.9685372888213674,
    "r_mono": 1,
    "cov_cell": 1.6326288909880018
  },
  "log1pCP10k": {
    "cov_gene": 3.989659293434244,
    "r2_depth": 0.7529111583809682,
    "r_mono": 1,
    "cov_cell": 0.9379772485549895
  },
  "log1pCPM": {
    "cov_gene": 2.1242394381637695,
    "r2_depth": 0.9002758250559532,
    "r_mono": 1,
    "cov_cell": 1.3428009188148087
  },
  "scalelog1pCP10k": {
    "cov_gene": 1.265315083608131e-13,
    "r2_depth": 0.7548950429396074,
    "r_mono": 0.21972656532034518,
    "cov_cell": null
  },
  "sctransform": {
    "cov_gene": 0.944049613339083,
    "r2_depth": 0.4718324218680281,
    "r_mono": 0.15019639295747864,
    "cov_cell": null
  },
  "log1pPF": {
    "cov_gene": 5.503283337761432,
    "r2_depth": 0.6476821879452925,
    "r_mono": 1,
    "cov_cell": 0.6836887862582337
  },
  "PFlog1pPF": {
    "cov_gene": 9.631709855317457,
    "r2_depth": 0,
    "r_mono": 1,
    "cov_cell": 1.559624866697545e-14
  }
}
