{
  "ncells": 1833,
  "ngenes": 15658,
  "nvals": 1092939,
  "density": 0.038080020169251966,
  "total_counts": 2439528,
  "overdispersion": 0.77,
  "avg_per_cell": 1330.89,
  "avg_per_gene": 155.8,
  "max_cell": 14954,
  "min_cell": 124,
  "raw": {
    "cov_gene": 61.87569539602924,
    "r2_depth": 1,
    "r_mono": 1,
    "cov_cell": 1.0104230907688023
  },
  "PF": {
    "cov_gene": 79.59501208291508,
    "r2_depth": 0,
    "r_mono": 1,
    "cov_cell": 7.524372458686852e-15
  },
  "sqrt": {
    "cov_gene": 4.395094843359006,
    "r2_depth": 0.9769422980775689,
    "r_mono": 1,
    "cov_cell": 0.8203489938095048
  },
  "log1p": {
    "cov_gene": 3.1926192606135855,
    "r2_depth": 0.9738178651140085,
    "r_mono": 1,
    "cov_cell": 0.8193992501443179
  },
  "log1pCP10k": {
    "cov_gene": 2.095369910000207,
    "r2_depth": 0.7215314489312858,
    "r_mono": 1,
    "cov_cell": 0.4215315413708816
  },
  "log1pCPM": {
    "cov_gene": 1.6575627989245254,
    "r2_depth": 0.8993355227839124,
    "r_mono": 1,
    "cov_cell": 0.603825049149602
  },
  "scalelog1pCP10k": {
    "cov_gene": 2.7467544111406445e-14,
    "r2_depth": 0.7807554752043011,
    "r_mono": 0.30551954302052814,
    "cov_cell": null
  },
  "sctransform": {
    "cov_gene": 0.5996558520651838,
    "r2_depth": 0.14928707642569228,
    "r_mono": 0.22935500358792693,
    "cov_cell": null
  },
  "log1pPF": {
    "cov_gene": 2.972142145813097,
    "r2_depth": 0.5220347743680123,
    "r_mono": 1,
    "cov_cell": 0.27210635849838094
  },
  "PFlog1pPF": {
    "cov_gene": 3.9856568932168335,
    "r2_depth": 0,
    "r_mono": 1,
    "cov_cell": 6.7958360197705964e-15
  }
}
