{"raw": {"cov_gene": 46.936504634291836, "r2_depth": 1.0, "r_mono": 1.0}, "PF": {"cov_gene": 31.3947121673945, "r2_depth": 0, "r_mono": 1.0}, "sqrt": {"cov_gene": 8.731356858342988, "r2_depth": 0.932681784470162, "r_mono": 1.0}, "log1p": {"cov_gene": 3.243599649974629, "r2_depth": 0.9223520683512114, "r_mono": 1.0}, "log1pCP10k": {"cov_gene": 3.7044733088031467, "r2_depth": 0.6360932328659453, "r_mono": 1.0}, "log1pCPM": {"cov_gene": 1.7580801144790004, "r2_depth": 0.797886445326456, "r_mono": 1.0}, "scalelog1pCP10k": {"cov_gene": 4.931308721141432e-14, "r2_depth": 0.585195601675665, "r_mono": 0.27178624549756825}, "sctransform": {"cov_gene": 1.0233965460934933, "r2_depth": 0.7416058594915289, "r_mono": 0.16519765889274132}, "log1pPF": {"cov_gene": 4.087555328381397, "r2_depth": 0.6100326179690921, "r_mono": 1.0}, "PFlog1pPF": {"cov_gene": 5.16414053287714, "r2_depth": 0, "r_mono": 1.0}}