{"raw": {"cov_gene": 46.936504634291836, "r2_depth": 1.0, "r_mono": 1.0, "cov_cell": 2.0028618519761587}, "PF": {"cov_gene": 31.3947121673945, "r2_depth": 0, "r_mono": 1.0, "cov_cell": 3.821065072075173e-14}, "sqrt": {"cov_gene": 8.731356858342988, "r2_depth": 0.932681784470162, "r_mono": 1.0, "cov_cell": 1.6913443654132314}, "log1p": {"cov_gene": 3.243599649974629, "r2_depth": 0.9223520683512114, "r_mono": 1.0, "cov_cell": 1.6849229789451345}, "log1pCP10k": {"cov_gene": 3.7044733088031467, "r2_depth": 0.6360932328659453, "r_mono": 1.0, "cov_cell": 0.9268427184253168}, "log1pCPM": {"cov_gene": 1.7580801144790004, "r2_depth": 0.797886445326456, "r_mono": 1.0, "cov_cell": 1.3680131413416383}, "scalelog1pCP10k": {"cov_gene": 4.931308721141432e-14, "r2_depth": 0.585195601675665, "r_mono": 0.27178624549756825, "cov_cell": null}, "sctransform": {"cov_gene": 1.0233965460934933, "r2_depth": 0.7416058594915289, "r_mono": 0.16519765889274132, "cov_cell": null}, "log1pPF": {"cov_gene": 4.087555328381397, "r2_depth": 0.6100326179690921, "r_mono": 1.0, "cov_cell": 0.8177861774330983}, "PFlog1pPF": {"cov_gene": 5.16414053287714, "r2_depth": 0, "r_mono": 1.0, "cov_cell": 2.971493271291156e-14}, "ncells": 2978, "ngenes": 24646, "avg_per_cell": 5667.55, "avg_per_gene": 684.82, "min_cell": 104.0, "max_cell": 124973.0, "overdispersion": 4.42, "total_count": 16877975, "nvals": 3985300, "sparsity": 0.05429875621745488}