{"ncells": 3001, "ngenes": 60623, "nvals": 3897362, "density": 0.02142236066745436, "avg_per_cell": 5707.0843052315895, "avg_per_gene": 282.5158768124309, "min_cell": 106, "max_cell": 127170, "total_count": 17126960, "overdispersion": 4.556890656131776, "log1pCP10k": {"cov_gene": 6.0012393491890235, "cov_cell": 0.9177454220740369, "r2_depth": 0.6256546138439867, "r_mono": 1}, "log1p": {"cov_gene": 5.299225547551592, "cov_cell": 1.6913116705087266, "r2_depth": 0.9180127319128119, "r_mono": 1}, "log1pCPM": {"cov_gene": 3.0820424337061465, "cov_cell": 1.364316422348727, "r2_depth": 0.7898083092612188, "r_mono": 1}, "PFlog1pPF": {"cov_gene": 8.218186833703644, "cov_cell": 2.206676873820127e-14, "r2_depth": 0, "r_mono": 1}, "log1pPF": {"cov_gene": 6.580525498984405, "cov_cell": 0.809883565330613, "r2_depth": 0.5995486194879951, "r_mono": 1}, "PF": {"cov_gene": 49.90376407107835, "cov_cell": 2.429772127458558e-14, "r2_depth": 0, "r_mono": 1}, "raw": {"cov_gene": 69.84041850713815, "cov_cell": 2.0270119663423514, "r2_depth": 1, "r_mono": 1}, "sqrt": {"cov_gene": 13.926272413005474, "cov_cell": 1.6988351492643292, "r2_depth": 0.9291052750324277, "r_mono": 1}}