{"ncells": 40, "ngenes": 60623, "nvals": 43198, "avg_per_cell": 13457.65, "avg_per_gene": 8.879567160978507, "min_cell": 913, "max_cell": 76211, "total_count": 538306, "overdispersion": 1.2479155863426115, "raw": {"cov_gene": 156.5730339209662, "cov_cell": 1.2215638794361225, "r2_depth": 1.0, "r_mono": 1}, "PF": {"cov_gene": 153.7130778024941, "cov_cell": 4.3510712773242974e-14, "r2_depth": 0, "r_mono": 1}, "log1p": {"cov_gene": 4.062198211602717, "cov_cell": 2.2328528246203136, "r2_depth": 0.6404657526160709, "r_mono": 1}, "log1pPF": {"cov_gene": 5.1029260193011226, "cov_cell": 1.293452025872618, "r2_depth": 0.3001836639800469, "r_mono": 1}, "PFlog1pPF": {"cov_gene": 30.308710913456952, "cov_cell": 1.3488553588959164e-14, "r2_depth": 0, "r_mono": 1}, "log1pCPM": {"cov_gene": 2.857262817963834, "cov_cell": 1.692738078852583, "r2_depth": 0.5435874142423414, "r_mono": 1}, "log1pCP10k": {"cov_gene": 5.471355400029434, "cov_cell": 1.2584817859742061, "r2_depth": 0.27205135097034794, "r_mono": 1}, "sqrt": {"cov_gene": 48.536664895693384, "cov_cell": 2.0562587040025373, "r2_depth": 0.6756254609450321, "r_mono": 1}, "density": 0.01781419593223694}