{"raw": {"cov_gene": 32.53522769978365, "r2_depth": 1.0, "r_mono": 1.0}, "PF": {"cov_gene": 31.63661949875711, "r2_depth": 0, "r_mono": 1.0}, "sqrt": {"cov_gene": 12.300307660622964, "r2_depth": 0.5686081060531062, "r_mono": 1.0}, "log1p": {"cov_gene": 1.006765435857707, "r2_depth": 0.4843561100507524, "r_mono": 1.0}, "log1pCP10k": {"cov_gene": 1.238946323300686, "r2_depth": 0.12858037506767106, "r_mono": 1.0}, "log1pCPM": {"cov_gene": 0.508665044240466, "r2_depth": 0.3310974932558529, "r_mono": 1.0}, "scalelog1pCP10k": {"cov_gene": 7.906687088371358e-16, "r2_depth": 0.2025500596585309, "r_mono": 0.4641327871249727}, "sctransform": {"cov_gene": 0.3398891342363063, "r2_depth": 0.03561702505512565, "r_mono": 0.4302475624917966}, "log1pPF": {"cov_gene": 1.1749672513833933, "r2_depth": 0.14003776483479446, "r_mono": 1.0}, "PFlog1pPF": {"cov_gene": 6.745478847795999, "r2_depth": 0, "r_mono": 1.0}}