{"raw": {"cov_gene": 97.97840495925783, "r2_depth": 1.0, "r_mono": 1.0}, "PF": {"cov_gene": 98.0663279604816, "r2_depth": 0, "r_mono": 1.0}, "sqrt": {"cov_gene": 20.64632009034896, "r2_depth": 0.6451834670816963, "r_mono": 1.0}, "log1p": {"cov_gene": 2.7821522221465194, "r2_depth": 0.6109736122160777, "r_mono": 1.0}, "log1pCP10k": {"cov_gene": 1.973522985685084, "r2_depth": 0.015990061144904866, "r_mono": 1.0}, "log1pCPM": {"cov_gene": 1.5542974310096973, "r2_depth": 0.3510388179067493, "r_mono": 1.0}, "scalelog1pCP10k": {"cov_gene": 7.973188101958851e-14, "r2_depth": 0.06541441417196336, "r_mono": 0.32272722157829964}, "sctransform": {"cov_gene": 0.6018439461200313, "r2_depth": 0.16824119869804743, "r_mono": 0.2604479221838373}, "log1pPF": {"cov_gene": 2.5440723714313065, "r2_depth": 0.0032757101146685397, "r_mono": 1.0}, "PFlog1pPF": {"cov_gene": 32.47525988305594, "r2_depth": 0, "r_mono": 1.0}}