{
    "raw": {
        "cov_gene": 37.83828312379083,
        "r2_depth": 1.0,
        "r_mono": 1.0
    },
    "PF": {
        "cov_gene": 35.14307990065451,
        "r2_depth": 0,
        "r_mono": 1.0
    },
    "sqrt": {
        "cov_gene": 4.79409254214083,
        "r2_depth": 0.9565756067277542,
        "r_mono": 1.0
    },
    "log1p": {
        "cov_gene": 2.8093354527407888,
        "r2_depth": 0.9528877869524836,
        "r_mono": 1.0
    },
    "log1pCP10k": {
        "cov_gene": 2.4420551383365745,
        "r2_depth": 0.5816916579700142,
        "r_mono": 1.0
    },
    "log1pCPM": {
        "cov_gene": 1.473080346605485,
        "r2_depth": 0.8231413114404071,
        "r_mono": 1.0
    },
    "scalelog1pCP10k": {
        "cov_gene": 9.516747499749534e-14,
        "r2_depth": 0.6055215027624905,
        "r_mono": 0.3891147404996388
    },
    "sctransform": {
        "cov_gene": 0.6951132821038095,
        "r2_depth": 0.6487851186291098,
        "r_mono": 0.19202235393760986
    },
    "log1pPF": {
        "cov_gene": 2.724608936616013,
        "r2_depth": 0.54967351261791,
        "r_mono": 1.0
    },
    "PFlog1pPF": {
        "cov_gene": 7.097644155153184,
        "r2_depth": 0,
        "r_mono": 1.0
    },
    "ncells": 6733,
    "ngenes": 30170,
    "avg_per_cell": 6767.89,
    "avg_per_gene": 1510.38,
    "min_cell": 69.0,
    "max_cell": 114339.0,
    "overdispersion": 0.93
}