{
    "raw": {
        "cov_gene": 88.32019320283948,
        "r2_depth": 1.0,
        "r_mono": 1.0
    },
    "PF": {
        "cov_gene": 112.74552114540253,
        "r2_depth": 0,
        "r_mono": 1.0
    },
    "sqrt": {
        "cov_gene": 11.306192463811131,
        "r2_depth": 0.9304267004059961,
        "r_mono": 1.0
    },
    "log1p": {
        "cov_gene": 2.308372187326124,
        "r2_depth": 0.9144996323424973,
        "r_mono": 1.0
    },
    "log1pCP10k": {
        "cov_gene": 2.6294321304994415,
        "r2_depth": 0.31785250960649125,
        "r_mono": 1.0
    },
    "log1pCPM": {
        "cov_gene": 1.332660737812883,
        "r2_depth": 0.7370246558797102,
        "r_mono": 1.0
    },
    "scalelog1pCP10k": {
        "cov_gene": 5.458429856738722e-14,
        "r2_depth": 0.13939776944141202,
        "r_mono": 0.44125611331136855
    },
    "sctransform": {
        "cov_gene": 1.2564373396120734,
        "r2_depth": 0.20588959562666254,
        "r_mono": 0.19403593537998814
    },
    "log1pPF": {
        "cov_gene": 2.0259811195012425,
        "r2_depth": 0.4157206417169509,
        "r_mono": 1.0
    },
    "PFlog1pPF": {
        "cov_gene": 3.364288048049025,
        "r2_depth": 0,
        "r_mono": 1.0
    },
    "ncells": "3952",
    "ngenes": 26560,
    "avg_per_cell": "20307.51",
    "avg_per_gene": "3021.66",
    "min_cell": "2789",
    "max_cell": "77175",
    "overdispersion": "1.07"
}