{"ncells": 3952, "ngenes": 60623, "nvals": 12942079, "avg_per_cell": 20311.605263157893, "avg_per_gene": 1324.1090675156295, "min_cell": 2791, "max_cell": 77186, "total_count": 80271464, "overdispersion": 1.0674435231613344, "raw": {"cov_gene": 133.43803737151939, "cov_cell": 0.6865846958433264, "r2_depth": 1.0, "r_mono": 1}, "PF": {"cov_gene": 170.35550247139173, "cov_cell": 3.033329525576164e-14, "r2_depth": 0, "r_mono": 1}, "log1p": {"cov_gene": 3.66371275053816, "cov_cell": 0.5470838947731692, "r2_depth": 0.9144251705591747, "r_mono": 1}, "log1pPF": {"cov_gene": 3.259389129795254, "cov_cell": 0.25405101527368223, "r2_depth": 0.4149263384366765, "r_mono": 1}, "PFlog1pPF": {"cov_gene": 5.204063473333384, "cov_cell": 2.9972842807636934e-14, "r2_depth": 0, "r_mono": 1}, "log1pCPM": {"cov_gene": 2.304790035690875, "cov_cell": 0.3649174271695164, "r2_depth": 0.7366370005699203, "r_mono": 1}, "log1pCP10k": {"cov_gene": 4.127110166321932, "cov_cell": 0.23471873875627325, "r2_depth": 0.3170511122172759, "r_mono": 1}, "sqrt": {"cov_gene": 17.109190556566418, "cov_cell": 0.5539818975622274, "r2_depth": 0.9303523610555948, "r_mono": 1}, "density": 0.054019391332146956}