{
  "ncells": 6796,
  "ngenes": 29960,
  "nvals": 17684901,
  "density": 0.08685752574945915,
  "total_counts": 99244370,
  "overdispersion": 1.63,
  "avg_per_cell": 14603.35,
  "avg_per_gene": 3312.56,
  "max_cell": 108159,
  "min_cell": 398,
  "raw": {
    "cov_gene": 38.58353552887034,
    "r2_depth": 1,
    "r_mono": 1,
    "cov_cell": 1.1145295114261498
  },
  "PF": {
    "cov_gene": 115.04825846548519,
    "r2_depth": 0,
    "r_mono": 1,
    "cov_cell": 3.0841475770513494e-14
  },
  "sqrt": {
    "cov_gene": 8.661940093914309,
    "r2_depth": 0.957775881938745,
    "r_mono": 1,
    "cov_cell": 0.9292958483860214
  },
  "log1p": {
    "cov_gene": 3.200712763529109,
    "r2_depth": 0.9488206214992704,
    "r_mono": 1,
    "cov_cell": 0.9194497341876813
  },
  "log1pCP10k": {
    "cov_gene": 2.960135615662799,
    "r2_depth": 0.6318381298992414,
    "r_mono": 1,
    "cov_cell": 0.43245075022124774
  },
  "log1pCPM": {
    "cov_gene": 1.5816501407734307,
    "r2_depth": 0.8358160305308284,
    "r_mono": 1,
    "cov_cell": 0.7168986748936917
  },
  "scalelog1pCP10k": {
    "cov_gene": 1.0264230186672104e-13,
    "r2_depth": 0.5467313748633631,
    "r_mono": 0.38722876135094936,
    "cov_cell": null
  },
  "sctransform": {
    "cov_gene": 0.7594626645050395,
    "r2_depth": 0.6378154549028618,
    "r_mono": 0.1880218496865083,
    "cov_cell": null
  },
  "log1pPF": {
    "cov_gene": 2.7410632975968574,
    "r2_depth": 0.6548230584052372,
    "r_mono": 1,
    "cov_cell": 0.47199695331171326
  },
  "PFlog1pPF": {
    "cov_gene": 4.0172473342393165,
    "r2_depth": 0,
    "r_mono": 1,
    "cov_cell": 2.0467029645780216e-14
  }
}
