{
  "ncells": 1440,
  "ngenes": 17119,
  "nvals": 1424352,
  "density": 0.057779854742294134,
  "total_counts": 3392778,
  "overdispersion": 0.89,
  "avg_per_cell": 2356.1,
  "avg_per_gene": 198.19,
  "max_cell": 12858,
  "min_cell": 181,
  "raw": {
    "cov_gene": 19.6355440419675,
    "r2_depth": 1,
    "r_mono": 1,
    "cov_cell": 1.026777589468309
  },
  "PF": {
    "cov_gene": 60.28609109655834,
    "r2_depth": 0,
    "r_mono": 1,
    "cov_cell": 9.736566452588034e-15
  },
  "sqrt": {
    "cov_gene": 3.4456706506173274,
    "r2_depth": 0.9905818887446775,
    "r_mono": 1,
    "cov_cell": 0.8986747775948197
  },
  "log1p": {
    "cov_gene": 2.8290362149815493,
    "r2_depth": 0.9902328788360583,
    "r_mono": 1,
    "cov_cell": 0.9040080331477185
  },
  "log1pCP10k": {
    "cov_gene": 1.986266440367301,
    "r2_depth": 0.8506387336976212,
    "r_mono": 1,
    "cov_cell": 0.4945201809942736
  },
  "log1pCPM": {
    "cov_gene": 1.4088576460299937,
    "r2_depth": 0.9510838141212145,
    "r_mono": 1,
    "cov_cell": 0.7013923413007669
  },
  "scalelog1pCP10k": {
    "cov_gene": 2.148706981871307e-14,
    "r2_depth": 0.8370760556955635,
    "r_mono": 0.3576184096211674,
    "cov_cell": null
  },
  "sctransform": {
    "cov_gene": 0.7756818069701821,
    "r2_depth": 0.7786465028197569,
    "r_mono": 0.2363860134679524,
    "cov_cell": null
  },
  "log1pPF": {
    "cov_gene": 2.658582967596184,
    "r2_depth": 0.7392540057654416,
    "r_mono": 1,
    "cov_cell": 0.358587409110049
  },
  "PFlog1pPF": {
    "cov_gene": 8.26366990335276,
    "r2_depth": 0,
    "r_mono": 1,
    "cov_cell": 9.411146730975797e-15
  }
}
