{
  "ncells": 8272,
  "ngenes": 60623,
  "nvals": 13906886,
  "density": 0.027732048094685196,
  "total_counts": 77177978,
  "overdispersion": 3.1434220481429054,
  "avg_per_cell": 9330.026353965184,
  "avg_per_gene": 1273.0808109133498,
  "max_cell": 95532,
  "min_cell": 113,
  "raw": {
    "cov_gene": 42.94197901642608,
    "cov_cell": 1.552488443103317,
    "r2_depth": 1,
    "r_mono": 1
  },
  "PF": {
    "cov_gene": 73.50519954868433,
    "cov_cell": 2.126356647698351e-14,
    "r2_depth": 0,
    "r_mono": 1
  },
  "sqrt": {
    "cov_gene": 10.252634159142657,
    "cov_cell": 1.3512194829247293,
    "r2_depth": 0.9633327359226455,
    "r_mono": 1
  },
  "log1p": {
    "cov_gene": 5.2447243001277934,
    "cov_cell": 1.3434231305476447,
    "r2_depth": 0.9561167757636941,
    "r_mono": 1
  },
  "log1pCP10k": {
    "cov_gene": 5.905567951295966,
    "cov_cell": 0.8465947873960022,
    "r2_depth": 0.614846198715792,
    "r_mono": 1
  },
  "log1pCPM": {
    "cov_gene": 2.8990435195446493,
    "cov_cell": 1.1043763967374505,
    "r2_depth": 0.8224346759804388,
    "r_mono": 1
  },
  "log1pPF": {
    "cov_gene": 6.013602985760685,
    "cov_cell": 0.8399720691032805,
    "r2_depth": 0.6105766045214995,
    "r_mono": 1
  },
  "PFlog1pPF": {
    "cov_gene": 21.083135674366787,
    "cov_cell": 2.0849480365468112e-14,
    "r2_depth": 0,
    "r_mono": 1
  }
}
