{
    "raw": {
        "cov_gene": 31.8416228430561,
        "r2_depth": 1.0,
        "r_mono": 1.0
    },
    "PF": {
        "cov_gene": 56.45522270722224,
        "r2_depth": 0,
        "r_mono": 1.0
    },
    "sqrt": {
        "cov_gene": 3.8272973000009833,
        "r2_depth": 0.9773960534139012,
        "r_mono": 1.0
    },
    "log1p": {
        "cov_gene": 2.022101586214582,
        "r2_depth": 0.9719473995257278,
        "r_mono": 1.0
    },
    "log1pCP10k": {
        "cov_gene": 1.7599591279046625,
        "r2_depth": 0.6506265571394663,
        "r_mono": 1.0
    },
    "log1pCPM": {
        "cov_gene": 1.2562181834719326,
        "r2_depth": 0.9020457150774427,
        "r_mono": 1.0
    },
    "scalelog1pCP10k": {
        "cov_gene": 3.1611916947745746e-14,
        "r2_depth": 0.5996523423223415,
        "r_mono": 0.4364608233903649
    },
    "sctransform": {
        "cov_gene": 0.42292860036861685,
        "r2_depth": 0.4743060133918874,
        "r_mono": 0.2857479737203661
    },
    "log1pPF": {
        "cov_gene": 1.7631546185808054,
        "r2_depth": 0.6496413513375602,
        "r_mono": 1.0
    },
    "PFlog1pPF": {
        "cov_gene": 2.221693602314255,
        "r2_depth": 0,
        "r_mono": 1.0
    },
    "ncells": "2263",
    "ngenes": 23786,
    "avg_per_cell": "9914.13",
    "avg_per_gene": "943.23",
    "min_cell": "330",
    "max_cell": "35566",
    "overdispersion": "0.37"
}