{"raw": {"cov_gene": 71.26541857522297, "r2_depth": 1.0, "r_mono": 1.0}, "PF": {"cov_gene": 106.116958892665, "r2_depth": 0, "r_mono": 1.0}, "sqrt": {"cov_gene": 3.7104024278298704, "r2_depth": 0.9686506637429096, "r_mono": 1.0}, "log1p": {"cov_gene": 1.6304051564032565, "r2_depth": 0.9637205346373938, "r_mono": 1.0}, "log1pCP10k": {"cov_gene": 1.4903802549247334, "r2_depth": 0.6121285443647917, "r_mono": 1.0}, "log1pCPM": {"cov_gene": 0.9981879331593001, "r2_depth": 0.8584056229638852, "r_mono": 1.0}, "scalelog1pCP10k": {"cov_gene": 1.1481871385040428e-14, "r2_depth": 0.46985783151542104, "r_mono": 0.5223802280755492}, "sctransform": {"cov_gene": 0.5330636697619198, "r2_depth": 0.5811216327134527, "r_mono": 0.2680873934578757}, "log1pPF": {"cov_gene": 1.4508167882923027, "r2_depth": 0.6249737403848628, "r_mono": 1.0}, "PFlog1pPF": {"cov_gene": 1.9758546451248566, "r2_depth": 0, "r_mono": 1.0}}