{"ncells": 850, "ngenes": 60623, "nvals": 2755351, "avg_per_cell": 11318.404705882353, "avg_per_gene": 158.6962703924253, "min_cell": 1988, "max_cell": 49473, "total_count": 9620644, "overdispersion": 0.5726704095064022, "raw": {"cov_gene": 116.05601213601571, "cov_cell": 0.6494090256800741, "r2_depth": 1.0, "r_mono": 1}, "PF": {"cov_gene": 175.78580774334787, "cov_cell": 3.2380568586347994e-14, "r2_depth": 0, "r_mono": 1}, "log1p": {"cov_gene": 2.9440293468387693, "cov_cell": 0.5037072664043181, "r2_depth": 0.9633770422160515, "r_mono": 1}, "log1pPF": {"cov_gene": 2.6822893827100334, "cov_cell": 0.183805828706475, "r2_depth": 0.6232000662269146, "r_mono": 1}, "PFlog1pPF": {"cov_gene": 3.4883777411366315, "cov_cell": 3.122659196865543e-14, "r2_depth": 0, "r_mono": 1}, "log1pCPM": {"cov_gene": 2.0579081658762717, "cov_cell": 0.3441655044411517, "r2_depth": 0.8580328214587157, "r_mono": 1}, "log1pCP10k": {"cov_gene": 2.7404086281649307, "cov_cell": 0.1772136277236111, "r2_depth": 0.6100556075361117, "r_mono": 1}, "sqrt": {"cov_gene": 6.165513972002084, "cov_cell": 0.5069353900491186, "r2_depth": 0.9683281389629329, "r_mono": 1}, "density": 0.05347128007133771}