{"raw": {"cov_gene": 71.26541857522297, "r2_depth": 1.0, "r_mono": 1.0, "cov_cell": 0.6497324983880303}, "PF": {"cov_gene": 106.116958892665, "r2_depth": 0, "r_mono": 1.0, "cov_cell": 3.001840215008366e-14}, "sqrt": {"cov_gene": 3.7104024278298704, "r2_depth": 0.9686506637429096, "r_mono": 1.0, "cov_cell": 0.5067803600655579}, "log1p": {"cov_gene": 1.6304051564032565, "r2_depth": 0.9637205346373938, "r_mono": 1.0, "cov_cell": 0.5035282477460875}, "log1pCP10k": {"cov_gene": 1.4903802549247334, "r2_depth": 0.6121285443647917, "r_mono": 1.0, "cov_cell": 0.1772867575761333}, "log1pCPM": {"cov_gene": 0.9981879331593001, "r2_depth": 0.8584056229638852, "r_mono": 1.0, "cov_cell": 0.3437145882127433}, "scalelog1pCP10k": {"cov_gene": 1.1481871385040428e-14, "r2_depth": 0.46985783151542104, "r_mono": 0.5223802280755492, "cov_cell": null}, "sctransform": {"cov_gene": 0.5330636697619198, "r2_depth": 0.5811216327134527, "r_mono": 0.2680873934578757, "cov_cell": null}, "log1pPF": {"cov_gene": 1.4508167882923027, "r2_depth": 0.6249737403848628, "r_mono": 1.0, "cov_cell": 0.18375676066429583}, "PFlog1pPF": {"cov_gene": 1.9758546451248566, "r2_depth": 0, "r_mono": 1.0, "cov_cell": 2.800829800800138e-14}, "ncells": 850, "ngenes": 22721, "avg_per_cell": 11295.28, "avg_per_gene": 422.56, "min_cell": 1985.0, "max_cell": 49394.0, "overdispersion": 0.57, "total_count": 9600985, "nvals": 2738220, "density": 0.14178228485179556}