{"ncells": 16108, "ngenes": 60623, "nvals": 8637546, "avg_per_cell": 2051.2810404767815, "avg_per_gene": 545.0412384738465, "min_cell": 99, "max_cell": 127000, "total_count": 33042035, "overdispersion": 4.69264933960192, "raw": {"cov_gene": 99.67769052929425, "cov_cell": 2.3771511737617743, "r2_depth": 1.0, "r_mono": 1}, "PF": {"cov_gene": 95.03849471964887, "cov_cell": 1.242836976035271e-14, "r2_depth": 0, "r_mono": 1}, "log1p": {"cov_gene": 7.300835620595474, "cov_cell": 1.9374646292028603, "r2_depth": 0.9084182649432204, "r_mono": 1}, "log1pPF": {"cov_gene": 9.08142763675667, "cov_cell": 0.7371019730359635, "r2_depth": 0.4174562821315293, "r_mono": 1}, "PFlog1pPF": {"cov_gene": 17.41032945858723, "cov_cell": 1.0696332165178472e-14, "r2_depth": 0, "r_mono": 1}, "log1pCPM": {"cov_gene": 3.87836674093197, "cov_cell": 1.4772063236077257, "r2_depth": 0.7614519659575678, "r_mono": 1}, "log1pCP10k": {"cov_gene": 6.731688211565625, "cov_cell": 1.017348162559229, "r2_depth": 0.5282884414513769, "r_mono": 1}, "sqrt": {"cov_gene": 16.585067407492694, "cov_cell": 1.944677649044577, "r2_depth": 0.9191806836051959, "r_mono": 1}, "density": 0.008845274765817182}