{
    "raw": {
        "cov_gene": 67.44121199659415,
        "r2_depth": 1.0,
        "r_mono": 1.0
    },
    "PF": {
        "cov_gene": 64.29679170841409,
        "r2_depth": 0,
        "r_mono": 1.0
    },
    "sqrt": {
        "cov_gene": 11.205557330744666,
        "r2_depth": 0.9190392247600784,
        "r_mono": 1.0
    },
    "log1p": {
        "cov_gene": 4.889155656678513,
        "r2_depth": 0.9082535481403846,
        "r_mono": 1.0
    },
    "log1pCP10k": {
        "cov_gene": 4.499363655592347,
        "r2_depth": 0.5283085202140906,
        "r_mono": 1.0
    },
    "log1pCPM": {
        "cov_gene": 2.5238245186208412,
        "r2_depth": 0.7611694418704226,
        "r_mono": 1.0
    },
    "scalelog1pCP10k": {
        "cov_gene": 2.4853206973365546e-13,
        "r2_depth": 0.5175041235776441,
        "r_mono": 0.17272767114515744
    },
    "sctransform": {
        "cov_gene": 0.9735713834399449,
        "r2_depth": 0.13243055241410784,
        "r_mono": 0.1360563316036995
    },
    "log1pPF": {
        "cov_gene": 6.105033477024107,
        "r2_depth": 0.41748132019875306,
        "r_mono": 1.0
    },
    "PFlog1pPF": {
        "cov_gene": 11.762191095708049,
        "r2_depth": 0,
        "r_mono": 1.0
    },
    "ncells": "16108",
    "ngenes": 27755,
    "avg_per_cell": "2050.18",
    "avg_per_gene": "1189.85",
    "min_cell": "98",
    "max_cell": "126958",
    "overdispersion": "4.69"
}