{
  "ncells": 151,
  "ngenes": 13770,
  "nvals": 322479,
  "density": 0.15509241224083453,
  "total_counts": 1384162,
  "overdispersion": 11.52,
  "avg_per_cell": 9166.64,
  "avg_per_gene": 100.52,
  "max_cell": 67175,
  "min_cell": 642,
  "raw": {
    "cov_gene": 57.687325461967994,
    "r2_depth": 1,
    "r_mono": 1,
    "cov_cell": 1.1363636834380821
  },
  "PF": {
    "cov_gene": 53.50673046028741,
    "r2_depth": 0,
    "r_mono": 1,
    "cov_cell": 2.7854414650597068e-14
  },
  "sqrt": {
    "cov_gene": 10.21307056636889,
    "r2_depth": 0.8569317607559622,
    "r_mono": 1,
    "cov_cell": 0.9002535495629763
  },
  "log1p": {
    "cov_gene": 1.638233311749001,
    "r2_depth": 0.8415187026765456,
    "r_mono": 1,
    "cov_cell": 0.9023834396406827
  },
  "log1pCP10k": {
    "cov_gene": 1.5293425249226047,
    "r2_depth": 0.32060723132350044,
    "r_mono": 1,
    "cov_cell": 0.37407052457257933
  },
  "log1pCPM": {
    "cov_gene": 0.7467496452607392,
    "r2_depth": 0.6888821000987619,
    "r_mono": 1,
    "cov_cell": 0.6294647935374295
  },
  "scalelog1pCP10k": {
    "cov_gene": 2.2574124429646226e-15,
    "r2_depth": 0.364959170005294,
    "r_mono": 0.5254891084149544,
    "cov_cell": null
  },
  "sctransform": {
    "cov_gene": 0.4615100993411135,
    "r2_depth": 0.15049076195070177,
    "r_mono": 0.41365537151459636,
    "cov_cell": null
  },
  "log1pPF": {
    "cov_gene": 1.5761835754676015,
    "r2_depth": 0.30852347164090654,
    "r_mono": 1,
    "cov_cell": 0.36758067368279435
  },
  "PFlog1pPF": {
    "cov_gene": 3.6025244321205796,
    "r2_depth": 0,
    "r_mono": 1,
    "cov_cell": 2.210523935682062e-14
  }
}
