{
  "ncells": 6286,
  "ngenes": 60623,
  "nvals": 13650045,
  "density": 0.03581972788653297,
  "total_counts": 49468625,
  "overdispersion": 0.9247972514565506,
  "avg_per_cell": 7869.650811326758,
  "avg_per_gene": 816.0042393151115,
  "max_cell": 45161,
  "min_cell": 158,
  "raw": {
    "cov_gene": 39.34537619300303,
    "cov_cell": 0.8400078686317424,
    "r2_depth": 1,
    "r_mono": 1
  },
  "PF": {
    "cov_gene": 54.18643646339265,
    "cov_cell": 2.803449406945428e-14,
    "r2_depth": 0,
    "r_mono": 1
  },
  "sqrt": {
    "cov_gene": 7.493300316933836,
    "cov_cell": 0.7090782037308028,
    "r2_depth": 0.9694594006335815,
    "r_mono": 1
  },
  "log1p": {
    "cov_gene": 4.195615851340693,
    "cov_cell": 0.704126038996641,
    "r2_depth": 0.9647505739364477,
    "r_mono": 1
  },
  "log1pCP10k": {
    "cov_gene": 3.6868713726303355,
    "cov_cell": 0.3700276191224328,
    "r2_depth": 0.628075434634008,
    "r_mono": 1
  },
  "log1pCPM": {
    "cov_gene": 2.354059677673114,
    "cov_cell": 0.5542328961912244,
    "r2_depth": 0.877023582347702,
    "r_mono": 1
  },
  "log1pPF": {
    "cov_gene": 3.9269367226916208,
    "cov_cell": 0.3549406257698637,
    "r2_depth": 0.6019666130590366,
    "r_mono": 1
  },
  "PFlog1pPF": {
    "cov_gene": 11.162557177467953,
    "cov_cell": 2.250017046668675e-14,
    "r2_depth": 0,
    "r_mono": 1
  }
}
