{
  "ncells": 77083,
  "ngenes": 30155,
  "nvals": 20448064,
  "density": 0.008796993160322657,
  "total_counts": 79054023,
  "overdispersion": 29.501928294398915,
  "avg_per_cell": 1025.5701386816809,
  "avg_per_gene": 2621.5892223511855,
  "max_cell": 94046,
  "min_cell": 10,
  "raw": {
    "cov_gene": 35.72528744121327,
    "cov_cell": 4.518955809695251,
    "r2_depth": 1,
    "r_mono": 1
  },
  "PF": {
    "cov_gene": 8.373917322247507,
    "cov_cell": 8.253837453409466e-15,
    "r2_depth": 0,
    "r_mono": 1
  },
  "sqrt": {
    "cov_gene": 7.431996377855046,
    "cov_cell": 3.9613452005339664,
    "r2_depth": 0.9632256517363147,
    "r_mono": 1
  },
  "log1p": {
    "cov_gene": 4.349643689869245,
    "cov_cell": 3.957475644361041,
    "r2_depth": 0.9581801684164664,
    "r_mono": 1
  },
  "log1pCP10k": {
    "cov_gene": 5.676601026063465,
    "cov_cell": 2.054095019616521,
    "r2_depth": 0.7589933851206903,
    "r_mono": 1
  },
  "log1pCPM": {
    "cov_gene": 3.2047316075560706,
    "cov_cell": 3.137898923017864,
    "r2_depth": 0.8708114843837629,
    "r_mono": 1
  },
  "scalelog1pCP10k": {
    "cov_gene": 1.3069220830541175e-12,
    "cov_cell": null,
    "r2_depth": 0.713550642324583,
    "r_mono": 0.08600729118546048
  },
  "sctransform": {
    "cov_gene": null,
    "cov_cell": null,
    "r2_depth": null,
    "r_mono": null
  },
  "log1pPF": {
    "cov_gene": 6.391199522210398,
    "cov_cell": 0.9935549919289304,
    "r2_depth": 0.6696335864817854,
    "r_mono": 1
  },
  "PFlog1pPF": {
    "cov_gene": 6.393468153319749,
    "cov_cell": 6.7709408442352334e-15,
    "r2_depth": 0,
    "r_mono": 1
  }
}
