{"raw": {"cov_gene": 85.52559887145647, "r2_depth": 1.0, "r_mono": 1.0}, "PF": {"cov_gene": 54.34187490983061, "r2_depth": 0, "r_mono": 1.0}, "sqrt": {"cov_gene": 10.804759764532923, "r2_depth": 0.9159317181404094, "r_mono": 1.0}, "log1p": {"cov_gene": 3.2567713352649745, "r2_depth": 0.9063724216418068, "r_mono": 1.0}, "log1pCP10k": {"cov_gene": 2.9426731331125247, "r2_depth": 0.4791013727565747, "r_mono": 1.0}, "log1pCPM": {"cov_gene": 1.563579200707854, "r2_depth": 0.7627467495456755, "r_mono": 1.0}, "scalelog1pCP10k": {"cov_gene": 8.26674459389569e-14, "r2_depth": 0.4679980803238799, "r_mono": 0.3598892396067545}, "sctransform": {"cov_gene": 1.0532013283852282, "r2_depth": 0.5048222400707635, "r_mono": 0.22067613834093774}, "log1pPF": {"cov_gene": 3.2588944622545295, "r2_depth": 0.4465860269582078, "r_mono": 1.0}, "PFlog1pPF": {"cov_gene": 10.567689918425266, "r2_depth": 0, "r_mono": 1.0}}