{"raw": {"cov_gene": 85.52559887145647, "r2_depth": 1.0, "r_mono": 1.0, "cov_cell": 1.0579080210754184}, "PF": {"cov_gene": 54.34187490983061, "r2_depth": 0, "r_mono": 1.0, "cov_cell": 2.431950249045616e-14}, "sqrt": {"cov_gene": 10.804759764532923, "r2_depth": 0.9159317181404094, "r_mono": 1.0, "cov_cell": 0.8655069857166023}, "log1p": {"cov_gene": 3.2567713352649745, "r2_depth": 0.9063724216418068, "r_mono": 1.0, "cov_cell": 0.859762190407811}, "log1pCP10k": {"cov_gene": 2.9426731331125247, "r2_depth": 0.4791013727565747, "r_mono": 1.0, "cov_cell": 0.5189847232036032}, "log1pCPM": {"cov_gene": 1.563579200707854, "r2_depth": 0.7627467495456755, "r_mono": 1.0, "cov_cell": 0.6888701644138128}, "scalelog1pCP10k": {"cov_gene": 8.26674459389569e-14, "r2_depth": 0.4679980803238799, "r_mono": 0.3598892396067545, "cov_cell": null}, "sctransform": {"cov_gene": 1.0532013283852282, "r2_depth": 0.5048222400707635, "r_mono": 0.22067613834093774, "cov_cell": null}, "log1pPF": {"cov_gene": 3.2588944622545295, "r2_depth": 0.4465860269582078, "r_mono": 1.0, "cov_cell": 0.499725437914404}, "PFlog1pPF": {"cov_gene": 10.567689918425266, "r2_depth": 0, "r_mono": 1.0, "cov_cell": 1.7000082151094434e-14}, "ncells": 5779, "ngenes": 27046, "avg_per_cell": 7207.74, "avg_per_gene": 1540.1, "min_cell": 80.0, "max_cell": 66193.0, "overdispersion": 5.55, "total_count": 41653537, "nvals": 10354915, "density": 0.06625075014955006}