{
  "ncells": 7265,
  "ngenes": 28165,
  "nvals": 12077683,
  "density": 0.059025306701525,
  "total_counts": 51464281,
  "overdispersion": 3.11,
  "avg_per_cell": 7083.86,
  "avg_per_gene": 1827.24,
  "max_cell": 68144,
  "min_cell": 67,
  "raw": {
    "cov_gene": 45.10380639865612,
    "r2_depth": 1,
    "r_mono": 1,
    "cov_cell": 1.2844499006228007
  },
  "PF": {
    "cov_gene": 39.00969151030077,
    "r2_depth": 0,
    "r_mono": 1,
    "cov_cell": 3.189718785385658e-14
  },
  "sqrt": {
    "cov_gene": 6.820100935223682,
    "r2_depth": 0.940922588939978,
    "r_mono": 1,
    "cov_cell": 1.0629939615454007
  },
  "log1p": {
    "cov_gene": 3.5177020340499903,
    "r2_depth": 0.9310351127893307,
    "r_mono": 1,
    "cov_cell": 1.0555264814979985
  },
  "log1pCP10k": {
    "cov_gene": 3.4342008646967543,
    "r2_depth": 0.5582966173543894,
    "r_mono": 1,
    "cov_cell": 0.6566509143938682
  },
  "log1pCPM": {
    "cov_gene": 1.7191317740019594,
    "r2_depth": 0.7776753100630408,
    "r_mono": 1,
    "cov_cell": 0.8593788125133452
  },
  "scalelog1pCP10k": {
    "cov_gene": 1.0793444616641817e-13,
    "r2_depth": 0.4997571873650726,
    "r_mono": 0.3273073649815337,
    "cov_cell": null
  },
  "sctransform": {
    "cov_gene": 1.4985168704677678,
    "r2_depth": 0.6366035922951689,
    "r_mono": 0.1678273169015876,
    "cov_cell": null
  },
  "log1pPF": {
    "cov_gene": 3.7772109231465585,
    "r2_depth": 0.5355825394159739,
    "r_mono": 1,
    "cov_cell": 0.6288038031468716
  },
  "PFlog1pPF": {
    "cov_gene": 9.988543604513676,
    "r2_depth": 0,
    "r_mono": 1,
    "cov_cell": 2.2904802470832094e-14
  }
}
