{"raw": {"cov_gene": 11.518097976827997, "r2_depth": 1.0, "r_mono": 1.0, "cov_cell": 0.42813513706933504}, "PF": {"cov_gene": 7.188615914920835, "r2_depth": 0, "r_mono": 1.0, "cov_cell": 9.99323355019061e-16}, "sqrt": {"cov_gene": 1.6075709370136724, "r2_depth": 0.5595509929763348, "r_mono": 1.0, "cov_cell": 0.317562897842569}, "log1p": {"cov_gene": 1.127638895790232, "r2_depth": 0.4986554229577156, "r_mono": 1.0, "cov_cell": 0.31863519959936254}, "log1pCP10k": {"cov_gene": 0.5586889063251042, "r2_depth": 0.14155384364016077, "r_mono": 1.0, "cov_cell": 0.2821511331930249}, "log1pCPM": {"cov_gene": 0.5121969336417278, "r2_depth": 0.20543828613512682, "r_mono": 1.0, "cov_cell": 0.30759789797018794}, "scalelog1pCP10k": {"cov_gene": 1.0266647891854531e-15, "r2_depth": 0.14560753901305357, "r_mono": 0.611614126372291, "cov_cell": null}, "sctransform": {"cov_gene": 0.3634285381939793, "r2_depth": 0.13661250303648687, "r_mono": 0.4759783589832509, "cov_cell": null}, "log1pPF": {"cov_gene": 1.0073671818470067, "r2_depth": 0.00038909828566879856, "r_mono": 1.0, "cov_cell": 0.19917050989384857}, "PFlog1pPF": {"cov_gene": 1.4144332988712407, "r2_depth": 0, "r_mono": 1.0, "cov_cell": 8.081786680332319e-16}, "ncells": 71, "ngenes": 323, "avg_per_cell": 157.2, "avg_per_gene": 34.55, "min_cell": 34.0, "max_cell": 370.0, "overdispersion": 0.63, "total_count": 11161, "nvals": 3960, "sparsity": 0.17267692844372737}