{"ncells": 71, "ngenes": 60623, "nvals": 8498, "avg_per_cell": 226.4788732394366, "avg_per_gene": 0.2652458637810732, "min_cell": 90, "max_cell": 666, "total_count": 16080, "overdispersion": 0.627947682728229, "raw": {"cov_gene": 147.9969075754803, "cov_cell": 0.4050015958808349, "r2_depth": 1.0, "r_mono": 1}, "PF": {"cov_gene": 101.9580289502952, "cov_cell": 2.139573100398387e-15, "r2_depth": 0, "r_mono": 1}, "log1p": {"cov_gene": 10.511886586358248, "cov_cell": 0.40000127775839467, "r2_depth": 0.7094300569741181, "r_mono": 1}, "log1pPF": {"cov_gene": 10.11666074694445, "cov_cell": 0.20557007380839282, "r2_depth": 0.10251135294620883, "r_mono": 1}, "PFlog1pPF": {"cov_gene": 16.529611580339985, "cov_cell": 1.7782236338787e-15, "r2_depth": 0, "r_mono": 1}, "log1pCPM": {"cov_gene": 6.586909251663316, "cov_cell": 0.37166414111799284, "r2_depth": 0.5452704274039704, "r_mono": 1}, "log1pCP10k": {"cov_gene": 6.928938568048099, "cov_cell": 0.323518060583056, "r2_depth": 0.453211669911181, "r_mono": 1}, "sqrt": {"cov_gene": 12.978192580220963, "cov_cell": 0.3975887428398134, "r2_depth": 0.7303998891360682, "r_mono": 1}, "density": 0.0019743354971722025}