{"raw": {"cov_gene": 11.518097976827997, "r2_depth": 1.0, "r_mono": 1.0}, "PF": {"cov_gene": 7.188615914920835, "r2_depth": 0, "r_mono": 1.0}, "sqrt": {"cov_gene": 1.6075709370136724, "r2_depth": 0.5595509929763348, "r_mono": 1.0}, "log1p": {"cov_gene": 1.127638895790232, "r2_depth": 0.4986554229577156, "r_mono": 1.0}, "log1pCP10k": {"cov_gene": 0.5586889063251042, "r2_depth": 0.14155384364016077, "r_mono": 1.0}, "log1pCPM": {"cov_gene": 0.5121969336417278, "r2_depth": 0.20543828613512682, "r_mono": 1.0}, "scalelog1pCP10k": {"cov_gene": 1.0266647891854531e-15, "r2_depth": 0.14560753901305357, "r_mono": 0.611614126372291}, "sctransform": {"cov_gene": 0.3634285381939793, "r2_depth": 0.13661250303648687, "r_mono": 0.4759783589832509}, "log1pPF": {"cov_gene": 1.0073671818470067, "r2_depth": 0.00038909828566879856, "r_mono": 1.0}, "PFlog1pPF": {"cov_gene": 1.4144332988712407, "r2_depth": 0, "r_mono": 1.0}}