{"raw": {"cov_gene": 41.12755647353465, "r2_depth": 1.0, "r_mono": 1.0}, "PF": {"cov_gene": 54.36980974457442, "r2_depth": 0, "r_mono": 1.0}, "sqrt": {"cov_gene": 3.148559681226103, "r2_depth": 0.974618297332854, "r_mono": 1.0}, "log1p": {"cov_gene": 2.784157501918239, "r2_depth": 0.9714926140349627, "r_mono": 1.0}, "log1pCP10k": {"cov_gene": 1.9760050326445955, "r2_depth": 0.7989190328109634, "r_mono": 1.0}, "log1pCPM": {"cov_gene": 1.6735196263922016, "r2_depth": 0.9148594514732802, "r_mono": 1.0}, "scalelog1pCP10k": {"cov_gene": 7.175706943412406e-14, "r2_depth": 0.6560829555919142, "r_mono": 0.30628570900121255}, "sctransform": {"cov_gene": 0.4519452337069442, "r2_depth": 0.22170015412566524, "r_mono": 0.23289978324650507}, "log1pPF": {"cov_gene": 2.620166447965905, "r2_depth": 0.6342274072653789, "r_mono": 1.0}, "PFlog1pPF": {"cov_gene": 2.8620341385134256, "r2_depth": 0, "r_mono": 1.0}}