{
  "ncells": 1673,
  "ngenes": 12171,
  "nvals": 495802,
  "density": 0.024349277036146057,
  "total_counts": 1280865,
  "overdispersion": 1.5575088530952739,
  "avg_per_cell": 765.6096832038255,
  "avg_per_gene": 105.23909292580724,
  "max_cell": 3714,
  "min_cell": 518,
  "raw": {
    "cov_gene": 106.32906271107316,
    "cov_cell": 0.3752910755470154,
    "r2_depth": 1,
    "r_mono": 1
  },
  "PF": {
    "cov_gene": 98.54797354168818,
    "cov_cell": 5.426340906740834e-15,
    "r2_depth": 0,
    "r_mono": 1
  },
  "sqrt": {
    "cov_gene": 15.788476746316531,
    "cov_cell": 0.31931158466654436,
    "r2_depth": 0.18548503920651327,
    "r_mono": 1
  },
  "log1p": {
    "cov_gene": 2.897213549647475,
    "cov_cell": 0.3282317632333352,
    "r2_depth": 0.15204379840123938,
    "r_mono": 1
  },
  "log1pCP10k": {
    "cov_gene": 1.775739284021065,
    "cov_cell": 0.2872980445936561,
    "r2_depth": 0.0067405504998198085,
    "r_mono": 1
  },
  "log1pCPM": {
    "cov_gene": 1.6309898906727713,
    "cov_cell": 0.3158358930490582,
    "r2_depth": 0.06757584622461199,
    "r_mono": 1
  },
  "scalelog1pCP10k": {
    "cov_gene": 2.5051716351621854e-14,
    "cov_cell": null,
    "r2_depth": 0.014070474253228493,
    "r_mono": 0.24899732904255797
  },
  "sctransform": {
    "cov_gene": 0.19932866182860792,
    "cov_cell": null,
    "r2_depth": 0.16574109263241799,
    "r_mono": 0.2243785868955321
  },
  "log1pPF": {
    "cov_gene": 2.8084956564694465,
    "cov_cell": 0.26020440060499506,
    "r2_depth": 0.038924739119238994,
    "r_mono": 1
  },
  "PFlog1pPF": {
    "cov_gene": 6.691013286731891,
    "cov_cell": 3.962786488404931e-15,
    "r2_depth": 0,
    "r_mono": 1
  }
}
