{
  "ncells": 163,
  "ngenes": 15742,
  "nvals": 410783,
  "density": 0.16009027469790868,
  "total_counts": 1607945,
  "overdispersion": 3.09,
  "avg_per_cell": 9864.69,
  "avg_per_gene": 102.14,
  "max_cell": 82335,
  "min_cell": 148,
  "raw": {
    "cov_gene": 60.951269977510556,
    "r2_depth": 1,
    "r_mono": 1,
    "cov_cell": 1.253212180373553
  },
  "PF": {
    "cov_gene": 58.550098048428495,
    "r2_depth": 0,
    "r_mono": 1,
    "cov_cell": 3.40874941357844e-14
  },
  "sqrt": {
    "cov_gene": 6.552006338029284,
    "r2_depth": 0.9023517949681543,
    "r_mono": 1,
    "cov_cell": 0.9466728743936248
  },
  "log1p": {
    "cov_gene": 1.5701189809324214,
    "r2_depth": 0.8922256884727797,
    "r_mono": 1,
    "cov_cell": 0.9486129480816261
  },
  "log1pCP10k": {
    "cov_gene": 1.4977799222506742,
    "r2_depth": 0.2928880479827626,
    "r_mono": 1,
    "cov_cell": 0.43156635895379414
  },
  "log1pCPM": {
    "cov_gene": 0.7426829810448631,
    "r2_depth": 0.6587087083224317,
    "r_mono": 1,
    "cov_cell": 0.6345912492806716
  },
  "scalelog1pCP10k": {
    "cov_gene": 2.4323357343742885e-15,
    "r2_depth": 0.35288339272170866,
    "r_mono": 0.5372192194283343,
    "cov_cell": null
  },
  "sctransform": {
    "cov_gene": 0.4338402275989101,
    "r2_depth": 0.13871016705885408,
    "r_mono": 0.42139056629566013,
    "cov_cell": null
  },
  "log1pPF": {
    "cov_gene": 1.5044499872821366,
    "r2_depth": 0.2914841674402875,
    "r_mono": 1,
    "cov_cell": 0.43082498309173506
  },
  "PFlog1pPF": {
    "cov_gene": 12.19014276274363,
    "r2_depth": 0,
    "r_mono": 1,
    "cov_cell": 2.1789400648900625e-14
  }
}
