{"ncells": 7041, "ngenes": 60623, "nvals": 17543455, "density": 0.041100145445010665, "avg_per_cell": 13194.841783837523, "avg_per_gene": 1532.5022021345035, "min_cell": 282, "max_cell": 82435, "total_count": 92904881, "overdispersion": 3.47413186215806, "log1pCP10k": {"cov_gene": 4.053037503383621, "cov_cell": 0.424090558550194, "r2_depth": 0.3475716747599642, "r_mono": 1}, "log1pCPM": {"cov_gene": 2.413412085790426, "cov_cell": 0.6118310444618081, "r2_depth": 0.7190339631742486, "r_mono": 1}, "log1p": {"cov_gene": 4.287177774706179, "cov_cell": 0.8278226424711947, "r2_depth": 0.9104104690875245, "r_mono": 1}, "PFlog1pPF": {"cov_gene": 12.19841938909583, "cov_cell": 2.2474470833874467e-14, "r2_depth": 0, "r_mono": 1}, "log1pPF": {"cov_gene": 3.774060137399321, "cov_cell": 0.43960316640552516, "r2_depth": 0.3794137804580445, "r_mono": 1}, "PF": {"cov_gene": 115.1637464933673, "cov_cell": 3.063682999385238e-14, "r2_depth": 0, "r_mono": 1}, "raw": {"cov_gene": 102.78037688670511, "cov_cell": 1.064036355780225, "r2_depth": 1, "r_mono": 1}, "sqrt": {"cov_gene": 14.637776526065336, "cov_cell": 0.8383038818808151, "r2_depth": 0.9251788964000285, "r_mono": 1}}