{"raw": {"cov_gene": 46.00736220584148, "r2_depth": 1.0, "r_mono": 1.0, "cov_cell": 0.3610296161325925}, "PF": {"cov_gene": 56.26866691824031, "r2_depth": 0, "r_mono": 1.0, "cov_cell": 1.707833323965444e-14}, "sqrt": {"cov_gene": 6.346422992771465, "r2_depth": 0.8429544278267854, "r_mono": 1.0, "cov_cell": 0.28100674881766957}, "log1p": {"cov_gene": 2.270922868772558, "r2_depth": 0.816318713469086, "r_mono": 1.0, "cov_cell": 0.28073298405094604}, "log1pCP10k": {"cov_gene": 1.8024179750499632, "r2_depth": 0.2362968596642282, "r_mono": 1.0, "cov_cell": 0.13619418737606775}, "log1pCPM": {"cov_gene": 1.3208870630192033, "r2_depth": 0.628357640799754, "r_mono": 1.0, "cov_cell": 0.2068133985145808}, "scalelog1pCP10k": {"cov_gene": 3.045096031169828e-14, "r2_depth": 0.14248193927015518, "r_mono": 0.4338657443178299, "cov_cell": null}, "sctransform": {"cov_gene": 0.7504744167165674, "r2_depth": 0.18674067528843707, "r_mono": 0.28242764809671456, "cov_cell": null}, "log1pPF": {"cov_gene": 2.181613671789183, "r2_depth": 0.14615072941313068, "r_mono": 1.0, "cov_cell": 0.12547135616011715}, "PFlog1pPF": {"cov_gene": 2.6280211342013686, "r2_depth": 0, "r_mono": 1.0, "cov_cell": 1.4314136248455432e-14}, "ncells": 2197, "ngenes": 19791, "avg_per_cell": 5595.78, "avg_per_gene": 621.19, "min_cell": 2704.0, "max_cell": 16443.0, "overdispersion": 1.41, "total_count": 12293917, "nvals": 3876690, "sparsity": 0.08915860776981081}