{
  "ncells": 1319,
  "ngenes": 60623,
  "nvals": 1218489,
  "density": 0.015238400836640154,
  "total_counts": 3208217,
  "overdispersion": 0.8071366579113032,
  "avg_per_cell": 2432.3100833965127,
  "avg_per_gene": 52.92078913943553,
  "max_cell": 36099,
  "min_cell": 49,
  "raw": {
    "cov_gene": 154.81209135639384,
    "cov_cell": 1.0758864103185197,
    "r2_depth": 1,
    "r_mono": 1
  },
  "PF": {
    "cov_gene": 55.617319354386545,
    "cov_cell": 1.0503606927814854e-14,
    "r2_depth": 0,
    "r_mono": 1
  },
  "sqrt": {
    "cov_gene": 13.252676678424901,
    "cov_cell": 0.8688228054150948,
    "r2_depth": 0.8691983877902253,
    "r_mono": 1
  },
  "log1p": {
    "cov_gene": 6.312917846838544,
    "cov_cell": 0.8652863841774583,
    "r2_depth": 0.857164898596298,
    "r_mono": 1
  },
  "log1pCP10k": {
    "cov_gene": 4.466175125379815,
    "cov_cell": 0.6519924096436563,
    "r2_depth": 0.5763868531661127,
    "r_mono": 1
  },
  "log1pCPM": {
    "cov_gene": 3.0056834807353443,
    "cov_cell": 0.7552637445505703,
    "r2_depth": 0.7145513599139706,
    "r_mono": 1
  },
  "log1pPF": {
    "cov_gene": 6.236950964863894,
    "cov_cell": 0.5610449325130331,
    "r2_depth": 0.5247019120717464,
    "r_mono": 1
  },
  "PFlog1pPF": {
    "cov_gene": 10.829372000152352,
    "cov_cell": 1.1562260874729683e-14,
    "r2_depth": 0,
    "r_mono": 1
  }
}
