{"ncells": 8802, "ngenes": 60623, "nvals": 1437072, "avg_per_cell": 263.35344239945465, "avg_per_gene": 38.236923279943255, "min_cell": 1, "max_cell": 3488, "total_count": 2318037, "overdispersion": 3.1750359949998526, "raw": {"cov_gene": 181.0674398710028, "cov_cell": 0.6992243857547756, "r2_depth": 1.0, "r_mono": 1}, "PF": {"cov_gene": 128.90055726461614, "cov_cell": 2.783041728389546e-15, "r2_depth": 0, "r_mono": 1}, "log1p": {"cov_gene": 10.251383983805871, "cov_cell": 0.6018527073724842, "r2_depth": 0.8994662336105137, "r_mono": 1}, "log1pPF": {"cov_gene": 10.070848788853807, "cov_cell": 0.1919702155230138, "r2_depth": 0.2476217002147283, "r_mono": 1}, "PFlog1pPF": {"cov_gene": 72.10971255304345, "cov_cell": 2.5956472730537914e-15, "r2_depth": 0, "r_mono": 1}, "log1pCPM": {"cov_gene": 4.725388074631702, "cov_cell": 0.4743897800123531, "r2_depth": 0.8099683694164517, "r_mono": 1}, "log1pCP10k": {"cov_gene": 5.2452572077443325, "cov_cell": 0.3758349990954059, "r2_depth": 0.7112307694696698, "r_mono": 1}, "sqrt": {"cov_gene": 15.16477147730801, "cov_cell": 0.5971927533927959, "r2_depth": 0.9050921171456257, "r_mono": 1}, "density": 0.0026931450164791415}