{
    "raw": {
        "cov_gene": 39.257868238330516,
        "r2_depth": 1.0,
        "r_mono": 1.0
    },
    "PF": {
        "cov_gene": 12.277819572451362,
        "r2_depth": 0,
        "r_mono": 1.0
    },
    "sqrt": {
        "cov_gene": 6.892237285192682,
        "r2_depth": 0.945686509553861,
        "r_mono": 1.0
    },
    "log1p": {
        "cov_gene": 3.7473895422845915,
        "r2_depth": 0.937150115046049,
        "r_mono": 1.0
    },
    "log1pCP10k": {
        "cov_gene": 4.122421805246898,
        "r2_depth": 0.6032807532295453,
        "r_mono": 1.0
    },
    "log1pCPM": {
        "cov_gene": 2.913846700447215,
        "r2_depth": 0.7908688361412031,
        "r_mono": 1.0
    },
    "scalelog1pCP10k": {
        "cov_gene": 1.6553416492693508e-13,
        "r2_depth": 0.5984604564990588,
        "r_mono": 0.1412214318198196
    },
    "sctransform": {
        "cov_gene": 0.9282601198967527,
        "r2_depth": 0.49892025302410736,
        "r_mono": 0.11671663208129146
    },
    "log1pPF": {
        "cov_gene": 4.67319847471825,
        "r2_depth": 0.46980993868660026,
        "r_mono": 1.0
    },
    "PFlog1pPF": {
        "cov_gene": 4.8153400922387455,
        "r2_depth": 0,
        "r_mono": 1.0
    },
    "ncells": 9683,
    "ngenes": 21736,
    "avg_per_cell": 1005.14,
    "avg_per_gene": 447.77,
    "min_cell": 76.0,
    "max_cell": 97086.0,
    "overdispersion": 23.05
}