{"raw": {"cov_gene": 42.24047447530478, "r2_depth": 1.0, "r_mono": 1.0, "cov_cell": 1.0293379794490325}, "PF": {"cov_gene": 71.44643751935543, "r2_depth": 0, "r_mono": 1.0, "cov_cell": 8.618208411675906e-15}, "sqrt": {"cov_gene": 3.7783408366243423, "r2_depth": 0.9833896633342848, "r_mono": 1.0, "cov_cell": 0.8664737611021376}, "log1p": {"cov_gene": 2.815134638346692, "r2_depth": 0.9810291307198548, "r_mono": 1.0, "cov_cell": 0.8703741390630668}, "log1pCP10k": {"cov_gene": 1.9812179559753247, "r2_depth": 0.802836434167004, "r_mono": 1.0, "cov_cell": 0.4648360347407339}, "log1pCPM": {"cov_gene": 1.5191178506553558, "r2_depth": 0.9235553498884114, "r_mono": 1.0, "cov_cell": 0.6459245403492471}, "scalelog1pCP10k": {"cov_gene": 1.9671612114310577e-14, "r2_depth": 0.8185750642327682, "r_mono": 0.32649115535762846, "cov_cell": null}, "sctransform": {"cov_gene": 0.716170012264281, "r2_depth": 0.3778037338709733, "r_mono": 0.23915329157874632, "cov_cell": null}, "log1pPF": {"cov_gene": 2.651114779063487, "r2_depth": 0.6780828359071582, "r_mono": 1.0, "cov_cell": 0.32201831281740667}, "PFlog1pPF": {"cov_gene": 4.091652289125257, "r2_depth": 0, "r_mono": 1.0, "cov_cell": 5.7932933055861656e-15}, "ncells": 1312, "ngenes": 15104, "avg_per_cell": 1766.33, "avg_per_gene": 153.43, "min_cell": 227.0, "max_cell": 14589.0, "overdispersion": 0.68, "total_count": 2317426, "nvals": 889099, "sparsity": 0.0448667187984446}