{"ncells": 9212, "ngenes": 60623, "nvals": 935417, "avg_per_cell": 171.64698219713418, "avg_per_gene": 26.08270788314666, "min_cell": 0, "max_cell": 1810, "total_count": 1581212, "overdispersion": 2.9496398432446758, "raw": {"cov_gene": 157.39092568301487, "cov_cell": 0.6098521243086307, "r2_depth": 1.0, "r_mono": 1}, "PF": {"cov_gene": 131.9455767285827, "cov_cell": 0.014736188992246302, "r2_depth": 0, "r_mono": 1}, "log1p": {"cov_gene": 12.132090346377296, "cov_cell": 0.4976592872495515, "r2_depth": 0.799285933277484, "r_mono": 1}, "log1pPF": {"cov_gene": 11.239051705203526, "cov_cell": 0.1818124186889248, "r2_depth": 0.07006050461292423, "r_mono": 1}, "PFlog1pPF": {"cov_gene": 45.3968544186584, "cov_cell": 0.014736188992246288, "r2_depth": 0, "r_mono": 1}, "log1pCPM": {"cov_gene": 5.611425060742835, "cov_cell": 0.42156152994646084, "r2_depth": 0.7201471365022305, "r_mono": 1}, "log1pCP10k": {"cov_gene": 6.025422874654966, "cov_cell": 0.34560643922175127, "r2_depth": 0.6149645188067075, "r_mono": 1}, "sqrt": {"cov_gene": 21.61571793598392, "cov_cell": 0.5007923445421518, "r2_depth": 0.8237014666519988, "r_mono": 1}, "density": 0.001674996504130591}