{"ncells": 2417, "ngenes": 60623, "nvals": 1728703, "avg_per_cell": 1523.7881671493587, "avg_per_gene": 60.75245368919387, "min_cell": 688, "max_cell": 8161, "total_count": 3682996, "overdispersion": 0.18224469167837112, "raw": {"cov_gene": 81.67669262925752, "cov_cell": 0.4029707350398948, "r2_depth": 1.0, "r_mono": 1}, "PF": {"cov_gene": 80.60739944374465, "cov_cell": 8.037020684683918e-15, "r2_depth": 0, "r_mono": 1}, "log1p": {"cov_gene": 4.9039699069307705, "cov_cell": 0.3362043387976698, "r2_depth": 0.9727695844552094, "r_mono": 1}, "log1pPF": {"cov_gene": 4.786898875154282, "cov_cell": 0.09497268637188662, "r2_depth": 0.6814980392196324, "r_mono": 1}, "PFlog1pPF": {"cov_gene": 4.837437641714241, "cov_cell": 6.771676468162171e-15, "r2_depth": 0, "r_mono": 1}, "log1pCPM": {"cov_gene": 3.397428947391602, "cov_cell": 0.25416954455262036, "r2_depth": 0.9159620569706826, "r_mono": 1}, "log1pCP10k": {"cov_gene": 3.7792387538851053, "cov_cell": 0.16701531525686147, "r2_depth": 0.8313658795118417, "r_mono": 1}, "sqrt": {"cov_gene": 5.0425164317569715, "cov_cell": 0.3371218168673145, "r2_depth": 0.97410153359961, "r_mono": 1}, "density": 0.011797943476039656}