{"ncells": 700, "ngenes": 60623, "nvals": 652674, "avg_per_cell": 2166.5514285714285, "avg_per_gene": 25.01667683882355, "min_cell": 1171, "max_cell": 7371, "total_count": 1516586, "overdispersion": 0.31238716427391694, "raw": {"cov_gene": 83.2293837427336, "cov_cell": 0.2909197092274627, "r2_depth": 1.0, "r_mono": 1}, "PF": {"cov_gene": 83.37575989946382, "cov_cell": 9.85677568592217e-15, "r2_depth": 0, "r_mono": 1}, "log1p": {"cov_gene": 4.501432016835597, "cov_cell": 0.22950353069974816, "r2_depth": 0.9695811695155164, "r_mono": 1}, "log1pPF": {"cov_gene": 4.398467827246512, "cov_cell": 0.06405659864029123, "r2_depth": 0.6172831626677566, "r_mono": 1}, "PFlog1pPF": {"cov_gene": 4.42086664268045, "cov_cell": 1.1285998808395833e-14, "r2_depth": 0, "r_mono": 1}, "log1pCPM": {"cov_gene": 3.2863150113404305, "cov_cell": 0.1705143358544899, "r2_depth": 0.9098826349141413, "r_mono": 1}, "log1pCP10k": {"cov_gene": 3.6003918164099553, "cov_cell": 0.10524486488357797, "r2_depth": 0.7988230176511909, "r_mono": 1}, "sqrt": {"cov_gene": 5.056090959310345, "cov_cell": 0.2312675429636066, "r2_depth": 0.9725775097178229, "r_mono": 1}, "density": 0.015380159816759787}