{"raw": {"cov_gene": 35.751452465824066, "r2_depth": 1.0, "r_mono": 1.0, "cov_cell": 0.29186077812647}, "PF": {"cov_gene": 35.89970692212351, "r2_depth": 0, "r_mono": 1.0, "cov_cell": 9.206600460296649e-15}, "sqrt": {"cov_gene": 2.038948072983333, "r2_depth": 0.971934418708939, "r_mono": 1.0, "cov_cell": 0.23158989661117343}, "log1p": {"cov_gene": 1.7650613753829043, "r2_depth": 0.9686785522147427, "r_mono": 1.0, "cov_cell": 0.22982474526363572}, "log1pCP10k": {"cov_gene": 1.316790310658038, "r2_depth": 0.7999701946854626, "r_mono": 1.0, "cov_cell": 0.10598712338357508}, "log1pCPM": {"cov_gene": 1.1534914984119835, "r2_depth": 0.9096134665732539, "r_mono": 1.0, "cov_cell": 0.1704529499940234}, "scalelog1pCP10k": {"cov_gene": 9.755358441636902e-15, "r2_depth": 0.7189637196854399, "r_mono": 0.42442648095856733, "cov_cell": null}, "sctransform": {"cov_gene": 0.467624904237728, "r2_depth": 0.031816002926078335, "r_mono": 0.3311314288988492, "cov_cell": null}, "log1pPF": {"cov_gene": 1.7167064830402559, "r2_depth": 0.6197045431258548, "r_mono": 1.0, "cov_cell": 0.06477236802001925}, "PFlog1pPF": {"cov_gene": 1.727073569940061, "r2_depth": 0, "r_mono": 1.0, "cov_cell": 7.614974190517992e-15}, "ncells": 700, "ngenes": 11124, "avg_per_cell": 2142.58, "avg_per_gene": 134.83, "min_cell": 1101.0, "max_cell": 7223.0, "overdispersion": 0.31, "total_count": 1499807, "nvals": 636239, "density": 0.08170737658601736}