{"raw": {"cov_gene": 69.06778718313511, "r2_depth": 1.0, "r_mono": 1.0, "cov_cell": 0.9813257468268726}, "PF": {"cov_gene": 45.98777388141527, "r2_depth": 0, "r_mono": 1.0, "cov_cell": 1.0760520500992426e-14}, "sqrt": {"cov_gene": 13.564960374795868, "r2_depth": 0.7434013926372693, "r_mono": 1.0, "cov_cell": 0.7623437524512475}, "log1p": {"cov_gene": 3.8748712822489724, "r2_depth": 0.7189643044923506, "r_mono": 1.0, "cov_cell": 0.7650839019988197}, "log1pCP10k": {"cov_gene": 2.3579017470677974, "r2_depth": 0.31881477557488624, "r_mono": 1.0, "cov_cell": 0.423471642172642}, "log1pCPM": {"cov_gene": 1.7813524606730966, "r2_depth": 0.5795640382111631, "r_mono": 1.0, "cov_cell": 0.5835730741615218}, "scalelog1pCP10k": {"cov_gene": 8.229713518147316e-14, "r2_depth": 0.3040928359363779, "r_mono": 0.2733031636370851, "cov_cell": null}, "sctransform": {"cov_gene": 0.6483574300834813, "r2_depth": 0.2476272995557297, "r_mono": 0.21162584964964629, "cov_cell": null}, "log1pPF": {"cov_gene": 3.4775515453750145, "r2_depth": 0.12261126463190708, "r_mono": 1.0, "cov_cell": 0.3358660452317128}, "PFlog1pPF": {"cov_gene": 7.957005509045179, "r2_depth": 0, "r_mono": 1.0, "cov_cell": 6.73973647915355e-15}, "ncells": 5630, "ngenes": 21658, "avg_per_cell": 2019.47, "avg_per_gene": 524.96, "min_cell": 238.0, "max_cell": 20100.0, "overdispersion": 19.6, "total_count": 11369595, "nvals": 3867472, "sparsity": 0.03171760848074713}