{
    "raw": {
        "cov_gene": 44.39870984213352,
        "r2_depth": 1.0,
        "r_mono": 1.0
    },
    "PF": {
        "cov_gene": 92.18228081785897,
        "r2_depth": 0,
        "r_mono": 1.0
    },
    "sqrt": {
        "cov_gene": 4.835008955142999,
        "r2_depth": 0.899570642896056,
        "r_mono": 1.0
    },
    "log1p": {
        "cov_gene": 1.4063989264468801,
        "r2_depth": 0.8747434676300265,
        "r_mono": 1.0
    },
    "log1pCP10k": {
        "cov_gene": 1.7792627023823349,
        "r2_depth": 0.1753952539095347,
        "r_mono": 1.0
    },
    "log1pCPM": {
        "cov_gene": 0.8972941310694075,
        "r2_depth": 0.6509954997636862,
        "r_mono": 1.0
    },
    "scalelog1pCP10k": {
        "cov_gene": 9.952550335578194e-15,
        "r2_depth": 0.1130657638293513,
        "r_mono": 0.5532373096222041
    },
    "sctransform": {
        "cov_gene": 0.46271269911968205,
        "r2_depth": 0.17272056762203147,
        "r_mono": 0.3706854099835224
    },
    "log1pPF": {
        "cov_gene": 1.2804314225121045,
        "r2_depth": 0.2976421700141768,
        "r_mono": 1.0
    },
    "PFlog1pPF": {
        "cov_gene": 4.824528881529906,
        "r2_depth": 0,
        "r_mono": 1.0
    },
    "ncells": "753",
    "ngenes": 25358,
    "avg_per_cell": "26780.34",
    "avg_per_gene": "795.24",
    "min_cell": "4518",
    "max_cell": "100928",
    "overdispersion": "0.48"
}