{"ncells": 1290, "ngenes": 60623, "nvals": 569905, "density": 0.007287445717061616, "avg_per_cell": 934.3201550387597, "avg_per_gene": 19.88144763538591, "min_cell": 614, "max_cell": 4831, "total_count": 1205273, "overdispersion": 2.269335944114464, "log1pCP10k": {"cov_gene": 3.748745470040731, "cov_cell": 0.31812390921766615, "r2_depth": 0.13522600708926347, "r_mono": 1}, "log1pCPM": {"cov_gene": 3.4862754242716596, "cov_cell": 0.38131557368482966, "r2_depth": 0.29443162671026146, "r_mono": 1}, "log1p": {"cov_gene": 5.383434770176284, "cov_cell": 0.44408996774184506, "r2_depth": 0.4144512191612715, "r_mono": 1}, "PFlog1pPF": {"cov_gene": 16.0624684016497, "cov_cell": 5.810756509343737e-15, "r2_depth": 0, "r_mono": 1}, "log1pPF": {"cov_gene": 5.245335787248242, "cov_cell": 0.2677641071975231, "r2_depth": 0.005042640085571759, "r_mono": 1}, "PF": {"cov_gene": 227.12010607644063, "cov_cell": 7.62698836942006e-15, "r2_depth": 0, "r_mono": 1}, "raw": {"cov_gene": 236.82601997804798, "cov_cell": 0.4301077203967961, "r2_depth": 1, "r_mono": 1}, "sqrt": {"cov_gene": 28.786609722397806, "cov_cell": 0.43221254317785296, "r2_depth": 0.43727796576594247, "r_mono": 1}}