{"raw": {"cov_gene": 45.051940511132265, "r2_depth": 1.0, "r_mono": 1.0, "cov_cell": 0.43396802284402036}, "PF": {"cov_gene": 48.30362644741262, "r2_depth": 0, "r_mono": 1.0, "cov_cell": 2.1129937997872492e-14}, "sqrt": {"cov_gene": 2.6235213417757706, "r2_depth": 0.9492510983513868, "r_mono": 1.0, "cov_cell": 0.3314795518119345}, "log1p": {"cov_gene": 1.747891707886462, "r2_depth": 0.9436384663064229, "r_mono": 1.0, "cov_cell": 0.33379510249135214}, "log1pCP10k": {"cov_gene": 1.4377957106603463, "r2_depth": 0.5688221942290412, "r_mono": 1.0, "cov_cell": 0.12631536433945173}, "log1pCPM": {"cov_gene": 1.211627672156521, "r2_depth": 0.8245363359204487, "r_mono": 1.0, "cov_cell": 0.2255359838155111}, "scalelog1pCP10k": {"cov_gene": 4.2449258242788433e-14, "r2_depth": 0.589270267331506, "r_mono": 0.4541053003361992, "cov_cell": null}, "sctransform": {"cov_gene": 0.6455849993491933, "r2_depth": 0.09298644164909264, "r_mono": 0.318117608924529, "cov_cell": null}, "log1pPF": {"cov_gene": 1.7241402189382762, "r2_depth": 0.41595274848877417, "r_mono": 1.0, "cov_cell": 0.09742417691527498}, "PFlog1pPF": {"cov_gene": 1.7668691497700144, "r2_depth": 0, "r_mono": 1.0, "cov_cell": 1.463900387981392e-14}, "ncells": 3124, "ngenes": 16981, "avg_per_cell": 3810.84, "avg_per_gene": 701.08, "min_cell": 719.0, "max_cell": 24217.0, "overdispersion": 0.87, "total_count": 11905068, "nvals": 4973418, "sparsity": 0.09375202879832328}