{
  "ncells": 4089,
  "ngenes": 60623,
  "nvals": 9485725,
  "density": 0.03826625799248318,
  "total_counts": 35518397,
  "overdispersion": 1.4657336284962492,
  "avg_per_cell": 8686.328442161897,
  "avg_per_gene": 585.8897943024924,
  "max_cell": 76402,
  "min_cell": 2861,
  "raw": {
    "cov_gene": 88.79050466177296,
    "cov_cell": 0.7468292637009812,
    "r2_depth": 1,
    "r_mono": 1
  },
  "PF": {
    "cov_gene": 131.45541257739134,
    "cov_cell": 2.672535499944449e-14,
    "r2_depth": 0,
    "r_mono": 1
  },
  "sqrt": {
    "cov_gene": 9.952998365922696,
    "cov_cell": 0.541310919744172,
    "r2_depth": 0.9422637399494787,
    "r_mono": 1
  },
  "log1p": {
    "cov_gene": 3.759879919854856,
    "cov_cell": 0.5365265435980721,
    "r2_depth": 0.9317168256879079,
    "r_mono": 1
  },
  "log1pCP10k": {
    "cov_gene": 3.4349660632589916,
    "cov_cell": 0.17319984024005514,
    "r2_depth": 0.45971092470689257,
    "r_mono": 1
  },
  "log1pCPM": {
    "cov_gene": 2.397552863565597,
    "cov_cell": 0.3473058568927808,
    "r2_depth": 0.7913874469415061,
    "r_mono": 1
  },
  "log1pPF": {
    "cov_gene": 3.5624915093791736,
    "cov_cell": 0.16677651883678263,
    "r2_depth": 0.4367011140800131,
    "r_mono": 1
  },
  "PFlog1pPF": {
    "cov_gene": 7.005343861034773,
    "cov_cell": 1.9222312241060285e-14,
    "r2_depth": 0,
    "r_mono": 1
  }
}
