{"raw": {"cov_gene": 57.687325461967994, "r2_depth": 1.0, "r_mono": 1.0}, "PF": {"cov_gene": 53.50673046028741, "r2_depth": 0, "r_mono": 1.0}, "sqrt": {"cov_gene": 10.21307056636889, "r2_depth": 0.8569317607559622, "r_mono": 1.0}, "log1p": {"cov_gene": 1.638233311749001, "r2_depth": 0.8415187026765456, "r_mono": 1.0}, "log1pCP10k": {"cov_gene": 1.5293425249226047, "r2_depth": 0.32060723132350044, "r_mono": 1.0}, "log1pCPM": {"cov_gene": 0.7467496452607392, "r2_depth": 0.6888821000987619, "r_mono": 1.0}, "scalelog1pCP10k": {"cov_gene": 2.2574124429646226e-15, "r2_depth": 0.364959170005294, "r_mono": 0.5254891084149544}, "sctransform": {"cov_gene": 0.4615100993411135, "r2_depth": 0.15049076195070177, "r_mono": 0.41365537151459636}, "log1pPF": {"cov_gene": 1.5761835754676015, "r2_depth": 0.30852347164090654, "r_mono": 1.0}, "PFlog1pPF": {"cov_gene": 3.6025244321205796, "r2_depth": 0, "r_mono": 1.0}}