{
  "ncells": 3158,
  "ngenes": 17822,
  "nvals": 1282721,
  "density": 0.022791013576022236,
  "total_counts": 2784018,
  "overdispersion": 1.70566148967801,
  "avg_per_cell": 881.5763141228625,
  "avg_per_gene": 156.21243407025025,
  "max_cell": 3738,
  "min_cell": 492,
  "raw": {
    "cov_gene": 97.3609693765313,
    "cov_cell": 0.4135190294521046,
    "r2_depth": 1,
    "r_mono": 1
  },
  "PF": {
    "cov_gene": 80.00824007993451,
    "cov_cell": 6.896105296223908e-15,
    "r2_depth": 0,
    "r_mono": 1
  },
  "sqrt": {
    "cov_gene": 7.623496408765717,
    "cov_cell": 0.3621395971029963,
    "r2_depth": 0.8295172366880978,
    "r_mono": 1
  },
  "log1p": {
    "cov_gene": 3.5044550772811425,
    "cov_cell": 0.36361314365992087,
    "r2_depth": 0.815039165170051,
    "r_mono": 1
  },
  "log1pCP10k": {
    "cov_gene": 2.1030788042895128,
    "cov_cell": 0.2229755179237209,
    "r2_depth": 0.5696439031982261,
    "r_mono": 1
  },
  "log1pCPM": {
    "cov_gene": 1.8883191740504457,
    "cov_cell": 0.2987259189154155,
    "r2_depth": 0.7283999089069673,
    "r_mono": 1
  },
  "scalelog1pCP10k": {
    "cov_gene": 4.647220007954987e-14,
    "cov_cell": null,
    "r2_depth": 0.45307097538945307,
    "r_mono": 0.24469389606777703
  },
  "sctransform": {
    "cov_gene": 0.5472890896016077,
    "cov_cell": null,
    "r2_depth": 0.04944078661875506,
    "r_mono": 0.2135922508813423
  },
  "log1pPF": {
    "cov_gene": 3.31200904797701,
    "cov_cell": 0.14430841368192962,
    "r2_depth": 0.1857216847011275,
    "r_mono": 1
  },
  "PFlog1pPF": {
    "cov_gene": 3.892206740598513,
    "cov_cell": 4.926519285265056e-15,
    "r2_depth": 0,
    "r_mono": 1
  }
}
