{"raw": {"cov_gene": 72.17242138523471, "r2_depth": 1.0, "r_mono": 1.0, "cov_cell": 1.836551986877249}, "PF": {"cov_gene": 69.97924358365653, "r2_depth": 0, "r_mono": 1.0, "cov_cell": 1.6563396454516475e-14}, "sqrt": {"cov_gene": 10.244292834085924, "r2_depth": 0.9075158521003216, "r_mono": 1.0, "cov_cell": 1.5512005998335119}, "log1p": {"cov_gene": 4.295394389081691, "r2_depth": 0.8977137944397259, "r_mono": 1.0, "cov_cell": 1.553938416654195}, "log1pCP10k": {"cov_gene": 3.5558844111547434, "r2_depth": 0.5786231349249683, "r_mono": 1.0, "cov_cell": 0.8752123638615457}, "log1pCPM": {"cov_gene": 2.1290867186334537, "r2_depth": 0.7835636749024142, "r_mono": 1.0, "cov_cell": 1.2257550014554133}, "scalelog1pCP10k": {"cov_gene": 1.641160418203519e-13, "r2_depth": 0.558181431092694, "r_mono": 0.20975508355251052, "cov_cell": null}, "sctransform": {"cov_gene": 0.8798646443826431, "r2_depth": 0.2266725795515867, "r_mono": 0.1624842050267979, "cov_cell": null}, "log1pPF": {"cov_gene": 5.489580563016631, "r2_depth": 0.4188953914418335, "r_mono": 1.0, "cov_cell": 0.6250486063036121}, "PFlog1pPF": {"cov_gene": 13.224547555081678, "r2_depth": 0, "r_mono": 1.0, "cov_cell": 1.1804675941518226e-14}, "ncells": 10992, "ngenes": 23611, "avg_per_cell": 1715.69, "avg_per_gene": 798.73, "min_cell": 83.0, "max_cell": 34343.0, "overdispersion": 14.51, "total_count": 18858838, "nvals": 6397114, "sparsity": 0.024648641552302397}