{"ncells": 3994, "ngenes": 22554, "nvals": 1594151, "density": 0.01769692536499171, "avg_per_cell": 824.4807210816224, "avg_per_gene": 146.00407909905115, "min_cell": 167, "max_cell": 7199, "total_count": 3292976, "overdispersion": 1.815879385187454, "raw": {"cov_gene": 94.78610913517598, "cov_cell": 0.9172469141766895, "r2_depth": 1, "r_mono": 1}, "PF": {"cov_gene": 77.84692515514756, "cov_cell": 8.355018007959344e-15, "r2_depth": 0, "r_mono": 1}, "log1p": {"cov_gene": 4.064742307525488, "cov_cell": 0.8530353759396189, "r2_depth": 0.9280688759222421, "r_mono": 1}, "sqrt": {"cov_gene": 11.123763127500956, "cov_cell": 0.8456987161276646, "r2_depth": 0.9328768561601194, "r_mono": 1}, "log1pPF": {"cov_gene": 4.037493697347264, "cov_cell": 0.3196236936432213, "r2_depth": 0.4198314213170342, "r_mono": 1}, "PFlog1pPF": {"cov_gene": 10.87763226060374, "cov_cell": 5.292677332551486e-15, "r2_depth": 0, "r_mono": 1}, "log1pCPM": {"cov_gene": 1.9204947920844175, "cov_cell": 0.7005912158502012, "r2_depth": 0.8714777080127942, "r_mono": 1}, "log1pCP10k": {"cov_gene": 2.3440567699914534, "cov_cell": 0.5242889192256517, "r2_depth": 0.7420273072848662, "r_mono": 1}, "sctransform": {"cov_gene": 0.8313913696655899, "cov_cell": null, "r2_depth": 0.12243126518147707, "r_mono": 0.18474281449990237}, "scalelog1pCP10k": {"cov_gene": 5.828221981542611e-14, "cov_cell": null, "r2_depth": 0.7232480000368832, "r_mono": 0.20754629184035528}}