{"ncells": 4274, "ngenes": 60623, "nvals": 2503462, "avg_per_cell": 1110.7950397753862, "avg_per_gene": 78.31248865941969, "min_cell": 422, "max_cell": 5493, "total_count": 4747538, "overdispersion": 0.3022058940595811, "raw": {"cov_gene": 77.86218637101845, "cov_cell": 0.46427451768919836, "r2_depth": 1.0, "r_mono": 1}, "PF": {"cov_gene": 83.3015098077949, "cov_cell": 6.258258894472946e-15, "r2_depth": 0, "r_mono": 1}, "log1p": {"cov_gene": 5.606872924370531, "cov_cell": 0.3973584609074306, "r2_depth": 0.9809319586372965, "r_mono": 1}, "log1pPF": {"cov_gene": 5.434720854382033, "cov_cell": 0.11656928554055829, "r2_depth": 0.7195088117713291, "r_mono": 1}, "PFlog1pPF": {"cov_gene": 5.564327649953255, "cov_cell": 6.965041285497094e-15, "r2_depth": 0, "r_mono": 1}, "log1pCPM": {"cov_gene": 3.497835398473517, "cov_cell": 0.30710919180010654, "r2_depth": 0.93841197054572, "r_mono": 1}, "log1pCP10k": {"cov_gene": 3.9394197388010608, "cov_cell": 0.21631329058740742, "r2_depth": 0.875158286706849, "r_mono": 1}, "sqrt": {"cov_gene": 5.606797711210376, "cov_cell": 0.396745319003894, "r2_depth": 0.9812191732308956, "r_mono": 1}, "density": 0.009662045129888303}