{
    "raw": {
        "cov_gene": 44.26266192500925,
        "r2_depth": 1.0,
        "r_mono": 1.0
    },
    "PF": {
        "cov_gene": 47.52450321794292,
        "r2_depth": 0,
        "r_mono": 1.0
    },
    "sqrt": {
        "cov_gene": 3.0986895079600054,
        "r2_depth": 0.9811367311009092,
        "r_mono": 1.0
    },
    "log1p": {
        "cov_gene": 3.0969679965119816,
        "r2_depth": 0.9808164372107022,
        "r_mono": 1.0
    },
    "log1pCP10k": {
        "cov_gene": 2.100265535596339,
        "r2_depth": 0.8747862465669984,
        "r_mono": 1.0
    },
    "log1pCPM": {
        "cov_gene": 1.828837002406818,
        "r2_depth": 0.9381177306806324,
        "r_mono": 1.0
    },
    "scalelog1pCP10k": {
        "cov_gene": 6.200298343438738e-14,
        "r2_depth": 0.7595848507106535,
        "r_mono": 0.27273439553431844
    },
    "sctransform": {
        "cov_gene": 0.4609885758743977,
        "r2_depth": 0.10337216504008184,
        "r_mono": 0.21007036278208013
    },
    "log1pPF": {
        "cov_gene": 2.9956019181347657,
        "r2_depth": 0.7187230164373183,
        "r_mono": 1.0
    },
    "PFlog1pPF": {
        "cov_gene": 3.071719394282059,
        "r2_depth": 0,
        "r_mono": 1.0
    },
    "ncells": 4274,
    "ngenes": 19555,
    "avg_per_cell": 1106.7,
    "avg_per_gene": 241.88,
    "min_cell": 417.0,
    "max_cell": 5467.0,
    "overdispersion": 0.3
}