{
  "ncells": 2241,
  "ngenes": 25220,
  "nvals": 6136312,
  "density": 0.10857266408129655,
  "total_counts": 36291325,
  "overdispersion": 1.14,
  "avg_per_cell": 16194.25,
  "avg_per_gene": 1438.99,
  "max_cell": 80352,
  "min_cell": 210,
  "raw": {
    "cov_gene": 53.84533513090246,
    "r2_depth": 1,
    "r_mono": 1,
    "cov_cell": 0.9239447375033393
  },
  "PF": {
    "cov_gene": 62.60198285301369,
    "r2_depth": 0,
    "r_mono": 1,
    "cov_cell": 4.447348015176629e-14
  },
  "sqrt": {
    "cov_gene": 10.796881762295007,
    "r2_depth": 0.9517040791046224,
    "r_mono": 1,
    "cov_cell": 0.8167105665051502
  },
  "log1p": {
    "cov_gene": 3.0564853027816414,
    "r2_depth": 0.9432724978841652,
    "r_mono": 1,
    "cov_cell": 0.8140642752207168
  },
  "log1pCP10k": {
    "cov_gene": 3.4791343859068182,
    "r2_depth": 0.6318564490760255,
    "r_mono": 1,
    "cov_cell": 0.5138590136291714
  },
  "log1pCPM": {
    "cov_gene": 1.3651135521136621,
    "r2_depth": 0.8302417493405313,
    "r_mono": 1,
    "cov_cell": 0.6878638724029602
  },
  "scalelog1pCP10k": {
    "cov_gene": 3.3613751935381514e-14,
    "r2_depth": 0.5484215008547053,
    "r_mono": 0.4291655542098515,
    "cov_cell": null
  },
  "sctransform": {
    "cov_gene": 0.7028189985943611,
    "r2_depth": 0.4880276765714091,
    "r_mono": 0.2608883203776118,
    "cov_cell": null
  },
  "log1pPF": {
    "cov_gene": 2.956872924922116,
    "r2_depth": 0.6605779943804626,
    "r_mono": 1,
    "cov_cell": 0.5450873124148977
  },
  "PFlog1pPF": {
    "cov_gene": 11.344600086968743,
    "r2_depth": 0,
    "r_mono": 1,
    "cov_cell": 2.4123466142983096e-14
  }
}
