{
  "ncells": 6538,
  "ngenes": 60623,
  "nvals": 5867441,
  "density": 0.01480356758793106,
  "total_counts": 13427407,
  "overdispersion": 0.7747850128090001,
  "avg_per_cell": 2053.7483940042825,
  "avg_per_gene": 221.49030895864607,
  "max_cell": 28776,
  "min_cell": 360,
  "raw": {
    "cov_gene": 90.52219110827744,
    "cov_cell": 0.9506928215431631,
    "r2_depth": 1,
    "r_mono": 1
  },
  "PF": {
    "cov_gene": 77.6452144081943,
    "cov_cell": 1.239183404435638e-14,
    "r2_depth": 0,
    "r_mono": 1
  },
  "sqrt": {
    "cov_gene": 7.821029704894038,
    "cov_cell": 0.7418422949341801,
    "r2_depth": 0.9410369646072463,
    "r_mono": 1
  },
  "log1p": {
    "cov_gene": 5.2471450038189085,
    "cov_cell": 0.741203101479447,
    "r2_depth": 0.9352793020437773,
    "r_mono": 1
  },
  "log1pCP10k": {
    "cov_gene": 3.610745360624268,
    "cov_cell": 0.356164990978915,
    "r2_depth": 0.5538425984282008,
    "r_mono": 1
  },
  "log1pCPM": {
    "cov_gene": 2.930822285424164,
    "cov_cell": 0.5349573842999276,
    "r2_depth": 0.8066506233154197,
    "r_mono": 1
  },
  "log1pPF": {
    "cov_gene": 4.8882184078593545,
    "cov_cell": 0.26215424136003057,
    "r2_depth": 0.34399141122185506,
    "r_mono": 1
  },
  "PFlog1pPF": {
    "cov_gene": 38.63944685079246,
    "cov_cell": 1.1135321924139333e-14,
    "r2_depth": 0,
    "r_mono": 1
  }
}
