{"ncells": 6259, "ngenes": 60623, "nvals": 20669072, "avg_per_cell": 15206.270969803483, "avg_per_gene": 1569.9660194975504, "min_cell": 93, "max_cell": 84655, "total_count": 95176050, "overdispersion": 0.7906544580763162, "raw": {"cov_gene": 52.83657513018633, "cov_cell": 0.8146974907909528, "r2_depth": 1.0, "r_mono": 1}, "PF": {"cov_gene": 71.04123153021114, "cov_cell": 3.5985912195406265e-14, "r2_depth": 0, "r_mono": 1}, "log1p": {"cov_gene": 4.002558950466956, "cov_cell": 0.6730002128078867, "r2_depth": 0.9394526827259744, "r_mono": 1}, "log1pPF": {"cov_gene": 3.725723092902978, "cov_cell": 0.45296344520463167, "r2_depth": 0.5800135931215513, "r_mono": 1}, "PFlog1pPF": {"cov_gene": 10.809104678771469, "cov_cell": 3.2909074392595005e-14, "r2_depth": 0, "r_mono": 1}, "log1pCPM": {"cov_gene": 2.2990593118103333, "cov_cell": 0.5543725998080686, "r2_depth": 0.7801515150250808, "r_mono": 1}, "log1pCP10k": {"cov_gene": 4.161567082574936, "cov_cell": 0.4343140588798789, "r2_depth": 0.5531913454949837, "r_mono": 1}, "sqrt": {"cov_gene": 7.865703411969639, "cov_cell": 0.6782055920995094, "r2_depth": 0.9482502812113172, "r_mono": 1}, "density": 0.05447266241282398}