{
  "ncells": 1991,
  "ngenes": 60623,
  "nvals": 432927,
  "density": 0.0035867903097879725,
  "total_counts": 706672,
  "overdispersion": 2.9225253678682166,
  "avg_per_cell": 354.9331993972878,
  "avg_per_gene": 11.656829916038467,
  "max_cell": 3605,
  "min_cell": 50,
  "raw": {
    "cov_gene": 122.85502419182075,
    "cov_cell": 1.0451687699142032,
    "r2_depth": 1,
    "r_mono": 1
  },
  "PF": {
    "cov_gene": 77.13261322666756,
    "cov_cell": 3.1207345135179036e-15,
    "r2_depth": 0,
    "r_mono": 1
  },
  "sqrt": {
    "cov_gene": 10.675498990950322,
    "cov_cell": 0.8712060342945719,
    "r2_depth": 0.9817541509309435,
    "r_mono": 1
  },
  "log1p": {
    "cov_gene": 8.426902087336204,
    "cov_cell": 0.8837505233338566,
    "r2_depth": 0.9822276200478427,
    "r_mono": 1
  },
  "log1pCP10k": {
    "cov_gene": 6.00879924514261,
    "cov_cell": 0.527656452383641,
    "r2_depth": 0.8657869926015545,
    "r_mono": 1
  },
  "log1pCPM": {
    "cov_gene": 5.302244521907645,
    "cov_cell": 0.6685340823645463,
    "r2_depth": 0.9343872909456808,
    "r_mono": 1
  },
  "log1pPF": {
    "cov_gene": 8.697933577761797,
    "cov_cell": 0.2521470401819187,
    "r2_depth": 0.5642917034188513,
    "r_mono": 1
  },
  "PFlog1pPF": {
    "cov_gene": 9.999204905155697,
    "cov_cell": 2.6432848896761984e-15,
    "r2_depth": 0,
    "r_mono": 1
  }
}
