{"ncells": 116, "ngenes": 60623, "nvals": 311704, "avg_per_cell": 7102.060344827586, "avg_per_gene": 13.58954522211042, "min_cell": 575, "max_cell": 31354, "total_count": 823839, "overdispersion": 1.2085262138701511, "raw": {"cov_gene": 161.53373690986157, "cov_cell": 0.7211319116276812, "r2_depth": 1.0, "r_mono": 1}, "PF": {"cov_gene": 132.86008856746005, "cov_cell": 3.345634954653531e-14, "r2_depth": 0, "r_mono": 1}, "log1p": {"cov_gene": 2.9240665597470956, "cov_cell": 0.5349433799951666, "r2_depth": 0.8940293792260512, "r_mono": 1}, "log1pPF": {"cov_gene": 2.816096878012666, "cov_cell": 0.17813308309346837, "r2_depth": 0.32756742354554946, "r_mono": 1}, "PFlog1pPF": {"cov_gene": 3.516665387019954, "cov_cell": 2.3459289061349565e-14, "r2_depth": 0, "r_mono": 1}, "log1pCPM": {"cov_gene": 2.1396176018460946, "cov_cell": 0.34473695554041983, "r2_depth": 0.7471538519725633, "r_mono": 1}, "log1pCP10k": {"cov_gene": 2.6559852235843247, "cov_cell": 0.1925659083320674, "r2_depth": 0.37882622885418304, "r_mono": 1}, "sqrt": {"cov_gene": 8.622102293713738, "cov_cell": 0.5291905709720489, "r2_depth": 0.9014251827867786, "r_mono": 1}, "density": 0.04432481810989001}