{
    "raw": {
        "cov_gene": 73.49649330004867,
        "r2_depth": 1.0,
        "r_mono": 1.0
    },
    "PF": {
        "cov_gene": 59.95027433453222,
        "r2_depth": 0,
        "r_mono": 1.0
    },
    "sqrt": {
        "cov_gene": 4.041368446580729,
        "r2_depth": 0.8988433253713021,
        "r_mono": 1.0
    },
    "log1p": {
        "cov_gene": 1.093193962806992,
        "r2_depth": 0.8909202294047369,
        "r_mono": 1.0
    },
    "log1pCP10k": {
        "cov_gene": 0.9271550869947353,
        "r2_depth": 0.37808290719398563,
        "r_mono": 1.0
    },
    "log1pCPM": {
        "cov_gene": 0.5930958722904021,
        "r2_depth": 0.7385449409617031,
        "r_mono": 1.0
    },
    "scalelog1pCP10k": {
        "cov_gene": 1.554593418303671e-15,
        "r2_depth": 0.4148303634824789,
        "r_mono": 0.6347879249406335
    },
    "sctransform": {
        "cov_gene": 0.3653437683168602,
        "r2_depth": 0.3191415277066445,
        "r_mono": 0.4869270802525586
    },
    "log1pPF": {
        "cov_gene": 1.0302954898787726,
        "r2_depth": 0.32384595858276044,
        "r_mono": 1.0
    },
    "PFlog1pPF": {
        "cov_gene": 1.406372149783064,
        "r2_depth": 0,
        "r_mono": 1.0
    },
    "ncells": "116",
    "ngenes": 12535,
    "avg_per_cell": "6919.08",
    "avg_per_gene": "64.03",
    "min_cell": "553",
    "max_cell": "30615",
    "overdispersion": "1.21"
}