{
  "ncells": 62,
  "ngenes": 60623,
  "nvals": 7380,
  "density": 0.0019634834644362063,
  "total_counts": 14698,
  "overdispersion": 0.6066618249343722,
  "avg_per_cell": 237.06451612903226,
  "avg_per_gene": 0.24244923543869487,
  "max_cell": 915,
  "min_cell": 64,
  "raw": {
    "cov_gene": 171.14296553040344,
    "cov_cell": 0.48227559677764315,
    "r2_depth": 1,
    "r_mono": 1
  },
  "PF": {
    "cov_gene": 151.43353545037937,
    "cov_cell": 2.0561959333109018e-15,
    "r2_depth": 0,
    "r_mono": 1
  },
  "sqrt": {
    "cov_gene": 17.278059958231744,
    "cov_cell": 0.4962279383981617,
    "r2_depth": 0.8667119382296053,
    "r_mono": 1
  },
  "log1p": {
    "cov_gene": 11.324944907616924,
    "cov_cell": 0.5053715073658049,
    "r2_depth": 0.8572057574383162,
    "r_mono": 1
  },
  "log1pCP10k": {
    "cov_gene": 7.103573928141922,
    "cov_cell": 0.3595694692742013,
    "r2_depth": 0.6683852009236491,
    "r_mono": 1
  },
  "log1pCPM": {
    "cov_gene": 6.713766367552365,
    "cov_cell": 0.42856446099009504,
    "r2_depth": 0.7571363482841909,
    "r_mono": 1
  },
  "log1pPF": {
    "cov_gene": 11.376662841255628,
    "cov_cell": 0.2134159657138481,
    "r2_depth": 0.2667987160878367,
    "r_mono": 1
  },
  "PFlog1pPF": {
    "cov_gene": 14.68897597821843,
    "cov_cell": 1.7875125015505377e-15,
    "r2_depth": 0,
    "r_mono": 1
  }
}
