{
  "ncells": 12531,
  "ngenes": 27800,
  "nvals": 19284923,
  "density": 0.05535889124467723,
  "total_counts": 61783260,
  "overdispersion": 2.02,
  "avg_per_cell": 4930.43,
  "avg_per_gene": 2222.42,
  "max_cell": 49990,
  "min_cell": 186,
  "raw": {
    "cov_gene": 41.46979025354046,
    "r2_depth": 1,
    "r_mono": 1,
    "cov_cell": 0.8103814254825639
  },
  "PF": {
    "cov_gene": 50.13287761594147,
    "r2_depth": 0,
    "r_mono": 1,
    "cov_cell": 2.5496135894024328e-14
  },
  "sqrt": {
    "cov_gene": 5.954500909201572,
    "r2_depth": 0.9575378213139785,
    "r_mono": 1,
    "cov_cell": 0.6850409092171427
  },
  "log1p": {
    "cov_gene": 3.3520744962623352,
    "r2_depth": 0.9520004755570639,
    "r_mono": 1,
    "cov_cell": 0.6849249930702859
  },
  "log1pCP10k": {
    "cov_gene": 2.5107575790827417,
    "r2_depth": 0.6239137342018013,
    "r_mono": 1,
    "cov_cell": 0.3929209444409007
  },
  "log1pCPM": {
    "cov_gene": 1.6854384900642787,
    "r2_depth": 0.8516084069330632,
    "r_mono": 1,
    "cov_cell": 0.5418517691372076
  },
  "scalelog1pCP10k": {
    "cov_gene": 1.8012480736068245e-13,
    "r2_depth": 0.6095720704334177,
    "r_mono": 0.3477392321320616,
    "cov_cell": null
  },
  "sctransform": {
    "cov_gene": 0.8723061983513292,
    "r2_depth": 0.4079471122331275,
    "r_mono": 0.23650565505788657,
    "cov_cell": null
  },
  "log1pPF": {
    "cov_gene": 3.0698963271986335,
    "r2_depth": 0.5481168070629281,
    "r_mono": 1,
    "cov_cell": 0.3549815100465238
  },
  "PFlog1pPF": {
    "cov_gene": 12.32475909702775,
    "r2_depth": 0,
    "r_mono": 1,
    "cov_cell": 1.5908948353116174e-14
  }
}
