{
  "ncells": 1128,
  "ngenes": 25893,
  "nvals": 4627021,
  "density": 0.15841999658715505,
  "total_counts": 15276722,
  "overdispersion": 0.45,
  "avg_per_cell": 13543.19,
  "avg_per_gene": 589.99,
  "max_cell": 116139,
  "min_cell": 2784,
  "raw": {
    "cov_gene": 58.72967035915767,
    "r2_depth": 1,
    "r_mono": 1,
    "cov_cell": 0.7356165379668904
  },
  "PF": {
    "cov_gene": 104.31974458410237,
    "r2_depth": 0,
    "r_mono": 1,
    "cov_cell": 3.5540342746484794e-14
  },
  "sqrt": {
    "cov_gene": 2.9417894832922244,
    "r2_depth": 0.9505220452831421,
    "r_mono": 1,
    "cov_cell": 0.4972259656322929
  },
  "log1p": {
    "cov_gene": 1.5299177820395782,
    "r2_depth": 0.94212015400743,
    "r_mono": 1,
    "cov_cell": 0.4932105367247948
  },
  "log1pCP10k": {
    "cov_gene": 1.495015722185933,
    "r2_depth": 0.44113627621149376,
    "r_mono": 1,
    "cov_cell": 0.1213772496306769
  },
  "log1pCPM": {
    "cov_gene": 0.9866284729188349,
    "r2_depth": 0.7802413791062253,
    "r_mono": 1,
    "cov_cell": 0.28066635244947974
  },
  "scalelog1pCP10k": {
    "cov_gene": 1.4856103323653177e-14,
    "r2_depth": 0.34381781248724286,
    "r_mono": 0.5404188053270003,
    "cov_cell": null
  },
  "sctransform": {
    "cov_gene": 0.6107088657025113,
    "r2_depth": 0.45828675739269653,
    "r_mono": 0.2231338754535502,
    "cov_cell": null
  },
  "log1pPF": {
    "cov_gene": 1.390116529230423,
    "r2_depth": 0.4812752580118099,
    "r_mono": 1,
    "cov_cell": 0.1336493171157121
  },
  "PFlog1pPF": {
    "cov_gene": 2.0466548227347894,
    "r2_depth": 0,
    "r_mono": 1,
    "cov_cell": 3.344051291390088e-14
  }
}
