{
    "raw": {
        "cov_gene": 113.7528598227003,
        "r2_depth": 1.0,
        "r_mono": 1.0
    },
    "PF": {
        "cov_gene": 61.83808247337259,
        "r2_depth": 0,
        "r_mono": 1.0
    },
    "sqrt": {
        "cov_gene": 15.218877112242266,
        "r2_depth": 0.9057076580627894,
        "r_mono": 1.0
    },
    "log1p": {
        "cov_gene": 3.0888865267039485,
        "r2_depth": 0.8956754932511135,
        "r_mono": 1.0
    },
    "log1pCP10k": {
        "cov_gene": 2.7581457869697497,
        "r2_depth": 0.4468472138568378,
        "r_mono": 1.0
    },
    "log1pCPM": {
        "cov_gene": 1.7474357614876475,
        "r2_depth": 0.7169731852013128,
        "r_mono": 1.0
    },
    "scalelog1pCP10k": {
        "cov_gene": 1.062151028054435e-13,
        "r2_depth": 0.4534044491743392,
        "r_mono": 0.24105519207210646
    },
    "sctransform": {
        "cov_gene": 0.6981233676434135,
        "r2_depth": 0.03141865609012018,
        "r_mono": 0.20422199447102618
    },
    "log1pPF": {
        "cov_gene": 3.7913563191055815,
        "r2_depth": 0.33377216642225627,
        "r_mono": 1.0
    },
    "PFlog1pPF": {
        "cov_gene": 25.530147158955636,
        "r2_depth": 0,
        "r_mono": 1.0
    },
    "ncells": "7247",
    "ngenes": 31722,
    "avg_per_cell": "3385.63",
    "avg_per_gene": "773.46",
    "min_cell": "381",
    "max_cell": "93459",
    "overdispersion": "10.71"
}