{"raw": {"cov_gene": 113.7528598227003, "r2_depth": 1.0, "r_mono": 1.0, "cov_cell": 1.867820782341061}, "PF": {"cov_gene": 61.83808247337259, "r2_depth": 0, "r_mono": 1.0, "cov_cell": 1.9962160571296558e-14}, "sqrt": {"cov_gene": 15.218877112242266, "r2_depth": 0.9057076580627894, "r_mono": 1.0, "cov_cell": 1.6134797157449638}, "log1p": {"cov_gene": 3.0888865267039485, "r2_depth": 0.8956754932511135, "r_mono": 1.0, "cov_cell": 1.640086861202677}, "log1pCP10k": {"cov_gene": 2.7581457869697497, "r2_depth": 0.4468472138568378, "r_mono": 1.0, "cov_cell": 0.7550571494789291}, "log1pCPM": {"cov_gene": 1.7474357614876475, "r2_depth": 0.7169731852013128, "r_mono": 1.0, "cov_cell": 1.1367620990263048}, "scalelog1pCP10k": {"cov_gene": 1.062151028054435e-13, "r2_depth": 0.4534044491743392, "r_mono": 0.24105519207210646, "cov_cell": null}, "sctransform": {"cov_gene": 0.6981233676434135, "r2_depth": 0.03141865609012018, "r_mono": 0.20422199447102618, "cov_cell": null}, "log1pPF": {"cov_gene": 3.7913563191055815, "r2_depth": 0.33377216642225627, "r_mono": 1.0, "cov_cell": 0.6375697574004419}, "PFlog1pPF": {"cov_gene": 25.530147158955636, "r2_depth": 0, "r_mono": 1.0, "cov_cell": 1.383926930156277e-14}, "ncells": 7247, "ngenes": 31722, "avg_per_cell": 3385.63, "avg_per_gene": 773.46, "min_cell": 381.0, "max_cell": 93459.0, "overdispersion": 10.71, "total_count": 24535692, "nvals": 7156171, "sparsity": 0.031128764764701958}