{"ncells": 1254, "ngenes": 60623, "nvals": 736826, "avg_per_cell": 2132.282296650718, "avg_per_gene": 44.106725170314895, "min_cell": 244, "max_cell": 23471, "total_count": 2673882, "overdispersion": 1.978692450055953, "raw": {"cov_gene": 82.77749993564633, "cov_cell": 1.1932057259994802, "r2_depth": 1.0, "r_mono": 1}, "PF": {"cov_gene": 86.99419193017525, "cov_cell": 9.128516716219179e-15, "r2_depth": 0, "r_mono": 1}, "log1p": {"cov_gene": 8.372927326579772, "cov_cell": 1.2653544630847928, "r2_depth": 0.8997629046230424, "r_mono": 1}, "log1pPF": {"cov_gene": 10.397546679348176, "cov_cell": 0.8827128014772807, "r2_depth": 0.4711708825397398, "r_mono": 1}, "PFlog1pPF": {"cov_gene": 59.91795600592429, "cov_cell": 1.0346243803514469e-14, "r2_depth": 0, "r_mono": 1}, "log1pCPM": {"cov_gene": 3.5045032564809615, "cov_cell": 1.1509603926478724, "r2_depth": 0.7724539230663392, "r_mono": 1}, "log1pCP10k": {"cov_gene": 6.048847624100492, "cov_cell": 0.9911990763255856, "r2_depth": 0.5824969905949358, "r_mono": 1}, "sqrt": {"cov_gene": 16.27079422433074, "cov_cell": 1.2476004670927174, "r2_depth": 0.9137722800614263, "r_mono": 1}, "density": 0.009692369929972994}