{
    "raw": {
        "cov_gene": 82.18131697608989,
        "r2_depth": 1.0,
        "r_mono": 1.0
    },
    "PF": {
        "cov_gene": 52.02336398982169,
        "r2_depth": 0,
        "r_mono": 1.0
    },
    "sqrt": {
        "cov_gene": 8.163236026498126,
        "r2_depth": 0.9644209215764574,
        "r_mono": 1.0
    },
    "log1p": {
        "cov_gene": 3.654259610216562,
        "r2_depth": 0.9603015146285376,
        "r_mono": 1.0
    },
    "log1pCP10k": {
        "cov_gene": 2.4796342359190104,
        "r2_depth": 0.5889869809638428,
        "r_mono": 1.0
    },
    "log1pCPM": {
        "cov_gene": 1.9022788333823717,
        "r2_depth": 0.8482680162025197,
        "r_mono": 1.0
    },
    "scalelog1pCP10k": {
        "cov_gene": 7.74376707771986e-14,
        "r2_depth": 0.6562065767473046,
        "r_mono": 0.26680937465053367
    },
    "sctransform": {
        "cov_gene": 0.5452898876133114,
        "r2_depth": 0.03707608178810995,
        "r_mono": 0.20507006489120816
    },
    "log1pPF": {
        "cov_gene": 3.4959486717584505,
        "r2_depth": 0.36354647164799303,
        "r_mono": 1.0
    },
    "PFlog1pPF": {
        "cov_gene": 15.829338405812196,
        "r2_depth": 0,
        "r_mono": 1.0
    },
    "ncells": "5312",
    "ngenes": 22425,
    "avg_per_cell": "1910.29",
    "avg_per_gene": "452.51",
    "min_cell": "347",
    "max_cell": "30690",
    "overdispersion": "1.31"
}