{"ncells": 4260, "ngenes": 60623, "nvals": 3469440, "avg_per_cell": 2559.412910798122, "avg_per_gene": 179.8508651831813, "min_cell": 691, "max_cell": 36979, "total_count": 10903099, "overdispersion": 7.355682939260644, "raw": {"cov_gene": 158.9228709672021, "cov_cell": 0.9270499667322124, "r2_depth": 1.0, "r_mono": 1}, "PF": {"cov_gene": 168.5588556083862, "cov_cell": 9.685635432193208e-15, "r2_depth": 0, "r_mono": 1}, "log1p": {"cov_gene": 6.261167714269332, "cov_cell": 0.7099672646887241, "r2_depth": 0.6693020537300373, "r_mono": 1}, "log1pPF": {"cov_gene": 5.7429060341879365, "cov_cell": 0.28185736304140996, "r2_depth": 0.014362929133322822, "r_mono": 1}, "PFlog1pPF": {"cov_gene": 50.01739460809918, "cov_cell": 1.0015849520631137e-14, "r2_depth": 0, "r_mono": 1}, "log1pCPM": {"cov_gene": 3.0394722418069495, "cov_cell": 0.4897422557930232, "r2_depth": 0.47255367848305496, "r_mono": 1}, "log1pCP10k": {"cov_gene": 3.8866156887838015, "cov_cell": 0.3234096901061739, "r2_depth": 0.12268925619359616, "r_mono": 1}, "sqrt": {"cov_gene": 36.14900274622565, "cov_cell": 0.7088753373372295, "r2_depth": 0.6952143578146597, "r_mono": 1}, "density": 0.013434216967343543}