{
  "ncells": 14917,
  "ngenes": 60623,
  "nvals": 13080793,
  "density": 0.014464890796346816,
  "total_counts": 40200974,
  "overdispersion": 1.5110350291601748,
  "avg_per_cell": 2694.9771401756384,
  "avg_per_gene": 663.1307259620936,
  "max_cell": 61557,
  "min_cell": 410,
  "raw": {
    "cov_gene": 45.05167724908597,
    "cov_cell": 1.582654907400123,
    "r2_depth": 1,
    "r_mono": 1
  },
  "PF": {
    "cov_gene": 86.52684417607442,
    "cov_cell": 1.2042451350078984e-14,
    "r2_depth": 0,
    "r_mono": 1
  },
  "sqrt": {
    "cov_gene": 9.92752556977965,
    "cov_cell": 0.9774251046350637,
    "r2_depth": 0.9367615851517304,
    "r_mono": 1
  },
  "log1p": {
    "cov_gene": 5.802000643303438,
    "cov_cell": 0.9447289970834574,
    "r2_depth": 0.9251437408012974,
    "r_mono": 1
  },
  "log1pCP10k": {
    "cov_gene": 3.9038189251710897,
    "cov_cell": 0.3139041586683934,
    "r2_depth": 0.4271349913240693,
    "r_mono": 1
  },
  "log1pCPM": {
    "cov_gene": 3.120430362810141,
    "cov_cell": 0.5961464572010319,
    "r2_depth": 0.7572162918617524,
    "r_mono": 1
  },
  "log1pPF": {
    "cov_gene": 4.933442483780333,
    "cov_cell": 0.2098275811800546,
    "r2_depth": 0.2770279471973057,
    "r_mono": 1
  },
  "PFlog1pPF": {
    "cov_gene": 5.319043364600731,
    "cov_cell": 1.2174023283406136e-14,
    "r2_depth": 0,
    "r_mono": 1
  }
}
