{"raw": {"cov_gene": 46.53082862646434, "r2_depth": 1.0, "r_mono": 1.0, "cov_cell": 0.492760662936073}, "PF": {"cov_gene": 45.82042558166658, "r2_depth": 0, "r_mono": 1.0, "cov_cell": 6.09395868874562e-14}, "sqrt": {"cov_gene": 7.63906719414193, "r2_depth": 0.9029859576377294, "r_mono": 1.0, "cov_cell": 0.33935647910448447}, "log1p": {"cov_gene": 1.5076031106856955, "r2_depth": 0.8709112701805894, "r_mono": 1.0, "cov_cell": 0.3322690350638741}, "log1pCP10k": {"cov_gene": 2.8854943461690414, "r2_depth": 0.062396889096115404, "r_mono": 1.0, "cov_cell": 0.13323563407456857}, "log1pCPM": {"cov_gene": 0.8977374041957447, "r2_depth": 0.5393723301210136, "r_mono": 1.0, "cov_cell": 0.19457083146634932}, "scalelog1pCP10k": {"cov_gene": 8.383154834642366e-15, "r2_depth": 0.01820982346531952, "r_mono": 0.5324885136261109, "cov_cell": null}, "sctransform": {"cov_gene": 0.6846584330499051, "r2_depth": 0.19521013542233512, "r_mono": 0.2663011694873941, "cov_cell": null}, "log1pPF": {"cov_gene": 1.4308802990024097, "r2_depth": 0.1824411269290107, "r_mono": 1.0, "cov_cell": 0.14686767998597114}, "PFlog1pPF": {"cov_gene": 2.282953136328558, "r2_depth": 0, "r_mono": 1.0, "cov_cell": 4.114700101940166e-14}, "ncells": 666, "ngenes": 25983, "avg_per_cell": 41392.5, "avg_per_gene": 1060.98, "min_cell": 13757.0, "max_cell": 131329.0, "overdispersion": 1.02, "total_count": 27567407, "nvals": 4040146, "sparsity": 0.23347131914271968}