{"raw": {"cov_gene": 46.53082862646434, "r2_depth": 1.0, "r_mono": 1.0}, "PF": {"cov_gene": 45.82042558166658, "r2_depth": 0, "r_mono": 1.0}, "sqrt": {"cov_gene": 7.63906719414193, "r2_depth": 0.9029859576377294, "r_mono": 1.0}, "log1p": {"cov_gene": 1.5076031106856955, "r2_depth": 0.8709112701805894, "r_mono": 1.0}, "log1pCP10k": {"cov_gene": 2.8854943461690414, "r2_depth": 0.062396889096115404, "r_mono": 1.0}, "log1pCPM": {"cov_gene": 0.8977374041957447, "r2_depth": 0.5393723301210136, "r_mono": 1.0}, "scalelog1pCP10k": {"cov_gene": 8.383154834642366e-15, "r2_depth": 0.01820982346531952, "r_mono": 0.5324885136261109}, "sctransform": {"cov_gene": 0.6846584330499051, "r2_depth": 0.19521013542233512, "r_mono": 0.2663011694873941}, "log1pPF": {"cov_gene": 1.4308802990024097, "r2_depth": 0.1824411269290107, "r_mono": 1.0}, "PFlog1pPF": {"cov_gene": 2.282953136328558, "r2_depth": 0, "r_mono": 1.0}}