{"raw": {"cov_gene": 37.65712414408432, "r2_depth": 1.0, "r_mono": 1.0, "cov_cell": 1.2923291398917103}, "PF": {"cov_gene": 56.55610909402635, "r2_depth": 0, "r_mono": 1.0, "cov_cell": 2.3239719851907988e-14}, "sqrt": {"cov_gene": 6.843206947639429, "r2_depth": 0.9451676708211146, "r_mono": 1.0, "cov_cell": 1.0223207646741939}, "log1p": {"cov_gene": 2.9582432249165636, "r2_depth": 0.9346081781277163, "r_mono": 1.0, "cov_cell": 1.0147880730248486}, "log1pCP10k": {"cov_gene": 2.432025087899153, "r2_depth": 0.47323690374549665, "r_mono": 1.0, "cov_cell": 0.454599140412842}, "log1pCPM": {"cov_gene": 1.5227848916244946, "r2_depth": 0.7849119817591687, "r_mono": 1.0, "cov_cell": 0.7163455239836326}, "scalelog1pCP10k": {"cov_gene": 7.465146052015742e-14, "r2_depth": 0.4720752937181746, "r_mono": 0.3680824977076943, "cov_cell": null}, "sctransform": {"cov_gene": 0.5787034774708516, "r2_depth": 0.266638029677396, "r_mono": 0.24021535420414808, "cov_cell": null}, "log1pPF": {"cov_gene": 2.561339028446417, "r2_depth": 0.4500478318108686, "r_mono": 1.0, "cov_cell": 0.4395179217415187}, "PFlog1pPF": {"cov_gene": 8.876384793613349, "r2_depth": 0, "r_mono": 1.0, "cov_cell": 1.4747340476179947e-14}, "ncells": 5067, "ngenes": 23873, "avg_per_cell": 8087.28, "avg_per_gene": 1716.51, "min_cell": 538.0, "max_cell": 91946.0, "overdispersion": 1.31, "total_count": 40978268, "nvals": 8708462, "density": 0.07199188727210865}