{"ncells": 5067, "ngenes": 60623, "nvals": 8725214, "avg_per_cell": 8090.726860074995, "avg_per_gene": 676.2402553486301, "min_cell": 538, "max_cell": 91971, "total_count": 40995713, "overdispersion": 1.3144104257693516, "raw": {"cov_gene": 60.02094850151403, "cov_cell": 1.2921832512191729, "r2_depth": 1.0, "r_mono": 1}, "PF": {"cov_gene": 90.15385909181454, "cov_cell": 2.6417106142404624e-14, "r2_depth": 0, "r_mono": 1}, "log1p": {"cov_gene": 4.869490136514642, "cov_cell": 1.0147010795114446, "r2_depth": 0.9347296180838464, "r_mono": 1}, "log1pPF": {"cov_gene": 4.258062981511093, "cov_cell": 0.43922159423024815, "r2_depth": 0.4499362735269036, "r_mono": 1}, "PFlog1pPF": {"cov_gene": 14.172851467178653, "cov_cell": 2.1422834095238375e-14, "r2_depth": 0, "r_mono": 1}, "log1pCPM": {"cov_gene": 2.718126921971811, "cov_cell": 0.716253171348388, "r2_depth": 0.7851977338829066, "r_mono": 1}, "log1pCP10k": {"cov_gene": 4.061805566630266, "cov_cell": 0.45427551658138826, "r2_depth": 0.4731043741136246, "r_mono": 1}, "sqrt": {"cov_gene": 10.966333187789425, "cov_cell": 1.022231470800563, "r2_depth": 0.9452673432069455, "r_mono": 1}, "density": 0.028404539912740334}