{
  "ncells": 7302,
  "ngenes": 60623,
  "nvals": 15667993,
  "density": 0.03539436425957729,
  "total_counts": 51101771,
  "overdispersion": 0.6478209042989214,
  "avg_per_cell": 6998.325253355245,
  "avg_per_gene": 842.943618758557,
  "max_cell": 39833,
  "min_cell": 208,
  "raw": {
    "cov_gene": 38.785175243916115,
    "cov_cell": 0.8088641394073373,
    "r2_depth": 1,
    "r_mono": 1
  },
  "PF": {
    "cov_gene": 72.78796926389728,
    "cov_cell": 2.6840367210886403e-14,
    "r2_depth": 0,
    "r_mono": 1
  },
  "sqrt": {
    "cov_gene": 7.315513284570651,
    "cov_cell": 0.6558252773653899,
    "r2_depth": 0.9710064230752852,
    "r_mono": 1
  },
  "log1p": {
    "cov_gene": 4.072486754977591,
    "cov_cell": 0.6548177035702261,
    "r2_depth": 0.9688974478503868,
    "r_mono": 1
  },
  "log1pCP10k": {
    "cov_gene": 3.180442761877842,
    "cov_cell": 0.321200232185558,
    "r2_depth": 0.6061871857228027,
    "r_mono": 1
  },
  "log1pCPM": {
    "cov_gene": 2.3733766964366367,
    "cov_cell": 0.49346935360696426,
    "r2_depth": 0.8648803821736419,
    "r_mono": 1
  },
  "log1pPF": {
    "cov_gene": 3.4249962554761235,
    "cov_cell": 0.2997673077943318,
    "r2_depth": 0.5641481571547181,
    "r_mono": 1
  },
  "PFlog1pPF": {
    "cov_gene": 12.088939985301105,
    "cov_cell": 2.5324637191124704e-14,
    "r2_depth": 0,
    "r_mono": 1
  }
}
