{"raw": {"cov_gene": 43.76609161018967, "r2_depth": 1.0, "r_mono": 1.0, "cov_cell": 0.8225555963943202}, "PF": {"cov_gene": 71.24217068514373, "r2_depth": 0, "r_mono": 1.0, "cov_cell": 2.9157665098289078e-15}, "sqrt": {"cov_gene": 8.87298574437545, "r2_depth": 0.8611359007612253, "r_mono": 1.0, "cov_cell": 0.817966646179844}, "log1p": {"cov_gene": 5.302127639565068, "r2_depth": 0.8410781615844919, "r_mono": 1.0, "cov_cell": 0.8407587011001505}, "log1pCP10k": {"cov_gene": 3.2450097271963907, "r2_depth": 0.5429227169390081, "r_mono": 1.0, "cov_cell": 0.5380200017489032}, "log1pCPM": {"cov_gene": 2.779792883769803, "r2_depth": 0.7055561876057406, "r_mono": 1.0, "cov_cell": 0.680262387612577}, "scalelog1pCP10k": {"cov_gene": 2.132928566007807e-13, "r2_depth": 0.4757740501373131, "r_mono": 0.16750935618318516, "cov_cell": null}, "sctransform": {"cov_gene": 0.587620447035563, "r2_depth": 0.05809916909770163, "r_mono": 0.14246400777175292, "cov_cell": null}, "log1pPF": {"cov_gene": 5.059323332930892, "r2_depth": 0.2966889334419289, "r_mono": 1.0, "cov_cell": 0.3835846183589128}, "PFlog1pPF": {"cov_gene": 9.987999729026711, "r2_depth": 0, "r_mono": 1.0, "cov_cell": 2.3055633810357615e-15}, "ncells": 14470, "ngenes": 16848, "avg_per_cell": 692.02, "avg_per_gene": 594.35, "min_cell": 361.0, "max_cell": 6943.0, "overdispersion": 0.15, "total_count": 10013574, "nvals": 2857236, "sparsity": 0.011720043630893665}