{"ncells": 71720, "ngenes": 23787, "nvals": 14937894, "density": 0.00875607393194073, "avg_per_cell": 910.1496653653095, "avg_per_gene": 2744.185227224955, "min_cell": 331, "max_cell": 12402, "total_count": 65275934, "overdispersion": 0.16596907198570768, "sctransform": {"cov_gene": 1.6014072668109962, "cov_cell": null, "r2_depth": 0.2756627924156273, "r_mono": 0.1177329365641545}, "scalelog1pCP10k": {"cov_gene": 1.0265620407790988e-12, "cov_cell": null, "r2_depth": 0.5751272765231721, "r_mono": 0.13688697284986248}, "raw": {"cov_gene": 73.33941096852539, "cov_cell": 0.6548766912701368, "r2_depth": 1, "r_mono": 1}, "PF": {"cov_gene": 78.21984447155118, "cov_cell": 3.930078947151949e-15, "r2_depth": 0, "r_mono": 1}, "log1p": {"cov_gene": 5.79608310632367, "cov_cell": 0.7378930775240107, "r2_depth": 0.8772747116639776, "r_mono": 1}, "sqrt": {"cov_gene": 9.455553872763241, "cov_cell": 0.7172396241845971, "r2_depth": 0.896038841341671, "r_mono": 1}, "log1pPF": {"cov_gene": 5.677649760728138, "cov_cell": 0.25930434997476204, "r2_depth": 0.47373199955900414, "r_mono": 1}, "PFlog1pPF": {"cov_gene": 6.9072419893571855, "cov_cell": 3.1018755525986153e-15, "r2_depth": 0, "r_mono": 1}, "log1pCPM": {"cov_gene": 3.35371367534055, "cov_cell": 0.6026128171789153, "r2_depth": 0.7792841345308459, "r_mono": 1}, "log1pCP10k": {"cov_gene": 3.823032350694588, "cov_cell": 0.42439455637500173, "r2_depth": 0.6552780657745308, "r_mono": 1}}