{
  "ncells": 346,
  "ngenes": 60623,
  "nvals": 210318,
  "density": 0.010026813112671425,
  "total_counts": 618505,
  "overdispersion": 0.29120798007369075,
  "avg_per_cell": 1787.586705202312,
  "avg_per_gene": 10.20248090658661,
  "max_cell": 11274,
  "min_cell": 597,
  "raw": {
    "cov_gene": 89.90213669334761,
    "cov_cell": 0.901878936240868,
    "r2_depth": 1,
    "r_mono": 1
  },
  "PF": {
    "cov_gene": 113.26615402298445,
    "cov_cell": 1.4841197196629023e-14,
    "r2_depth": 0,
    "r_mono": 1
  },
  "sqrt": {
    "cov_gene": 10.219433549946306,
    "cov_cell": 1.2106027490513878,
    "r2_depth": 0.9207866476305122,
    "r_mono": 1
  },
  "log1p": {
    "cov_gene": 5.394977249548198,
    "cov_cell": 1.2589791274467104,
    "r2_depth": 0.9152991463650122,
    "r_mono": 1
  },
  "log1pCP10k": {
    "cov_gene": 3.936412332893478,
    "cov_cell": 0.912404509954407,
    "r2_depth": 0.6907218996818033,
    "r_mono": 1
  },
  "log1pCPM": {
    "cov_gene": 3.004410864102834,
    "cov_cell": 1.1236972383273232,
    "r2_depth": 0.8364955981646152,
    "r_mono": 1
  },
  "log1pPF": {
    "cov_gene": 5.860236786472915,
    "cov_cell": 0.7540792693569168,
    "r2_depth": 0.5687375754645353,
    "r_mono": 1
  },
  "PFlog1pPF": {
    "cov_gene": 34.0306184518328,
    "cov_cell": 1.2896055030228898e-14,
    "r2_depth": 0,
    "r_mono": 1
  }
}
