{
  "ncells": 8609,
  "ngenes": 60623,
  "nvals": 3755218,
  "density": 0.0071952356501861275,
  "total_counts": 23635956,
  "overdispersion": 0.8937280358216283,
  "avg_per_cell": 2745.4937855732373,
  "avg_per_gene": 389.8843013377761,
  "max_cell": 58068,
  "min_cell": 627,
  "raw": {
    "cov_gene": 91.71187862503378,
    "cov_cell": 0.9692919986777513,
    "r2_depth": 1,
    "r_mono": 1
  },
  "PF": {
    "cov_gene": 90.2840610172742,
    "cov_cell": 9.687508422249258e-15,
    "r2_depth": 0,
    "r_mono": 1
  },
  "sqrt": {
    "cov_gene": 29.118255917951874,
    "cov_cell": 1.209635807016268,
    "r2_depth": 0.47889784049742523,
    "r_mono": 1
  },
  "log1p": {
    "cov_gene": 7.436703753622516,
    "cov_cell": 1.318158602921234,
    "r2_depth": 0.42152319720750575,
    "r_mono": 1
  },
  "log1pCP10k": {
    "cov_gene": 5.2132603474333195,
    "cov_cell": 0.9151976684832468,
    "r2_depth": 0.04376673277769616,
    "r_mono": 1
  },
  "log1pCPM": {
    "cov_gene": 3.6766961649752576,
    "cov_cell": 1.113458297823128,
    "r2_depth": 0.2103539310727408,
    "r_mono": 1
  },
  "log1pPF": {
    "cov_gene": 7.207955791422561,
    "cov_cell": 0.8389642243524268,
    "r2_depth": 0.010428166369439884,
    "r_mono": 1
  },
  "PFlog1pPF": {
    "cov_gene": 38.731469395204726,
    "cov_cell": 8.075874575013205e-15,
    "r2_depth": 0,
    "r_mono": 1
  }
}
