{
  "ncells": 1157,
  "ngenes": 60623,
  "nvals": 473991,
  "density": 0.0067577062945565316,
  "total_counts": 1202273,
  "overdispersion": 0.2905227244165543,
  "avg_per_cell": 1039.1296456352636,
  "avg_per_gene": 19.83196146677004,
  "max_cell": 4657,
  "min_cell": 601,
  "raw": {
    "cov_gene": 32.23125149478509,
    "cov_cell": 0.5797477743858254,
    "r2_depth": 1,
    "r_mono": 1
  },
  "PF": {
    "cov_gene": 22.60531617191118,
    "cov_cell": 3.682212548330547e-15,
    "r2_depth": 0,
    "r_mono": 1
  },
  "sqrt": {
    "cov_gene": 7.403445361842219,
    "cov_cell": 0.3492238278613046,
    "r2_depth": 0.9717394786471343,
    "r_mono": 1
  },
  "log1p": {
    "cov_gene": 7.171530315577836,
    "cov_cell": 0.3453692023139382,
    "r2_depth": 0.9687178341775149,
    "r_mono": 1
  },
  "log1pCP10k": {
    "cov_gene": 5.957617616466191,
    "cov_cell": 0.12161374129924295,
    "r2_depth": 0.724086075469758,
    "r_mono": 1
  },
  "log1pCPM": {
    "cov_gene": 5.616918672500581,
    "cov_cell": 0.190142936910209,
    "r2_depth": 0.8406954766189123,
    "r_mono": 1
  },
  "log1pPF": {
    "cov_gene": 6.929709262638971,
    "cov_cell": 0.056490433804236906,
    "r2_depth": 0.4624704642046651,
    "r_mono": 1
  },
  "PFlog1pPF": {
    "cov_gene": 6.9552491302490695,
    "cov_cell": 3.851302309720323e-15,
    "r2_depth": 0,
    "r_mono": 1
  }
}
