{
  "ncells": 8175,
  "ngenes": 60623,
  "nvals": 13684529,
  "density": 0.02761243260031757,
  "total_counts": 37412424,
  "overdispersion": 0.9802832671717431,
  "avg_per_cell": 4576.443302752294,
  "avg_per_gene": 617.1325074641637,
  "max_cell": 44954,
  "min_cell": 189,
  "raw": {
    "cov_gene": 127.38378638966348,
    "cov_cell": 0.9671209598737045,
    "r2_depth": 1,
    "r_mono": 1
  },
  "PF": {
    "cov_gene": 127.71770368415454,
    "cov_cell": 1.8903718995123975e-14,
    "r2_depth": 0,
    "r_mono": 1
  },
  "sqrt": {
    "cov_gene": 9.336398599259484,
    "cov_cell": 0.8542239391373443,
    "r2_depth": 0.980381960820259,
    "r_mono": 1
  },
  "log1p": {
    "cov_gene": 4.663680573836798,
    "cov_cell": 0.8551251156826233,
    "r2_depth": 0.9786810566098225,
    "r_mono": 1
  },
  "log1pCP10k": {
    "cov_gene": 3.633671325916237,
    "cov_cell": 0.5033629875803054,
    "r2_depth": 0.7634572195112445,
    "r_mono": 1
  },
  "log1pCPM": {
    "cov_gene": 2.5345619452770682,
    "cov_cell": 0.6986201613189477,
    "r2_depth": 0.9161867762726161,
    "r_mono": 1
  },
  "log1pPF": {
    "cov_gene": 4.232999612613507,
    "cov_cell": 0.43381353007577994,
    "r2_depth": 0.7122779663853152,
    "r_mono": 1
  },
  "PFlog1pPF": {
    "cov_gene": 5.843655266233687,
    "cov_cell": 1.9330218391896196e-14,
    "r2_depth": 0,
    "r_mono": 1
  }
}
