{"raw": {"cov_gene": 78.20118480507028, "r2_depth": 1.0, "r_mono": 1.0}, "PF": {"cov_gene": 56.18691320684739, "r2_depth": 0, "r_mono": 1.0}, "sqrt": {"cov_gene": 13.42368269445157, "r2_depth": 0.8253640076459912, "r_mono": 1.0}, "log1p": {"cov_gene": 3.380188148000126, "r2_depth": 0.8076909909630017, "r_mono": 1.0}, "log1pCP10k": {"cov_gene": 2.534447491929829, "r2_depth": 0.36415560425048277, "r_mono": 1.0}, "log1pCPM": {"cov_gene": 1.7172790943838254, "r2_depth": 0.6724052992155335, "r_mono": 1.0}, "scalelog1pCP10k": {"cov_gene": 9.390235472329633e-14, "r2_depth": 0.32743084925630883, "r_mono": 0.3233749743658665}, "sctransform": {"cov_gene": 0.7973163671484249, "r2_depth": 0.1381659293334604, "r_mono": 0.23261368034102484}, "log1pPF": {"cov_gene": 3.0504395914154574, "r2_depth": 0.27559145750104375, "r_mono": 1.0}, "PFlog1pPF": {"cov_gene": 10.895504698133568, "r2_depth": 0, "r_mono": 1.0}}