{"ncells": 6377, "ngenes": 60623, "nvals": 7273998, "avg_per_cell": 4840.630233652188, "avg_per_gene": 509.1912145555317, "min_cell": 407, "max_cell": 51225, "total_count": 30868699, "overdispersion": 6.4585328536457975, "raw": {"cov_gene": 127.3102237954206, "cov_cell": 1.0929387865825335, "r2_depth": 1.0, "r_mono": 1}, "PF": {"cov_gene": 91.49225857743674, "cov_cell": 1.5752608231462493e-14, "r2_depth": 0, "r_mono": 1}, "log1p": {"cov_gene": 5.642815194397321, "cov_cell": 0.9422492391034212, "r2_depth": 0.8079441499389795, "r_mono": 1}, "log1pPF": {"cov_gene": 5.118857764384384, "cov_cell": 0.43219398532020087, "r2_depth": 0.2754052856997796, "r_mono": 1}, "PFlog1pPF": {"cov_gene": 17.75853262710184, "cov_cell": 1.1652678386739089e-14, "r2_depth": 0, "r_mono": 1}, "log1pCPM": {"cov_gene": 3.066731528591362, "cov_cell": 0.6780548139471101, "r2_depth": 0.6727157623987521, "r_mono": 1}, "log1pCP10k": {"cov_gene": 4.311491288606889, "cov_cell": 0.47237486979426924, "r2_depth": 0.36399446276327896, "r_mono": 1}, "sqrt": {"cov_gene": 21.868631650681724, "cov_cell": 0.9361187321600999, "r2_depth": 0.8255819061517372, "r_mono": 1}, "density": 0.01881565477703804}