{"raw": {"cov_gene": 7.903627903224294, "r2_depth": 1.0, "r_mono": 1.0, "cov_cell": 1.0577237112720232}, "PF": {"cov_gene": 7.729449011171235, "r2_depth": 0, "r_mono": 1.0, "cov_cell": 4.0103151103176173e-16}, "sqrt": {"cov_gene": 4.3813545414621675, "r2_depth": 0.9855359596834328, "r_mono": 1.0, "cov_cell": 0.9304753693815988}, "log1p": {"cov_gene": 4.713266000904316, "r2_depth": 0.9884739370763659, "r_mono": 1.0, "cov_cell": 0.9474420198646372}, "log1pCP10k": {"cov_gene": 3.971548162058231, "r2_depth": 0.8912831899852931, "r_mono": 1.0, "cov_cell": 0.6188577866295424}, "log1pCPM": {"cov_gene": 3.8733442093728327, "r2_depth": 0.9359567159526413, "r_mono": 1.0, "cov_cell": 0.7257586422703284}, "scalelog1pCP10k": {"cov_gene": 1.768417040031391e-13, "r2_depth": 0.8634737306598976, "r_mono": 0.09742469307405938, "cov_cell": null}, "sctransform": {"cov_gene": 0.6056478821459267, "r2_depth": 0.0433292678731072, "r_mono": 0.09701177886271221, "cov_cell": null}, "log1pPF": {"cov_gene": 4.88861699474068, "r2_depth": 0.4718213432491869, "r_mono": 1.0, "cov_cell": 0.161799898608184}, "PFlog1pPF": {"cov_gene": 5.305161575202228, "r2_depth": 0, "r_mono": 1.0, "cov_cell": 4.226108978125873e-16}, "ncells": 11273, "ngenes": 5908, "avg_per_cell": 23.09, "avg_per_gene": 44.05, "min_cell": 4.0, "max_cell": 792.0, "overdispersion": 0.41, "total_count": 260274, "nvals": 234301, "sparsity": 0.0035179863378389993}