{
  "ncells": 5673,
  "ngenes": 24043,
  "nvals": 8738892,
  "density": 0.06407003070670601,
  "total_counts": 27895843,
  "overdispersion": 0.9546944732321346,
  "avg_per_cell": 4917.300017627358,
  "avg_per_gene": 1160.2480139749616,
  "max_cell": 63345,
  "min_cell": 1350,
  "raw": {
    "cov_gene": 45.13259252935052,
    "cov_cell": 0.927067806643917,
    "r2_depth": 1,
    "r_mono": 1
  },
  "PF": {
    "cov_gene": 80.96018766433026,
    "cov_cell": 1.6812744001515015e-14,
    "r2_depth": 0,
    "r_mono": 1
  },
  "sqrt": {
    "cov_gene": 4.8387989819466215,
    "cov_cell": 0.6733702629122761,
    "r2_depth": 0.9475408294882078,
    "r_mono": 1
  },
  "log1p": {
    "cov_gene": 2.4477459798047243,
    "cov_cell": 0.6597148728381622,
    "r2_depth": 0.9394796104887113,
    "r_mono": 1
  },
  "log1pCP10k": {
    "cov_gene": 1.8944915860765021,
    "cov_cell": 0.23621915995676532,
    "r2_depth": 0.602966496273855,
    "r_mono": 1
  },
  "log1pCPM": {
    "cov_gene": 1.4351621100180278,
    "cov_cell": 0.46536264666472255,
    "r2_depth": 0.8369805719740583,
    "r_mono": 1
  },
  "scalelog1pCP10k": {
    "cov_gene": 7.95312475364623e-14,
    "cov_cell": null,
    "r2_depth": 0.6008082913157646,
    "r_mono": 0.36762163123463426
  },
  "sctransform": {
    "cov_gene": 0.9003301311374335,
    "cov_cell": null,
    "r2_depth": 0.5530678121505761,
    "r_mono": 0.27202292008523976
  },
  "log1pPF": {
    "cov_gene": 2.1664011075766476,
    "cov_cell": 0.18346570757761482,
    "r2_depth": 0.5263056840406557,
    "r_mono": 1
  },
  "PFlog1pPF": {
    "cov_gene": 2.3438559357551805,
    "cov_cell": 1.7216563546201966e-14,
    "r2_depth": 0,
    "r_mono": 1
  }
}
