{
  "ncells": 3325,
  "ngenes": 60623,
  "nvals": 4661604,
  "density": 0.02312630792625792,
  "total_counts": 12087316,
  "overdispersion": 0.5845683601097829,
  "avg_per_cell": 3635.283007518797,
  "avg_per_gene": 199.38498589644195,
  "max_cell": 28043,
  "min_cell": 483,
  "raw": {
    "cov_gene": 77.24980812879144,
    "cov_cell": 0.7265897675780307,
    "r2_depth": 1,
    "r_mono": 1
  },
  "PF": {
    "cov_gene": 91.0180630837252,
    "cov_cell": 1.8558985254125815e-14,
    "r2_depth": 0,
    "r_mono": 1
  },
  "sqrt": {
    "cov_gene": 6.757022208595988,
    "cov_cell": 0.5713471562559207,
    "r2_depth": 0.9791451651525329,
    "r_mono": 1
  },
  "log1p": {
    "cov_gene": 4.415198868458172,
    "cov_cell": 0.5666099006818955,
    "r2_depth": 0.9764384010157522,
    "r_mono": 1
  },
  "log1pCP10k": {
    "cov_gene": 3.408418415303983,
    "cov_cell": 0.22148658075567956,
    "r2_depth": 0.7421116181390413,
    "r_mono": 1
  },
  "log1pCPM": {
    "cov_gene": 2.682518291046228,
    "cov_cell": 0.4036635781650125,
    "r2_depth": 0.919228367728645,
    "r_mono": 1
  },
  "log1pPF": {
    "cov_gene": 4.173166317349715,
    "cov_cell": 0.15777289253389917,
    "r2_depth": 0.6287484268333094,
    "r_mono": 1
  },
  "PFlog1pPF": {
    "cov_gene": 4.229781426867746,
    "cov_cell": 1.4194631955963749e-14,
    "r2_depth": 0,
    "r_mono": 1
  }
}
