{"ncells": 869, "ngenes": 18019, "nvals": 1445960, "density": 0.09234339076046247, "avg_per_cell": 8365.191024165708, "avg_per_gene": 403.42699372884175, "min_cell": 5100, "max_cell": 51337, "total_count": 7269351, "overdispersion": 2.1472434899580772, "sctransform": {"cov_gene": 1.7713552034981188, "cov_cell": null, "r2_depth": 0.00038756367758230326, "r_mono": 0.3677369905678438}, "scalelog1pCP10k": {"cov_gene": 1.184520613303896e-14, "cov_cell": null, "r2_depth": 0.05063528423404429, "r_mono": 0.4307277122619932}, "raw": {"cov_gene": 105.65606064707596, "cov_cell": 0.5649480181775668, "r2_depth": 1, "r_mono": 1}, "PF": {"cov_gene": 108.13765209224756, "cov_cell": 1.9601120865386367e-14, "r2_depth": 0, "r_mono": 1}, "log1p": {"cov_gene": 2.9546633687795167, "cov_cell": 0.6332520349941531, "r2_depth": 0.49278690729314534, "r_mono": 1}, "sqrt": {"cov_gene": 28.35699362422589, "cov_cell": 0.6221618825812765, "r2_depth": 0.5233122603968396, "r_mono": 1}, "log1pPF": {"cov_gene": 2.9181354053847595, "cov_cell": 0.471457957538567, "r2_depth": 0.02551631596109538, "r_mono": 1}, "PFlog1pPF": {"cov_gene": 22.821517978017074, "cov_cell": 1.9608291018584212e-14, "r2_depth": 0, "r_mono": 1}, "log1pCPM": {"cov_gene": 1.1243828782222391, "cov_cell": 0.5201964849493398, "r2_depth": 0.23465406553652246, "r_mono": 1}, "log1pCP10k": {"cov_gene": 2.6495923318154433, "cov_cell": 0.4720041856169548, "r2_depth": 0.030267599738481032, "r_mono": 1}}