{
    "raw": {
        "cov_gene": 83.23806874091315,
        "r2_depth": 1.0,
        "r_mono": 1.0
    },
    "PF": {
        "cov_gene": 79.034185815886,
        "r2_depth": 0,
        "r_mono": 1.0
    },
    "sqrt": {
        "cov_gene": 42.647752346947456,
        "r2_depth": 0.03478746601831606,
        "r_mono": 1.0
    },
    "log1p": {
        "cov_gene": 3.338800958540846,
        "r2_depth": 0.02134515003688331,
        "r_mono": 1.0
    },
    "log1pCP10k": {
        "cov_gene": 1.9994096195836555,
        "r2_depth": 0.08180480858962513,
        "r_mono": 1.0
    },
    "log1pCPM": {
        "cov_gene": 1.3665452365321624,
        "r2_depth": 0.004304352824750279,
        "r_mono": 1.0
    },
    "scalelog1pCP10k": {
        "cov_gene": 1.1240763390148185e-14,
        "r2_depth": 0.0674478874984249,
        "r_mono": 0.35787425889654384
    },
    "sctransform": {
        "cov_gene": 0.6310751312050398,
        "r2_depth": 0.19394723928715574,
        "r_mono": 0.30653045316122857
    },
    "log1pPF": {
        "cov_gene": 2.967593030248195,
        "r2_depth": 0.12984736241508488,
        "r_mono": 1.0
    },
    "PFlog1pPF": {
        "cov_gene": 34.4022676208843,
        "r2_depth": 0,
        "r_mono": 1.0
    },
    "ncells": "775",
    "ngenes": 7165,
    "avg_per_cell": "3403.88",
    "avg_per_gene": "368.18",
    "min_cell": "1659",
    "max_cell": "13873",
    "overdispersion": "1.4"
}