{
  "ncells": 1833,
  "ngenes": 60623,
  "nvals": 1111326,
  "density": 0.010000957596508896,
  "total_counts": 2459091,
  "overdispersion": 0.7734869925118505,
  "avg_per_cell": 1341.5662847790506,
  "avg_per_gene": 40.56366395592432,
  "max_cell": 15101,
  "min_cell": 125,
  "raw": {
    "cov_gene": 121.59407398532386,
    "cov_cell": 1.0103836369460801,
    "r2_depth": 1,
    "r_mono": 1
  },
  "PF": {
    "cov_gene": 155.40727556149668,
    "cov_cell": 7.205048106657619e-15,
    "r2_depth": 0,
    "r_mono": 1
  },
  "sqrt": {
    "cov_gene": 8.701761671890893,
    "cov_cell": 0.8223662421207928,
    "r2_depth": 0.9778486966795753,
    "r_mono": 1
  },
  "log1p": {
    "cov_gene": 6.42880552691275,
    "cov_cell": 0.8213189175332085,
    "r2_depth": 0.9748579913228052,
    "r_mono": 1
  },
  "log1pCP10k": {
    "cov_gene": 4.381661696233979,
    "cov_cell": 0.4202408466388561,
    "r2_depth": 0.7231728693518116,
    "r_mono": 1
  },
  "log1pCPM": {
    "cov_gene": 3.5997894471143432,
    "cov_cell": 0.6053131939057308,
    "r2_depth": 0.9020205989197624,
    "r_mono": 1
  },
  "log1pPF": {
    "cov_gene": 6.000904309961436,
    "cov_cell": 0.2702834049962342,
    "r2_depth": 0.523554461451066,
    "r_mono": 1
  },
  "PFlog1pPF": {
    "cov_gene": 7.8656040318668,
    "cov_cell": 7.041491782426382e-15,
    "r2_depth": 0,
    "r_mono": 1
  }
}
