{
  "ncells": 2127,
  "ngenes": 19418,
  "nvals": 2131920,
  "density": 0.05161773185015401,
  "total_counts": 6490208,
  "overdispersion": 0.94,
  "avg_per_cell": 3051.34,
  "avg_per_gene": 334.24,
  "max_cell": 43220,
  "min_cell": 424,
  "raw": {
    "cov_gene": 99.48873687120404,
    "r2_depth": 1,
    "r_mono": 1,
    "cov_cell": 0.9452499443330873
  },
  "PF": {
    "cov_gene": 57.120949552642514,
    "r2_depth": 0,
    "r_mono": 1,
    "cov_cell": 1.3791760856792976e-14
  },
  "sqrt": {
    "cov_gene": 5.35004797416142,
    "r2_depth": 0.8585909153755373,
    "r_mono": 1,
    "cov_cell": 0.6345061279068118
  },
  "log1p": {
    "cov_gene": 2.833910772352303,
    "r2_depth": 0.8439653951616767,
    "r_mono": 1,
    "cov_cell": 0.6218641842815807
  },
  "log1pCP10k": {
    "cov_gene": 1.8270220832544228,
    "r2_depth": 0.3949407847162262,
    "r_mono": 1,
    "cov_cell": 0.27001130962393977
  },
  "log1pCPM": {
    "cov_gene": 1.375539370482851,
    "r2_depth": 0.7060721547865016,
    "r_mono": 1,
    "cov_cell": 0.4410010557376809
  },
  "scalelog1pCP10k": {
    "cov_gene": 3.071837556946204e-14,
    "r2_depth": 0.41950654569819634,
    "r_mono": 0.34725225383158626,
    "cov_cell": null
  },
  "sctransform": {
    "cov_gene": 0.5382160303445338,
    "r2_depth": 0.34053232491127483,
    "r_mono": 0.27204179850654586,
    "cov_cell": null
  },
  "log1pPF": {
    "cov_gene": 2.4108514975217537,
    "r2_depth": 0.23735750021169455,
    "r_mono": 1,
    "cov_cell": 0.20837457538134463
  },
  "PFlog1pPF": {
    "cov_gene": 4.575647138904969,
    "r2_depth": 0,
    "r_mono": 1,
    "cov_cell": 1.0703768679855649e-14
  }
}
