{
  "ncells": 3994,
  "ngenes": 60623,
  "nvals": 1613447,
  "density": 0.006663604598128243,
  "total_counts": 3312677,
  "overdispersion": 1.8158793842427459,
  "avg_per_cell": 829.4133700550826,
  "avg_per_gene": 54.64389753064019,
  "max_cell": 7257,
  "min_cell": 171,
  "raw": {
    "cov_gene": 155.38886326486292,
    "cov_cell": 0.9166664452932062,
    "r2_depth": 1,
    "r_mono": 1
  },
  "PF": {
    "cov_gene": 127.7123574129809,
    "cov_cell": 8.403587007710496e-15,
    "r2_depth": 0,
    "r_mono": 1
  },
  "sqrt": {
    "cov_gene": 18.115414848255178,
    "cov_cell": 0.8459067941393033,
    "r2_depth": 0.9334345580218012,
    "r_mono": 1
  },
  "log1p": {
    "cov_gene": 6.721567050718602,
    "cov_cell": 0.8531525405906796,
    "r2_depth": 0.9287166168566379,
    "r_mono": 1
  },
  "log1pCP10k": {
    "cov_gene": 4.006469946177063,
    "cov_cell": 0.5239113440617584,
    "r2_depth": 0.7427958855095103,
    "r_mono": 1
  },
  "log1pCPM": {
    "cov_gene": 3.357898963479449,
    "cov_cell": 0.7008414386435244,
    "r2_depth": 0.8724331014036474,
    "r_mono": 1
  },
  "log1pPF": {
    "cov_gene": 6.677394548669005,
    "cov_cell": 0.31936244779726136,
    "r2_depth": 0.4208790418228928,
    "r_mono": 1
  },
  "PFlog1pPF": {
    "cov_gene": 17.82989630118588,
    "cov_cell": 5.304714888121381e-15,
    "r2_depth": 0,
    "r_mono": 1
  }
}
