{
  "ncells": 5289,
  "ngenes": 15813,
  "nvals": 2392005,
  "density": 0.028600540800182393,
  "total_counts": 5566100,
  "overdispersion": 24.28,
  "avg_per_cell": 1052.39,
  "avg_per_gene": 352,
  "max_cell": 8663,
  "min_cell": 147,
  "raw": {
    "cov_gene": 59.35996457053081,
    "r2_depth": 1,
    "r_mono": 1,
    "cov_cell": 0.7129717537208429
  },
  "PF": {
    "cov_gene": 52.51938731359479,
    "r2_depth": 0,
    "r_mono": 1,
    "cov_cell": 6.7478329563693995e-15
  },
  "sqrt": {
    "cov_gene": 11.388276699701182,
    "r2_depth": 0.6992682385985651,
    "r_mono": 1,
    "cov_cell": 0.5660264260112935
  },
  "log1p": {
    "cov_gene": 4.145527767834031,
    "r2_depth": 0.6699590684697285,
    "r_mono": 1,
    "cov_cell": 0.5698907501788817
  },
  "log1pCP10k": {
    "cov_gene": 2.2713865782739595,
    "r2_depth": 0.3400363852715791,
    "r_mono": 1,
    "cov_cell": 0.3485657948992831
  },
  "log1pCPM": {
    "cov_gene": 1.8962199190022424,
    "r2_depth": 0.5478858014285333,
    "r_mono": 1,
    "cov_cell": 0.448848756308951
  },
  "scalelog1pCP10k": {
    "cov_gene": 7.749167426033177e-14,
    "r2_depth": 0.34534468044597866,
    "r_mono": 0.2643170875490947,
    "cov_cell": null
  },
  "sctransform": {
    "cov_gene": 0.6035543525673627,
    "r2_depth": 0.2055011106305059,
    "r_mono": 0.20673571774081104,
    "cov_cell": null
  },
  "log1pPF": {
    "cov_gene": 3.7338081511901544,
    "r2_depth": 0.06458479734141609,
    "r_mono": 1,
    "cov_cell": 0.2616857192052986
  },
  "PFlog1pPF": {
    "cov_gene": 7.893322860706326,
    "r2_depth": 0,
    "r_mono": 1,
    "cov_cell": 4.453086152881909e-15
  }
}
