{
    "raw": {
        "cov_gene": 26.37687585597367,
        "r2_depth": 1.0,
        "r_mono": 1.0
    },
    "PF": {
        "cov_gene": 22.971769177602784,
        "r2_depth": 0,
        "r_mono": 1.0
    },
    "sqrt": {
        "cov_gene": 2.2592388980260316,
        "r2_depth": 0.9541998460104909,
        "r_mono": 1.0
    },
    "log1p": {
        "cov_gene": 1.6493415945265977,
        "r2_depth": 0.9469900123056282,
        "r_mono": 1.0
    },
    "log1pCP10k": {
        "cov_gene": 1.5822138077239654,
        "r2_depth": 0.3775029678562647,
        "r_mono": 1.0
    },
    "log1pCPM": {
        "cov_gene": 1.2391663883850297,
        "r2_depth": 0.8061582420680606,
        "r_mono": 1.0
    },
    "scalelog1pCP10k": {
        "cov_gene": 4.6231012449377615e-14,
        "r2_depth": 0.13334794694992858,
        "r_mono": 0.4752278747244721
    },
    "sctransform": {
        "cov_gene": 0.4090349880840796,
        "r2_depth": 0.618931773626435,
        "r_mono": 0.13479912320905654
    },
    "log1pPF": {
        "cov_gene": 1.5756561289577622,
        "r2_depth": 0.38351084464244845,
        "r_mono": 1.0
    },
    "PFlog1pPF": {
        "cov_gene": 1.592831455818501,
        "r2_depth": 0,
        "r_mono": 1.0
    },
    "ncells": "3494",
    "ngenes": 29751,
    "avg_per_cell": "10262.1",
    "avg_per_gene": "1205.2",
    "min_cell": "2688",
    "max_cell": "36276",
    "overdispersion": "0.41"
}