{
  "ncells": 12633,
  "ngenes": 33078,
  "nvals": 15343596,
  "density": 0.03671820277737347,
  "total_counts": 33905129,
  "overdispersion": 2.4,
  "avg_per_cell": 2683.85,
  "avg_per_gene": 1025.01,
  "max_cell": 50081,
  "min_cell": 254,
  "raw": {
    "cov_gene": 54.68122984063242,
    "r2_depth": 1,
    "r_mono": 1,
    "cov_cell": 1.1141822898623537
  },
  "PF": {
    "cov_gene": 61.76033850002304,
    "r2_depth": 0,
    "r_mono": 1,
    "cov_cell": 1.6944117231342058e-14
  },
  "sqrt": {
    "cov_gene": 7.473144178679356,
    "r2_depth": 0.9072233872266825,
    "r_mono": 1,
    "cov_cell": 0.9167701936241839
  },
  "log1p": {
    "cov_gene": 3.3173824354721204,
    "r2_depth": 0.8998346432957768,
    "r_mono": 1,
    "cov_cell": 0.9323880279331483
  },
  "log1pCP10k": {
    "cov_gene": 2.148569875021031,
    "r2_depth": 0.4872334363971159,
    "r_mono": 1,
    "cov_cell": 0.48781944023699914
  },
  "log1pCPM": {
    "cov_gene": 1.658334765928382,
    "r2_depth": 0.7495196520781849,
    "r_mono": 1,
    "cov_cell": 0.6896619786752776
  },
  "scalelog1pCP10k": {
    "cov_gene": 1.8155319567414155e-13,
    "r2_depth": 0.4255721384018748,
    "r_mono": 0.2921371241331463,
    "cov_cell": null
  },
  "sctransform": {
    "cov_gene": 0.49839976249767814,
    "r2_depth": 0.47782688161391407,
    "r_mono": 0.23056828111114253,
    "cov_cell": null
  },
  "log1pPF": {
    "cov_gene": 2.8904349918226386,
    "r2_depth": 0.3418755643127729,
    "r_mono": 1,
    "cov_cell": 0.3899010578684279
  },
  "PFlog1pPF": {
    "cov_gene": 7.812978661399109,
    "r2_depth": 0,
    "r_mono": 1,
    "cov_cell": 1.5282937151560072e-14
  }
}
