{"raw": {"cov_gene": 69.33569516015082, "r2_depth": 1.0, "r_mono": 1.0, "cov_cell": 3.813443639604945}, "PF": {"cov_gene": 25.23063706899117, "r2_depth": 0, "r_mono": 1.0, "cov_cell": 4.122188526498045e-15}, "sqrt": {"cov_gene": 8.878630905733568, "r2_depth": 0.959869446299388, "r_mono": 1.0, "cov_cell": 2.4553759779720807}, "log1p": {"cov_gene": 4.2822623131684185, "r2_depth": 0.952290785670959, "r_mono": 1.0, "cov_cell": 2.4427965665439313}, "log1pCP10k": {"cov_gene": 3.725244351372769, "r2_depth": 0.5958350986801801, "r_mono": 1.0, "cov_cell": 0.7923687879291009}, "log1pCPM": {"cov_gene": 2.977580834174148, "r2_depth": 0.8124150767984533, "r_mono": 1.0, "cov_cell": 1.3396640032768317}, "scalelog1pCP10k": {"cov_gene": 8.419502769874018e-14, "r2_depth": 0.5761077539686958, "r_mono": 0.15459783173201722, "cov_cell": null}, "sctransform": {"cov_gene": 0.7123150729304848, "r2_depth": 0.2483294319728051, "r_mono": 0.133169616344054, "cov_cell": null}, "log1pPF": {"cov_gene": 4.881099930699216, "r2_depth": 0.2769581734311818, "r_mono": 1.0, "cov_cell": 0.31631362936557966}, "PFlog1pPF": {"cov_gene": 5.268147476571043, "r2_depth": 0, "r_mono": 1.0, "cov_cell": 3.851365516439618e-15}, "ncells": 5224, "ngenes": 15483, "avg_per_cell": 478.41, "avg_per_gene": 161.42, "min_cell": 71.0, "max_cell": 40523.0, "overdispersion": 13.22, "total_count": 2499225, "nvals": 903877, "sparsity": 0.011175090617096319}