{"ncells": 3121, "ngenes": 20217, "nvals": 3417047, "density": 0.05415523847573913, "avg_per_cell": 3275.240628003845, "avg_per_gene": 505.6153732007716, "min_cell": 1886, "max_cell": 16277, "total_count": 10222026, "overdispersion": 0.14602227493926823, "sctransform": {"cov_gene": 1.239553023337447, "cov_cell": null, "r2_depth": 0.0158537205174899, "r_mono": 0.28714597227549965}, "scalelog1pCP10k": {"cov_gene": 4.4418291151672715e-14, "cov_cell": null, "r2_depth": 0.4631196475592897, "r_mono": 0.3510695687729224}, "raw": {"cov_gene": 70.46463575012513, "cov_cell": 0.4224505968926233, "r2_depth": 1, "r_mono": 1}, "PF": {"cov_gene": 54.13234975087681, "cov_cell": 1.4061692746647685e-14, "r2_depth": 0, "r_mono": 1}, "log1p": {"cov_gene": 2.3147093028435415, "cov_cell": 0.4283489806097667, "r2_depth": 0.7850318401187587, "r_mono": 1}, "sqrt": {"cov_gene": 3.161178405143811, "cov_cell": 0.4222127425219496, "r2_depth": 0.8044059304521891, "r_mono": 1}, "log1pPF": {"cov_gene": 2.1922615849023255, "cov_cell": 0.2021561395143748, "r2_depth": 0.3619557917929237, "r_mono": 1}, "PFlog1pPF": {"cov_gene": 3.4057552918480134, "cov_cell": 1.1221464927054516e-14, "r2_depth": 0, "r_mono": 1}, "log1pCPM": {"cov_gene": 1.4070942421104933, "cov_cell": 0.3644498427031444, "r2_depth": 0.6614733681510414, "r_mono": 1}, "log1pCP10k": {"cov_gene": 1.724151752178025, "cov_cell": 0.25058923694495383, "r2_depth": 0.47212632782696784, "r_mono": 1}}