{"raw": {"cov_gene": 67.98206631525335, "r2_depth": 1.0, "r_mono": 1.0}, "PF": {"cov_gene": 90.80368972238468, "r2_depth": 0, "r_mono": 1.0}, "sqrt": {"cov_gene": 4.028559316291486, "r2_depth": 0.8734354904077991, "r_mono": 1.0}, "log1p": {"cov_gene": 3.144863122433363, "r2_depth": 0.8598161062840592, "r_mono": 1.0}, "log1pCP10k": {"cov_gene": 1.9539412081514558, "r2_depth": 0.5568732372794027, "r_mono": 1.0}, "log1pCPM": {"cov_gene": 1.5518949496294918, "r2_depth": 0.7444201699654698, "r_mono": 1.0}, "scalelog1pCP10k": {"cov_gene": 7.407586490667371e-14, "r2_depth": 0.45916311983923996, "r_mono": 0.31811318578465725}, "sctransform": {"cov_gene": 0.5251562919208282, "r2_depth": 0.1532804805119793, "r_mono": 0.2576097695360869}, "log1pPF": {"cov_gene": 2.7401323239198643, "r2_depth": 0.3800629135235729, "r_mono": 1.0}, "PFlog1pPF": {"cov_gene": 3.8379742656583984, "r2_depth": 0, "r_mono": 1.0}}