{
  "ncells": 7040,
  "ngenes": 60623,
  "nvals": 2921683,
  "density": 0.006845781135422649,
  "total_counts": 5591512,
  "overdispersion": 0.3101887981942053,
  "avg_per_cell": 794.2488636363636,
  "avg_per_gene": 92.2341685498903,
  "max_cell": 4568,
  "min_cell": 55,
  "raw": {
    "cov_gene": 60.61362147493446,
    "cov_cell": 0.6039036278070795,
    "r2_depth": 1,
    "r_mono": 1
  },
  "PF": {
    "cov_gene": 100.78557033128992,
    "cov_cell": 5.509544779115076e-15,
    "r2_depth": 0,
    "r_mono": 1
  },
  "sqrt": {
    "cov_gene": 6.984512167454253,
    "cov_cell": 0.522756948119338,
    "r2_depth": 0.9802261263028552,
    "r_mono": 1
  },
  "log1p": {
    "cov_gene": 7.048660719965165,
    "cov_cell": 0.5240195992694792,
    "r2_depth": 0.9794081275286632,
    "r_mono": 1
  },
  "log1pCP10k": {
    "cov_gene": 4.599960523125176,
    "cov_cell": 0.3357871827636178,
    "r2_depth": 0.8607052659248291,
    "r_mono": 1
  },
  "log1pCPM": {
    "cov_gene": 4.077579636752824,
    "cov_cell": 0.4235224079150605,
    "r2_depth": 0.9313645755015104,
    "r_mono": 1
  },
  "log1pPF": {
    "cov_gene": 6.471483038609567,
    "cov_cell": 0.2072915134177331,
    "r2_depth": 0.6669751151128298,
    "r_mono": 1
  },
  "PFlog1pPF": {
    "cov_gene": 7.451168594964329,
    "cov_cell": 4.807793580742822e-15,
    "r2_depth": 0,
    "r_mono": 1
  }
}
