{"ncells": 3505, "ngenes": 60623, "nvals": 2830797, "avg_per_cell": 2422.912410841655, "avg_per_gene": 140.0839285419725, "min_cell": 267, "max_cell": 20891, "total_count": 8492308, "overdispersion": 2.1127146407054735, "raw": {"cov_gene": 176.03860824476607, "cov_cell": 0.9284209465772523, "r2_depth": 1.0, "r_mono": 1}, "PF": {"cov_gene": 95.05409731225235, "cov_cell": 1.0470734339571988e-14, "r2_depth": 0, "r_mono": 1}, "log1p": {"cov_gene": 6.044666404413003, "cov_cell": 0.7542703304627171, "r2_depth": 0.9336351179969055, "r_mono": 1}, "log1pPF": {"cov_gene": 5.536421458798059, "cov_cell": 0.2840903265725529, "r2_depth": 0.4786732481173539, "r_mono": 1}, "PFlog1pPF": {"cov_gene": 8.639570088388345, "cov_cell": 9.453043644247485e-15, "r2_depth": 0, "r_mono": 1}, "log1pCPM": {"cov_gene": 3.3957605724956093, "cov_cell": 0.5628853271777887, "r2_depth": 0.8623730428097651, "r_mono": 1}, "log1pCP10k": {"cov_gene": 4.248640230233662, "cov_cell": 0.379012379993807, "r2_depth": 0.6595861169993045, "r_mono": 1}, "sqrt": {"cov_gene": 13.921187629051644, "cov_cell": 0.7561075192815865, "r2_depth": 0.9414499963769906, "r_mono": 1}, "density": 0.013322424884384615}