{
    "raw": {
        "cov_gene": 97.91067873774195,
        "r2_depth": 1.0,
        "r_mono": 1.0
    },
    "PF": {
        "cov_gene": 52.85852421723779,
        "r2_depth": 0,
        "r_mono": 1.0
    },
    "sqrt": {
        "cov_gene": 7.72889254606579,
        "r2_depth": 0.940367782720214,
        "r_mono": 1.0
    },
    "log1p": {
        "cov_gene": 3.2728246129188197,
        "r2_depth": 0.9324626545216635,
        "r_mono": 1.0
    },
    "log1pCP10k": {
        "cov_gene": 2.2261058980719453,
        "r2_depth": 0.657645692680751,
        "r_mono": 1.0
    },
    "log1pCPM": {
        "cov_gene": 1.7124028537056206,
        "r2_depth": 0.8602548951177571,
        "r_mono": 1.0
    },
    "scalelog1pCP10k": {
        "cov_gene": 5.154681238707204e-14,
        "r2_depth": 0.7063975031079965,
        "r_mono": 0.3134735923963727
    },
    "sctransform": {
        "cov_gene": 0.4556962618173984,
        "r2_depth": 0.06480051291307343,
        "r_mono": 0.23227837068447674
    },
    "log1pPF": {
        "cov_gene": 2.9797737340958825,
        "r2_depth": 0.47697908001344413,
        "r_mono": 1.0
    },
    "PFlog1pPF": {
        "cov_gene": 4.7601761080738765,
        "r2_depth": 0,
        "r_mono": 1.0
    },
    "ncells": "3505",
    "ngenes": 18754,
    "avg_per_cell": "2417.48",
    "avg_per_gene": "451.81",
    "min_cell": "267",
    "max_cell": "20773",
    "overdispersion": "2.11"
}