{"raw": {"cov_gene": 24.717991068461718, "r2_depth": 1.0, "r_mono": 1.0, "cov_cell": 1.7031890851345348}, "PF": {"cov_gene": 25.638790366067497, "r2_depth": 0, "r_mono": 1.0, "cov_cell": 3.1654569781012743e-14}, "sqrt": {"cov_gene": 7.043472084569343, "r2_depth": 0.9337611119919165, "r_mono": 1.0, "cov_cell": 1.2844564971387538}, "log1p": {"cov_gene": 4.081080135214918, "r2_depth": 0.9281881003023625, "r_mono": 1.0, "cov_cell": 1.2749562345885461}, "log1pCP10k": {"cov_gene": 3.315748484055805, "r2_depth": 0.46022269841565133, "r_mono": 1.0, "cov_cell": 0.7216984558710142}, "log1pCPM": {"cov_gene": 1.8051687206056577, "r2_depth": 0.7482065186457119, "r_mono": 1.0, "cov_cell": 0.9830992627997873}, "scalelog1pCP10k": {"cov_gene": 9.605052996367406e-14, "r2_depth": 0.5114977804177596, "r_mono": 0.28741111093928357, "cov_cell": null}, "sctransform": {"cov_gene": 0.5310651125956088, "r2_depth": 0.5941012739733832, "r_mono": 0.19275438590562177, "cov_cell": null}, "log1pPF": {"cov_gene": 4.294947388489263, "r2_depth": 0.3872060198215759, "r_mono": 1.0, "cov_cell": 0.621114822359952}, "PFlog1pPF": {"cov_gene": 6.670369883581073, "r2_depth": 0, "r_mono": 1.0, "cov_cell": 2.6047129221898636e-14}, "ncells": 6510, "ngenes": 26757, "avg_per_cell": 3714.69, "avg_per_gene": 903.79, "min_cell": 72.0, "max_cell": 64933.0, "overdispersion": 2.59, "total_count": 24182643, "nvals": 7876380, "sparsity": 0.0452176776515177}