{
    "raw": {
        "cov_gene": 90.58841730694395,
        "r2_depth": 1.0,
        "r_mono": 1.0
    },
    "PF": {
        "cov_gene": 34.30234589540027,
        "r2_depth": 0,
        "r_mono": 1.0
    },
    "sqrt": {
        "cov_gene": 4.522974582118144,
        "r2_depth": 0.8887544505842275,
        "r_mono": 1.0
    },
    "log1p": {
        "cov_gene": 1.8666658223963426,
        "r2_depth": 0.873664745191097,
        "r_mono": 1.0
    },
    "log1pCP10k": {
        "cov_gene": 1.5567145994651752,
        "r2_depth": 0.4191333172597287,
        "r_mono": 1.0
    },
    "log1pCPM": {
        "cov_gene": 0.8993912581200912,
        "r2_depth": 0.7177897644679385,
        "r_mono": 1.0
    },
    "scalelog1pCP10k": {
        "cov_gene": 1.591968921662185e-14,
        "r2_depth": 0.4484827982712297,
        "r_mono": 0.5441207722751397
    },
    "sctransform": {
        "cov_gene": 0.6808549513467755,
        "r2_depth": 0.11516381511264961,
        "r_mono": 0.41368463599862887
    },
    "log1pPF": {
        "cov_gene": 1.7365062182502042,
        "r2_depth": 0.38856667992393756,
        "r_mono": 1.0
    },
    "PFlog1pPF": {
        "cov_gene": 23.085775104059383,
        "r2_depth": 0,
        "r_mono": 1.0
    },
    "ncells": "1222",
    "ngenes": 14043,
    "avg_per_cell": "7550.03",
    "avg_per_gene": "656.99",
    "min_cell": "500",
    "max_cell": "56786",
    "overdispersion": "0.62"
}