{
    "raw": {
        "cov_gene": 69.96387557343208,
        "r2_depth": 1.0,
        "r_mono": 1.0
    },
    "PF": {
        "cov_gene": 66.92865811331214,
        "r2_depth": 0,
        "r_mono": 1.0
    },
    "sqrt": {
        "cov_gene": 10.234345318072304,
        "r2_depth": 0.9700925524680176,
        "r_mono": 1.0
    },
    "log1p": {
        "cov_gene": 3.0104466771723275,
        "r2_depth": 0.9658978853092708,
        "r_mono": 1.0
    },
    "log1pCP10k": {
        "cov_gene": 3.0385262577544796,
        "r2_depth": 0.7170426851583812,
        "r_mono": 1.0
    },
    "log1pCPM": {
        "cov_gene": 1.3930395070504507,
        "r2_depth": 0.8849666570870063,
        "r_mono": 1.0
    },
    "scalelog1pCP10k": {
        "cov_gene": 3.78108863405743e-14,
        "r2_depth": 0.6812726092496917,
        "r_mono": 0.39777569199502855
    },
    "sctransform": {
        "cov_gene": 0.7582812128366018,
        "r2_depth": 0.7040452103360253,
        "r_mono": 0.23802837360064902
    },
    "log1pPF": {
        "cov_gene": 3.0397599821759536,
        "r2_depth": 0.716946112377425,
        "r_mono": 1.0
    },
    "PFlog1pPF": {
        "cov_gene": 5.882445789092734,
        "r2_depth": 0,
        "r_mono": 1.0
    },
    "ncells": 2515,
    "ngenes": 25736,
    "avg_per_cell": 9985.41,
    "avg_per_gene": 975.8,
    "min_cell": 194.0,
    "max_cell": 66568.0,
    "overdispersion": 1.55
}