{"ncells": 2518, "ngenes": 24059, "nvals": 5770605, "density": 0.09525505887515537, "avg_per_cell": 10038.92017474186, "avg_per_gene": 1050.6671515856851, "min_cell": 195, "max_cell": 69786, "total_count": 25278001, "overdispersion": 1.5537888807653955, "sctransform": {"cov_gene": 1.7421382271782304, "cov_cell": null, "r2_depth": 0.66081868006629, "r_mono": 0.23609932708799214}, "scalelog1pCP10k": {"cov_gene": 3.754115752297951e-14, "cov_cell": null, "r2_depth": 0.685575802322007, "r_mono": 0.40420218467080443}, "raw": {"cov_gene": 64.85047385829027, "cov_cell": 1.1354732981155364, "r2_depth": 1, "r_mono": 1}, "PF": {"cov_gene": 66.47462738589888, "cov_cell": 2.880426909568981e-14, "r2_depth": 0, "r_mono": 1}, "log1p": {"cov_gene": 2.958141442381554, "cov_cell": 0.9925939768129473, "r2_depth": 0.9649778592429514, "r_mono": 1}, "sqrt": {"cov_gene": 9.997066593712475, "cov_cell": 0.9956397049087257, "r2_depth": 0.9693502864653359, "r_mono": 1}, "log1pPF": {"cov_gene": 2.9664974401801336, "cov_cell": 0.5408782502676157, "r2_depth": 0.7136688468728032, "r_mono": 1}, "PFlog1pPF": {"cov_gene": 5.721306712614089, "cov_cell": 2.6878332698445766e-14, "r2_depth": 0, "r_mono": 1}, "log1pCPM": {"cov_gene": 1.3657934314866065, "cov_cell": 0.8119720105656042, "r2_depth": 0.8826852945680652, "r_mono": 1}, "log1pCP10k": {"cov_gene": 2.969683490355654, "cov_cell": 0.5404569151463098, "r2_depth": 0.7134080424723633, "r_mono": 1}}