{"ncells": 4000, "ngenes": 25206, "nvals": 8750997, "density": 0.08679478100452273, "avg_per_cell": 6716.36375, "avg_per_gene": 1065.8357137189557, "min_cell": 1593, "max_cell": 53354, "total_count": 26865455, "overdispersion": 0.9680819244877168, "raw": {"cov_gene": 32.466999606552704, "cov_cell": 0.7981630522542562, "r2_depth": 1, "r_mono": 1}, "PF": {"cov_gene": 65.12938422239635, "cov_cell": 2.4931404506825228e-14, "r2_depth": 0, "r_mono": 1}, "log1p": {"cov_gene": 2.248031286026151, "cov_cell": 0.5827044769829102, "r2_depth": 0.9536309878188717, "r_mono": 1}, "sqrt": {"cov_gene": 4.003894404301899, "cov_cell": 0.5843070465585243, "r2_depth": 0.9604764143068311, "r_mono": 1}, "log1pPF": {"cov_gene": 1.8989132871054115, "cov_cell": 0.1661778864923001, "r2_depth": 0.43598347515861713, "r_mono": 1}, "PFlog1pPF": {"cov_gene": 3.803275308660812, "cov_cell": 1.983322864513074e-14, "r2_depth": 0, "r_mono": 1}, "log1pCPM": {"cov_gene": 1.3638809737794149, "cov_cell": 0.37101461642260497, "r2_depth": 0.8375897513392363, "r_mono": 1}, "log1pCP10k": {"cov_gene": 1.7619202360658706, "cov_cell": 0.18647954476025033, "r2_depth": 0.5112135970759332, "r_mono": 1}, "sctransform": {"cov_gene": 2.0952308107973643, "cov_cell": null, "r2_depth": 0.4015774115113723, "r_mono": 0.2572918519302695}, "scalelog1pCP10k": {"cov_gene": 5.694956398669124e-14, "cov_cell": null, "r2_depth": 0.3640573148463444, "r_mono": 0.4325024528945729}}