{
  "ncells": 2122,
  "ngenes": 22152,
  "nvals": 3152073,
  "density": 0.06705604649429237,
  "total_counts": 9450013,
  "overdispersion": 0.11,
  "avg_per_cell": 4453.35,
  "avg_per_gene": 426.6,
  "max_cell": 43506,
  "min_cell": 2524,
  "raw": {
    "cov_gene": 36.86953390972055,
    "r2_depth": 1,
    "r_mono": 1,
    "cov_cell": 0.3926437246356666
  },
  "PF": {
    "cov_gene": 55.09008747344435,
    "r2_depth": 0,
    "r_mono": 1,
    "cov_cell": 2.2497533617885983e-14
  },
  "sqrt": {
    "cov_gene": 2.4957630654533287,
    "r2_depth": 0.9041044483368725,
    "r_mono": 1,
    "cov_cell": 0.28886906876439994
  },
  "log1p": {
    "cov_gene": 1.9044268617563997,
    "r2_depth": 0.8823789447358052,
    "r_mono": 1,
    "cov_cell": 0.28726134440253837
  },
  "log1pCP10k": {
    "cov_gene": 1.5658475595672618,
    "r2_depth": 0.2915447790876988,
    "r_mono": 1,
    "cov_cell": 0.11681097922114153
  },
  "log1pCPM": {
    "cov_gene": 1.2582418119136785,
    "r2_depth": 0.6812208719998681,
    "r_mono": 1,
    "cov_cell": 0.19784374987569844
  },
  "scalelog1pCP10k": {
    "cov_gene": 2.9489146575603396e-14,
    "r2_depth": 0.2773673661301339,
    "r_mono": 0.3936879188473179,
    "cov_cell": null
  },
  "sctransform": {
    "cov_gene": 0.5100322976839871,
    "r2_depth": 0.06555864236819309,
    "r_mono": 0.31652260229473855,
    "cov_cell": null
  },
  "log1pPF": {
    "cov_gene": 1.8573676399967307,
    "r2_depth": 0.15994937612833748,
    "r_mono": 1,
    "cov_cell": 0.10101306520759189
  },
  "PFlog1pPF": {
    "cov_gene": 3.011856745687917,
    "r2_depth": 0,
    "r_mono": 1,
    "cov_cell": 1.3701159083440982e-14
  }
}
