{
  "ncells": 11255,
  "ngenes": 60623,
  "nvals": 1898230,
  "density": 0.0027820562668949044,
  "total_counts": 3130806,
  "overdispersion": 2.987329486068846,
  "avg_per_cell": 278.1702354509107,
  "avg_per_gene": 51.643864539861106,
  "max_cell": 6689,
  "min_cell": 1,
  "raw": {
    "cov_gene": 152.56418742852637,
    "cov_cell": 0.8244050079062852,
    "r2_depth": 1,
    "r_mono": 1
  },
  "PF": {
    "cov_gene": 122.82164665762099,
    "cov_cell": 2.475917904212989e-15,
    "r2_depth": 0,
    "r_mono": 1
  },
  "sqrt": {
    "cov_gene": 14.77858934839541,
    "cov_cell": 0.6263181104062332,
    "r2_depth": 0.8897197520496143,
    "r_mono": 1
  },
  "log1p": {
    "cov_gene": 9.276152078388334,
    "cov_cell": 0.6360100303102398,
    "r2_depth": 0.8847174869012073,
    "r_mono": 1
  },
  "log1pCP10k": {
    "cov_gene": 4.917910612947483,
    "cov_cell": 0.35950484864249505,
    "r2_depth": 0.5517414947611734,
    "r_mono": 1
  },
  "log1pCPM": {
    "cov_gene": 4.507079787728434,
    "cov_cell": 0.45910836576424013,
    "r2_depth": 0.7144720385171148,
    "r_mono": 1
  },
  "log1pPF": {
    "cov_gene": 8.992129901488097,
    "cov_cell": 0.20586081542335324,
    "r2_depth": 0.1271126926743813,
    "r_mono": 1
  },
  "PFlog1pPF": {
    "cov_gene": 57.44206392392964,
    "cov_cell": 2.2955592377016308e-15,
    "r2_depth": 0,
    "r_mono": 1
  }
}
