{
  "ncells": 4996,
  "ngenes": 17359,
  "nvals": 1252461,
  "density": 0.014441658747817426,
  "total_counts": 6927018,
  "overdispersion": 0.3723139128526405,
  "avg_per_cell": 1386.5128102481985,
  "avg_per_gene": 399.0447606428942,
  "max_cell": 51099,
  "min_cell": 475,
  "raw": {
    "cov_gene": 38.82784137207089,
    "cov_cell": 1.881178109267812,
    "r2_depth": 1,
    "r_mono": 1
  },
  "PF": {
    "cov_gene": 46.692861009790555,
    "cov_cell": 7.028253238492191e-15,
    "r2_depth": 0,
    "r_mono": 1
  },
  "sqrt": {
    "cov_gene": 7.7666314132477945,
    "cov_cell": 2.218690420319532,
    "r2_depth": 0.9278810322475883,
    "r_mono": 1
  },
  "log1p": {
    "cov_gene": 3.510289825349653,
    "cov_cell": 2.3487834227644475,
    "r2_depth": 0.9172134772709343,
    "r_mono": 1
  },
  "log1pCP10k": {
    "cov_gene": 3.3570113101549017,
    "cov_cell": 1.0398225087451463,
    "r2_depth": 0.44303662160756974,
    "r_mono": 1
  },
  "log1pCPM": {
    "cov_gene": 2.476698875341868,
    "cov_cell": 1.6274883482836546,
    "r2_depth": 0.7180172216863463,
    "r_mono": 1
  },
  "scalelog1pCP10k": {
    "cov_gene": 7.669588407054887e-14,
    "cov_cell": null,
    "r2_depth": 0.40535712799841117,
    "r_mono": 0.16133729543466674
  },
  "sctransform": {
    "cov_gene": 1.1136249134462655,
    "cov_cell": null,
    "r2_depth": 0.23094651377220576,
    "r_mono": 0.1385454202128416
  },
  "log1pPF": {
    "cov_gene": 4.790067517884353,
    "cov_cell": 0.7317356675016758,
    "r2_depth": 0.28936564710258905,
    "r_mono": 1
  },
  "PFlog1pPF": {
    "cov_gene": 15.332872882903631,
    "cov_cell": 5.74510641626586e-15,
    "r2_depth": 0,
    "r_mono": 1
  }
}
