{
  "ncells": 2484,
  "ngenes": 60623,
  "nvals": 1658057,
  "density": 0.011010586188503308,
  "total_counts": 4900816,
  "overdispersion": 2.345011759440651,
  "avg_per_cell": 1972.9533011272142,
  "avg_per_gene": 80.84086897712089,
  "max_cell": 11991,
  "min_cell": 26,
  "raw": {
    "cov_gene": 133.1793912019185,
    "cov_cell": 0.8630695245723153,
    "r2_depth": 1,
    "r_mono": 1
  },
  "PF": {
    "cov_gene": 176.5393360523533,
    "cov_cell": 1.1558829542548441e-14,
    "r2_depth": 0,
    "r_mono": 1
  },
  "sqrt": {
    "cov_gene": 21.987784119793915,
    "cov_cell": 0.9528898373980286,
    "r2_depth": 0.8948574623181429,
    "r_mono": 1
  },
  "log1p": {
    "cov_gene": 6.708708885511374,
    "cov_cell": 0.9696899693919611,
    "r2_depth": 0.8868849108991557,
    "r_mono": 1
  },
  "log1pCP10k": {
    "cov_gene": 4.365649811579648,
    "cov_cell": 0.6826651132783983,
    "r2_depth": 0.6201336934074166,
    "r_mono": 1
  },
  "log1pCPM": {
    "cov_gene": 3.0009476473051464,
    "cov_cell": 0.8485266831420338,
    "r2_depth": 0.8014743884576387,
    "r_mono": 1
  },
  "log1pPF": {
    "cov_gene": 7.625298015051637,
    "cov_cell": 0.5829073390713052,
    "r2_depth": 0.439133724155226,
    "r_mono": 1
  },
  "PFlog1pPF": {
    "cov_gene": 115.0407904615184,
    "cov_cell": 9.554080009573556e-15,
    "r2_depth": 0,
    "r_mono": 1
  }
}
