{"ncells": 1108, "ngenes": 60623, "nvals": 4619357, "density": 0.06877084217777016, "avg_per_cell": 13892.231046931407, "avg_per_gene": 253.90680104910678, "min_cell": 2892, "max_cell": 119815, "total_count": 15392592, "overdispersion": 0.4421326478194161, "log1pCP10k": {"cov_gene": 2.5627879725966025, "cov_cell": 0.11764601326834685, "r2_depth": 0.43357690546709204, "r_mono": 1}, "PF": {"cov_gene": 159.55767203866466, "cov_cell": 4.249706619783298e-14, "r2_depth": 0, "r_mono": 1}, "PFlog1pPF": {"cov_gene": 3.3407284257641985, "cov_cell": 3.215302924223171e-14, "r2_depth": 0, "r_mono": 1}, "log1pPF": {"cov_gene": 2.4086172420341594, "cov_cell": 0.13048775109523833, "r2_depth": 0.4778695320164218, "r_mono": 1}, "log1pCPM": {"cov_gene": 1.9040577410189141, "cov_cell": 0.27465456633556823, "r2_depth": 0.7785010783494258, "r_mono": 1}, "log1p": {"cov_gene": 2.5841303033205816, "cov_cell": 0.48793095487907107, "r2_depth": 0.9419352022444141, "r_mono": 1}, "raw": {"cov_gene": 88.96049042771538, "cov_cell": 0.7325864468069289, "r2_depth": 1, "r_mono": 1}, "sqrt": {"cov_gene": 4.641535069219849, "cov_cell": 0.4920247709817527, "r2_depth": 0.9504020104498999, "r_mono": 1}}