{
  "ncells": 1497,
  "ngenes": 60623,
  "nvals": 2512617,
  "density": 0.02768643699156226,
  "total_counts": 7037645,
  "overdispersion": 0.2077451252390221,
  "avg_per_cell": 4701.165664662659,
  "avg_per_gene": 116.08869570954919,
  "max_cell": 65629,
  "min_cell": 104,
  "raw": {
    "cov_gene": 93.22378422586974,
    "cov_cell": 0.6738740407021657,
    "r2_depth": 1,
    "r_mono": 1
  },
  "PF": {
    "cov_gene": 72.08127266147665,
    "cov_cell": 1.5554968809346155e-14,
    "r2_depth": 0,
    "r_mono": 1
  },
  "sqrt": {
    "cov_gene": 6.5821670551166465,
    "cov_cell": 0.45373613179794886,
    "r2_depth": 0.861710924386681,
    "r_mono": 1
  },
  "log1p": {
    "cov_gene": 3.6337913153159858,
    "cov_cell": 0.4473654635029022,
    "r2_depth": 0.8423542914460875,
    "r_mono": 1
  },
  "log1pCP10k": {
    "cov_gene": 2.9989223006029126,
    "cov_cell": 0.2914907162840796,
    "r2_depth": 0.3050077734842508,
    "r_mono": 1
  },
  "log1pCPM": {
    "cov_gene": 2.392482791481233,
    "cov_cell": 0.3529488394873858,
    "r2_depth": 0.5721522029658507,
    "r_mono": 1
  },
  "log1pPF": {
    "cov_gene": 3.5463518518227324,
    "cov_cell": 0.2746097411970699,
    "r2_depth": 0.25965927663490485,
    "r_mono": 1
  },
  "PFlog1pPF": {
    "cov_gene": 22.108147819439854,
    "cov_cell": 1.784138294272099e-14,
    "r2_depth": 0,
    "r_mono": 1
  }
}
