{
  "ncells": 6018,
  "ngenes": 60623,
  "nvals": 6942589,
  "density": 0.01902969590587666,
  "total_counts": 21012077,
  "overdispersion": 1.4013549757451222,
  "avg_per_cell": 3491.5382186773013,
  "avg_per_gene": 346.60239513056104,
  "max_cell": 41413,
  "min_cell": 1315,
  "raw": {
    "cov_gene": 138.41679589287983,
    "cov_cell": 0.8207524279739313,
    "r2_depth": 1,
    "r_mono": 1
  },
  "PF": {
    "cov_gene": 130.12654512539365,
    "cov_cell": 1.5166304491137965e-14,
    "r2_depth": 0,
    "r_mono": 1
  },
  "sqrt": {
    "cov_gene": 13.230565288637314,
    "cov_cell": 0.5515336867989278,
    "r2_depth": 0.8573243697277907,
    "r_mono": 1
  },
  "log1p": {
    "cov_gene": 4.33601521619652,
    "cov_cell": 0.5410123428066739,
    "r2_depth": 0.8414662656344117,
    "r_mono": 1
  },
  "log1pCP10k": {
    "cov_gene": 3.2927438252840857,
    "cov_cell": 0.1884925805000802,
    "r2_depth": 0.23513470037785922,
    "r_mono": 1
  },
  "log1pCPM": {
    "cov_gene": 2.6897351929073845,
    "cov_cell": 0.3480392500870915,
    "r2_depth": 0.6693282645080848,
    "r_mono": 1
  },
  "log1pPF": {
    "cov_gene": 4.1405588303628535,
    "cov_cell": 0.15556255662109245,
    "r2_depth": 0.07493495738907407,
    "r_mono": 1
  },
  "PFlog1pPF": {
    "cov_gene": 18.07988445201742,
    "cov_cell": 1.0745949590429835e-14,
    "r2_depth": 0,
    "r_mono": 1
  }
}
