{"ncells": 6280, "ngenes": 60623, "nvals": 17455400, "avg_per_cell": 9482.318630573249, "avg_per_gene": 982.2833083153258, "min_cell": 734, "max_cell": 138104, "total_count": 59548961, "overdispersion": 12.50393019803603, "raw": {"cov_gene": 146.21850625731287, "cov_cell": 1.5650401779638943, "r2_depth": 1.0, "r_mono": 1}, "PF": {"cov_gene": 128.3555033716462, "cov_cell": 2.947910984661444e-14, "r2_depth": 0, "r_mono": 1}, "log1p": {"cov_gene": 3.108980298507752, "cov_cell": 1.0998853237425978, "r2_depth": 0.9038127065556197, "r_mono": 1}, "log1pPF": {"cov_gene": 3.0262573321250335, "cov_cell": 0.38612936693165173, "r2_depth": 0.4138623300506964, "r_mono": 1}, "PFlog1pPF": {"cov_gene": 3.6313377258189883, "cov_cell": 2.7687712803333993e-14, "r2_depth": 0, "r_mono": 1}, "log1pCPM": {"cov_gene": 2.0775839778407708, "cov_cell": 0.6934454231041772, "r2_depth": 0.6666652643981994, "r_mono": 1}, "log1pCP10k": {"cov_gene": 3.0006186730300963, "cov_cell": 0.39136472835860037, "r2_depth": 0.4174546403370667, "r_mono": 1}, "sqrt": {"cov_gene": 7.205413899402052, "cov_cell": 1.108071747247407, "r2_depth": 0.9196766632762123, "r_mono": 1}, "density": 0.0458493029542192}