{"raw": {"cov_gene": 69.8080164665633, "r2_depth": 1.0, "r_mono": 1.0, "cov_cell": 0.7038832883371743}, "PF": {"cov_gene": 62.727217066215, "r2_depth": 0, "r_mono": 1.0, "cov_cell": 1.107372102950818e-14}, "sqrt": {"cov_gene": 7.777261739347483, "r2_depth": 0.9488466738540734, "r_mono": 1.0, "cov_cell": 0.5923097275730018}, "log1p": {"cov_gene": 3.8485701506780434, "r2_depth": 0.9427877296932333, "r_mono": 1.0, "cov_cell": 0.5909602173299162}, "log1pCP10k": {"cov_gene": 2.3725103987733203, "r2_depth": 0.7108191666266385, "r_mono": 1.0, "cov_cell": 0.3479890260334663}, "log1pCPM": {"cov_gene": 1.9166883370144663, "r2_depth": 0.8698841836965572, "r_mono": 1.0, "cov_cell": 0.4712688971776615}, "scalelog1pCP10k": {"cov_gene": 1.1696822728223535e-13, "r2_depth": 0.7100619298572767, "r_mono": 0.27760860896873785, "cov_cell": null}, "sctransform": {"cov_gene": 0.8379585344586891, "r2_depth": 0.31167212645375764, "r_mono": 0.21124445171954817, "cov_cell": null}, "log1pPF": {"cov_gene": 3.5558644800624566, "r2_depth": 0.4804021442583173, "r_mono": 1.0, "cov_cell": 0.24948517227207187}, "PFlog1pPF": {"cov_gene": 7.559694708575577, "r2_depth": 0, "r_mono": 1.0, "cov_cell": 7.020931045074714e-15}, "ncells": 8064, "ngenes": 22191, "avg_per_cell": 1639.99, "avg_per_gene": 595.96, "min_cell": 149.0, "max_cell": 12795.0, "overdispersion": 1.62, "total_count": 13224867, "nvals": 5748717, "sparsity": 0.032125029639858284}