{"ncells": 10255, "ngenes": 60623, "nvals": 15270224, "density": 0.024562485930964842, "avg_per_cell": 5279.338176499268, "avg_per_gene": 893.0540059053494, "min_cell": 66, "max_cell": 49189, "total_count": 54139613, "overdispersion": 2.7952747896967476, "log1pCP10k": {"cov_gene": 4.499157257890511, "cov_cell": 0.49710726320551685, "r2_depth": 0.5650607550502746, "r_mono": 1}, "PF": {"cov_gene": 83.13141003203843, "cov_cell": 1.955170331669987e-14, "r2_depth": 0, "r_mono": 1}, "log1p": {"cov_gene": 5.458556004039709, "cov_cell": 0.7869017779453854, "r2_depth": 0.9179621170451189, "r_mono": 1}, "log1pCPM": {"cov_gene": 2.7855160585212695, "cov_cell": 0.6477048733761551, "r2_depth": 0.8078895837408954, "r_mono": 1}, "PFlog1pPF": {"cov_gene": 13.982883011758142, "cov_cell": 1.598118141931558e-14, "r2_depth": 0, "r_mono": 1}, "log1pPF": {"cov_gene": 5.416995556825623, "cov_cell": 0.4609149809816677, "r2_depth": 0.5003868280144758, "r_mono": 1}, "raw": {"cov_gene": 122.16747113502606, "cov_cell": 0.9330431774638815, "r2_depth": 1, "r_mono": 1}, "sqrt": {"cov_gene": 15.8693254685393, "cov_cell": 0.7897895933290303, "r2_depth": 0.926308074146037, "r_mono": 1}}