{
  "ncells": 2263,
  "ngenes": 60623,
  "nvals": 5236668,
  "density": 0.03817095826091331,
  "total_counts": 22451092,
  "overdispersion": 0.36868512963115596,
  "avg_per_cell": 9920.94211224039,
  "avg_per_gene": 370.33950810748394,
  "max_cell": 35601,
  "min_cell": 330,
  "raw": {
    "cov_gene": 50.84626659790955,
    "cov_cell": 0.508788894151213,
    "r2_depth": 1,
    "r_mono": 1
  },
  "PF": {
    "cov_gene": 90.0790099320793,
    "cov_cell": 2.1869496722409082e-14,
    "r2_depth": 0,
    "r_mono": 1
  },
  "sqrt": {
    "cov_gene": 6.219930934621295,
    "cov_cell": 0.4090998199310519,
    "r2_depth": 0.9774391637478758,
    "r_mono": 1
  },
  "log1p": {
    "cov_gene": 3.4502275017026736,
    "cov_cell": 0.40469218816272373,
    "r2_depth": 0.9720106290561237,
    "r_mono": 1
  },
  "log1pCP10k": {
    "cov_gene": 3.0633314981463124,
    "cov_cell": 0.16792831030876657,
    "r2_depth": 0.6504916310898254,
    "r_mono": 1
  },
  "log1pCPM": {
    "cov_gene": 2.348310637919809,
    "cov_cell": 0.29555844549059157,
    "r2_depth": 0.9022208479912708,
    "r_mono": 1
  },
  "log1pPF": {
    "cov_gene": 3.0676308119201323,
    "cov_cell": 0.16760335752899588,
    "r2_depth": 0.6495833561662003,
    "r_mono": 1
  },
  "PFlog1pPF": {
    "cov_gene": 3.7477971759574378,
    "cov_cell": 1.9172215061727508e-14,
    "r2_depth": 0,
    "r_mono": 1
  }
}
