{
  "ncells": 6397,
  "ngenes": 60623,
  "nvals": 5060300,
  "density": 0.013048557086493481,
  "total_counts": 11848669,
  "overdispersion": 0.7148188145367369,
  "avg_per_cell": 1852.2227606690635,
  "avg_per_gene": 195.44841066921796,
  "max_cell": 22549,
  "min_cell": 295,
  "raw": {
    "cov_gene": 64.42246985676717,
    "cov_cell": 0.9850862421701605,
    "r2_depth": 1,
    "r_mono": 1
  },
  "PF": {
    "cov_gene": 72.02534768372246,
    "cov_cell": 1.0327117598294888e-14,
    "r2_depth": 0,
    "r_mono": 1
  },
  "sqrt": {
    "cov_gene": 6.659192806840395,
    "cov_cell": 0.6998145544817296,
    "r2_depth": 0.9415657824883917,
    "r_mono": 1
  },
  "log1p": {
    "cov_gene": 5.273445203182667,
    "cov_cell": 0.6904542638204175,
    "r2_depth": 0.932200125585017,
    "r_mono": 1
  },
  "log1pCP10k": {
    "cov_gene": 3.707154007007686,
    "cov_cell": 0.2915965129046466,
    "r2_depth": 0.5915823342397575,
    "r_mono": 1
  },
  "log1pCPM": {
    "cov_gene": 3.0901274812463013,
    "cov_cell": 0.4780643426738678,
    "r2_depth": 0.8199792128611373,
    "r_mono": 1
  },
  "log1pPF": {
    "cov_gene": 4.881182804199604,
    "cov_cell": 0.17894314620020665,
    "r2_depth": 0.3963505818232189,
    "r_mono": 1
  },
  "PFlog1pPF": {
    "cov_gene": 4.9768693549652285,
    "cov_cell": 9.075827458085704e-15,
    "r2_depth": 0,
    "r_mono": 1
  }
}
