{"raw": {"cov_gene": 25.920104834801588, "r2_depth": 1.0, "r_mono": 1.0, "cov_cell": 0.8601137382682066}, "PF": {"cov_gene": 37.03149581056437, "r2_depth": 0, "r_mono": 1.0, "cov_cell": 3.257590595002277e-14}, "sqrt": {"cov_gene": 5.071849169625879, "r2_depth": 0.9664915874709508, "r_mono": 1.0, "cov_cell": 0.7106792652822209}, "log1p": {"cov_gene": 2.7286483713981258, "r2_depth": 0.9614716728778105, "r_mono": 1.0, "cov_cell": 0.7050002040306812}, "log1pCP10k": {"cov_gene": 2.353177819133704, "r2_depth": 0.5955957002707067, "r_mono": 1.0, "cov_cell": 0.355038729886066}, "log1pCPM": {"cov_gene": 1.4155962769528299, "r2_depth": 0.8629012889515153, "r_mono": 1.0, "cov_cell": 0.5446105244515242}, "scalelog1pCP10k": {"cov_gene": 9.2564323616929e-14, "r2_depth": 0.5966289988862319, "r_mono": 0.39894797425628525, "cov_cell": null}, "sctransform": {"cov_gene": 1.0683388051194598, "r2_depth": 0.5922947469122369, "r_mono": 0.24212952529746376, "cov_cell": null}, "log1pPF": {"cov_gene": 2.512227347598279, "r2_depth": 0.5690536181213027, "r_mono": 1.0, "cov_cell": 0.34038912955552053}, "PFlog1pPF": {"cov_gene": 7.157825423964902, "r2_depth": 0, "r_mono": 1.0, "cov_cell": 2.3799009714647637e-14}, "ncells": 6473, "ngenes": 27749, "avg_per_cell": 7926.95, "avg_per_gene": 1849.12, "min_cell": 175.0, "max_cell": 50124.0, "overdispersion": 0.97, "total_count": 51311126, "nvals": 14093976, "density": 0.07846583192738271}