{
    "raw": {
        "cov_gene": 25.920104834801588,
        "r2_depth": 1.0,
        "r_mono": 1.0
    },
    "PF": {
        "cov_gene": 37.03149581056437,
        "r2_depth": 0,
        "r_mono": 1.0
    },
    "sqrt": {
        "cov_gene": 5.071849169625879,
        "r2_depth": 0.9664915874709508,
        "r_mono": 1.0
    },
    "log1p": {
        "cov_gene": 2.7286483713981258,
        "r2_depth": 0.9614716728778105,
        "r_mono": 1.0
    },
    "log1pCP10k": {
        "cov_gene": 2.353177819133704,
        "r2_depth": 0.5955957002707067,
        "r_mono": 1.0
    },
    "log1pCPM": {
        "cov_gene": 1.4155962769528299,
        "r2_depth": 0.8629012889515153,
        "r_mono": 1.0
    },
    "scalelog1pCP10k": {
        "cov_gene": 9.2564323616929e-14,
        "r2_depth": 0.5966289988862319,
        "r_mono": 0.39894797425628525
    },
    "sctransform": {
        "cov_gene": 1.0683388051194598,
        "r2_depth": 0.5922947469122369,
        "r_mono": 0.24212952529746376
    },
    "log1pPF": {
        "cov_gene": 2.512227347598279,
        "r2_depth": 0.5690536181213027,
        "r_mono": 1.0
    },
    "PFlog1pPF": {
        "cov_gene": 7.157825423964902,
        "r2_depth": 0,
        "r_mono": 1.0
    },
    "ncells": "6473",
    "ngenes": 27749,
    "avg_per_cell": "7926.95",
    "avg_per_gene": "1849.12",
    "min_cell": "175",
    "max_cell": "50124",
    "overdispersion": "0.97"
}