{
  "ncells": 30,
  "ngenes": 60623,
  "nvals": 5567,
  "density": 0.0030609944520506517,
  "total_counts": 10589,
  "overdispersion": 0.4292176516661639,
  "avg_per_cell": 352.96666666666664,
  "avg_per_gene": 0.17466967982448905,
  "max_cell": 740,
  "min_cell": 73,
  "raw": {
    "cov_gene": 104.27430784960272,
    "cov_cell": 0.5463672308390195,
    "r2_depth": 1,
    "r_mono": 1
  },
  "PF": {
    "cov_gene": 111.47842222030029,
    "cov_cell": 3.0698633193937753e-15,
    "r2_depth": 0,
    "r_mono": 1
  },
  "sqrt": {
    "cov_gene": 14.229620491989607,
    "cov_cell": 0.5270386141786494,
    "r2_depth": 0.9722462459617723,
    "r_mono": 1
  },
  "log1p": {
    "cov_gene": 11.038411950108722,
    "cov_cell": 0.5312354116270449,
    "r2_depth": 0.9703489183556546,
    "r_mono": 1
  },
  "log1pCP10k": {
    "cov_gene": 6.6207406977782375,
    "cov_cell": 0.38593949892059237,
    "r2_depth": 0.9224965935394466,
    "r_mono": 1
  },
  "log1pCPM": {
    "cov_gene": 6.121442650310138,
    "cov_cell": 0.4551076076726468,
    "r2_depth": 0.9421076593619211,
    "r_mono": 1
  },
  "log1pPF": {
    "cov_gene": 10.478188447311362,
    "cov_cell": 0.20867103257347847,
    "r2_depth": 0.7746877662241068,
    "r_mono": 1
  },
  "PFlog1pPF": {
    "cov_gene": 11.580290276453256,
    "cov_cell": 2.6144605934180785e-15,
    "r2_depth": 0,
    "r_mono": 1
  }
}
