{
  "ncells": 3244,
  "ngenes": 60623,
  "nvals": 12194113,
  "density": 0.06200574722965425,
  "total_counts": 52705676,
  "overdispersion": 0.7758842161418166,
  "avg_per_cell": 16247.125770653514,
  "avg_per_gene": 869.4006565165037,
  "max_cell": 133753,
  "min_cell": 2615,
  "raw": {
    "cov_gene": 36.96507572694951,
    "cov_cell": 0.9795972668845941,
    "r2_depth": 1,
    "r_mono": 1
  },
  "PF": {
    "cov_gene": 101.75813246115409,
    "cov_cell": 4.089967766939306e-14,
    "r2_depth": 0,
    "r_mono": 1
  },
  "sqrt": {
    "cov_gene": 6.836839270503667,
    "cov_cell": 0.6009844714930467,
    "r2_depth": 0.9438571848354779,
    "r_mono": 1
  },
  "log1p": {
    "cov_gene": 2.5878885335350947,
    "cov_cell": 0.5907942319353423,
    "r2_depth": 0.9341166962385294,
    "r_mono": 1
  },
  "log1pCP10k": {
    "cov_gene": 2.6696717080958847,
    "cov_cell": 0.12730687761418824,
    "r2_depth": 0.2595887596989871,
    "r_mono": 1
  },
  "log1pCPM": {
    "cov_gene": 2.023877936863332,
    "cov_cell": 0.32366763486729483,
    "r2_depth": 0.7355054541933648,
    "r_mono": 1
  },
  "log1pPF": {
    "cov_gene": 2.470059271075828,
    "cov_cell": 0.14770977339833932,
    "r2_depth": 0.33851416803839407,
    "r_mono": 1
  },
  "PFlog1pPF": {
    "cov_gene": 2.6597503874020147,
    "cov_cell": 3.786534347071376e-14,
    "r2_depth": 0,
    "r_mono": 1
  }
}
