{"ncells": 1914, "ngenes": 60623, "nvals": 6020763, "avg_per_cell": 11910.310344827587, "avg_per_gene": 376.03440938257756, "min_cell": 8844, "max_cell": 40599, "total_count": 22796334, "overdispersion": 0.15914459479107682, "raw": {"cov_gene": 42.66809483843411, "cov_cell": 0.29312152443050415, "r2_depth": 1.0, "r_mono": 1}, "PF": {"cov_gene": 51.38148376641365, "cov_cell": 3.15735234234438e-14, "r2_depth": 0, "r_mono": 1}, "log1p": {"cov_gene": 2.744387463025495, "cov_cell": 0.22473812750404826, "r2_depth": 0.8805513330717428, "r_mono": 1}, "log1pPF": {"cov_gene": 2.728086389852739, "cov_cell": 0.08654420759357574, "r2_depth": 0.2721710081799771, "r_mono": 1}, "PFlog1pPF": {"cov_gene": 2.724744986863653, "cov_cell": 3.0775009962586055e-14, "r2_depth": 0, "r_mono": 1}, "log1pCPM": {"cov_gene": 2.1483330411692685, "cov_cell": 0.15137727962767755, "r2_depth": 0.7139314967717113, "r_mono": 1}, "log1pCP10k": {"cov_gene": 2.8305484698978827, "cov_cell": 0.08403100521217759, "r2_depth": 0.24438807658763817, "r_mono": 1}, "sqrt": {"cov_gene": 3.470651255454425, "cov_cell": 0.22384807245476557, "r2_depth": 0.9053191906472421, "r_mono": 1}, "density": 0.051888626439255056}