{
    "raw": {
        "cov_gene": 26.649837699272425,
        "r2_depth": 1.0,
        "r_mono": 1.0
    },
    "PF": {
        "cov_gene": 32.09372708399704,
        "r2_depth": 0,
        "r_mono": 1.0
    },
    "sqrt": {
        "cov_gene": 2.0306027805330378,
        "r2_depth": 0.9049945454623061,
        "r_mono": 1.0
    },
    "log1p": {
        "cov_gene": 1.5329233619708844,
        "r2_depth": 0.8800961078023851,
        "r_mono": 1.0
    },
    "log1pCP10k": {
        "cov_gene": 1.5925866900801504,
        "r2_depth": 0.24315621567648027,
        "r_mono": 1.0
    },
    "log1pCPM": {
        "cov_gene": 1.1007030676773253,
        "r2_depth": 0.7125149587564161,
        "r_mono": 1.0
    },
    "scalelog1pCP10k": {
        "cov_gene": 2.5190423792373154e-14,
        "r2_depth": 0.30115547392571185,
        "r_mono": 0.49004336281868277
    },
    "sctransform": {
        "cov_gene": 0.5491813078730122,
        "r2_depth": 0.009289771523040002,
        "r_mono": 0.3176457084308725
    },
    "log1pPF": {
        "cov_gene": 1.5214041259904836,
        "r2_depth": 0.2707356134309461,
        "r_mono": 1.0
    },
    "PFlog1pPF": {
        "cov_gene": 1.5189097022859135,
        "r2_depth": 0,
        "r_mono": 1.0
    },
    "ncells": 1914,
    "ngenes": 23664,
    "avg_per_cell": 11901.12,
    "avg_per_gene": 962.59,
    "min_cell": 8838.0,
    "max_cell": 40532.0,
    "overdispersion": 0.16
}