{"raw": {"cov_gene": 11.696431474238251, "r2_depth": 1.0, "r_mono": 1.0, "cov_cell": 0.45819976241632765}, "PF": {"cov_gene": 9.442541995598809, "r2_depth": 0, "r_mono": 1.0, "cov_cell": 7.075718271684972e-16}, "sqrt": {"cov_gene": 2.1437667226071473, "r2_depth": 0.79001160727057, "r_mono": 1.0, "cov_cell": 0.3832826986278278}, "log1p": {"cov_gene": 1.1823036947087164, "r2_depth": 0.7528448845948972, "r_mono": 1.0, "cov_cell": 0.3912835498303874}, "log1pCP10k": {"cov_gene": 0.5366038860800648, "r2_depth": 0.4965901113654675, "r_mono": 1.0, "cov_cell": 0.2790218687839056}, "log1pCPM": {"cov_gene": 0.484570267069488, "r2_depth": 0.5881365954815982, "r_mono": 1.0, "cov_cell": 0.3165684415084199}, "scalelog1pCP10k": {"cov_gene": 8.403140030555325e-16, "r2_depth": 0.5108680279429925, "r_mono": 0.6398867129133906, "cov_cell": null}, "sctransform": {"cov_gene": 0.34811231511337914, "r2_depth": 0.00789400929549633, "r_mono": 0.5040635204494353, "cov_cell": null}, "log1pPF": {"cov_gene": 1.1491986062230788, "r2_depth": 0.09561434907961752, "r_mono": 1.0, "cov_cell": 0.18632619875916454}, "PFlog1pPF": {"cov_gene": 1.4282274579968115, "r2_depth": 0, "r_mono": 1.0, "cov_cell": 5.71999334742906e-16}, "ncells": 62, "ngenes": 264, "avg_per_cell": 164.35, "avg_per_gene": 38.6, "min_cell": 26.0, "max_cell": 537.0, "overdispersion": 0.61, "total_count": 10190, "nvals": 3222, "sparsity": 0.1968475073313783}