{"raw": {"cov_gene": 11.696431474238251, "r2_depth": 1.0, "r_mono": 1.0}, "PF": {"cov_gene": 9.442541995598809, "r2_depth": 0, "r_mono": 1.0}, "sqrt": {"cov_gene": 2.1437667226071473, "r2_depth": 0.79001160727057, "r_mono": 1.0}, "log1p": {"cov_gene": 1.1823036947087164, "r2_depth": 0.7528448845948972, "r_mono": 1.0}, "log1pCP10k": {"cov_gene": 0.5366038860800648, "r2_depth": 0.4965901113654675, "r_mono": 1.0}, "log1pCPM": {"cov_gene": 0.484570267069488, "r2_depth": 0.5881365954815982, "r_mono": 1.0}, "scalelog1pCP10k": {"cov_gene": 8.403140030555325e-16, "r2_depth": 0.5108680279429925, "r_mono": 0.6398867129133906}, "sctransform": {"cov_gene": 0.34811231511337914, "r2_depth": 0.00789400929549633, "r_mono": 0.5040635204494353}, "log1pPF": {"cov_gene": 1.1491986062230788, "r2_depth": 0.09561434907961752, "r_mono": 1.0}, "PFlog1pPF": {"cov_gene": 1.4282274579968115, "r2_depth": 0, "r_mono": 1.0}}