{
  "ncells": 8977,
  "ngenes": 60623,
  "nvals": 1335170,
  "density": 0.0024533974880566497,
  "total_counts": 2293199,
  "overdispersion": 4.883901004703625,
  "avg_per_cell": 255.45271248746798,
  "avg_per_gene": 37.82721079458291,
  "max_cell": 6329,
  "min_cell": 0,
  "raw": {
    "cov_gene": 150.05832927414673,
    "cov_cell": 0.7659307053257083,
    "r2_depth": 1,
    "r_mono": 1
  },
  "PF": {
    "cov_gene": 133.73646429100646,
    "cov_cell": 0.010555008273018725,
    "r2_depth": 0,
    "r_mono": 1
  },
  "sqrt": {
    "cov_gene": 18.844077709726985,
    "cov_cell": 0.5853475953441373,
    "r2_depth": 0.759163473430617,
    "r_mono": 1
  },
  "log1p": {
    "cov_gene": 10.84360322254361,
    "cov_cell": 0.5922435203682617,
    "r2_depth": 0.7414888500906816,
    "r_mono": 1
  },
  "log1pCP10k": {
    "cov_gene": 5.4512692539579,
    "cov_cell": 0.36894938899129404,
    "r2_depth": 0.49076733458701305,
    "r_mono": 1
  },
  "log1pCPM": {
    "cov_gene": 4.978289995801182,
    "cov_cell": 0.45924285487066163,
    "r2_depth": 0.6157944016175403,
    "r_mono": 1
  },
  "log1pPF": {
    "cov_gene": 10.483050266963579,
    "cov_cell": 0.21518724330173847,
    "r2_depth": 0.08962850300198255,
    "r_mono": 1
  },
  "PFlog1pPF": {
    "cov_gene": 64.3216811789482,
    "cov_cell": 0.010555008273018725,
    "r2_depth": 0,
    "r_mono": 1
  }
}
