{
  "ncells": 40,
  "ngenes": 2617,
  "nvals": 18830,
  "density": 0.17988154375238824,
  "total_counts": 487496,
  "overdispersion": 1.25,
  "avg_per_cell": 12187.4,
  "avg_per_gene": 186.28,
  "max_cell": 56148,
  "min_cell": 754,
  "raw": {
    "cov_gene": 32.53522769978365,
    "r2_depth": 1,
    "r_mono": 1,
    "cov_cell": 1.1154429635521774
  },
  "PF": {
    "cov_gene": 31.63661949875711,
    "r2_depth": 0,
    "r_mono": 1,
    "cov_cell": 9.618396669859658e-15
  },
  "sqrt": {
    "cov_gene": 12.300307660622964,
    "r2_depth": 0.5686081060531062,
    "r_mono": 1,
    "cov_cell": 1.579220927908141
  },
  "log1p": {
    "cov_gene": 1.006765435857707,
    "r2_depth": 0.4843561100507524,
    "r_mono": 1,
    "cov_cell": 1.7697750030176154
  },
  "log1pCP10k": {
    "cov_gene": 1.238946323300686,
    "r2_depth": 0.12858037506767106,
    "r_mono": 1,
    "cov_cell": 1.114841183844418
  },
  "log1pCPM": {
    "cov_gene": 0.508665044240466,
    "r2_depth": 0.3310974932558529,
    "r_mono": 1,
    "cov_cell": 1.2528371857496958
  },
  "scalelog1pCP10k": {
    "cov_gene": 7.906687088371358e-16,
    "r2_depth": 0.2025500596585309,
    "r_mono": 0.4641327871249727,
    "cov_cell": null
  },
  "sctransform": {
    "cov_gene": 0.3398891342363063,
    "r2_depth": 0.03561702505512565,
    "r_mono": 0.4302475624917966,
    "cov_cell": null
  },
  "log1pPF": {
    "cov_gene": 1.1749672513833933,
    "r2_depth": 0.14003776483479446,
    "r_mono": 1,
    "cov_cell": 1.1258411368473764
  },
  "PFlog1pPF": {
    "cov_gene": 6.745478847795999,
    "r2_depth": 0,
    "r_mono": 1,
    "cov_cell": 3.0633526309967205e-15
  }
}
