{
  "ncells": 3482,
  "ngenes": 60623,
  "nvals": 5126261,
  "density": 0.024284799561072937,
  "total_counts": 19836914,
  "overdispersion": 2.023552433224961,
  "avg_per_cell": 5696.988512349225,
  "avg_per_gene": 327.2176236741831,
  "max_cell": 99294,
  "min_cell": 473,
  "raw": {
    "cov_gene": 47.982650935424964,
    "cov_cell": 1.4244646712013966,
    "r2_depth": 1,
    "r_mono": 1
  },
  "PF": {
    "cov_gene": 74.50215553089399,
    "cov_cell": 1.9301762600146645e-14,
    "r2_depth": 0,
    "r_mono": 1
  },
  "sqrt": {
    "cov_gene": 10.580811258863484,
    "cov_cell": 0.8728201448488346,
    "r2_depth": 0.908866510398248,
    "r_mono": 1
  },
  "log1p": {
    "cov_gene": 4.816858352375036,
    "cov_cell": 0.8423540567944986,
    "r2_depth": 0.8874794498993895,
    "r_mono": 1
  },
  "log1pCP10k": {
    "cov_gene": 3.6257263679682903,
    "cov_cell": 0.310766203007546,
    "r2_depth": 0.25542793544472875,
    "r_mono": 1
  },
  "log1pCPM": {
    "cov_gene": 2.6399086317632117,
    "cov_cell": 0.5445510330727873,
    "r2_depth": 0.6624065711469806,
    "r_mono": 1
  },
  "log1pPF": {
    "cov_gene": 4.117437539958901,
    "cov_cell": 0.2779145118966,
    "r2_depth": 0.19122757486545783,
    "r_mono": 1
  },
  "PFlog1pPF": {
    "cov_gene": 9.018427441193461,
    "cov_cell": 1.7186740521767276e-14,
    "r2_depth": 0,
    "r_mono": 1
  }
}
