{"raw": {"cov_gene": 40.644996966252926, "r2_depth": 1.0, "r_mono": 1.0, "cov_cell": 1.117541480164877}, "PF": {"cov_gene": 130.59792676841104, "r2_depth": 0, "r_mono": 1.0, "cov_cell": 2.0431943760131154e-14}, "sqrt": {"cov_gene": 5.908676988886686, "r2_depth": 0.9387244315538729, "r_mono": 1.0, "cov_cell": 0.8322517811164541}, "log1p": {"cov_gene": 2.89694227549976, "r2_depth": 0.9300514990705775, "r_mono": 1.0, "cov_cell": 0.821481599526305}, "log1pCP10k": {"cov_gene": 2.2824298793340305, "r2_depth": 0.4434060501047713, "r_mono": 1.0, "cov_cell": 0.3885224821641452}, "log1pCPM": {"cov_gene": 1.4528831440623642, "r2_depth": 0.7606311737390757, "r_mono": 1.0, "cov_cell": 0.5870284649412267}, "scalelog1pCP10k": {"cov_gene": 5.339214298800125e-14, "r2_depth": 0.4631628779803483, "r_mono": 0.3648205126752474, "cov_cell": null}, "sctransform": {"cov_gene": 0.8385343739093383, "r2_depth": 0.23758497474416618, "r_mono": 0.24835557040366912, "cov_cell": null}, "log1pPF": {"cov_gene": 2.828151568644814, "r2_depth": 0.35860859571478565, "r_mono": 1.0, "cov_cell": 0.34813383804714265}, "PFlog1pPF": {"cov_gene": 39.67576491089375, "r2_depth": 0, "r_mono": 1.0, "cov_cell": 1.2847203188258566e-14}, "ncells": 3725, "ngenes": 23062, "avg_per_cell": 4838.67, "avg_per_gene": 781.55, "min_cell": 316.0, "max_cell": 61482.0, "overdispersion": 0.99, "total_count": 18024061, "nvals": 5345342, "sparsity": 0.06222318710170832}