{
    "raw": {
        "cov_gene": 40.644996966252926,
        "r2_depth": 1.0,
        "r_mono": 1.0
    },
    "PF": {
        "cov_gene": 130.59792676841104,
        "r2_depth": 0,
        "r_mono": 1.0
    },
    "sqrt": {
        "cov_gene": 5.908676988886686,
        "r2_depth": 0.9387244315538729,
        "r_mono": 1.0
    },
    "log1p": {
        "cov_gene": 2.89694227549976,
        "r2_depth": 0.9300514990705775,
        "r_mono": 1.0
    },
    "log1pCP10k": {
        "cov_gene": 2.2824298793340305,
        "r2_depth": 0.4434060501047713,
        "r_mono": 1.0
    },
    "log1pCPM": {
        "cov_gene": 1.4528831440623642,
        "r2_depth": 0.7606311737390757,
        "r_mono": 1.0
    },
    "scalelog1pCP10k": {
        "cov_gene": 5.339214298800125e-14,
        "r2_depth": 0.4631628779803483,
        "r_mono": 0.3648205126752474
    },
    "sctransform": {
        "cov_gene": 0.8385343739093383,
        "r2_depth": 0.23758497474416618,
        "r_mono": 0.24835557040366912
    },
    "log1pPF": {
        "cov_gene": 2.828151568644814,
        "r2_depth": 0.35860859571478565,
        "r_mono": 1.0
    },
    "PFlog1pPF": {
        "cov_gene": 39.67576491089375,
        "r2_depth": 0,
        "r_mono": 1.0
    },
    "ncells": "3725",
    "ngenes": 23062,
    "avg_per_cell": "4838.67",
    "avg_per_gene": "781.55",
    "min_cell": "316",
    "max_cell": "61482",
    "overdispersion": "0.99"
}