{"ncells": 3725, "ngenes": 60623, "nvals": 5362338, "avg_per_cell": 4843.575033557047, "avg_per_gene": 297.6150470943371, "min_cell": 316, "max_cell": 61529, "total_count": 18042317, "overdispersion": 0.9933822027401696, "raw": {"cov_gene": 65.90929285990431, "cov_cell": 1.1174895812781065, "r2_depth": 1.0, "r_mono": 1}, "PF": {"cov_gene": 211.8092833069337, "cov_cell": 1.5809806541512456e-14, "r2_depth": 0, "r_mono": 1}, "log1p": {"cov_gene": 4.857280298616147, "cov_cell": 0.8218629479123527, "r2_depth": 0.93037254867236, "r_mono": 1}, "log1pPF": {"cov_gene": 4.748191243997535, "cov_cell": 0.3480382495234718, "r2_depth": 0.35853172712612014, "r_mono": 1}, "PFlog1pPF": {"cov_gene": 64.25021036093634, "cov_cell": 1.532809990904983e-14, "r2_depth": 0, "r_mono": 1}, "log1pCPM": {"cov_gene": 2.6677632270918155, "cov_cell": 0.5873108241457391, "r2_depth": 0.7614031416740229, "r_mono": 1}, "log1pCP10k": {"cov_gene": 3.9041765224528135, "cov_cell": 0.3883928203357192, "r2_depth": 0.4433462289795622, "r_mono": 1}, "sqrt": {"cov_gene": 9.647150012537601, "cov_cell": 0.8326234064238287, "r2_depth": 0.9390019325417478, "r_mono": 1}, "density": 0.023746001113494147}