{"raw": {"cov_gene": 54.88337529811106, "r2_depth": 1.0, "r_mono": 1.0, "cov_cell": 1.5448118486619271}, "PF": {"cov_gene": 64.37064523515525, "r2_depth": 0, "r_mono": 1.0, "cov_cell": 2.9170590392110865e-14}, "sqrt": {"cov_gene": 7.954150046350737, "r2_depth": 0.9581166765117659, "r_mono": 1.0, "cov_cell": 1.2823315960678805}, "log1p": {"cov_gene": 3.0865206079336223, "r2_depth": 0.949712649359518, "r_mono": 1.0, "cov_cell": 1.2690674330783636}, "log1pCP10k": {"cov_gene": 3.378397683267882, "r2_depth": 0.5056963921580311, "r_mono": 1.0, "cov_cell": 0.6871095218080081}, "log1pCPM": {"cov_gene": 1.650689716181894, "r2_depth": 0.790099524446225, "r_mono": 1.0, "cov_cell": 0.973284262064739}, "scalelog1pCP10k": {"cov_gene": 8.003443544124213e-14, "r2_depth": 0.44213240765977857, "r_mono": 0.3445565512840081, "cov_cell": null}, "sctransform": {"cov_gene": 1.7553030060815866, "r2_depth": 0.6250398084799349, "r_mono": 0.14313422612804508, "cov_cell": null}, "log1pPF": {"cov_gene": 3.258483237598273, "r2_depth": 0.5184778827137901, "r_mono": 1.0, "cov_cell": 0.6995992820247141}, "PFlog1pPF": {"cov_gene": 12.949766431974071, "r2_depth": 0, "r_mono": 1.0, "cov_cell": 2.3481939735956844e-14}, "ncells": 5154, "ngenes": 25531, "avg_per_cell": 11469.52, "avg_per_gene": 2315.38, "min_cell": 79.0, "max_cell": 97064.0, "overdispersion": 3.91, "total_count": 59113930, "nvals": 9811452, "sparsity": 0.07456260003759953}