{"ncells": 5154, "ngenes": 60623, "nvals": 9832663, "avg_per_cell": 11474.106325184322, "avg_per_gene": 975.4968246375138, "min_cell": 80, "max_cell": 97078, "total_count": 59137544, "overdispersion": 3.9142915023092466, "raw": {"cov_gene": 84.57895581427074, "cov_cell": 1.5446171945828118, "r2_depth": 1.0, "r_mono": 1}, "PF": {"cov_gene": 99.20281467373948, "cov_cell": 2.561742303675456e-14, "r2_depth": 0, "r_mono": 1}, "log1p": {"cov_gene": 4.894353970596869, "cov_cell": 1.26900355821215, "r2_depth": 0.9496583800946352, "r_mono": 1}, "log1pPF": {"cov_gene": 5.150547189549381, "cov_cell": 0.6996620186088753, "r2_depth": 0.5182086286656089, "r_mono": 1}, "PFlog1pPF": {"cov_gene": 19.97669248102546, "cov_cell": 2.368531391212276e-14, "r2_depth": 0, "r_mono": 1}, "log1pCPM": {"cov_gene": 2.7942397221784985, "cov_cell": 0.9734413550606323, "r2_depth": 0.7899957421433622, "r_mono": 1}, "log1pCP10k": {"cov_gene": 5.331215831703642, "cov_cell": 0.6871329838891798, "r2_depth": 0.5053943964684708, "r_mono": 1}, "sqrt": {"cov_gene": 12.30537261980382, "cov_cell": 1.28224107414808, "r2_depth": 0.958059447032501, "r_mono": 1}, "density": 0.03146946185235057}