{"raw": {"cov_gene": 41.72883070338167, "r2_depth": 1.0, "r_mono": 1.0, "cov_cell": 8.305378762984846}, "PF": {"cov_gene": 18.380084499189465, "r2_depth": 0, "r_mono": 1.0, "cov_cell": 1.9688274800848626e-15}, "sqrt": {"cov_gene": 8.999879523996164, "r2_depth": 0.9710696895978266, "r_mono": 1.0, "cov_cell": 6.741616336645629}, "log1p": {"cov_gene": 3.610234997556567, "r2_depth": 0.9685656614663383, "r_mono": 1.0, "cov_cell": 6.762039501282356}, "log1pCP10k": {"cov_gene": 4.6212472774835165, "r2_depth": 0.696813185222906, "r_mono": 1.0, "cov_cell": 2.2303928781975135}, "log1pCPM": {"cov_gene": 3.163938556174946, "r2_depth": 0.8818531746502279, "r_mono": 1.0, "cov_cell": 4.201869952146115}, "scalelog1pCP10k": {"cov_gene": 3.888223544227065e-14, "r2_depth": 0.8056846317475184, "r_mono": 0.0904592196138658, "cov_cell": null}, "sctransform": {"cov_gene": 0.9847892973818028, "r2_depth": 0.05160956514217774, "r_mono": 0.08219034011520736, "cov_cell": null}, "log1pPF": {"cov_gene": 6.216447422212647, "r2_depth": 0.21715450468984343, "r_mono": 1.0, "cov_cell": 0.5845293634603825}, "PFlog1pPF": {"cov_gene": 8.6224468508486, "r2_depth": 0, "r_mono": 1.0, "cov_cell": 1.7275723612248341e-15}, "ncells": 1914, "ngenes": 7100, "avg_per_cell": 185.01, "avg_per_gene": 49.87, "min_cell": 3.0, "max_cell": 29649.0, "overdispersion": 52.36, "total_count": 354110, "nvals": 102543, "sparsity": 0.0075458077619320945}