{
  "ncells": 1622,
  "ngenes": 20622,
  "nvals": 3593269,
  "density": 0.10742567674305666,
  "total_counts": 12753093,
  "overdispersion": 0.6095631449564656,
  "avg_per_cell": 7862.572749691739,
  "avg_per_gene": 618.4217340704103,
  "max_cell": 93528,
  "min_cell": 4014,
  "raw": {
    "cov_gene": 37.773474868138265,
    "cov_cell": 0.7444052238655336,
    "r2_depth": 1,
    "r_mono": 1
  },
  "PF": {
    "cov_gene": 43.65315989231799,
    "cov_cell": 2.5293348577300583e-14,
    "r2_depth": 0,
    "r_mono": 1
  },
  "sqrt": {
    "cov_gene": 4.337118453815492,
    "cov_cell": 0.48154729632251464,
    "r2_depth": 0.9395774247529648,
    "r_mono": 1
  },
  "log1p": {
    "cov_gene": 1.9595303500099734,
    "cov_cell": 0.47695998943166157,
    "r2_depth": 0.9285237386345037,
    "r_mono": 1
  },
  "log1pCP10k": {
    "cov_gene": 1.723216683838728,
    "cov_cell": 0.12823689184383003,
    "r2_depth": 0.37867297928768506,
    "r_mono": 1
  },
  "log1pCPM": {
    "cov_gene": 1.1448763563957916,
    "cov_cell": 0.2749128716938074,
    "r2_depth": 0.7517470252351183,
    "r_mono": 1
  },
  "scalelog1pCP10k": {
    "cov_gene": 2.1713687321176938e-14,
    "cov_cell": null,
    "r2_depth": 0.4177409197644174,
    "r_mono": 0.4698032207021045
  },
  "sctransform": {
    "cov_gene": 1.4321347538923521,
    "cov_cell": null,
    "r2_depth": 0.01054744328262891,
    "r_mono": 0.3413972803946035
  },
  "log1pPF": {
    "cov_gene": 1.85828458888026,
    "cov_cell": 0.12047714722951375,
    "r2_depth": 0.3416146714774789,
    "r_mono": 1
  },
  "PFlog1pPF": {
    "cov_gene": 1.890676010298965,
    "cov_cell": 1.830177235994169e-14,
    "r2_depth": 0,
    "r_mono": 1
  }
}
