{
    "raw": {
        "cov_gene": 7.983630971496437,
        "r2_depth": 1.0,
        "r_mono": 1.0
    },
    "PF": {
        "cov_gene": 5.8440977965694865,
        "r2_depth": 0,
        "r_mono": 1.0
    },
    "sqrt": {
        "cov_gene": 1.299570762014056,
        "r2_depth": 0.7941947727102842,
        "r_mono": 1.0
    },
    "log1p": {
        "cov_gene": 1.1351045063768472,
        "r2_depth": 0.7755513337535096,
        "r_mono": 1.0
    },
    "log1pCP10k": {
        "cov_gene": 0.5438635823127995,
        "r2_depth": 0.4293792703524216,
        "r_mono": 1.0
    },
    "log1pCPM": {
        "cov_gene": 0.4955022747017359,
        "r2_depth": 0.5024267845653101,
        "r_mono": 1.0
    },
    "scalelog1pCP10k": {
        "cov_gene": 1.008804911867984e-15,
        "r2_depth": 0.4265144512185579,
        "r_mono": 0.6282895628496834
    },
    "sctransform": {
        "cov_gene": 0.33937708900896585,
        "r2_depth": 0.17922791238802116,
        "r_mono": 0.4844036788407733
    },
    "log1pPF": {
        "cov_gene": 1.0193777318293191,
        "r2_depth": 0.07234486073803925,
        "r_mono": 1.0
    },
    "PFlog1pPF": {
        "cov_gene": 1.1187571477927722,
        "r2_depth": 0,
        "r_mono": 1.0
    },
    "ncells": 66,
    "ngenes": 356,
    "avg_per_cell": 139.74,
    "avg_per_gene": 25.91,
    "min_cell": 40.0,
    "max_cell": 360.0,
    "overdispersion": 0.44
}