{"ncells": 6277, "ngenes": 60623, "nvals": 4338653, "density": 0.01140158854674517, "avg_per_cell": 2185.921618607615, "avg_per_gene": 226.33373472114545, "min_cell": 364, "max_cell": 29870, "total_count": 13721030, "overdispersion": 6.4356100062640715, "log1pCP10k": {"cov_gene": 5.0829698778945245, "cov_cell": 0.5535487446330859, "r2_depth": 0.384593547029327, "r_mono": 1}, "log1pCPM": {"cov_gene": 3.5662377023002434, "cov_cell": 0.6972083201449342, "r2_depth": 0.6212348484281924, "r_mono": 1}, "log1pPF": {"cov_gene": 8.05860974083056, "cov_cell": 0.47262253420294853, "r2_depth": 0.2456875662670822, "r_mono": 1}, "PFlog1pPF": {"cov_gene": 50.28251139876179, "cov_cell": 7.436219268793982e-15, "r2_depth": 0, "r_mono": 1}, "PF": {"cov_gene": 184.15506209360507, "cov_cell": 8.751201608942108e-15, "r2_depth": 0, "r_mono": 1}, "log1p": {"cov_gene": 7.748473838838224, "cov_cell": 0.8542660054888301, "r2_depth": 0.7847449866709186, "r_mono": 1}, "raw": {"cov_gene": 104.69140022877588, "cov_cell": 0.9926570162073666, "r2_depth": 1, "r_mono": 1}, "sqrt": {"cov_gene": 23.045830884770478, "cov_cell": 0.8519351590912813, "r2_depth": 0.8033615723254831, "r_mono": 1}}