{"raw": {"cov_gene": 73.66231272552326, "r2_depth": 1.0, "r_mono": 1.0}, "PF": {"cov_gene": 83.11515032171305, "r2_depth": 0, "r_mono": 1.0}, "sqrt": {"cov_gene": 20.99824076853054, "r2_depth": 0.503109494325868, "r_mono": 1.0}, "log1p": {"cov_gene": 5.786783482234468, "r2_depth": 0.4630046785797116, "r_mono": 1.0}, "log1pCP10k": {"cov_gene": 2.8858945728423904, "r2_depth": 0.1550525624682646, "r_mono": 1.0}, "log1pCPM": {"cov_gene": 2.191282204113313, "r2_depth": 0.30458755691958395, "r_mono": 1.0}, "scalelog1pCP10k": {"cov_gene": 7.301147013449624e-14, "r2_depth": 0.18070873609761262, "r_mono": 0.24218350362940572}, "sctransform": {"cov_gene": 0.9612737599898354, "r2_depth": 0.0074540962768147034, "r_mono": 0.1994062462526187}, "log1pPF": {"cov_gene": 5.7317518802322, "r2_depth": 0.04718877424460899, "r_mono": 1.0}, "PFlog1pPF": {"cov_gene": 48.48132842720018, "r2_depth": 0, "r_mono": 1.0}}