{
  "ncells": 1954,
  "ngenes": 60623,
  "nvals": 6377497,
  "density": 0.053837920827229095,
  "total_counts": 40231990,
  "overdispersion": 2.11406716779607,
  "avg_per_cell": 20589.55475946776,
  "avg_per_gene": 663.6423469640235,
  "max_cell": 98675,
  "min_cell": 549,
  "raw": {
    "cov_gene": 172.5635812392936,
    "cov_cell": 0.9126931106622228,
    "r2_depth": 1,
    "r_mono": 1
  },
  "PF": {
    "cov_gene": 145.21751565790808,
    "cov_cell": 3.26595710309885e-14,
    "r2_depth": 0,
    "r_mono": 1
  },
  "sqrt": {
    "cov_gene": 21.390134010660997,
    "cov_cell": 0.7610854765368271,
    "r2_depth": 0.9269403983327342,
    "r_mono": 1
  },
  "log1p": {
    "cov_gene": 3.8911774277240863,
    "cov_cell": 0.7532702675368962,
    "r2_depth": 0.9132732841039044,
    "r_mono": 1
  },
  "log1pCP10k": {
    "cov_gene": 3.742622284843053,
    "cov_cell": 0.34858775516836965,
    "r2_depth": 0.36531157029151473,
    "r_mono": 1
  },
  "log1pCPM": {
    "cov_gene": 2.250877912569437,
    "cov_cell": 0.5364446159841617,
    "r2_depth": 0.7332361430894474,
    "r_mono": 1
  },
  "log1pPF": {
    "cov_gene": 3.1649693241820165,
    "cov_cell": 0.38792150137011683,
    "r2_depth": 0.4539486769894593,
    "r_mono": 1
  },
  "PFlog1pPF": {
    "cov_gene": 6.317164954054767,
    "cov_cell": 3.0881782482017115e-14,
    "r2_depth": 0,
    "r_mono": 1
  }
}
