{
  "ncells": 8181,
  "ngenes": 60623,
  "nvals": 12951927,
  "density": 0.02611503253157574,
  "total_counts": 43056607,
  "overdispersion": 0.9839122897356531,
  "avg_per_cell": 5263.000488937782,
  "avg_per_gene": 710.2355046764429,
  "max_cell": 73997,
  "min_cell": 119,
  "raw": {
    "cov_gene": 66.27659448700976,
    "cov_cell": 1.4429541872084313,
    "r2_depth": 1,
    "r_mono": 1
  },
  "PF": {
    "cov_gene": 116.25268163156733,
    "cov_cell": 1.9360204370002636e-14,
    "r2_depth": 0,
    "r_mono": 1
  },
  "sqrt": {
    "cov_gene": 8.91223793206955,
    "cov_cell": 1.0182621944032504,
    "r2_depth": 0.9404888887302181,
    "r_mono": 1
  },
  "log1p": {
    "cov_gene": 4.699121411093641,
    "cov_cell": 1.0070033442147939,
    "r2_depth": 0.932650484818408,
    "r_mono": 1
  },
  "log1pCP10k": {
    "cov_gene": 3.5502584992108863,
    "cov_cell": 0.427520429651328,
    "r2_depth": 0.3991320430126557,
    "r_mono": 1
  },
  "log1pCPM": {
    "cov_gene": 2.5344779932426404,
    "cov_cell": 0.677544626574271,
    "r2_depth": 0.7435109785823739,
    "r_mono": 1
  },
  "log1pPF": {
    "cov_gene": 4.037136345955415,
    "cov_cell": 0.37877442629489183,
    "r2_depth": 0.32759578992064886,
    "r_mono": 1
  },
  "PFlog1pPF": {
    "cov_gene": 9.05139360885873,
    "cov_cell": 1.8968056037322767e-14,
    "r2_depth": 0,
    "r_mono": 1
  }
}
