{
  "ncells": 1754,
  "ngenes": 60623,
  "nvals": 66238,
  "density": 0.0006229313638878982,
  "total_counts": 75095,
  "overdispersion": 0.396458970162577,
  "avg_per_cell": 42.81356898517674,
  "avg_per_gene": 1.238721277402966,
  "max_cell": 322,
  "min_cell": 22,
  "raw": {
    "cov_gene": 28.02992845724685,
    "cov_cell": 0.6030021170808717,
    "r2_depth": 1,
    "r_mono": 1
  },
  "PF": {
    "cov_gene": 25.65024035952641,
    "cov_cell": 5.526830010468111e-16,
    "r2_depth": 0,
    "r_mono": 1
  },
  "sqrt": {
    "cov_gene": 11.233575793690102,
    "cov_cell": 0.5442849578056361,
    "r2_depth": 0.9814251899226274,
    "r_mono": 1
  },
  "log1p": {
    "cov_gene": 12.179292972501903,
    "cov_cell": 0.550525917664713,
    "r2_depth": 0.984083839886468,
    "r_mono": 1
  },
  "log1pCP10k": {
    "cov_gene": 9.718868167040045,
    "cov_cell": 0.3869442343812742,
    "r2_depth": 0.9055039855280247,
    "r_mono": 1
  },
  "log1pCPM": {
    "cov_gene": 9.56966718706888,
    "cov_cell": 0.44662722913008934,
    "r2_depth": 0.9383578266830452,
    "r_mono": 1
  },
  "log1pPF": {
    "cov_gene": 11.947225557084504,
    "cov_cell": 0.12709593242536738,
    "r2_depth": 0.5346479399521977,
    "r_mono": 1
  },
  "PFlog1pPF": {
    "cov_gene": 12.79414338394366,
    "cov_cell": 6.270057911204577e-16,
    "r2_depth": 0,
    "r_mono": 1
  }
}
