{"raw": {"cov_gene": 80.66942052735918, "r2_depth": 1.0, "r_mono": 1.0, "cov_cell": 1.0169859982520169}, "PF": {"cov_gene": 51.92022536518654, "r2_depth": 0, "r_mono": 1.0, "cov_cell": 3.5828031317707335e-14}, "sqrt": {"cov_gene": 10.07147032199837, "r2_depth": 0.9416071514409937, "r_mono": 1.0, "cov_cell": 0.8649202484741841}, "log1p": {"cov_gene": 3.213295749869905, "r2_depth": 0.9346409964823605, "r_mono": 1.0, "cov_cell": 0.8614428792381078}, "log1pCP10k": {"cov_gene": 3.0894797944618957, "r2_depth": 0.582155089729246, "r_mono": 1.0, "cov_cell": 0.5408846426654853}, "log1pCPM": {"cov_gene": 1.587685327861156, "r2_depth": 0.8135019428117466, "r_mono": 1.0, "cov_cell": 0.7121901496976184}, "scalelog1pCP10k": {"cov_gene": 9.98506080065437e-14, "r2_depth": 0.55238792470097, "r_mono": 0.36462345511468064, "cov_cell": null}, "sctransform": {"cov_gene": 1.0586517767465455, "r2_depth": 0.5705996953611069, "r_mono": 0.20596484970433382, "cov_cell": null}, "log1pPF": {"cov_gene": 3.3244038996469194, "r2_depth": 0.562866499133106, "r_mono": 1.0, "cov_cell": 0.5248605752720059}, "PFlog1pPF": {"cov_gene": 8.922085696128734, "r2_depth": 0, "r_mono": 1.0, "cov_cell": 2.3927852441720995e-14}, "ncells": 6935, "ngenes": 29016, "avg_per_cell": 7869.29, "avg_per_gene": 1880.81, "min_cell": 100.0, "max_cell": 64758.0, "overdispersion": 2.63, "total_count": 54573517, "nvals": 14001003, "sparsity": 0.06957851263326063}