{
    "raw": {
        "cov_gene": 80.66942052735918,
        "r2_depth": 1.0,
        "r_mono": 1.0
    },
    "PF": {
        "cov_gene": 51.92022536518654,
        "r2_depth": 0,
        "r_mono": 1.0
    },
    "sqrt": {
        "cov_gene": 10.07147032199837,
        "r2_depth": 0.9416071514409937,
        "r_mono": 1.0
    },
    "log1p": {
        "cov_gene": 3.213295749869905,
        "r2_depth": 0.9346409964823605,
        "r_mono": 1.0
    },
    "log1pCP10k": {
        "cov_gene": 3.0894797944618957,
        "r2_depth": 0.582155089729246,
        "r_mono": 1.0
    },
    "log1pCPM": {
        "cov_gene": 1.587685327861156,
        "r2_depth": 0.8135019428117466,
        "r_mono": 1.0
    },
    "scalelog1pCP10k": {
        "cov_gene": 9.98506080065437e-14,
        "r2_depth": 0.55238792470097,
        "r_mono": 0.36462345511468064
    },
    "sctransform": {
        "cov_gene": 1.0586517767465455,
        "r2_depth": 0.5705996953611069,
        "r_mono": 0.20596484970433382
    },
    "log1pPF": {
        "cov_gene": 3.3244038996469194,
        "r2_depth": 0.562866499133106,
        "r_mono": 1.0
    },
    "PFlog1pPF": {
        "cov_gene": 8.922085696128734,
        "r2_depth": 0,
        "r_mono": 1.0
    },
    "ncells": "6935",
    "ngenes": 29016,
    "avg_per_cell": "7869.29",
    "avg_per_gene": "1880.81",
    "min_cell": "100",
    "max_cell": "64758",
    "overdispersion": "2.63"
}