{
    "raw": {
        "cov_gene": 100.67321019517196,
        "r2_depth": 1.0,
        "r_mono": 1.0
    },
    "PF": {
        "cov_gene": 65.7674760756104,
        "r2_depth": 0,
        "r_mono": 1.0
    },
    "sqrt": {
        "cov_gene": 9.758149849796562,
        "r2_depth": 0.8765199267291361,
        "r_mono": 1.0
    },
    "log1p": {
        "cov_gene": 3.1478217247205897,
        "r2_depth": 0.8647075705062023,
        "r_mono": 1.0
    },
    "log1pCP10k": {
        "cov_gene": 2.5174034758316814,
        "r2_depth": 0.4400462502407553,
        "r_mono": 1.0
    },
    "log1pCPM": {
        "cov_gene": 1.530231723415083,
        "r2_depth": 0.7195609763458162,
        "r_mono": 1.0
    },
    "scalelog1pCP10k": {
        "cov_gene": 1.0096171996563548e-13,
        "r2_depth": 0.40884105315739694,
        "r_mono": 0.3499658326856654
    },
    "sctransform": {
        "cov_gene": 0.9421995124382172,
        "r2_depth": 0.6024701437282775,
        "r_mono": 0.23434466304699128
    },
    "log1pPF": {
        "cov_gene": 3.0137264054709143,
        "r2_depth": 0.3766385742410693,
        "r_mono": 1.0
    },
    "PFlog1pPF": {
        "cov_gene": 7.08782356018079,
        "r2_depth": 0,
        "r_mono": 1.0
    },
    "ncells": "7068",
    "ngenes": 28642,
    "avg_per_cell": "5415.14",
    "avg_per_gene": "1336.3",
    "min_cell": "171",
    "max_cell": "57487",
    "overdispersion": "7.39"
}