{"ncells": 7068, "ngenes": 60623, "nvals": 11823068, "avg_per_cell": 5417.6264855687605, "avg_per_gene": 631.6378932088481, "min_cell": 172, "max_cell": 57512, "total_count": 38291784, "overdispersion": 7.390037468415666, "raw": {"cov_gene": 146.46748196972467, "cov_cell": 1.023615731425537, "r2_depth": 1.0, "r_mono": 1}, "PF": {"cov_gene": 95.70190632433645, "cov_cell": 2.182460531754715e-14, "r2_depth": 0, "r_mono": 1}, "log1p": {"cov_gene": 4.695641242985448, "cov_cell": 0.8089992757424667, "r2_depth": 0.8648410607814917, "r_mono": 1}, "log1pPF": {"cov_gene": 4.5056982172997815, "cov_cell": 0.42292312258452003, "r2_depth": 0.3767115052805987, "r_mono": 1}, "PFlog1pPF": {"cov_gene": 10.360899086308214, "cov_cell": 1.9300792673012166e-14, "r2_depth": 0, "r_mono": 1}, "log1pCPM": {"cov_gene": 2.459681729102773, "cov_cell": 0.6375928604843939, "r2_depth": 0.719790330829375, "r_mono": 1}, "log1pCP10k": {"cov_gene": 3.8079267293927, "cov_cell": 0.46263707595752906, "r2_depth": 0.4400991208242885, "r_mono": 1}, "sqrt": {"cov_gene": 14.22506705679831, "cov_cell": 0.8125881314025657, "r2_depth": 0.8766351958594978, "r_mono": 1}, "density": 0.027592828551448734}