{
    "raw": {
        "cov_gene": 47.95817643472852,
        "r2_depth": 1.0,
        "r_mono": 1.0
    },
    "PF": {
        "cov_gene": 56.541786306454085,
        "r2_depth": 0,
        "r_mono": 1.0
    },
    "sqrt": {
        "cov_gene": 4.134417658979261,
        "r2_depth": 0.9790412191118718,
        "r_mono": 1.0
    },
    "log1p": {
        "cov_gene": 2.6356308769859726,
        "r2_depth": 0.9763156385495261,
        "r_mono": 1.0
    },
    "log1pCP10k": {
        "cov_gene": 1.9742990673959904,
        "r2_depth": 0.7417556394333338,
        "r_mono": 1.0
    },
    "log1pCPM": {
        "cov_gene": 1.4797742269668424,
        "r2_depth": 0.9188178740958062,
        "r_mono": 1.0
    },
    "scalelog1pCP10k": {
        "cov_gene": 4.710752779430049e-14,
        "r2_depth": 0.737528991740434,
        "r_mono": 0.3683051545557232
    },
    "sctransform": {
        "cov_gene": 0.6059793199005995,
        "r2_depth": 0.40693425759056845,
        "r_mono": 0.2674416900580931
    },
    "log1pPF": {
        "cov_gene": 2.478564839107944,
        "r2_depth": 0.6282614522246848,
        "r_mono": 1.0
    },
    "PFlog1pPF": {
        "cov_gene": 2.515198703121922,
        "r2_depth": 0,
        "r_mono": 1.0
    },
    "ncells": "3325",
    "ngenes": 23366,
    "avg_per_cell": "3629.81",
    "avg_per_gene": "516.53",
    "min_cell": "482",
    "max_cell": "27995",
    "overdispersion": "0.58"
}