{"raw": {"cov_gene": 43.986832631721576, "r2_depth": 1.0, "r_mono": 1.0}, "PF": {"cov_gene": 60.25496990309804, "r2_depth": 0, "r_mono": 1.0}, "sqrt": {"cov_gene": 6.837968861555977, "r2_depth": 0.9661520668770521, "r_mono": 1.0}, "log1p": {"cov_gene": 2.398917935353517, "r2_depth": 0.9605463074256032, "r_mono": 1.0}, "log1pCP10k": {"cov_gene": 2.0390085459218077, "r2_depth": 0.6333864436159621, "r_mono": 1.0}, "log1pCPM": {"cov_gene": 1.4093208879104377, "r2_depth": 0.85523292989679, "r_mono": 1.0}, "scalelog1pCP10k": {"cov_gene": 8.267878826115289e-14, "r2_depth": 0.6389537205229858, "r_mono": 0.3964009484429189}, "sctransform": {"cov_gene": 0.935668671648124, "r2_depth": 0.6985417110997582, "r_mono": 0.25781822780100877}, "log1pPF": {"cov_gene": 2.0621187395923553, "r2_depth": 0.6277528608031229, "r_mono": 1.0}, "PFlog1pPF": {"cov_gene": 2.2533350391773093, "r2_depth": 0, "r_mono": 1.0}}