{"ncells": 7286, "ngenes": 60623, "nvals": 3959038, "avg_per_cell": 1017.3597309909416, "avg_per_gene": 122.27179453342791, "min_cell": 73, "max_cell": 9710, "total_count": 7412483, "overdispersion": 0.7483793680791313, "raw": {"cov_gene": 105.4790234103929, "cov_cell": 0.8161165410805508, "r2_depth": 1.0, "r_mono": 1}, "PF": {"cov_gene": 107.11057478839236, "cov_cell": 8.244831019978129e-15, "r2_depth": 0, "r_mono": 1}, "log1p": {"cov_gene": 6.623577126958457, "cov_cell": 0.7326596167803694, "r2_depth": 0.986343284353385, "r_mono": 1}, "log1pPF": {"cov_gene": 6.443305212439327, "cov_cell": 0.2959398240537433, "r2_depth": 0.6657637570709706, "r_mono": 1}, "PFlog1pPF": {"cov_gene": 11.470892962937898, "cov_cell": 7.798950948811496e-15, "r2_depth": 0, "r_mono": 1}, "log1pCPM": {"cov_gene": 3.455179438935721, "cov_cell": 0.5994334403052998, "r2_depth": 0.9470618557617497, "r_mono": 1}, "log1pCP10k": {"cov_gene": 4.185744348764131, "cov_cell": 0.4594683049669769, "r2_depth": 0.8576172527593892, "r_mono": 1}, "sqrt": {"cov_gene": 7.85248402353166, "cov_cell": 0.7315072558868536, "r2_depth": 0.9867440332758893, "r_mono": 1}, "density": 0.008963199836428041}