{"raw": {"cov_gene": 63.992088064434476, "r2_depth": 1.0, "r_mono": 1.0}, "PF": {"cov_gene": 65.17955111109075, "r2_depth": 0, "r_mono": 1.0}, "sqrt": {"cov_gene": 4.7134770407851745, "r2_depth": 0.9866947506876721, "r_mono": 1.0}, "log1p": {"cov_gene": 3.9518862053702986, "r2_depth": 0.9862789761963281, "r_mono": 1.0}, "log1pCP10k": {"cov_gene": 2.4237567570699925, "r2_depth": 0.8575148318827416, "r_mono": 1.0}, "log1pCPM": {"cov_gene": 1.9515622583484493, "r2_depth": 0.9468934196411043, "r_mono": 1.0}, "scalelog1pCP10k": {"cov_gene": 1.0609920690693675e-13, "r2_depth": 0.8299811009114062, "r_mono": 0.2447922120595281}, "sctransform": {"cov_gene": 0.6371238916294656, "r2_depth": 0.38599539637904834, "r_mono": 0.18615829849099064}, "log1pPF": {"cov_gene": 3.842378900500493, "r2_depth": 0.6657617730609755, "r_mono": 1.0}, "PFlog1pPF": {"cov_gene": 6.939816421182461, "r2_depth": 0, "r_mono": 1.0}}