{"raw": {"cov_gene": 77.70411752569052, "r2_depth": 1.0, "r_mono": 1.0, "cov_cell": 1.9676222558654413}, "PF": {"cov_gene": 51.93941036854254, "r2_depth": 0, "r_mono": 1.0, "cov_cell": 3.801002107916506e-14}, "sqrt": {"cov_gene": 11.450013375795187, "r2_depth": 0.971284743588533, "r_mono": 1.0, "cov_cell": 1.7123163031041562}, "log1p": {"cov_gene": 3.303771729403704, "r2_depth": 0.9673517313866827, "r_mono": 1.0, "cov_cell": 1.7071455884879065}, "log1pCP10k": {"cov_gene": 3.499630952376328, "r2_depth": 0.7871584467322492, "r_mono": 1.0, "cov_cell": 0.7733172315018895}, "log1pCPM": {"cov_gene": 1.8902058838216014, "r2_depth": 0.8959298059242053, "r_mono": 1.0, "cov_cell": 1.333602801132186}, "scalelog1pCP10k": {"cov_gene": 9.863904196493154e-14, "r2_depth": 0.7275315829387083, "r_mono": 0.2713418627687269, "cov_cell": null}, "sctransform": {"cov_gene": 0.8033552529592403, "r2_depth": 0.8645691119486278, "r_mono": 0.14756449443789738, "cov_cell": null}, "log1pPF": {"cov_gene": 3.736801093236847, "r2_depth": 0.7680850646219467, "r_mono": 1.0, "cov_cell": 0.6576020395315807}, "PFlog1pPF": {"cov_gene": 4.289402497284515, "r2_depth": 0, "r_mono": 1.0, "cov_cell": 2.4202836779437054e-14}, "ncells": 6471, "ngenes": 26724, "avg_per_cell": 5907.74, "avg_per_gene": 1430.51, "min_cell": 219.0, "max_cell": 96741.0, "overdispersion": 3.76, "total_count": 38228966, "nvals": 8768244, "density": 0.05070371302534044}