{"ncells": 6471, "ngenes": 60623, "nvals": 8783368, "avg_per_cell": 5910.122701282646, "avg_per_gene": 630.8563416525081, "min_cell": 220, "max_cell": 96766, "total_count": 38244404, "overdispersion": 3.759811069902154, "raw": {"cov_gene": 117.03913630529078, "cov_cell": 1.9675952353417376, "r2_depth": 1.0, "r_mono": 1}, "PF": {"cov_gene": 78.16608839914714, "cov_cell": 2.6091553513804192e-14, "r2_depth": 0, "r_mono": 1}, "log1p": {"cov_gene": 5.098274392840063, "cov_cell": 1.707396446620387, "r2_depth": 0.96737427425041, "r_mono": 1}, "log1pPF": {"cov_gene": 5.7371509225756885, "cov_cell": 0.657900758002927, "r2_depth": 0.7680655810353207, "r_mono": 1}, "PFlog1pPF": {"cov_gene": 6.555787545971409, "cov_cell": 1.9147135361389652e-14, "r2_depth": 0, "r_mono": 1}, "log1pCPM": {"cov_gene": 3.057196244760746, "cov_cell": 1.3341629944334563, "r2_depth": 0.8960114490077323, "r_mono": 1}, "log1pCP10k": {"cov_gene": 5.387514158349907, "cov_cell": 0.7735816275812994, "r2_depth": 0.7871287919563987, "r_mono": 1}, "sqrt": {"cov_gene": 17.272980842570384, "cov_cell": 1.7125641324563203, "r2_depth": 0.971302105148637, "r_mono": 1}, "density": 0.0223899052111087}