{
  "ncells": 8775,
  "ngenes": 60623,
  "nvals": 6765955,
  "density": 0.012718753655361873,
  "total_counts": 26810913,
  "overdispersion": 3.808436072394245,
  "avg_per_cell": 3055.3747008547007,
  "avg_per_gene": 442.256453821157,
  "max_cell": 37925,
  "min_cell": 572,
  "raw": {
    "cov_gene": 208.5447002293848,
    "cov_cell": 0.9812668957987859,
    "r2_depth": 1,
    "r_mono": 1
  },
  "PF": {
    "cov_gene": 208.26431024660846,
    "cov_cell": 1.1544619403018226e-14,
    "r2_depth": 0,
    "r_mono": 1
  },
  "sqrt": {
    "cov_gene": 69.42607765230096,
    "cov_cell": 0.8740526663896082,
    "r2_depth": 0.4476865483302771,
    "r_mono": 1
  },
  "log1p": {
    "cov_gene": 7.573331579863621,
    "cov_cell": 0.8886502031750727,
    "r2_depth": 0.4107640370387494,
    "r_mono": 1
  },
  "log1pCP10k": {
    "cov_gene": 4.259231927063362,
    "cov_cell": 0.49886621477173815,
    "r2_depth": 0.003511090910312875,
    "r_mono": 1
  },
  "log1pCPM": {
    "cov_gene": 3.021285093325738,
    "cov_cell": 0.6466118275933267,
    "r2_depth": 0.19135408267571685,
    "r_mono": 1
  },
  "log1pPF": {
    "cov_gene": 6.309211782107168,
    "cov_cell": 0.47365732140485883,
    "r2_depth": 0.010737313946357796,
    "r_mono": 1
  },
  "PFlog1pPF": {
    "cov_gene": 71.09581979375766,
    "cov_cell": 1.0375638989646751e-14,
    "r2_depth": 0,
    "r_mono": 1
  }
}
