{
  "ncells": 2518,
  "ngenes": 60623,
  "nvals": 5785054,
  "density": 0.037897823364565,
  "total_counts": 25292997,
  "overdispersion": 1.5537888811300284,
  "avg_per_cell": 10044.875694996028,
  "avg_per_gene": 417.21783811424706,
  "max_cell": 69826,
  "min_cell": 197,
  "raw": {
    "cov_gene": 102.94894081802487,
    "cov_cell": 1.135451206384089,
    "r2_depth": 1,
    "r_mono": 1
  },
  "PF": {
    "cov_gene": 105.42465183901197,
    "cov_cell": 2.7691280437951e-14,
    "r2_depth": 0,
    "r_mono": 1
  },
  "sqrt": {
    "cov_gene": 15.900799611477414,
    "cov_cell": 0.9958552789817046,
    "r2_depth": 0.9693580280055245,
    "r_mono": 1
  },
  "log1p": {
    "cov_gene": 4.848343372647218,
    "cov_cell": 0.992817709489374,
    "r2_depth": 0.9649893627246604,
    "r_mono": 1
  },
  "log1pCP10k": {
    "cov_gene": 4.868116788917401,
    "cov_cell": 0.5406492084377025,
    "r2_depth": 0.7134444165259199,
    "r_mono": 1
  },
  "log1pCPM": {
    "cov_gene": 2.4866188146379957,
    "cov_cell": 0.8123915464282413,
    "r2_depth": 0.8828078231292382,
    "r_mono": 1
  },
  "log1pPF": {
    "cov_gene": 4.8624743410312465,
    "cov_cell": 0.5411351964075356,
    "r2_depth": 0.7137449778099572,
    "r_mono": 1
  },
  "PFlog1pPF": {
    "cov_gene": 9.158653858253352,
    "cov_cell": 2.6753560069293636e-14,
    "r2_depth": 0,
    "r_mono": 1
  }
}
