{
    "raw": {
        "cov_gene": 9.465695913033112,
        "r2_depth": 1.0,
        "r_mono": 1.0
    },
    "PF": {
        "cov_gene": 5.992457001492686,
        "r2_depth": 0,
        "r_mono": 1.0
    },
    "sqrt": {
        "cov_gene": 1.5462929917793666,
        "r2_depth": 0.9016655386077289,
        "r_mono": 1.0
    },
    "log1p": {
        "cov_gene": 1.2910556768569073,
        "r2_depth": 0.8724426776287528,
        "r_mono": 1.0
    },
    "log1pCP10k": {
        "cov_gene": 0.9244174040378113,
        "r2_depth": 0.6188121909389603,
        "r_mono": 1.0
    },
    "log1pCPM": {
        "cov_gene": 0.8801154282977224,
        "r2_depth": 0.6829251316956649,
        "r_mono": 1.0
    },
    "scalelog1pCP10k": {
        "cov_gene": 3.3531896418099404e-15,
        "r2_depth": 0.5615567849692759,
        "r_mono": 0.5229652054479141
    },
    "sctransform": {
        "cov_gene": 0.5619653099916345,
        "r2_depth": 0.06944302822576465,
        "r_mono": 0.43459110559270253
    },
    "log1pPF": {
        "cov_gene": 1.2353483073141744,
        "r2_depth": 0.2381890318235801,
        "r_mono": 1.0
    },
    "PFlog1pPF": {
        "cov_gene": 1.3318115648748639,
        "r2_depth": 0,
        "r_mono": 1.0
    },
    "ncells": "260",
    "ngenes": 217,
    "avg_per_cell": "114.53",
    "avg_per_gene": "137.23",
    "min_cell": "48",
    "max_cell": "382",
    "overdispersion": "0.23"
}