{
  "ncells": 5893,
  "ngenes": 24117,
  "nvals": 5652235,
  "density": 0.03977044821254009,
  "total_counts": 24804044,
  "overdispersion": 4.59,
  "avg_per_cell": 4209.07,
  "avg_per_gene": 1028.49,
  "max_cell": 54790,
  "min_cell": 203,
  "raw": {
    "cov_gene": 124.06550646175212,
    "r2_depth": 1,
    "r_mono": 1,
    "cov_cell": 0.9284775770684859
  },
  "PF": {
    "cov_gene": 118.97874705035905,
    "r2_depth": 0,
    "r_mono": 1,
    "cov_cell": 9.834652887001574e-15
  },
  "sqrt": {
    "cov_gene": 41.05799673460638,
    "r2_depth": 0.38646076577011745,
    "r_mono": 1,
    "cov_cell": 0.7480324316671797
  },
  "log1p": {
    "cov_gene": 4.221987972233028,
    "r2_depth": 0.3465411153303527,
    "r_mono": 1,
    "cov_cell": 0.7571921166136858
  },
  "log1pCP10k": {
    "cov_gene": 2.6434527263505183,
    "r2_depth": 0.000233820238237481,
    "r_mono": 1,
    "cov_cell": 0.4675898386392706
  },
  "log1pCPM": {
    "cov_gene": 1.6673411251030552,
    "r2_depth": 0.12799261392040806,
    "r_mono": 1,
    "cov_cell": 0.572464608484078
  },
  "scalelog1pCP10k": {
    "cov_gene": 8.403295044550101e-14,
    "r2_depth": 0.0022180463004393136,
    "r_mono": 0.29837654915560313,
    "cov_cell": null
  },
  "sctransform": {
    "cov_gene": 0.7194728724927846,
    "r2_depth": 0.20984257331363887,
    "r_mono": 0.24715553134245688,
    "cov_cell": null
  },
  "log1pPF": {
    "cov_gene": 3.5838663653480953,
    "r2_depth": 0.014492625978614115,
    "r_mono": 1,
    "cov_cell": 0.449933500267009
  },
  "PFlog1pPF": {
    "cov_gene": 29.571997005490566,
    "r2_depth": 0,
    "r_mono": 1,
    "cov_cell": 8.816038334982623e-15
  }
}
