{"raw": {"cov_gene": 5.779465614524998, "r2_depth": 1.0, "r_mono": 1.0}, "PF": {"cov_gene": 5.3733003186774955, "r2_depth": 0, "r_mono": 1.0}, "sqrt": {"cov_gene": 2.277292310499315, "r2_depth": 0.975358856306439, "r_mono": 1.0}, "log1p": {"cov_gene": 2.482069659581635, "r2_depth": 0.9789804113668011, "r_mono": 1.0}, "log1pCP10k": {"cov_gene": 1.9422506272697777, "r2_depth": 0.8880856932539916, "r_mono": 1.0}, "log1pCPM": {"cov_gene": 1.9100418733791364, "r2_depth": 0.9215888609243751, "r_mono": 1.0}, "scalelog1pCP10k": {"cov_gene": 2.7158065557303234e-14, "r2_depth": 0.8482531798316197, "r_mono": 0.205989353709077}, "sctransform": {"cov_gene": 0.4655309274977718, "r2_depth": 0.01883248181659991, "r_mono": 0.2062691151827816}, "log1pPF": {"cov_gene": 2.4512477231676653, "r2_depth": 0.5250143045236655, "r_mono": 1.0}, "PFlog1pPF": {"cov_gene": 2.682032526656453, "r2_depth": 0, "r_mono": 1.0}}