{"raw": {"cov_gene": 5.779465614524998, "r2_depth": 1.0, "r_mono": 1.0, "cov_cell": 0.6217984960989051}, "PF": {"cov_gene": 5.3733003186774955, "r2_depth": 0, "r_mono": 1.0, "cov_cell": 4.285791770194552e-16}, "sqrt": {"cov_gene": 2.277292310499315, "r2_depth": 0.975358856306439, "r_mono": 1.0, "cov_cell": 0.5548581678639362}, "log1p": {"cov_gene": 2.482069659581635, "r2_depth": 0.9789804113668011, "r_mono": 1.0, "cov_cell": 0.5620074038967023}, "log1pCP10k": {"cov_gene": 1.9422506272697777, "r2_depth": 0.8880856932539916, "r_mono": 1.0, "cov_cell": 0.40217422560042027}, "log1pCPM": {"cov_gene": 1.9100418733791364, "r2_depth": 0.9215888609243751, "r_mono": 1.0, "cov_cell": 0.4575626760113954}, "scalelog1pCP10k": {"cov_gene": 2.7158065557303234e-14, "r2_depth": 0.8482531798316197, "r_mono": 0.205989353709077, "cov_cell": null}, "sctransform": {"cov_gene": 0.4655309274977718, "r2_depth": 0.01883248181659991, "r_mono": 0.2062691151827816, "cov_cell": null}, "log1pPF": {"cov_gene": 2.4512477231676653, "r2_depth": 0.5250143045236655, "r_mono": 1.0, "cov_cell": 0.13874660424594973}, "PFlog1pPF": {"cov_gene": 2.682032526656453, "r2_depth": 0, "r_mono": 1.0, "cov_cell": 4.787802874902167e-16}, "ncells": 1754, "ngenes": 2087, "avg_per_cell": 36.69, "avg_per_gene": 30.84, "min_cell": 5.0, "max_cell": 281.0, "overdispersion": 0.4, "total_count": 64357, "nvals": 55584, "density": 0.015184404296784295}