{
  "ncells": 1179,
  "ngenes": 60623,
  "nvals": 750333,
  "density": 0.010497909345788235,
  "total_counts": 1920999,
  "overdispersion": 11.816079628720246,
  "avg_per_cell": 1629.3460559796438,
  "avg_per_gene": 31.68762680830708,
  "max_cell": 37824,
  "min_cell": 17,
  "raw": {
    "cov_gene": 175.2589739457551,
    "cov_cell": 1.6586365463977444,
    "r2_depth": 1,
    "r_mono": 1
  },
  "PF": {
    "cov_gene": 74.34857722819588,
    "cov_cell": 9.799320357872033e-15,
    "r2_depth": 0,
    "r_mono": 1
  },
  "sqrt": {
    "cov_gene": 12.235888968968348,
    "cov_cell": 1.0042684672578817,
    "r2_depth": 0.9109538974513158,
    "r_mono": 1
  },
  "log1p": {
    "cov_gene": 6.225218149858567,
    "cov_cell": 0.983615106605375,
    "r2_depth": 0.8995482903852224,
    "r_mono": 1
  },
  "log1pCP10k": {
    "cov_gene": 4.232533852288723,
    "cov_cell": 0.37052183461639276,
    "r2_depth": 0.40203145102034477,
    "r_mono": 1
  },
  "log1pCPM": {
    "cov_gene": 3.4749295534989098,
    "cov_cell": 0.6219775315739915,
    "r2_depth": 0.6900721956671861,
    "r_mono": 1
  },
  "log1pPF": {
    "cov_gene": 5.8931029204241465,
    "cov_cell": 0.2275376390416117,
    "r2_depth": 0.23335235104224517,
    "r_mono": 1
  },
  "PFlog1pPF": {
    "cov_gene": 11.546763311795457,
    "cov_cell": 6.700829585707345e-15,
    "r2_depth": 0,
    "r_mono": 1
  }
}
