{
  "ncells": 1989,
  "ngenes": 10749,
  "nvals": 416205,
  "density": 0.01946724287516591,
  "total_counts": 779651,
  "overdispersion": 3.0901853310551957,
  "avg_per_cell": 391.98139768728004,
  "avg_per_gene": 72.53242162061588,
  "max_cell": 4654,
  "min_cell": 47,
  "raw": {
    "cov_gene": 45.95873751120686,
    "cov_cell": 1.5792051625150858,
    "r2_depth": 1,
    "r_mono": 1
  },
  "PF": {
    "cov_gene": 59.880726958303214,
    "cov_cell": 3.4463066684875627e-15,
    "r2_depth": 0,
    "r_mono": 1
  },
  "sqrt": {
    "cov_gene": 4.875171241190356,
    "cov_cell": 1.3673607109650354,
    "r2_depth": 0.9900154103577377,
    "r_mono": 1
  },
  "log1p": {
    "cov_gene": 3.423277311621035,
    "cov_cell": 1.3907988277991676,
    "r2_depth": 0.9899696835652491,
    "r_mono": 1
  },
  "log1pCP10k": {
    "cov_gene": 2.428739941403533,
    "cov_cell": 0.7753346647382352,
    "r2_depth": 0.8958579947248069,
    "r_mono": 1
  },
  "log1pCPM": {
    "cov_gene": 2.0110107521728393,
    "cov_cell": 1.0264978012042985,
    "r2_depth": 0.9570212080228095,
    "r_mono": 1
  },
  "scalelog1pCP10k": {
    "cov_gene": 3.046430455320364e-14,
    "cov_cell": null,
    "r2_depth": 0.9041436585313448,
    "r_mono": 0.20818098578216424
  },
  "sctransform": {
    "cov_gene": 0.7767324101717561,
    "cov_cell": null,
    "r2_depth": 0.43885589164396743,
    "r_mono": 0.1816971079425892
  },
  "log1pPF": {
    "cov_gene": 3.5265861794438726,
    "cov_cell": 0.34870637785392,
    "r2_depth": 0.6208802289257597,
    "r_mono": 1
  },
  "PFlog1pPF": {
    "cov_gene": 6.381704606330297,
    "cov_cell": 2.8193927166141208e-15,
    "r2_depth": 0,
    "r_mono": 1
  }
}
