{
    "raw": {
        "cov_gene": 52.457311245158365,
        "r2_depth": 1.0,
        "r_mono": 1.0
    },
    "PF": {
        "cov_gene": 79.64554528658621,
        "r2_depth": 0,
        "r_mono": 1.0
    },
    "sqrt": {
        "cov_gene": 9.023691269443816,
        "r2_depth": 0.9150407334310809,
        "r_mono": 1.0
    },
    "log1p": {
        "cov_gene": 3.059943872060843,
        "r2_depth": 0.9025636467875487,
        "r_mono": 1.0
    },
    "log1pCP10k": {
        "cov_gene": 2.40397972384858,
        "r2_depth": 0.4944877656963216,
        "r_mono": 1.0
    },
    "log1pCPM": {
        "cov_gene": 1.5111581249226613,
        "r2_depth": 0.7709897562866193,
        "r_mono": 1.0
    },
    "scalelog1pCP10k": {
        "cov_gene": 5.504689992601827e-14,
        "r2_depth": 0.4735495044578779,
        "r_mono": 0.3287511775275119
    },
    "sctransform": {
        "cov_gene": 0.8936201848274871,
        "r2_depth": 0.297089090576511,
        "r_mono": 0.2335779400540875
    },
    "log1pPF": {
        "cov_gene": 2.949211364079912,
        "r2_depth": 0.3767954936513377,
        "r_mono": 1.0
    },
    "PFlog1pPF": {
        "cov_gene": 23.14790970948617,
        "r2_depth": 0,
        "r_mono": 1.0
    },
    "ncells": 3664,
    "ngenes": 22936,
    "avg_per_cell": 4242.48,
    "avg_per_gene": 677.73,
    "min_cell": 301.0,
    "max_cell": 50599.0,
    "overdispersion": 5.4
}