{
    "raw": {
        "cov_gene": 34.86804246035216,
        "r2_depth": 1.0,
        "r_mono": 1.0
    },
    "PF": {
        "cov_gene": 82.26683386039905,
        "r2_depth": 0,
        "r_mono": 1.0
    },
    "sqrt": {
        "cov_gene": 4.709911804163916,
        "r2_depth": 0.9609865927574239,
        "r_mono": 1.0
    },
    "log1p": {
        "cov_gene": 2.5715044583398425,
        "r2_depth": 0.9551616778950737,
        "r_mono": 1.0
    },
    "log1pCP10k": {
        "cov_gene": 1.975005252411136,
        "r2_depth": 0.552830137162865,
        "r_mono": 1.0
    },
    "log1pCPM": {
        "cov_gene": 1.4703418299656787,
        "r2_depth": 0.841447431148622,
        "r_mono": 1.0
    },
    "scalelog1pCP10k": {
        "cov_gene": 7.6904531247577e-14,
        "r2_depth": 0.49933318015942707,
        "r_mono": 0.40209971910200976
    },
    "sctransform": {
        "cov_gene": 0.7790621267112863,
        "r2_depth": 0.4988047765591388,
        "r_mono": 0.23038892051976043
    },
    "log1pPF": {
        "cov_gene": 2.1514336668106377,
        "r2_depth": 0.48598963977007714,
        "r_mono": 1.0
    },
    "PFlog1pPF": {
        "cov_gene": 15.833857350886738,
        "r2_depth": 0,
        "r_mono": 1.0
    },
    "ncells": "5289",
    "ngenes": 26519,
    "avg_per_cell": "6408.11",
    "avg_per_gene": "1278.05",
    "min_cell": "572",
    "max_cell": "69538",
    "overdispersion": "1.23"
}