{"raw": {"cov_gene": 34.86804246035216, "r2_depth": 1.0, "r_mono": 1.0, "cov_cell": 0.932568930260062}, "PF": {"cov_gene": 82.26683386039905, "r2_depth": 0, "r_mono": 1.0, "cov_cell": 2.4171407627133706e-14}, "sqrt": {"cov_gene": 4.709911804163916, "r2_depth": 0.9609865927574239, "r_mono": 1.0, "cov_cell": 0.7141373811574933}, "log1p": {"cov_gene": 2.5715044583398425, "r2_depth": 0.9551616778950737, "r_mono": 1.0, "cov_cell": 0.7125447651241034}, "log1pCP10k": {"cov_gene": 1.975005252411136, "r2_depth": 0.552830137162865, "r_mono": 1.0, "cov_cell": 0.27920124875335384}, "log1pCPM": {"cov_gene": 1.4703418299656787, "r2_depth": 0.841447431148622, "r_mono": 1.0, "cov_cell": 0.4848645806935098}, "scalelog1pCP10k": {"cov_gene": 7.6904531247577e-14, "r2_depth": 0.49933318015942707, "r_mono": 0.40209971910200976, "cov_cell": null}, "sctransform": {"cov_gene": 0.7790621267112863, "r2_depth": 0.4988047765591388, "r_mono": 0.23038892051976043, "cov_cell": null}, "log1pPF": {"cov_gene": 2.1514336668106377, "r2_depth": 0.48598963977007714, "r_mono": 1.0, "cov_cell": 0.2514443265243665}, "PFlog1pPF": {"cov_gene": 15.833857350886738, "r2_depth": 0, "r_mono": 1.0, "cov_cell": 2.0222527096796796e-14}, "ncells": 5289, "ngenes": 26519, "avg_per_cell": 6408.11, "avg_per_gene": 1278.05, "min_cell": 572.0, "max_cell": 69538.0, "overdispersion": 1.23, "total_count": 33892513, "nvals": 10606701, "sparsity": 0.07562225369210021}