{
  "ncells": 1312,
  "ngenes": 60623,
  "nvals": 907673,
  "density": 0.0114119052657709,
  "total_counts": 2339215,
  "overdispersion": 0.6812165931971972,
  "avg_per_cell": 1782.938262195122,
  "avg_per_gene": 38.586262639592235,
  "max_cell": 14743,
  "min_cell": 230,
  "raw": {
    "cov_gene": 84.51708296184438,
    "cov_cell": 1.0280208090067207,
    "r2_depth": 1,
    "r_mono": 1
  },
  "PF": {
    "cov_gene": 141.37723596105965,
    "cov_cell": 8.393563525824351e-15,
    "r2_depth": 0,
    "r_mono": 1
  },
  "sqrt": {
    "cov_gene": 7.657869260576392,
    "cov_cell": 0.8661805231920717,
    "r2_depth": 0.9839016427046661,
    "r_mono": 1
  },
  "log1p": {
    "cov_gene": 5.821606120264258,
    "cov_cell": 0.8700750544031005,
    "r2_depth": 0.9816510324094366,
    "r_mono": 1
  },
  "log1pCP10k": {
    "cov_gene": 4.246762927261142,
    "cov_cell": 0.4626339543988863,
    "r2_depth": 0.8032598517877508,
    "r_mono": 1
  },
  "log1pCPM": {
    "cov_gene": 3.416355633010479,
    "cov_cell": 0.6458321351291091,
    "r2_depth": 0.9250866042191258,
    "r_mono": 1
  },
  "log1pPF": {
    "cov_gene": 5.493639946611612,
    "cov_cell": 0.3197633405422289,
    "r2_depth": 0.6786490086355852,
    "r_mono": 1
  },
  "PFlog1pPF": {
    "cov_gene": 8.254197108166228,
    "cov_cell": 6.200449947751239e-15,
    "r2_depth": 0,
    "r_mono": 1
  }
}
