{"ncells": 19962, "ngenes": 60623, "nvals": 15286385, "avg_per_cell": 2306.8378418996094, "avg_per_gene": 759.5977929168797, "min_cell": 206, "max_cell": 132763, "total_count": 46049097, "overdispersion": 17.235999568695572, "raw": {"cov_gene": 156.98235461935082, "cov_cell": 3.0319007337548736, "r2_depth": 1.0, "r_mono": 1}, "PF": {"cov_gene": 86.36460488039538, "cov_cell": 1.3264880834246981e-14, "r2_depth": 0, "r_mono": 1}, "log1p": {"cov_gene": 4.021730742498434, "cov_cell": 2.294380949051061, "r2_depth": 0.9247154040430037, "r_mono": 1}, "log1pPF": {"cov_gene": 4.905998245425333, "cov_cell": 0.5057263765356199, "r2_depth": 0.4270290022238513, "r_mono": 1}, "PFlog1pPF": {"cov_gene": 7.602202104247947, "cov_cell": 1.1105694842344542e-14, "r2_depth": 0, "r_mono": 1}, "log1pCPM": {"cov_gene": 3.086993112022395, "cov_cell": 1.4314395360836465, "r2_depth": 0.7557524786047435, "r_mono": 1}, "log1pCP10k": {"cov_gene": 4.172483469317183, "cov_cell": 0.7896958795627863, "r2_depth": 0.5483996693104733, "r_mono": 1}, "sqrt": {"cov_gene": 11.90881708542152, "cov_cell": 2.2872415486029123, "r2_depth": 0.9350809470183699, "r_mono": 1}, "density": 0.012631744074360192}