{
    "raw": {
        "cov_gene": 117.08699892504212,
        "r2_depth": 1.0,
        "r_mono": 1.0
    },
    "PF": {
        "cov_gene": 64.41155328063935,
        "r2_depth": 0,
        "r_mono": 1.0
    },
    "sqrt": {
        "cov_gene": 8.86129419116125,
        "r2_depth": 0.9350580519135249,
        "r_mono": 1.0
    },
    "log1p": {
        "cov_gene": 2.9262560120706347,
        "r2_depth": 0.9246768347200575,
        "r_mono": 1.0
    },
    "log1pCP10k": {
        "cov_gene": 3.0415088052216714,
        "r2_depth": 0.5484292427956649,
        "r_mono": 1.0
    },
    "log1pCPM": {
        "cov_gene": 2.2061292911377812,
        "r2_depth": 0.7556699054232152,
        "r_mono": 1.0
    },
    "scalelog1pCP10k": {
        "cov_gene": 3.088529999284208e-13,
        "r2_depth": 0.500629664672322,
        "r_mono": 0.20063847604335994
    },
    "sctransform": {
        "cov_gene": 0.7504567647398521,
        "r2_depth": 0.4531707750491707,
        "r_mono": 0.14621495948465008
    },
    "log1pPF": {
        "cov_gene": 3.5997187392784364,
        "r2_depth": 0.4270144808337575,
        "r_mono": 1.0
    },
    "PFlog1pPF": {
        "cov_gene": 5.632821690503245,
        "r2_depth": 0,
        "r_mono": 1.0
    },
    "ncells": "19962",
    "ngenes": 33726,
    "avg_per_cell": "2305.99",
    "avg_per_gene": "1364.89",
    "min_cell": "204",
    "max_cell": "132723",
    "overdispersion": "17.24"
}