{"raw": {"cov_gene": 117.08699892504212, "r2_depth": 1.0, "r_mono": 1.0, "cov_cell": 3.032068273649472}, "PF": {"cov_gene": 64.41155328063935, "r2_depth": 0, "r_mono": 1.0, "cov_cell": 1.6456906886000766e-14}, "sqrt": {"cov_gene": 8.86129419116125, "r2_depth": 0.9350580519135249, "r_mono": 1.0, "cov_cell": 2.286910685396032}, "log1p": {"cov_gene": 2.9262560120706347, "r2_depth": 0.9246768347200575, "r_mono": 1.0, "cov_cell": 2.2940737106296885}, "log1pCP10k": {"cov_gene": 3.0415088052216714, "r2_depth": 0.5484292427956649, "r_mono": 1.0, "cov_cell": 0.7895504729137225}, "log1pCPM": {"cov_gene": 2.2061292911377812, "r2_depth": 0.7556699054232152, "r_mono": 1.0, "cov_cell": 1.4308134749190562}, "scalelog1pCP10k": {"cov_gene": 3.088529999284208e-13, "r2_depth": 0.500629664672322, "r_mono": 0.20063847604335994, "cov_cell": null}, "sctransform": {"cov_gene": 0.7504567647398521, "r2_depth": 0.4531707750491707, "r_mono": 0.14621495948465008, "cov_cell": null}, "log1pPF": {"cov_gene": 3.5997187392784364, "r2_depth": 0.4270144808337575, "r_mono": 1.0, "cov_cell": 0.5056351752731897}, "PFlog1pPF": {"cov_gene": 5.632821690503245, "r2_depth": 0, "r_mono": 1.0, "cov_cell": 1.4122718080161824e-14}, "ncells": 19962, "ngenes": 33726, "avg_per_cell": 2305.99, "avg_per_gene": 1364.89, "min_cell": 204.0, "max_cell": 132723.0, "overdispersion": 17.24, "total_count": 46032164, "nvals": 15269860, "density": 0.022681207322436617}