{
  "ncells": 2417,
  "ngenes": 16867,
  "nvals": 1711453,
  "density": 0.04198077789292113,
  "total_counts": 3664679,
  "overdispersion": 0.18,
  "avg_per_cell": 1516.21,
  "avg_per_gene": 217.27,
  "max_cell": 7966,
  "min_cell": 673,
  "raw": {
    "cov_gene": 43.14496324243188,
    "r2_depth": 1,
    "r_mono": 1,
    "cov_cell": 0.40246007368884285
  },
  "PF": {
    "cov_gene": 42.700599202670475,
    "r2_depth": 0,
    "r_mono": 1,
    "cov_cell": 7.230938227564746e-15
  },
  "sqrt": {
    "cov_gene": 2.5496755413679026,
    "r2_depth": 0.9739186889575204,
    "r_mono": 1,
    "cov_cell": 0.3361844716656583
  },
  "log1p": {
    "cov_gene": 2.469640485566963,
    "r2_depth": 0.9724861352401121,
    "r_mono": 1,
    "cov_cell": 0.3352958471951441
  },
  "log1pCP10k": {
    "cov_gene": 1.8304040027108353,
    "r2_depth": 0.8315996306559599,
    "r_mono": 1,
    "cov_cell": 0.16677740483301715
  },
  "log1pCPM": {
    "cov_gene": 1.60735198625228,
    "r2_depth": 0.915751340187958,
    "r_mono": 1,
    "cov_cell": 0.25322940395346344
  },
  "scalelog1pCP10k": {
    "cov_gene": 3.447335483141346e-14,
    "r2_depth": 0.7168351497088566,
    "r_mono": 0.31582826529649566,
    "cov_cell": null
  },
  "sctransform": {
    "cov_gene": 0.41202028661356127,
    "r2_depth": 0.006799118402833759,
    "r_mono": 0.23624713035371026,
    "cov_cell": null
  },
  "log1pPF": {
    "cov_gene": 2.4039960219135326,
    "r2_depth": 0.6813872563041503,
    "r_mono": 1,
    "cov_cell": 0.09494870407374557
  },
  "PFlog1pPF": {
    "cov_gene": 2.4319142378113305,
    "r2_depth": 0,
    "r_mono": 1,
    "cov_cell": 6.1436392688069164e-15
  }
}
