{"raw": {"cov_gene": 95.06287172098244, "r2_depth": 1.0, "r_mono": 1.0, "cov_cell": 0.9054634266971515}, "PF": {"cov_gene": 89.2264618755131, "r2_depth": 0, "r_mono": 1.0, "cov_cell": 3.898968751438978e-15}, "sqrt": {"cov_gene": 46.52781458735324, "r2_depth": 0.411686707497003, "r_mono": 1.0, "cov_cell": 0.9357199558107296}, "log1p": {"cov_gene": 5.774723593481426, "r2_depth": 0.3651266635822471, "r_mono": 1.0, "cov_cell": 0.9711079231624945}, "log1pCP10k": {"cov_gene": 2.6775495530131987, "r2_depth": 0.011796120727546433, "r_mono": 1.0, "cov_cell": 0.6136941356920029}, "log1pCPM": {"cov_gene": 1.8350789993675949, "r2_depth": 0.18150557895066133, "r_mono": 1.0, "cov_cell": 0.7457009676235032}, "scalelog1pCP10k": {"cov_gene": 2.889479395273495e-14, "r2_depth": 0.036506966625955095, "r_mono": 0.2722026672689388, "cov_cell": null}, "sctransform": {"cov_gene": 0.6893670069582113, "r2_depth": 0.08137733551453685, "r_mono": 0.23493103866446666, "cov_cell": null}, "log1pPF": {"cov_gene": 4.563571442819815, "r2_depth": 0.015341655673048238, "r_mono": 1.0, "cov_cell": 0.5831364163784297}, "PFlog1pPF": {"cov_gene": 50.93079255537343, "r2_depth": 0, "r_mono": 1.0, "cov_cell": 2.683540985356799e-15}, "ncells": 1870, "ngenes": 9594, "avg_per_cell": 1979.23, "avg_per_gene": 385.78, "min_cell": 360.0, "max_cell": 13906.0, "overdispersion": 1.8, "total_count": 3701157, "nvals": 606400, "density": 0.03380009118890037}