{"raw": {"cov_gene": 61.92162164156933, "r2_depth": 1.0, "r_mono": 1.0, "cov_cell": 4.764425456597187}, "PF": {"cov_gene": 21.106180352787543, "r2_depth": 0, "r_mono": 1.0, "cov_cell": 1.1221163111482956e-14}, "sqrt": {"cov_gene": 10.313447366386873, "r2_depth": 0.9602575763418402, "r_mono": 1.0, "cov_cell": 3.848024682496872}, "log1p": {"cov_gene": 4.767078329480254, "r2_depth": 0.9538063550103474, "r_mono": 1.0, "cov_cell": 3.8230540962752424}, "log1pCP10k": {"cov_gene": 6.491763553465209, "r2_depth": 0.6876012835134735, "r_mono": 1.0, "cov_cell": 1.3089377043968644}, "log1pCPM": {"cov_gene": 4.243859823768811, "r2_depth": 0.8590410844203982, "r_mono": 1.0, "cov_cell": 2.5310680491536646}, "scalelog1pCP10k": {"cov_gene": 1.4295850472937572e-12, "r2_depth": 0.5801793022100308, "r_mono": 0.10358271951400726, "cov_cell": null}, "sctransform": {"cov_gene": 0.9749477921004683, "r2_depth": 0.4985509905283715, "r_mono": 0.08370538545074278, "cov_cell": null}, "log1pPF": {"cov_gene": 7.246423907270217, "r2_depth": 0.5496875344746158, "r_mono": 1.0, "cov_cell": 0.547551562076339}, "PFlog1pPF": {"cov_gene": 7.534998136261595, "r2_depth": 0, "r_mono": 1.0, "cov_cell": 1.502174691366946e-14}, "ncells": 86769, "ngenes": 29251, "avg_per_cell": 1047.9, "avg_per_gene": 3108.45, "min_cell": 24.0, "max_cell": 116618.0, "overdispersion": 32.52, "total_count": 90925372, "nvals": 21102123, "density": 0.008314207133750735}