{"ncells": 6886, "ngenes": 60623, "nvals": 683009, "avg_per_cell": 160.55547487656114, "avg_per_gene": 18.237055243059565, "min_cell": 1, "max_cell": 3249, "total_count": 1105585, "overdispersion": 1.8764674206089553, "raw": {"cov_gene": 140.87095406082474, "cov_cell": 0.8084151699788871, "r2_depth": 1.0, "r_mono": 1}, "PF": {"cov_gene": 126.7747618969538, "cov_cell": 1.5352873713824095e-15, "r2_depth": 0, "r_mono": 1}, "log1p": {"cov_gene": 12.780884028656146, "cov_cell": 0.7042791542997906, "r2_depth": 0.9247566366937522, "r_mono": 1}, "log1pPF": {"cov_gene": 13.21567088284668, "cov_cell": 0.2098858009471195, "r2_depth": 0.20700924492441497, "r_mono": 1}, "PFlog1pPF": {"cov_gene": 68.34996249680334, "cov_cell": 1.291032695867453e-15, "r2_depth": 0, "r_mono": 1}, "log1pCPM": {"cov_gene": 5.591190261698583, "cov_cell": 0.5139766266662137, "r2_depth": 0.7938025217309281, "r_mono": 1}, "log1pCP10k": {"cov_gene": 6.175280225739571, "cov_cell": 0.4095388873078802, "r2_depth": 0.670511851085065, "r_mono": 1}, "sqrt": {"cov_gene": 16.24036586134535, "cov_cell": 0.6884143258906424, "r2_depth": 0.9267275874776836, "r_mono": 1}, "density": 0.001636145732411561}