{"raw": {"cov_gene": 68.81961349703147, "r2_depth": 1.0, "r_mono": 1.0, "cov_cell": 0.8102494245349471}, "PF": {"cov_gene": 61.78196041029468, "r2_depth": 0, "r_mono": 1.0, "cov_cell": 1.1085056966457423e-15}, "sqrt": {"cov_gene": 8.083426731924707, "r2_depth": 0.9237770531632451, "r_mono": 1.0, "cov_cell": 0.6873417014356942}, "log1p": {"cov_gene": 6.335951428778761, "r2_depth": 0.9217092827129132, "r_mono": 1.0, "cov_cell": 0.703649619915145}, "log1pCP10k": {"cov_gene": 2.9875962318054534, "r2_depth": 0.6642827499915744, "r_mono": 1.0, "cov_cell": 0.4100964163649382}, "log1pCPM": {"cov_gene": 2.6852386035896467, "r2_depth": 0.786330322577464, "r_mono": 1.0, "cov_cell": 0.5127471688472361}, "scalelog1pCP10k": {"cov_gene": 1.0503037739157221e-13, "r2_depth": 0.7371236414514017, "r_mono": 0.13444704594097773, "cov_cell": null}, "sctransform": {"cov_gene": null, "r2_depth": null, "r_mono": null, "cov_cell": null}, "log1pPF": {"cov_gene": 6.558014370902354, "r2_depth": 0.20304313530188067, "r_mono": 1.0, "cov_cell": 0.21125692352215733}, "PFlog1pPF": {"cov_gene": 32.849773357397616, "r2_depth": 0, "r_mono": 1.0, "cov_cell": 1.0601088023991167e-15}, "total_count": 1083928, "nvals": 661592, "sparsity": 0.006674853348187685, "ncells": 6886, "ngenes": 14394, "avg_per_cell": 157.41039790880046, "avg_per_gene": 75.30415450882312, "min_cell": 1.0, "max_cell": 3189.0}