{"ncells": 1645, "ngenes": 60623, "nvals": 1304004, "avg_per_cell": 2076.0674772036473, "avg_per_gene": 56.33391617043036, "min_cell": 18, "max_cell": 41759, "total_count": 3415131, "overdispersion": 8.678702446730716, "raw": {"cov_gene": 172.38598639600502, "cov_cell": 1.38179359270777, "r2_depth": 1.0, "r_mono": 1}, "PF": {"cov_gene": 76.38567763188293, "cov_cell": 1.080237062890113e-14, "r2_depth": 0, "r_mono": 1}, "log1p": {"cov_gene": 5.782131212621476, "cov_cell": 0.8657203025929182, "r2_depth": 0.9273882279967413, "r_mono": 1}, "log1pPF": {"cov_gene": 5.1932725579238745, "cov_cell": 0.19912799224325264, "r2_depth": 0.29123264986033814, "r_mono": 1}, "PFlog1pPF": {"cov_gene": 7.854732692446479, "cov_cell": 9.545407432950756e-15, "r2_depth": 0, "r_mono": 1}, "log1pCPM": {"cov_gene": 3.222176828183443, "cov_cell": 0.5534422542668563, "r2_depth": 0.7629953955801063, "r_mono": 1}, "log1pCP10k": {"cov_gene": 3.9462070086812275, "cov_cell": 0.3144692896872802, "r2_depth": 0.48187055093963016, "r_mono": 1}, "sqrt": {"cov_gene": 13.622849848929485, "cov_cell": 0.8806624119283579, "r2_depth": 0.9350427183543969, "r_mono": 1}, "density": 0.013076020632172518}