{"raw": {"cov_gene": 88.22017214353815, "r2_depth": 1.0, "r_mono": 1.0, "cov_cell": 1.3849502626765036}, "PF": {"cov_gene": 38.88134078532807, "r2_depth": 0, "r_mono": 1.0, "cov_cell": 1.1756063189290128e-14}, "sqrt": {"cov_gene": 6.973377546484837, "r2_depth": 0.9349282250504904, "r_mono": 1.0, "cov_cell": 0.8812035701501074}, "log1p": {"cov_gene": 2.856781406873714, "r2_depth": 0.9271855623265276, "r_mono": 1.0, "cov_cell": 0.8660881325754354}, "log1pCP10k": {"cov_gene": 1.857371353849528, "r2_depth": 0.48239392652520496, "r_mono": 1.0, "cov_cell": 0.31530652925548325}, "log1pCPM": {"cov_gene": 1.4391909212024696, "r2_depth": 0.7620230171393109, "r_mono": 1.0, "cov_cell": 0.5531360272901902}, "scalelog1pCP10k": {"cov_gene": 2.3715416746356777e-14, "r2_depth": 0.4913818224227068, "r_mono": 0.3334988857894609, "cov_cell": null}, "sctransform": {"cov_gene": 0.5572764234753967, "r2_depth": 0.33064885566007585, "r_mono": 0.25510043672316296, "cov_cell": null}, "log1pPF": {"cov_gene": 2.54599583841526, "r2_depth": 0.2922163519306674, "r_mono": 1.0, "cov_cell": 0.19974257040249038}, "PFlog1pPF": {"cov_gene": 3.945949835364606, "r2_depth": 0, "r_mono": 1.0, "cov_cell": 7.729619106601197e-15}, "ncells": 1645, "ngenes": 15848, "avg_per_cell": 2065.32, "avg_per_gene": 214.38, "min_cell": 18.0, "max_cell": 41670.0, "overdispersion": 8.68, "total_count": 3397452, "nvals": 1287335, "sparsity": 0.049380014392043564}