{"raw": {"cov_gene": 88.22017214353815, "r2_depth": 1.0, "r_mono": 1.0}, "PF": {"cov_gene": 38.88134078532807, "r2_depth": 0, "r_mono": 1.0}, "sqrt": {"cov_gene": 6.973377546484837, "r2_depth": 0.9349282250504904, "r_mono": 1.0}, "log1p": {"cov_gene": 2.856781406873714, "r2_depth": 0.9271855623265276, "r_mono": 1.0}, "log1pCP10k": {"cov_gene": 1.857371353849528, "r2_depth": 0.48239392652520496, "r_mono": 1.0}, "log1pCPM": {"cov_gene": 1.4391909212024696, "r2_depth": 0.7620230171393109, "r_mono": 1.0}, "scalelog1pCP10k": {"cov_gene": 2.3715416746356777e-14, "r2_depth": 0.4913818224227068, "r_mono": 0.3334988857894609}, "sctransform": {"cov_gene": 0.5572764234753967, "r2_depth": 0.33064885566007585, "r_mono": 0.25510043672316296}, "log1pPF": {"cov_gene": 2.54599583841526, "r2_depth": 0.2922163519306674, "r_mono": 1.0}, "PFlog1pPF": {"cov_gene": 3.945949835364606, "r2_depth": 0, "r_mono": 1.0}}