{"raw": {"cov_gene": 62.00139356405858, "r2_depth": 1.0, "r_mono": 1.0, "cov_cell": 0.5549993619611928}, "PF": {"cov_gene": 111.79591749343655, "r2_depth": 0, "r_mono": 1.0, "cov_cell": 3.879282314114563e-14}, "sqrt": {"cov_gene": 7.960304951850984, "r2_depth": 0.939952494853868, "r_mono": 1.0, "cov_cell": 0.4293259951683179}, "log1p": {"cov_gene": 2.1349519988100467, "r2_depth": 0.9274369936985896, "r_mono": 1.0, "cov_cell": 0.4244578037817849}, "log1pCP10k": {"cov_gene": 2.362544644583663, "r2_depth": 0.30569890816765977, "r_mono": 1.0, "cov_cell": 0.159190934088462}, "log1pCPM": {"cov_gene": 1.342631879439362, "r2_depth": 0.7703231997582789, "r_mono": 1.0, "cov_cell": 0.28165256245713205}, "scalelog1pCP10k": {"cov_gene": 7.360745955492049e-14, "r2_depth": 0.10253029998269747, "r_mono": 0.4438161829631539, "cov_cell": null}, "sctransform": {"cov_gene": 1.1757350175837955, "r2_depth": 0.46103432464992855, "r_mono": 0.1799311203071632, "cov_cell": null}, "log1pPF": {"cov_gene": 1.8996723222391632, "r2_depth": 0.42119423334725337, "r_mono": 1.0, "cov_cell": 0.17727302600226763}, "PFlog1pPF": {"cov_gene": 2.637598982830059, "r2_depth": 0, "r_mono": 1.0, "cov_cell": 3.050758381979475e-14}, "ncells": 5399, "ngenes": 29820, "avg_per_cell": 19181.25, "avg_per_gene": 3472.82, "min_cell": 3509.0, "max_cell": 67294.0, "overdispersion": 1.23, "total_count": 103559560, "nvals": 19726493, "sparsity": 0.122526186320864}