{"ncells": 5399, "ngenes": 60623, "nvals": 19741952, "avg_per_cell": 19184.155584367476, "avg_per_gene": 1708.514194282698, "min_cell": 3517, "max_cell": 67302, "total_count": 103575256, "overdispersion": 1.233671670220605, "raw": {"cov_gene": 88.40850514027996, "cov_cell": 0.5549503158398689, "r2_depth": 1.0, "r_mono": 1}, "PF": {"cov_gene": 159.417517849267, "cov_cell": 3.112952350878368e-14, "r2_depth": 0, "r_mono": 1}, "log1p": {"cov_gene": 3.207107601196246, "cov_cell": 0.4243795507614095, "r2_depth": 0.9274235391959326, "r_mono": 1}, "log1pPF": {"cov_gene": 2.890081641434427, "cov_cell": 0.17721878560440618, "r2_depth": 0.42052715412407715, "r_mono": 1}, "PFlog1pPF": {"cov_gene": 3.8929027853562665, "cov_cell": 3.1633226928571996e-14, "r2_depth": 0, "r_mono": 1}, "log1pCPM": {"cov_gene": 2.163911922353492, "cov_cell": 0.2815759356417992, "r2_depth": 0.7701456452156336, "r_mono": 1}, "log1pCP10k": {"cov_gene": 3.515944378847206, "cov_cell": 0.1591526750426483, "r2_depth": 0.3049525387805322, "r_mono": 1}, "sqrt": {"cov_gene": 11.38966090536245, "cov_cell": 0.42924432980255056, "r2_depth": 0.9399375553494603, "r_mono": 1}, "density": 0.06031694545153107}