{"ncells": 2036, "ngenes": 60623, "nvals": 3749344, "avg_per_cell": 5819.937131630649, "avg_per_gene": 195.46033683585438, "min_cell": 1575, "max_cell": 25795, "total_count": 11849392, "overdispersion": 2.7191719688086957, "raw": {"cov_gene": 77.8442651580913, "cov_cell": 0.616188688876943, "r2_depth": 1.0, "r_mono": 1}, "PF": {"cov_gene": 106.81655595750617, "cov_cell": 2.0950988944517002e-14, "r2_depth": 0, "r_mono": 1}, "log1p": {"cov_gene": 4.410698463972695, "cov_cell": 0.49264842696461175, "r2_depth": 0.9499488219616433, "r_mono": 1}, "log1pPF": {"cov_gene": 4.085275625056036, "cov_cell": 0.18645711859565037, "r2_depth": 0.4816790168423677, "r_mono": 1}, "PFlog1pPF": {"cov_gene": 5.585721402582345, "cov_cell": 2.0928155714880384e-14, "r2_depth": 0, "r_mono": 1}, "log1pCPM": {"cov_gene": 2.601779619838704, "cov_cell": 0.34659533926076214, "r2_depth": 0.8507993285336141, "r_mono": 1}, "log1pCP10k": {"cov_gene": 3.5508271993480705, "cov_cell": 0.20861937154143387, "r2_depth": 0.5716061491464095, "r_mono": 1}, "sqrt": {"cov_gene": 8.857359332318282, "cov_cell": 0.4946619478528483, "r2_depth": 0.9563452381867411, "r_mono": 1}, "density": 0.030376664928439337}