{
    "raw": {
        "cov_gene": 45.80001450291451,
        "r2_depth": 1.0,
        "r_mono": 1.0
    },
    "PF": {
        "cov_gene": 62.78332016600858,
        "r2_depth": 0,
        "r_mono": 1.0
    },
    "sqrt": {
        "cov_gene": 5.167059189385753,
        "r2_depth": 0.9563380660291793,
        "r_mono": 1.0
    },
    "log1p": {
        "cov_gene": 2.476488772076512,
        "r2_depth": 0.9499074549637635,
        "r_mono": 1.0
    },
    "log1pCP10k": {
        "cov_gene": 1.9387065815010132,
        "r2_depth": 0.5735686411621161,
        "r_mono": 1.0
    },
    "log1pCPM": {
        "cov_gene": 1.3145781851852743,
        "r2_depth": 0.8510623525140455,
        "r_mono": 1.0
    },
    "scalelog1pCP10k": {
        "cov_gene": 2.867182798754997e-14,
        "r2_depth": 0.40322385525656723,
        "r_mono": 0.433343029030328
    },
    "sctransform": {
        "cov_gene": 0.8403609825465836,
        "r2_depth": 0.504420895906218,
        "r_mono": 0.2592370422214426
    },
    "log1pPF": {
        "cov_gene": 2.2764770364930853,
        "r2_depth": 0.48382120387750593,
        "r_mono": 1.0
    },
    "PFlog1pPF": {
        "cov_gene": 3.201256555423825,
        "r2_depth": 0,
        "r_mono": 1.0
    },
    "ncells": "2036",
    "ngenes": 20989,
    "avg_per_cell": "5810.49",
    "avg_per_gene": "563.64",
    "min_cell": "1565",
    "max_cell": "25765",
    "overdispersion": "2.72"
}