{
  "ncells": 5802,
  "ngenes": 60623,
  "nvals": 12838912,
  "density": 0.0365016984991578,
  "total_counts": 54612525,
  "overdispersion": 1.7638866291663207,
  "avg_per_cell": 9412.706825232679,
  "avg_per_gene": 900.8548735628392,
  "max_cell": 109990,
  "min_cell": 1592,
  "raw": {
    "cov_gene": 66.45433173487314,
    "cov_cell": 1.2721245182104581,
    "r2_depth": 1,
    "r_mono": 1
  },
  "PF": {
    "cov_gene": 91.01168218833564,
    "cov_cell": 2.341693791872554e-14,
    "r2_depth": 0,
    "r_mono": 1
  },
  "sqrt": {
    "cov_gene": 10.384595807464581,
    "cov_cell": 0.929670766408785,
    "r2_depth": 0.9661784565773957,
    "r_mono": 1
  },
  "log1p": {
    "cov_gene": 3.7934769464575604,
    "cov_cell": 0.9162297168113598,
    "r2_depth": 0.9605801910095464,
    "r_mono": 1
  },
  "log1pCP10k": {
    "cov_gene": 3.2777122863542636,
    "cov_cell": 0.2508810112342237,
    "r2_depth": 0.6332720930985991,
    "r_mono": 1
  },
  "log1pCPM": {
    "cov_gene": 2.4068074458198385,
    "cov_cell": 0.5843415219882575,
    "r2_depth": 0.8553463920591545,
    "r_mono": 1
  },
  "log1pPF": {
    "cov_gene": 3.310341522300064,
    "cov_cell": 0.24540722727438125,
    "r2_depth": 0.6276620336283121,
    "r_mono": 1
  },
  "PFlog1pPF": {
    "cov_gene": 3.582890026274823,
    "cov_cell": 1.9758071243491697e-14,
    "r2_depth": 0,
    "r_mono": 1
  }
}
