{
  "ncells": 5675,
  "ngenes": 24552,
  "nvals": 6244577,
  "density": 0.04481777416053386,
  "total_counts": 20524843,
  "overdispersion": 11.24,
  "avg_per_cell": 3616.71,
  "avg_per_gene": 835.97,
  "max_cell": 45407,
  "min_cell": 1277,
  "raw": {
    "cov_gene": 97.97840495925783,
    "r2_depth": 1,
    "r_mono": 1,
    "cov_cell": 0.8924241992198545
  },
  "PF": {
    "cov_gene": 98.0663279604816,
    "r2_depth": 0,
    "r_mono": 1,
    "cov_cell": 1.041102610325118e-14
  },
  "sqrt": {
    "cov_gene": 20.64632009034896,
    "r2_depth": 0.6451834670816963,
    "r_mono": 1,
    "cov_cell": 0.5597693256584734
  },
  "log1p": {
    "cov_gene": 2.7821522221465194,
    "r2_depth": 0.6109736122160777,
    "r_mono": 1,
    "cov_cell": 0.5526573311784247
  },
  "log1pCP10k": {
    "cov_gene": 1.973522985685084,
    "r2_depth": 0.015990061144904866,
    "r_mono": 1,
    "cov_cell": 0.23658434700193853
  },
  "log1pCPM": {
    "cov_gene": 1.5542974310096973,
    "r2_depth": 0.3510388179067493,
    "r_mono": 1,
    "cov_cell": 0.36015246654818817
  },
  "scalelog1pCP10k": {
    "cov_gene": 7.973188101958851e-14,
    "r2_depth": 0.06541441417196336,
    "r_mono": 0.32272722157829964,
    "cov_cell": null
  },
  "sctransform": {
    "cov_gene": 0.6018439461200313,
    "r2_depth": 0.16824119869804743,
    "r_mono": 0.2604479221838373,
    "cov_cell": null
  },
  "log1pPF": {
    "cov_gene": 2.5440723714313065,
    "r2_depth": 0.0032757101146685397,
    "r_mono": 1,
    "cov_cell": 0.21787193662811308
  },
  "PFlog1pPF": {
    "cov_gene": 32.47525988305594,
    "r2_depth": 0,
    "r_mono": 1,
    "cov_cell": 9.13008138967743e-15
  }
}
