{
  "ncells": 4996,
  "ngenes": 60623,
  "nvals": 1269689,
  "density": 0.0041921566549051065,
  "total_counts": 6945725,
  "overdispersion": 0.3723139118240367,
  "avg_per_cell": 1390.2572057646116,
  "avg_per_gene": 114.57243950315886,
  "max_cell": 51274,
  "min_cell": 477,
  "raw": {
    "cov_gene": 72.57201577441798,
    "cov_cell": 1.884905844955687,
    "r2_depth": 1,
    "r_mono": 1
  },
  "PF": {
    "cov_gene": 87.39154834965467,
    "cov_cell": 7.522216171806292e-15,
    "r2_depth": 0,
    "r_mono": 1
  },
  "sqrt": {
    "cov_gene": 14.505606195146765,
    "cov_cell": 2.2293411497727273,
    "r2_depth": 0.9280447269021821,
    "r_mono": 1
  },
  "log1p": {
    "cov_gene": 6.695022546619009,
    "cov_cell": 2.358735118642073,
    "r2_depth": 0.9175925669491236,
    "r_mono": 1
  },
  "log1pCP10k": {
    "cov_gene": 6.415137001442061,
    "cov_cell": 1.0446106180399466,
    "r2_depth": 0.4422749382800092,
    "r_mono": 1
  },
  "log1pCPM": {
    "cov_gene": 4.827751668449997,
    "cov_cell": 1.6391070393948037,
    "r2_depth": 0.718915980788688,
    "r_mono": 1
  },
  "log1pPF": {
    "cov_gene": 9.036903006762879,
    "cov_cell": 0.734131298656527,
    "r2_depth": 0.28927942134346707,
    "r_mono": 1
  },
  "PFlog1pPF": {
    "cov_gene": 28.638773758345863,
    "cov_cell": 5.631350314781488e-15,
    "r2_depth": 0,
    "r_mono": 1
  }
}
