{
    "raw": {
        "cov_gene": 42.43532006740027,
        "r2_depth": 1.0,
        "r_mono": 1.0
    },
    "PF": {
        "cov_gene": 55.84295604997354,
        "r2_depth": 0,
        "r_mono": 1.0
    },
    "sqrt": {
        "cov_gene": 6.801167086806368,
        "r2_depth": 0.9491164165459541,
        "r_mono": 1.0
    },
    "log1p": {
        "cov_gene": 1.7985069817044923,
        "r2_depth": 0.9393010658102201,
        "r_mono": 1.0
    },
    "log1pCP10k": {
        "cov_gene": 2.2295546589679622,
        "r2_depth": 0.5321053275964897,
        "r_mono": 1.0
    },
    "log1pCPM": {
        "cov_gene": 1.2248508381013905,
        "r2_depth": 0.7466725652981108,
        "r_mono": 1.0
    },
    "scalelog1pCP10k": {
        "cov_gene": 3.09321918896257e-15,
        "r2_depth": 0.5819394760944958,
        "r_mono": 0.24407362290559692
    },
    "sctransform": {
        "cov_gene": 0.8452207192777412,
        "r2_depth": 0.0014549251191886547,
        "r_mono": 0.22192581529206504
    },
    "log1pPF": {
        "cov_gene": 2.91950668199322,
        "r2_depth": 0.3851175961196577,
        "r_mono": 1.0
    },
    "PFlog1pPF": {
        "cov_gene": 10.252598361559338,
        "r2_depth": 0,
        "r_mono": 1.0
    },
    "ncells": "175",
    "ngenes": 6363,
    "avg_per_cell": "1985.05",
    "avg_per_gene": "54.59",
    "min_cell": "56",
    "max_cell": "70374",
    "overdispersion": "6.79"
}