{
  "ncells": 5312,
  "ngenes": 60623,
  "nvals": 3751982,
  "density": 0.01165105508883761,
  "total_counts": 10164502,
  "overdispersion": 1.310407604986079,
  "avg_per_cell": 1913.4981174698796,
  "avg_per_gene": 167.66741995612227,
  "max_cell": 30793,
  "min_cell": 350,
  "raw": {
    "cov_gene": 135.12052496667982,
    "cov_cell": 1.003931084252251,
    "r2_depth": 1,
    "r_mono": 1
  },
  "PF": {
    "cov_gene": 85.48994505644102,
    "cov_cell": 1.2208915474880287e-14,
    "r2_depth": 0,
    "r_mono": 1
  },
  "sqrt": {
    "cov_gene": 13.444270010815616,
    "cov_cell": 0.8300411487646178,
    "r2_depth": 0.964666233652274,
    "r_mono": 1
  },
  "log1p": {
    "cov_gene": 6.128754042280957,
    "cov_cell": 0.8300593538593787,
    "r2_depth": 0.9605714952520787,
    "r_mono": 1
  },
  "log1pCP10k": {
    "cov_gene": 4.262929385007166,
    "cov_cell": 0.452251057187524,
    "r2_depth": 0.5891553793513371,
    "r_mono": 1
  },
  "log1pCPM": {
    "cov_gene": 3.370439712992682,
    "cov_cell": 0.6309841144256729,
    "r2_depth": 0.8490928688285942,
    "r_mono": 1
  },
  "log1pPF": {
    "cov_gene": 5.874709013964417,
    "cov_cell": 0.3581646764213676,
    "r2_depth": 0.36365516548333254,
    "r_mono": 1
  },
  "PFlog1pPF": {
    "cov_gene": 26.04917098025314,
    "cov_cell": 7.921872212351369e-15,
    "r2_depth": 0,
    "r_mono": 1
  }
}
