{"raw": {"cov_gene": 73.86679106458071, "r2_depth": 1.0, "r_mono": 1.0}, "PF": {"cov_gene": 43.656293207407685, "r2_depth": 0, "r_mono": 1.0}, "sqrt": {"cov_gene": 11.621403490795874, "r2_depth": 0.8289570806697663, "r_mono": 1.0}, "log1p": {"cov_gene": 3.493054905591835, "r2_depth": 0.8077232414973351, "r_mono": 1.0}, "log1pCP10k": {"cov_gene": 2.331225878765429, "r2_depth": 0.3190570724467603, "r_mono": 1.0}, "log1pCPM": {"cov_gene": 1.5777966453166423, "r2_depth": 0.652244521266937, "r_mono": 1.0}, "scalelog1pCP10k": {"cov_gene": 4.599885588221434e-14, "r2_depth": 0.285679651124809, "r_mono": 0.3075860035678988}, "sctransform": {"cov_gene": 0.6865301750062615, "r2_depth": 0.2436617636174634, "r_mono": 0.23192173715191342}, "log1pPF": {"cov_gene": 3.1119830415123397, "r2_depth": 0.1747671050150802, "r_mono": 1.0}, "PFlog1pPF": {"cov_gene": 6.36692556912716, "r2_depth": 0, "r_mono": 1.0}}