{"ncells": 3125, "ngenes": 60623, "nvals": 2877842, "avg_per_cell": 3341.71616, "avg_per_gene": 172.25909308348318, "min_cell": 327, "max_cell": 48174, "total_count": 10442863, "overdispersion": 34.84507971388513, "raw": {"cov_gene": 124.03433905116925, "cov_cell": 1.182415937432161, "r2_depth": 1.0, "r_mono": 1}, "PF": {"cov_gene": 73.34283872825877, "cov_cell": 1.390844624759464e-14, "r2_depth": 0, "r_mono": 1}, "log1p": {"cov_gene": 5.995696155105247, "cov_cell": 0.8630368204986494, "r2_depth": 0.8081357238445568, "r_mono": 1}, "log1pPF": {"cov_gene": 5.371668186811883, "cov_cell": 0.3253727651928641, "r2_depth": 0.17472256424504484, "r_mono": 1}, "PFlog1pPF": {"cov_gene": 10.750894786057046, "cov_cell": 1.2076913350382307e-14, "r2_depth": 0, "r_mono": 1}, "log1pCPM": {"cov_gene": 2.949908831241551, "cov_cell": 0.6184630683482949, "r2_depth": 0.6528422031439507, "r_mono": 1}, "log1pCP10k": {"cov_gene": 4.117704875820238, "cov_cell": 0.39688492315898904, "r2_depth": 0.3190212087330512, "r_mono": 1}, "sqrt": {"cov_gene": 19.505743126255236, "cov_cell": 0.8758062211167267, "r2_depth": 0.8292656192334298, "r_mono": 1}, "density": 0.015190759942596044}