{
    "raw": {
        "cov_gene": 46.00448383758283,
        "r2_depth": 1.0,
        "r_mono": 1.0
    },
    "PF": {
        "cov_gene": 22.5085482458819,
        "r2_depth": 0,
        "r_mono": 1.0
    },
    "sqrt": {
        "cov_gene": 3.7678760738063164,
        "r2_depth": 0.9312564878240482,
        "r_mono": 1.0
    },
    "log1p": {
        "cov_gene": 3.1721583662859705,
        "r2_depth": 0.9216859896967783,
        "r_mono": 1.0
    },
    "log1pCP10k": {
        "cov_gene": 2.285178369270635,
        "r2_depth": 0.7127004222585709,
        "r_mono": 1.0
    },
    "log1pCPM": {
        "cov_gene": 1.9495813761627176,
        "r2_depth": 0.829911788720856,
        "r_mono": 1.0
    },
    "scalelog1pCP10k": {
        "cov_gene": 5.412352769453863e-14,
        "r2_depth": 0.6558132663374439,
        "r_mono": 0.24972626787211247
    },
    "sctransform": {
        "cov_gene": 0.5055092245095512,
        "r2_depth": 0.025093401708472296,
        "r_mono": 0.17691418369699508
    },
    "log1pPF": {
        "cov_gene": 3.0692149799553183,
        "r2_depth": 0.5200567461787293,
        "r_mono": 1.0
    },
    "PFlog1pPF": {
        "cov_gene": 4.463501779897639,
        "r2_depth": 0,
        "r_mono": 1.0
    },
    "ncells": 3679,
    "ngenes": 16020,
    "avg_per_cell": 1373.17,
    "avg_per_gene": 315.35,
    "min_cell": 337.0,
    "max_cell": 9764.0,
    "overdispersion": 0.31
}