{"ncells": 3679, "ngenes": 60623, "nvals": 1562140, "avg_per_cell": 1379.2840445773309, "avg_per_gene": 83.70397373933986, "min_cell": 340, "max_cell": 9804, "total_count": 5074386, "overdispersion": 0.30899034216489474, "raw": {"cov_gene": 89.4472519193196, "cov_cell": 0.5111240307288754, "r2_depth": 1.0, "r_mono": 1}, "PF": {"cov_gene": 43.34297516962704, "cov_cell": 3.775497948515314e-15, "r2_depth": 0, "r_mono": 1}, "log1p": {"cov_gene": 6.339294742715493, "cov_cell": 0.4012274104989432, "r2_depth": 0.9222079871711967, "r_mono": 1}, "log1pPF": {"cov_gene": 6.143941220305019, "cov_cell": 0.1412405059181192, "r2_depth": 0.5203573620093751, "r_mono": 1}, "PFlog1pPF": {"cov_gene": 8.59462868153201, "cov_cell": 3.8418323261968826e-15, "r2_depth": 0, "r_mono": 1}, "log1pCPM": {"cov_gene": 4.082220567224638, "cov_cell": 0.3071875766539448, "r2_depth": 0.8308745606343828, "r_mono": 1}, "log1pCP10k": {"cov_gene": 4.691599154823927, "cov_cell": 0.21888372679629373, "r2_depth": 0.7133609746710168, "r_mono": 1}, "sqrt": {"cov_gene": 7.454420433213527, "cov_cell": 0.4066634013439392, "r2_depth": 0.9316337391101402, "r_mono": 1}, "density": 0.00700410650009949}