{"ncells": 1270, "ngenes": 60623, "nvals": 1529029, "avg_per_cell": 2637.140157480315, "avg_per_gene": 55.245830790294114, "min_cell": 741, "max_cell": 20020, "total_count": 3349168, "overdispersion": 0.6335197720329935, "raw": {"cov_gene": 60.773061769335506, "cov_cell": 0.5092779383621094, "r2_depth": 1.0, "r_mono": 1}, "PF": {"cov_gene": 96.92366103428616, "cov_cell": 1.296564124179264e-14, "r2_depth": 0, "r_mono": 1}, "log1p": {"cov_gene": 4.369493762235195, "cov_cell": 0.4167630577390921, "r2_depth": 0.9732974514494475, "r_mono": 1}, "log1pPF": {"cov_gene": 4.203006548295825, "cov_cell": 0.1273028035038728, "r2_depth": 0.6698144207292052, "r_mono": 1}, "PFlog1pPF": {"cov_gene": 4.294920346427021, "cov_cell": 1.1166625216835975e-14, "r2_depth": 0, "r_mono": 1}, "log1pCPM": {"cov_gene": 2.7891053641514065, "cov_cell": 0.3125225812631455, "r2_depth": 0.9110796442725302, "r_mono": 1}, "log1pCP10k": {"cov_gene": 3.291789968085212, "cov_cell": 0.1932269076595718, "r2_depth": 0.7854657705798893, "r_mono": 1}, "sqrt": {"cov_gene": 5.5748734164548415, "cov_cell": 0.41829657100432516, "r2_depth": 0.9752433157637512, "r_mono": 1}, "density": 0.019859786591222558}