{
  "ncells": 9240,
  "ngenes": 25821,
  "nvals": 17844418,
  "density": 0.07479238097920565,
  "total_counts": 70882357,
  "overdispersion": 1.77,
  "avg_per_cell": 7671.25,
  "avg_per_gene": 2745.14,
  "max_cell": 50104,
  "min_cell": 329,
  "raw": {
    "cov_gene": 42.93207033330651,
    "r2_depth": 1,
    "r_mono": 1,
    "cov_cell": 1.1443851831408285
  },
  "PF": {
    "cov_gene": 38.61610031032918,
    "r2_depth": 0,
    "r_mono": 1,
    "cov_cell": 3.275333696205882e-14
  },
  "sqrt": {
    "cov_gene": 6.97172064597849,
    "r2_depth": 0.9651995778845517,
    "r_mono": 1,
    "cov_cell": 0.9797033310017172
  },
  "log1p": {
    "cov_gene": 3.276176645613136,
    "r2_depth": 0.9586628180177972,
    "r_mono": 1,
    "cov_cell": 0.975423010125644
  },
  "log1pCP10k": {
    "cov_gene": 2.753984844880174,
    "r2_depth": 0.7494276657338514,
    "r_mono": 1,
    "cov_cell": 0.4901729989301471
  },
  "log1pCPM": {
    "cov_gene": 1.6630387173988992,
    "r2_depth": 0.886057923143829,
    "r_mono": 1,
    "cov_cell": 0.7722408424250845
  },
  "scalelog1pCP10k": {
    "cov_gene": 1.3781606642579786e-13,
    "r2_depth": 0.6814836128362186,
    "r_mono": 0.36986508435637216,
    "cov_cell": null
  },
  "sctransform": {
    "cov_gene": 0.6560983011248043,
    "r2_depth": 0.9043213899961191,
    "r_mono": 0.1597574752991961,
    "cov_cell": null
  },
  "log1pPF": {
    "cov_gene": 2.885840662763623,
    "r2_depth": 0.7366603895614567,
    "r_mono": 1,
    "cov_cell": 0.4584734283269077
  },
  "PFlog1pPF": {
    "cov_gene": 3.56239694280897,
    "r2_depth": 0,
    "r_mono": 1,
    "cov_cell": 2.756726660517409e-14
  }
}
