{"ncells": 1994, "ngenes": 60623, "nvals": 6208680, "density": 0.05136138170544823, "avg_per_cell": 13161.133400200602, "avg_per_gene": 432.89345627897, "min_cell": 130, "max_cell": 57736, "total_count": 26243300, "overdispersion": 0.9824055651238136, "raw": {"cov_gene": 79.06951054077058, "cov_cell": 0.7795771171129966, "r2_depth": 1, "r_mono": 1}, "PF": {"cov_gene": 71.0472450248935, "cov_cell": 3.449979800607544e-14, "r2_depth": 0, "r_mono": 1}, "log1p": {"cov_gene": 4.164038039673998, "cov_cell": 0.6606410638539428, "r2_depth": 0.9297489190553273, "r_mono": 1}, "sqrt": {"cov_gene": 10.721056064444706, "cov_cell": 0.6643876752348448, "r2_depth": 0.9403560303361644, "r_mono": 1}, "log1pPF": {"cov_gene": 3.9844120379186805, "cov_cell": 0.468845393825014, "r2_depth": 0.5979131241381397, "r_mono": 1}, "PFlog1pPF": {"cov_gene": 17.112228908509373, "cov_cell": 3.083318603523247e-14, "r2_depth": 0, "r_mono": 1}, "log1pCPM": {"cov_gene": 2.2688732459327876, "cov_cell": 0.568562508049333, "r2_depth": 0.7979171027196482, "r_mono": 1}, "log1pCP10k": {"cov_gene": 4.326391745021166, "cov_cell": 0.45653680701361204, "r2_depth": 0.5801748728025533, "r_mono": 1}}