{"ncells": 1994, "ngenes": 24898, "nvals": 6192852, "density": 0.12473866293232658, "avg_per_cell": 13153.08926780341, "avg_per_gene": 1053.3882239537313, "min_cell": 130, "max_cell": 57712, "total_count": 26227260, "overdispersion": 0.9824055651238136, "raw": {"cov_gene": 50.66736214387347, "cov_cell": 0.7796291469174611, "r2_depth": 1, "r_mono": 1}, "PF": {"cov_gene": 45.53108654699221, "cov_cell": 3.4110373548691807e-14, "r2_depth": 0, "r_mono": 1}, "log1p": {"cov_gene": 2.5604290943815404, "cov_cell": 0.6605827222918434, "r2_depth": 0.9295994646041161, "r_mono": 1}, "sqrt": {"cov_gene": 6.837471182038396, "cov_cell": 0.664330134562774, "r2_depth": 0.9402346697296834, "r_mono": 1}, "log1pPF": {"cov_gene": 2.4400434198261824, "cov_cell": 0.4688286341043461, "r2_depth": 0.5978514180538068, "r_mono": 1}, "PFlog1pPF": {"cov_gene": 10.956898435045654, "cov_cell": 3.003352313178857e-14, "r2_depth": 0, "r_mono": 1}, "log1pCPM": {"cov_gene": 1.241659311083825, "cov_cell": 0.5684678872569948, "r2_depth": 0.7975458778762914, "r_mono": 1}, "log1pCP10k": {"cov_gene": 2.668275572665976, "cov_cell": 0.4565521017504948, "r2_depth": 0.5801779491195124, "r_mono": 1}, "sctransform": {"cov_gene": 1.8304120097045264, "cov_cell": null, "r2_depth": 0.7965174540458879, "r_mono": 0.20044017335006714}, "scalelog1pCP10k": {"cov_gene": 2.861333288280628e-14, "cov_cell": null, "r2_depth": 0.5623723071562094, "r_mono": 0.4697261789381626}}