{
  "ncells": 2086,
  "ngenes": 60623,
  "nvals": 4041367,
  "density": 0.0319577770534708,
  "total_counts": 12453711,
  "overdispersion": 0.7261992111266083,
  "avg_per_cell": 5970.139501438159,
  "avg_per_gene": 205.42881414644606,
  "max_cell": 34551,
  "min_cell": 1532,
  "raw": {
    "cov_gene": 64.3285338244596,
    "cov_cell": 0.800531096924782,
    "r2_depth": 1,
    "r_mono": 1
  },
  "PF": {
    "cov_gene": 80.35226176524765,
    "cov_cell": 2.208029807068912e-14,
    "r2_depth": 0,
    "r_mono": 1
  },
  "sqrt": {
    "cov_gene": 6.2303905792297405,
    "cov_cell": 0.6085750519600434,
    "r2_depth": 0.976331214960811,
    "r_mono": 1
  },
  "log1p": {
    "cov_gene": 3.7725191488717136,
    "cov_cell": 0.6029519302930345,
    "r2_depth": 0.9731959678167993,
    "r_mono": 1
  },
  "log1pCP10k": {
    "cov_gene": 3.1243259435907005,
    "cov_cell": 0.20200577994560467,
    "r2_depth": 0.7005623479210377,
    "r_mono": 1
  },
  "log1pCPM": {
    "cov_gene": 2.4524036296090665,
    "cov_cell": 0.40738578161711636,
    "r2_depth": 0.8945268333755063,
    "r_mono": 1
  },
  "log1pPF": {
    "cov_gene": 3.4228539762326156,
    "cov_cell": 0.16900986015521716,
    "r2_depth": 0.6509349173125343,
    "r_mono": 1
  },
  "PFlog1pPF": {
    "cov_gene": 3.6317343897710153,
    "cov_cell": 2.203736824322709e-14,
    "r2_depth": 0,
    "r_mono": 1
  }
}
