{"raw": {"cov_gene": 78.30883833099497, "r2_depth": 1.0, "r_mono": 1.0, "cov_cell": 1.4859065079941753}, "PF": {"cov_gene": 73.00218540705852, "r2_depth": 0, "r_mono": 1.0, "cov_cell": 3.5075869864794093e-14}, "sqrt": {"cov_gene": 9.44600299067974, "r2_depth": 0.9622427751576943, "r_mono": 1.0, "cov_cell": 1.2586388187737485}, "log1p": {"cov_gene": 3.6943378348616527, "r2_depth": 0.956252427564694, "r_mono": 1.0, "cov_cell": 1.2496625232354714}, "log1pCP10k": {"cov_gene": 3.4791337941737646, "r2_depth": 0.6126602817755288, "r_mono": 1.0, "cov_cell": 0.6661643778205973}, "log1pCPM": {"cov_gene": 1.9145273436900692, "r2_depth": 0.8387502258977795, "r_mono": 1.0, "cov_cell": 0.9747376401671872}, "scalelog1pCP10k": {"cov_gene": 2.0200249783627452e-13, "r2_depth": 0.4994107673084889, "r_mono": 0.29965728496975447, "cov_cell": null}, "sctransform": {"cov_gene": 1.560920628095854, "r2_depth": 0.6308042726804803, "r_mono": 0.1369874984661469, "cov_cell": null}, "log1pPF": {"cov_gene": 3.752437188226955, "r2_depth": 0.5846274813034904, "r_mono": 1.0, "cov_cell": 0.6256874223538736}, "PFlog1pPF": {"cov_gene": 6.242156947667983, "r2_depth": 0, "r_mono": 1.0, "cov_cell": 2.8018942983372445e-14}, "ncells": 13328, "ngenes": 29353, "avg_per_cell": 7084.94, "avg_per_gene": 3216.98, "min_cell": 154.0, "max_cell": 77309.0, "overdispersion": 4.4, "total_count": 94428147, "nvals": 20358611, "sparsity": 0.052039206477398986}