{"ncells": 13328, "ngenes": 60623, "nvals": 20374804, "avg_per_cell": 7086.179696878751, "avg_per_gene": 1557.9005163056925, "min_cell": 155, "max_cell": 77315, "total_count": 94444603, "overdispersion": 4.396649840883914, "raw": {"cov_gene": 112.54359935941518, "cov_cell": 1.4858395618880094, "r2_depth": 1.0, "r_mono": 1}, "PF": {"cov_gene": 104.9260255367633, "cov_cell": 2.2636277890826377e-14, "r2_depth": 0, "r_mono": 1}, "log1p": {"cov_gene": 5.406742876378934, "cov_cell": 1.2496314073362313, "r2_depth": 0.9562328279810088, "r_mono": 1}, "log1pPF": {"cov_gene": 5.488360510204631, "cov_cell": 0.6257606674178212, "r2_depth": 0.5844575584144023, "r_mono": 1}, "PFlog1pPF": {"cov_gene": 9.028492679968311, "cov_cell": 1.774006450538933e-14, "r2_depth": 0, "r_mono": 1}, "log1pCPM": {"cov_gene": 2.9359284508343, "cov_cell": 0.9747977810184957, "r2_depth": 0.8386833055159457, "r_mono": 1}, "log1pCP10k": {"cov_gene": 5.103241206955941, "cov_cell": 0.6662175545721626, "r2_depth": 0.6124788273125079, "r_mono": 1}, "sqrt": {"cov_gene": 13.610588613809878, "cov_cell": 1.2586007277122457, "r2_depth": 0.962221600435115, "r_mono": 1}, "density": 0.02521686140104393}