{
  "ncells": 827,
  "ngenes": 18344,
  "nvals": 1230211,
  "density": 0.08109238147118274,
  "total_counts": 3492809,
  "overdispersion": 0.1,
  "avg_per_cell": 4223.47,
  "avg_per_gene": 190.41,
  "max_cell": 23889,
  "min_cell": 2572,
  "raw": {
    "cov_gene": 56.79226532643881,
    "r2_depth": 1,
    "r_mono": 1,
    "cov_cell": 0.37102315572699657
  },
  "PF": {
    "cov_gene": 79.62299738327056,
    "r2_depth": 0,
    "r_mono": 1,
    "cov_cell": 1.429490319417196e-14
  },
  "sqrt": {
    "cov_gene": 1.9691581820805133,
    "r2_depth": 0.9043933384696534,
    "r_mono": 1,
    "cov_cell": 0.23845596080819983
  },
  "log1p": {
    "cov_gene": 1.5827452844146688,
    "r2_depth": 0.8790206490215611,
    "r_mono": 1,
    "cov_cell": 0.23114989158515528
  },
  "log1pCP10k": {
    "cov_gene": 1.346414399504321,
    "r2_depth": 0.2463700063178753,
    "r_mono": 1,
    "cov_cell": 0.08528656759462158
  },
  "log1pCPM": {
    "cov_gene": 1.1097009228377646,
    "r2_depth": 0.6842024595424533,
    "r_mono": 1,
    "cov_cell": 0.15553300794094155
  },
  "scalelog1pCP10k": {
    "cov_gene": 1.1516296137896437e-14,
    "r2_depth": 0.33296308718239775,
    "r_mono": 0.4281800838914735,
    "cov_cell": null
  },
  "sctransform": {
    "cov_gene": 0.3739809409181097,
    "r2_depth": 0.17962364990382806,
    "r_mono": 0.3456460575710207,
    "cov_cell": null
  },
  "log1pPF": {
    "cov_gene": 1.5565138032952526,
    "r2_depth": 0.10736999507008604,
    "r_mono": 1,
    "cov_cell": 0.07035719016071718
  },
  "PFlog1pPF": {
    "cov_gene": 1.5656447839831324,
    "r2_depth": 0,
    "r_mono": 1,
    "cov_cell": 1.2327188496014428e-14
  }
}
