{
  "ncells": 3001,
  "ngenes": 22684,
  "nvals": 3882322,
  "density": 0.05703033450731846,
  "total_counts": 17111449,
  "overdispersion": 4.556890656131772,
  "avg_per_cell": 5701.9156947684105,
  "avg_per_gene": 754.3400193969318,
  "max_cell": 127118,
  "min_cell": 105,
  "raw": {
    "cov_gene": 42.71455906986672,
    "cov_cell": 2.0272203231825334,
    "r2_depth": 1,
    "r_mono": 1
  },
  "PF": {
    "cov_gene": 30.560215601252615,
    "cov_cell": 2.4337050586660376e-14,
    "r2_depth": 0,
    "r_mono": 1
  },
  "sqrt": {
    "cov_gene": 8.491823170107955,
    "cov_cell": 1.6983119050307245,
    "r2_depth": 0.9290786661629644,
    "r_mono": 1
  },
  "log1p": {
    "cov_gene": 3.148600164584867,
    "cov_cell": 1.690761175842709,
    "r2_depth": 0.9179565603277452,
    "r_mono": 1
  },
  "log1pCP10k": {
    "cov_gene": 3.5885384149782587,
    "cov_cell": 0.9172853473306083,
    "r2_depth": 0.6256154897167401,
    "r_mono": 1
  },
  "log1pCPM": {
    "cov_gene": 1.718109843719053,
    "cov_cell": 1.3632632410888215,
    "r2_depth": 0.7895299976541852,
    "r_mono": 1
  },
  "scalelog1pCP10k": {
    "cov_gene": 4.897426824708139e-14,
    "cov_cell": null,
    "r2_depth": 0.5809421985007441,
    "r_mono": 0.2783817408716675
  },
  "sctransform": {
    "cov_gene": 1.663324276658615,
    "cov_cell": null,
    "r2_depth": 0.7450030019016947,
    "r_mono": 0.16923935782348323
  },
  "log1pPF": {
    "cov_gene": 3.951080115119542,
    "cov_cell": 0.8093496259645705,
    "r2_depth": 0.5994646589778383,
    "r_mono": 1
  },
  "PFlog1pPF": {
    "cov_gene": 4.968803287180643,
    "cov_cell": 2.2343311117697618e-14,
    "r2_depth": 0,
    "r_mono": 1
  }
}
