{"raw": {"cov_gene": 86.86967503763601, "r2_depth": 1.0, "r_mono": 1.0, "cov_cell": 1.3395865167538985}, "PF": {"cov_gene": 45.2144463851448, "r2_depth": 0, "r_mono": 1.0, "cov_cell": 2.979377938395247e-14}, "sqrt": {"cov_gene": 7.322723354022926, "r2_depth": 0.9567887832354816, "r_mono": 1.0, "cov_cell": 1.154290482823602}, "log1p": {"cov_gene": 3.620992561904645, "r2_depth": 0.9495111649323595, "r_mono": 1.0, "cov_cell": 1.1472735275363273}, "log1pCP10k": {"cov_gene": 3.6400448425290683, "r2_depth": 0.6246738791589658, "r_mono": 1.0, "cov_cell": 0.7332929493090571}, "log1pCPM": {"cov_gene": 1.7531485971006866, "r2_depth": 0.8248860387111113, "r_mono": 1.0, "cov_cell": 0.9515951766118435}, "scalelog1pCP10k": {"cov_gene": 8.296735521504507e-14, "r2_depth": 0.5360362295150853, "r_mono": 0.31937702467402157, "cov_cell": null}, "sctransform": {"cov_gene": 1.4233275943375943, "r2_depth": 0.6507114052877577, "r_mono": 0.16278613467679873, "cov_cell": null}, "log1pPF": {"cov_gene": 3.999971378252116, "r2_depth": 0.6025387361048196, "r_mono": 1.0, "cov_cell": 0.7031920369460665}, "PFlog1pPF": {"cov_gene": 11.523728639163119, "r2_depth": 0, "r_mono": 1.0, "cov_cell": 2.3756428584883027e-14}, "ncells": 5556, "ngenes": 26199, "avg_per_cell": 7089.15, "avg_per_gene": 1503.39, "min_cell": 59.0, "max_cell": 60964.0, "overdispersion": 11.65, "total_count": 39387301, "nvals": 8722743, "sparsity": 0.05992473539251865}