{
    "raw": {
        "cov_gene": 86.86967503763601,
        "r2_depth": 1.0,
        "r_mono": 1.0
    },
    "PF": {
        "cov_gene": 45.2144463851448,
        "r2_depth": 0,
        "r_mono": 1.0
    },
    "sqrt": {
        "cov_gene": 7.322723354022926,
        "r2_depth": 0.9567887832354816,
        "r_mono": 1.0
    },
    "log1p": {
        "cov_gene": 3.620992561904645,
        "r2_depth": 0.9495111649323595,
        "r_mono": 1.0
    },
    "log1pCP10k": {
        "cov_gene": 3.6400448425290683,
        "r2_depth": 0.6246738791589658,
        "r_mono": 1.0
    },
    "log1pCPM": {
        "cov_gene": 1.7531485971006866,
        "r2_depth": 0.8248860387111113,
        "r_mono": 1.0
    },
    "scalelog1pCP10k": {
        "cov_gene": 8.296735521504507e-14,
        "r2_depth": 0.5360362295150853,
        "r_mono": 0.31937702467402157
    },
    "sctransform": {
        "cov_gene": 1.4233275943375943,
        "r2_depth": 0.6507114052877577,
        "r_mono": 0.16278613467679873
    },
    "log1pPF": {
        "cov_gene": 3.999971378252116,
        "r2_depth": 0.6025387361048196,
        "r_mono": 1.0
    },
    "PFlog1pPF": {
        "cov_gene": 11.523728639163119,
        "r2_depth": 0,
        "r_mono": 1.0
    },
    "ncells": "5556",
    "ngenes": 26199,
    "avg_per_cell": "7089.15",
    "avg_per_gene": "1503.39",
    "min_cell": "59",
    "max_cell": "60964",
    "overdispersion": "11.65"
}