{"ncells": 8333, "ngenes": 25391, "nvals": 10964648, "density": 0.05182192085446405, "avg_per_cell": 3850.9941197647904, "avg_per_gene": 1263.8467961088575, "min_cell": 645, "max_cell": 56412, "total_count": 32090334, "overdispersion": 1.7083748715846316, "sctransform": {"cov_gene": 0.49713892477982724, "cov_cell": null, "r2_depth": 0.6068990643447769, "r_mono": 0.248988750911962}, "scalelog1pCP10k": {"cov_gene": 1.176446896280897e-13, "cov_cell": null, "r2_depth": 0.42020442241840694, "r_mono": 0.32792426821545845}, "raw": {"cov_gene": 101.50375861964686, "cov_cell": 1.3854000905446024, "r2_depth": 1, "r_mono": 1}, "PF": {"cov_gene": 134.93906842898534, "cov_cell": 2.0595897387432962e-14, "r2_depth": 0, "r_mono": 1}, "log1p": {"cov_gene": 3.117175265775161, "cov_cell": 1.0205964024435212, "r2_depth": 0.9542419769549801, "r_mono": 1}, "sqrt": {"cov_gene": 12.491755244153618, "cov_cell": 1.027010764377846, "r2_depth": 0.9592013307456381, "r_mono": 1}, "log1pPF": {"cov_gene": 2.869716630508067, "cov_cell": 0.2569958519024751, "r2_depth": 0.5213411025184809, "r_mono": 1}, "PFlog1pPF": {"cov_gene": 3.257144899776452, "cov_cell": 1.4200192140538004e-14, "r2_depth": 0, "r_mono": 1}, "log1pCPM": {"cov_gene": 1.5749147126081047, "cov_cell": 0.6706158254862006, "r2_depth": 0.8293389149136978, "r_mono": 1}, "log1pCP10k": {"cov_gene": 2.2364017217159704, "cov_cell": 0.35550147671749266, "r2_depth": 0.5987399525043744, "r_mono": 1}}