{"ncells": 8333, "ngenes": 60623, "nvals": 10980622, "density": 0.021736425929003246, "avg_per_cell": 3852.9320772830915, "avg_per_gene": 529.6089438002078, "min_cell": 645, "max_cell": 56428, "total_count": 32106483, "overdispersion": 1.7083748715846316, "log1pCP10k": {"cov_gene": 3.646648786939542, "cov_cell": 0.35561373748261355, "r2_depth": 0.5984011499579377, "r_mono": 1}, "log1pCPM": {"cov_gene": 2.6984997827022905, "cov_cell": 0.6708030475454752, "r2_depth": 0.8293062610190433, "r_mono": 1}, "PFlog1pPF": {"cov_gene": 5.166060714490775, "cov_cell": 1.4437268778692282e-14, "r2_depth": 0, "r_mono": 1}, "PF": {"cov_gene": 208.46647831047954, "cov_cell": 2.0700664332049825e-14, "r2_depth": 0, "r_mono": 1}, "log1pPF": {"cov_gene": 4.583429189321047, "cov_cell": 0.2571180415972926, "r2_depth": 0.5210455387304997, "r_mono": 1}, "log1p": {"cov_gene": 4.953672972847579, "cov_cell": 1.0205667073490357, "r2_depth": 0.9542736003988497, "r_mono": 1}, "raw": {"cov_gene": 156.8449325656335, "cov_cell": 1.3851922886842267, "r2_depth": 1, "r_mono": 1}, "sqrt": {"cov_gene": 19.321917790797237, "cov_cell": 1.0269760083306259, "r2_depth": 0.9592214207877101, "r_mono": 1}}