{
    "raw": {
        "cov_gene": 103.75049523680508,
        "r2_depth": 1.0,
        "r_mono": 1.0
    },
    "PF": {
        "cov_gene": 26.54611696149097,
        "r2_depth": 0,
        "r_mono": 1.0
    },
    "sqrt": {
        "cov_gene": 11.012903745401028,
        "r2_depth": 0.9801559536591865,
        "r_mono": 1.0
    },
    "log1p": {
        "cov_gene": 6.684778553822381,
        "r2_depth": 0.9790555235583356,
        "r_mono": 1.0
    },
    "log1pCP10k": {
        "cov_gene": 5.059801697204853,
        "r2_depth": 0.7964705831215502,
        "r_mono": 1.0
    },
    "log1pCPM": {
        "cov_gene": 4.395384593166849,
        "r2_depth": 0.917710732039039,
        "r_mono": 1.0
    },
    "scalelog1pCP10k": {
        "cov_gene": 1.0412757242824862e-12,
        "r2_depth": 0.6566274486894255,
        "r_mono": 0.10842207967104825
    },
    "sctransform": {
        "cov_gene": 0.8609545581441123,
        "r2_depth": 0.15002499949329695,
        "r_mono": 0.10082172267915519
    },
    "log1pPF": {
        "cov_gene": 6.365484893310143,
        "r2_depth": 0.38277502372697225,
        "r_mono": 1.0
    },
    "PFlog1pPF": {
        "cov_gene": 6.364657171689458,
        "r2_depth": 0,
        "r_mono": 1.0
    },
    "ncells": "69876",
    "ngenes": 22114,
    "avg_per_cell": "165.45",
    "avg_per_gene": "522.79",
    "min_cell": "36",
    "max_cell": "12198",
    "overdispersion": "20.85"
}