{"raw": {"cov_gene": 71.265418575223, "r2_depth": 1.0, "r_mono": 1.0}, "PF": {"cov_gene": 106.11695889266498, "r2_depth": 0, "r_mono": 1.0}, "sqrt": {"cov_gene": 3.7104024278298695, "r2_depth": 0.9686506637429095, "r_mono": 1.0}, "log1p": {"cov_gene": 1.6304051564032565, "r2_depth": 0.9637205346373937, "r_mono": 1.0}, "log1pCP10k": {"cov_gene": 1.4903802549247338, "r2_depth": 0.6121285443647919, "r_mono": 1.0}, "log1pCPM": {"cov_gene": 0.9981879331593002, "r2_depth": 0.8584056229638852, "r_mono": 1.0}, "scalelog1pCP10k": {"cov_gene": 1.1481871385040428e-14, "r2_depth": 0.46985783151542104, "r_mono": 0.5223802280755492}, "sctransform": {"cov_gene": 0.5252026975582463, "r2_depth": 0.5613062515939782, "r_mono": 0.2799138771815151}, "log1pPF": {"cov_gene": 1.4508167882923022, "r2_depth": 0.6249737403848625, "r_mono": 1.0}, "PFlog1pPF": {"cov_gene": 1.9758546451248562, "r2_depth": 0, "r_mono": 1.0}}