{
  "ncells": 1638,
  "ngenes": 20257,
  "nvals": 4176771,
  "density": 0.12587852324733403,
  "total_counts": 23212179,
  "overdispersion": 2.36,
  "avg_per_cell": 14171.05,
  "avg_per_gene": 1145.88,
  "max_cell": 56431,
  "min_cell": 6383,
  "raw": {
    "cov_gene": 90.93453736935874,
    "r2_depth": 1,
    "r_mono": 1,
    "cov_cell": 0.5068994451225965
  },
  "PF": {
    "cov_gene": 88.23921424308217,
    "r2_depth": 0,
    "r_mono": 1,
    "cov_cell": 3.2344217119361605e-14
  },
  "sqrt": {
    "cov_gene": 28.065134869825197,
    "r2_depth": 0.34807837659254426,
    "r_mono": 1,
    "cov_cell": 0.3915065681729902
  },
  "log1p": {
    "cov_gene": 2.3187487061068603,
    "r2_depth": 0.29312692544322005,
    "r_mono": 1,
    "cov_cell": 0.3952086479126052
  },
  "log1pCP10k": {
    "cov_gene": 2.544453909903701,
    "r2_depth": 0.05634655929228016,
    "r_mono": 1,
    "cov_cell": 0.29865838030502173
  },
  "log1pCPM": {
    "cov_gene": 1.1452825411609022,
    "r2_depth": 0.055369811045746786,
    "r_mono": 1,
    "cov_cell": 0.30356176007533475
  },
  "scalelog1pCP10k": {
    "cov_gene": 2.2255077120931762e-14,
    "r2_depth": 0.03792358299446352,
    "r_mono": 0.4565225585272355,
    "cov_cell": null
  },
  "sctransform": {
    "cov_gene": 0.758178509391638,
    "r2_depth": 0.21147768628037233,
    "r_mono": 0.3230226955063605,
    "cov_cell": null
  },
  "log1pPF": {
    "cov_gene": 2.1411368472384704,
    "r2_depth": 0.04008076641242786,
    "r_mono": 1,
    "cov_cell": 0.29617611459346294
  },
  "PFlog1pPF": {
    "cov_gene": 4.6168587218952215,
    "r2_depth": 0,
    "r_mono": 1,
    "cov_cell": 1.7036610177826635e-14
  }
}
