{
  "ncells": 8903,
  "ngenes": 26883,
  "nvals": 10490901,
  "density": 0.043832746449059656,
  "total_counts": 46173130,
  "overdispersion": 1.73,
  "avg_per_cell": 5186.24,
  "avg_per_gene": 1717.56,
  "max_cell": 90048,
  "min_cell": 159,
  "raw": {
    "cov_gene": 34.42430057373309,
    "r2_depth": 1,
    "r_mono": 1,
    "cov_cell": 1.4717020331639086
  },
  "PF": {
    "cov_gene": 49.16810106050586,
    "r2_depth": 0,
    "r_mono": 1,
    "cov_cell": 2.5920332401656985e-14
  },
  "sqrt": {
    "cov_gene": 8.87750750352924,
    "r2_depth": 0.9688275334807197,
    "r_mono": 1,
    "cov_cell": 1.3040959757141448
  },
  "log1p": {
    "cov_gene": 4.212649503973,
    "r2_depth": 0.9640910589967577,
    "r_mono": 1,
    "cov_cell": 1.302233419905924
  },
  "log1pCP10k": {
    "cov_gene": 3.702261607846812,
    "r2_depth": 0.707569518560325,
    "r_mono": 1,
    "cov_cell": 0.7058303698198571
  },
  "log1pCPM": {
    "cov_gene": 1.9442335338896728,
    "r2_depth": 0.8833862142706169,
    "r_mono": 1,
    "cov_cell": 1.0367622251879853
  },
  "scalelog1pCP10k": {
    "cov_gene": 1.3681587379915762e-13,
    "r2_depth": 0.678224199604111,
    "r_mono": 0.2735697263095366,
    "cov_cell": null
  },
  "sctransform": {
    "cov_gene": 0.8701007082460679,
    "r2_depth": 0.33891095937999904,
    "r_mono": 0.186856730578227,
    "cov_cell": null
  },
  "log1pPF": {
    "cov_gene": 4.301339988417237,
    "r2_depth": 0.6657290194876014,
    "r_mono": 1,
    "cov_cell": 0.6216949568227944
  },
  "PFlog1pPF": {
    "cov_gene": 8.29554352618872,
    "r2_depth": 0,
    "r_mono": 1,
    "cov_cell": 2.066554018197055e-14
  }
}
