{"ncells": 1638, "ngenes": 60623, "nvals": 4192410, "avg_per_cell": 14180.943833943835, "avg_per_gene": 383.1612754235191, "min_cell": 6390, "max_cell": 56475, "total_count": 23228386, "overdispersion": 2.3629120583267413, "raw": {"cov_gene": 157.317516580612, "cov_cell": 0.5067508003094385, "r2_depth": 1.0, "r_mono": 1}, "PF": {"cov_gene": 152.6955100478631, "cov_cell": 3.0238454407770204e-14, "r2_depth": 0, "r_mono": 1}, "log1p": {"cov_gene": 4.239083068477365, "cov_cell": 0.39558030234885755, "r2_depth": 0.2936605730604537, "r_mono": 1}, "log1pPF": {"cov_gene": 3.9508974040193503, "cov_cell": 0.29623563423112825, "r2_depth": 0.039833199535110664, "r_mono": 1}, "PFlog1pPF": {"cov_gene": 8.094109203155929, "cov_cell": 2.2934367662632393e-14, "r2_depth": 0, "r_mono": 1}, "log1pCPM": {"cov_gene": 2.4170515314729633, "cov_cell": 0.30398806587274113, "r2_depth": 0.05592818851375814, "r_mono": 1}, "log1pCP10k": {"cov_gene": 4.611214918557842, "cov_cell": 0.29870239531485776, "r2_depth": 0.0561192930421357, "r_mono": 1}, "sqrt": {"cov_gene": 48.4900402050097, "cov_cell": 0.39188777303788536, "r2_depth": 0.34843770181248934, "r_mono": 1}, "density": 0.04221943593139344}