{
  "ncells": 14824,
  "ngenes": 60623,
  "nvals": 1314850,
  "density": 0.0014630978774190305,
  "total_counts": 1981708,
  "overdispersion": 1.2680066114631665,
  "avg_per_cell": 133.68240690771722,
  "avg_per_gene": 32.6890454118074,
  "max_cell": 2352,
  "min_cell": 45,
  "raw": {
    "cov_gene": 49.0035773388116,
    "cov_cell": 0.9794150647206565,
    "r2_depth": 1,
    "r_mono": 1
  },
  "PF": {
    "cov_gene": 37.68353565259938,
    "cov_cell": 1.2269988374110337e-15,
    "r2_depth": 0,
    "r_mono": 1
  },
  "sqrt": {
    "cov_gene": 9.726150778999655,
    "cov_cell": 0.9053539020115253,
    "r2_depth": 0.9820142113588414,
    "r_mono": 1
  },
  "log1p": {
    "cov_gene": 9.251906040922956,
    "cov_cell": 0.9152637375370175,
    "r2_depth": 0.9824115585561738,
    "r_mono": 1
  },
  "log1pCP10k": {
    "cov_gene": 5.8230883256045765,
    "cov_cell": 0.5771700430183208,
    "r2_depth": 0.8921888428114839,
    "r_mono": 1
  },
  "log1pCPM": {
    "cov_gene": 5.391882746948306,
    "cov_cell": 0.7204132384295799,
    "r2_depth": 0.9423999428585955,
    "r_mono": 1
  },
  "log1pPF": {
    "cov_gene": 9.670000208707837,
    "cov_cell": 0.2151652354235936,
    "r2_depth": 0.5271887955021732,
    "r_mono": 1
  },
  "PFlog1pPF": {
    "cov_gene": 11.011285357614534,
    "cov_cell": 1.2413428621380478e-15,
    "r2_depth": 0,
    "r_mono": 1
  }
}
