{
  "ncells": 7564,
  "ngenes": 60623,
  "nvals": 15956527,
  "density": 0.034797610860466774,
  "total_counts": 47350861,
  "overdispersion": 2.294518010060964,
  "avg_per_cell": 6260.02921734532,
  "avg_per_gene": 781.070897184237,
  "max_cell": 40359,
  "min_cell": 383,
  "raw": {
    "cov_gene": 95.0762929983607,
    "cov_cell": 0.7951978012219304,
    "r2_depth": 1,
    "r_mono": 1
  },
  "PF": {
    "cov_gene": 72.39728631977532,
    "cov_cell": 2.4667902608150438e-14,
    "r2_depth": 0,
    "r_mono": 1
  },
  "sqrt": {
    "cov_gene": 6.860380029808911,
    "cov_cell": 0.6299258247704176,
    "r2_depth": 0.9576528528616538,
    "r_mono": 1
  },
  "log1p": {
    "cov_gene": 4.006955869111218,
    "cov_cell": 0.6286118548138152,
    "r2_depth": 0.9525026149173489,
    "r_mono": 1
  },
  "log1pCP10k": {
    "cov_gene": 3.3209299420033997,
    "cov_cell": 0.29779490192656954,
    "r2_depth": 0.558613249058957,
    "r_mono": 1
  },
  "log1pCPM": {
    "cov_gene": 2.415675373287635,
    "cov_cell": 0.4573152782993318,
    "r2_depth": 0.830888968562274,
    "r_mono": 1
  },
  "log1pPF": {
    "cov_gene": 3.6878075622804336,
    "cov_cell": 0.2724274789197406,
    "r2_depth": 0.5018341690856434,
    "r_mono": 1
  },
  "PFlog1pPF": {
    "cov_gene": 11.240652887538989,
    "cov_cell": 2.2199312943175058e-14,
    "r2_depth": 0,
    "r_mono": 1
  }
}
