{"raw": {"cov_gene": 31.667315488360458, "r2_depth": 1.0, "r_mono": 1.0, "cov_cell": 0.9315266472857349}, "PF": {"cov_gene": 82.08535311298793, "r2_depth": 0, "r_mono": 1.0, "cov_cell": 2.263002337978195e-14}, "sqrt": {"cov_gene": 4.596219830477963, "r2_depth": 0.962732750335465, "r_mono": 1.0, "cov_cell": 0.7128606274622207}, "log1p": {"cov_gene": 2.6454369083062934, "r2_depth": 0.9571967567252947, "r_mono": 1.0, "cov_cell": 0.7120699294698039}, "log1pCP10k": {"cov_gene": 1.9384095925927187, "r2_depth": 0.5843544049460941, "r_mono": 1.0, "cov_cell": 0.2720106368843054}, "log1pCPM": {"cov_gene": 1.4621113856323837, "r2_depth": 0.85073997681022, "r_mono": 1.0, "cov_cell": 0.48232965855039905}, "scalelog1pCP10k": {"cov_gene": 6.965810207340461e-14, "r2_depth": 0.5151549065794825, "r_mono": 0.40006005756002855, "cov_cell": null}, "sctransform": {"cov_gene": 0.6834389418470205, "r2_depth": 0.4746271715225562, "r_mono": 0.2445577174578209, "cov_cell": null}, "log1pPF": {"cov_gene": 2.1654659417549436, "r2_depth": 0.49856227766644257, "r_mono": 1.0, "cov_cell": 0.23364863362921787}, "PFlog1pPF": {"cov_gene": 10.658476997138274, "r2_depth": 0, "r_mono": 1.0, "cov_cell": 1.8215695311908217e-14}, "ncells": 4822, "ngenes": 25171, "avg_per_cell": 5591.31, "avg_per_gene": 1071.13, "min_cell": 617.0, "max_cell": 57713.0, "overdispersion": 1.11, "total_count": 26961303, "nvals": 8863061, "sparsity": 0.0730223932754542}