{"ncells": 3189, "ngenes": 60623, "nvals": 3534798, "avg_per_cell": 3086.2345562872374, "avg_per_gene": 162.34765682991605, "min_cell": 76, "max_cell": 24847, "total_count": 9842002, "overdispersion": 0.4443167050534743, "raw": {"cov_gene": 89.0818497222069, "cov_cell": 0.7031854800603422, "r2_depth": 1.0, "r_mono": 1}, "PF": {"cov_gene": 63.433822281245504, "cov_cell": 1.4516425875066556e-14, "r2_depth": 0, "r_mono": 1}, "log1p": {"cov_gene": 5.237950955490389, "cov_cell": 0.5979182246448901, "r2_depth": 0.9367631849803281, "r_mono": 1}, "log1pPF": {"cov_gene": 4.79070471277734, "cov_cell": 0.3352253245799343, "r2_depth": 0.536983196996534, "r_mono": 1}, "PFlog1pPF": {"cov_gene": 11.154635113225591, "cov_cell": 1.444311827803085e-14, "r2_depth": 0, "r_mono": 1}, "log1pCPM": {"cov_gene": 2.654975076433031, "cov_cell": 0.5009944333232828, "r2_depth": 0.8324300602860489, "r_mono": 1}, "log1pCP10k": {"cov_gene": 3.559064779680113, "cov_cell": 0.3940229843544332, "r2_depth": 0.6397874594178685, "r_mono": 1}, "sqrt": {"cov_gene": 8.808810050297005, "cov_cell": 0.6004672242934178, "r2_depth": 0.9460067225166976, "r_mono": 1}, "density": 0.018284060818547783}