{"raw": {"cov_gene": 54.30160032653133, "r2_depth": 1.0, "r_mono": 1.0, "cov_cell": 0.7031652837517728}, "PF": {"cov_gene": 38.700367888277285, "r2_depth": 0, "r_mono": 1.0, "cov_cell": 1.5354409851680563e-14}, "sqrt": {"cov_gene": 5.328468869254211, "r2_depth": 0.9458020230946927, "r_mono": 1.0, "cov_cell": 0.6000972132282535}, "log1p": {"cov_gene": 3.1041473613794617, "r2_depth": 0.9365028317285596, "r_mono": 1.0, "cov_cell": 0.597539885747381}, "log1pCP10k": {"cov_gene": 2.02889490613409, "r2_depth": 0.6393693453471273, "r_mono": 1.0, "cov_cell": 0.3938907874739124}, "log1pCPM": {"cov_gene": 1.421804077914215, "r2_depth": 0.831758241995266, "r_mono": 1.0, "cov_cell": 0.5005906057037811}, "scalelog1pCP10k": {"cov_gene": 4.585980319385175e-14, "r2_depth": 0.6281000520931832, "r_mono": 0.33765385517133556, "cov_cell": null}, "sctransform": {"cov_gene": 0.5419173374796386, "r2_depth": 0.4080790540092999, "r_mono": 0.26048220075809564, "cov_cell": null}, "log1pPF": {"cov_gene": 2.8209574043773444, "r2_depth": 0.5365750986883396, "r_mono": 1.0, "cov_cell": 0.3350853380960713}, "PFlog1pPF": {"cov_gene": 6.774837103770333, "r2_depth": 0, "r_mono": 1.0, "cov_cell": 1.4297458564769484e-14}, "ncells": 3189, "ngenes": 22526, "avg_per_cell": 3081.19, "avg_per_gene": 436.2, "min_cell": 75.0, "max_cell": 24796.0, "overdispersion": 0.44, "total_count": 9825919, "nvals": 3519580, "density": 0.0489950541664589}