{"raw": {"cov_gene": 54.30160032653133, "r2_depth": 1.0, "r_mono": 1.0}, "PF": {"cov_gene": 38.700367888277285, "r2_depth": 0, "r_mono": 1.0}, "sqrt": {"cov_gene": 5.328468869254211, "r2_depth": 0.9458020230946927, "r_mono": 1.0}, "log1p": {"cov_gene": 3.1041473613794617, "r2_depth": 0.9365028317285596, "r_mono": 1.0}, "log1pCP10k": {"cov_gene": 2.02889490613409, "r2_depth": 0.6393693453471273, "r_mono": 1.0}, "log1pCPM": {"cov_gene": 1.421804077914215, "r2_depth": 0.831758241995266, "r_mono": 1.0}, "scalelog1pCP10k": {"cov_gene": 4.585980319385175e-14, "r2_depth": 0.6281000520931832, "r_mono": 0.33765385517133556}, "sctransform": {"cov_gene": 0.5419173374796386, "r2_depth": 0.4080790540092999, "r_mono": 0.26048220075809564}, "log1pPF": {"cov_gene": 2.8209574043773444, "r2_depth": 0.5365750986883396, "r_mono": 1.0}, "PFlog1pPF": {"cov_gene": 6.774837103770333, "r2_depth": 0, "r_mono": 1.0}}