{"raw": {"cov_gene": 96.39475100304217, "r2_depth": 1.0, "r_mono": 1.0, "cov_cell": 1.0083312963584388}, "PF": {"cov_gene": 68.28078984652112, "r2_depth": 0, "r_mono": 1.0, "cov_cell": 2.4270931473606462e-14}, "sqrt": {"cov_gene": 20.73829556784285, "r2_depth": 0.6415206482853215, "r_mono": 1.0, "cov_cell": 0.8224725916317523}, "log1p": {"cov_gene": 3.043354871879564, "r2_depth": 0.6197687184609858, "r_mono": 1.0, "cov_cell": 0.8233678641476572}, "log1pCP10k": {"cov_gene": 2.5779606614444326, "r2_depth": 0.1907131452411922, "r_mono": 1.0, "cov_cell": 0.4354172930361555}, "log1pCPM": {"cov_gene": 1.5538728829892663, "r2_depth": 0.48389602628775563, "r_mono": 1.0, "cov_cell": 0.6180441849208708}, "scalelog1pCP10k": {"cov_gene": 6.410562821047982e-14, "r2_depth": 0.1931036678050151, "r_mono": 0.3565602561591782, "cov_cell": null}, "sctransform": {"cov_gene": 0.7414203435984394, "r2_depth": 0.1941502060348974, "r_mono": 0.2469254831813818, "cov_cell": null}, "log1pPF": {"cov_gene": 2.7559081277464035, "r2_depth": 0.16866277158371057, "r_mono": 1.0, "cov_cell": 0.42310257968251874}, "PFlog1pPF": {"cov_gene": 6.881391983182047, "r2_depth": 0, "r_mono": 1.0, "cov_cell": 1.2863615045448622e-14}, "ncells": 4409, "ngenes": 23502, "avg_per_cell": 7889.18, "avg_per_gene": 1480.02, "min_cell": 456.0, "max_cell": 54041.0, "overdispersion": 21.58, "total_count": 34783388, "nvals": 6798341, "sparsity": 0.06560818506656195}