{"raw": {"cov_gene": 96.39475100304217, "r2_depth": 1.0, "r_mono": 1.0}, "PF": {"cov_gene": 68.28078984652112, "r2_depth": 0, "r_mono": 1.0}, "sqrt": {"cov_gene": 20.73829556784285, "r2_depth": 0.6415206482853215, "r_mono": 1.0}, "log1p": {"cov_gene": 3.043354871879564, "r2_depth": 0.6197687184609858, "r_mono": 1.0}, "log1pCP10k": {"cov_gene": 2.5779606614444326, "r2_depth": 0.1907131452411922, "r_mono": 1.0}, "log1pCPM": {"cov_gene": 1.5538728829892663, "r2_depth": 0.48389602628775563, "r_mono": 1.0}, "scalelog1pCP10k": {"cov_gene": 6.410562821047982e-14, "r2_depth": 0.1931036678050151, "r_mono": 0.3565602561591782}, "sctransform": {"cov_gene": 0.7414203435984394, "r2_depth": 0.1941502060348974, "r_mono": 0.2469254831813818}, "log1pPF": {"cov_gene": 2.7559081277464035, "r2_depth": 0.16866277158371057, "r_mono": 1.0}, "PFlog1pPF": {"cov_gene": 6.881391983182047, "r2_depth": 0, "r_mono": 1.0}}