{"raw": {"cov_gene": 54.68122984063242, "r2_depth": 1.0, "r_mono": 1.0}, "PF": {"cov_gene": 61.76033850002304, "r2_depth": 0, "r_mono": 1.0}, "sqrt": {"cov_gene": 7.473144178679356, "r2_depth": 0.9072233872266825, "r_mono": 1.0}, "log1p": {"cov_gene": 3.3173824354721204, "r2_depth": 0.8998346432957768, "r_mono": 1.0}, "log1pCP10k": {"cov_gene": 2.148569875021031, "r2_depth": 0.4872334363971159, "r_mono": 1.0}, "log1pCPM": {"cov_gene": 1.658334765928382, "r2_depth": 0.7495196520781849, "r_mono": 1.0}, "scalelog1pCP10k": {"cov_gene": 1.8155319567414155e-13, "r2_depth": 0.4255721384018748, "r_mono": 0.2921371241331463}, "sctransform": {"cov_gene": 0.49839976249767814, "r2_depth": 0.47782688161391407, "r_mono": 0.23056828111114253}, "log1pPF": {"cov_gene": 2.8904349918226386, "r2_depth": 0.3418755643127729, "r_mono": 1.0}, "PFlog1pPF": {"cov_gene": 7.812978661399109, "r2_depth": 0, "r_mono": 1.0}}