{"ncells": 8050, "ngenes": 60623, "nvals": 13974383, "avg_per_cell": 7854.782857142857, "avg_per_gene": 1043.0200089075104, "min_cell": 110, "max_cell": 69640, "total_count": 63231002, "overdispersion": 4.965603801011193, "raw": {"cov_gene": 105.69129968066073, "cov_cell": 1.2681733755735602, "r2_depth": 1.0, "r_mono": 1}, "PF": {"cov_gene": 72.35738030801909, "cov_cell": 2.348176874493275e-14, "r2_depth": 0, "r_mono": 1}, "log1p": {"cov_gene": 5.269710415582944, "cov_cell": 1.0681076389737367, "r2_depth": 0.9506792617670599, "r_mono": 1}, "log1pPF": {"cov_gene": 5.342618748490123, "cov_cell": 0.6290785800320458, "r2_depth": 0.5441360393859678, "r_mono": 1}, "PFlog1pPF": {"cov_gene": 16.285078994764163, "cov_cell": 2.0908662381946713e-14, "r2_depth": 0, "r_mono": 1}, "log1pCPM": {"cov_gene": 2.7636457301056523, "cov_cell": 0.8609355552438647, "r2_depth": 0.8213874115034379, "r_mono": 1}, "log1pCP10k": {"cov_gene": 5.010216117468776, "cov_cell": 0.6477866782949396, "r2_depth": 0.5659536304488653, "r_mono": 1}, "sqrt": {"cov_gene": 12.285715734195236, "cov_cell": 1.075182641023792, "r2_depth": 0.9573612836333443, "r_mono": 1}, "density": 0.028635141757381917}