{"raw": {"cov_gene": 72.28833305102444, "r2_depth": 1.0, "r_mono": 1.0}, "PF": {"cov_gene": 49.48312130592094, "r2_depth": 0, "r_mono": 1.0}, "sqrt": {"cov_gene": 8.37517691264782, "r2_depth": 0.9573764890454806, "r_mono": 1.0}, "log1p": {"cov_gene": 3.5318034230490767, "r2_depth": 0.9506902110058375, "r_mono": 1.0}, "log1pCP10k": {"cov_gene": 3.350622681358805, "r2_depth": 0.5661651112407994, "r_mono": 1.0}, "log1pCPM": {"cov_gene": 1.7467714627623951, "r2_depth": 0.8214456601602607, "r_mono": 1.0}, "scalelog1pCP10k": {"cov_gene": 1.186610490459613e-13, "r2_depth": 0.48227342760036274, "r_mono": 0.32958746867937155}, "sctransform": {"cov_gene": 1.4200232159442618, "r2_depth": 0.6654950815445057, "r_mono": 0.1533370712253459}, "log1pPF": {"cov_gene": 3.5831697485092153, "r2_depth": 0.5443253331722059, "r_mono": 1.0}, "PFlog1pPF": {"cov_gene": 11.118486942638535, "r2_depth": 0, "r_mono": 1.0}}