{
  "ncells": 83,
  "ngenes": 60623,
  "nvals": 9924,
  "density": 0.0019722921178470377,
  "total_counts": 17423,
  "overdispersion": 0.6488355330255623,
  "avg_per_cell": 209.9156626506024,
  "avg_per_gene": 0.28739917193144515,
  "max_cell": 581,
  "min_cell": 84,
  "raw": {
    "cov_gene": 154.181870756942,
    "cov_cell": 0.39115013090371464,
    "r2_depth": 1,
    "r_mono": 1
  },
  "PF": {
    "cov_gene": 97.56386024018931,
    "cov_cell": 2.212536150957235e-15,
    "r2_depth": 0,
    "r_mono": 1
  },
  "sqrt": {
    "cov_gene": 12.67393658090701,
    "cov_cell": 0.3120181530083039,
    "r2_depth": 0.8314597615841853,
    "r_mono": 1
  },
  "log1p": {
    "cov_gene": 11.273925574647633,
    "cov_cell": 0.3122504368069371,
    "r2_depth": 0.8212629081462384,
    "r_mono": 1
  },
  "log1pCP10k": {
    "cov_gene": 7.157183299582808,
    "cov_cell": 0.22868940963125528,
    "r2_depth": 0.552780302337881,
    "r_mono": 1
  },
  "log1pCPM": {
    "cov_gene": 6.783573722980543,
    "cov_cell": 0.26625884278320977,
    "r2_depth": 0.6468388183619509,
    "r_mono": 1
  },
  "log1pPF": {
    "cov_gene": 10.985342480643293,
    "cov_cell": 0.12979731115869508,
    "r2_depth": 0.12001657885664263,
    "r_mono": 1
  },
  "PFlog1pPF": {
    "cov_gene": 12.11523523375545,
    "cov_cell": 1.7624431375992635e-15,
    "r2_depth": 0,
    "r_mono": 1
  }
}
