{
  "ncells": 3751,
  "ngenes": 60623,
  "nvals": 384480,
  "density": 0.0016907884217035826,
  "total_counts": 727225,
  "overdispersion": 3.5327037980802234,
  "avg_per_cell": 193.8749666755532,
  "avg_per_gene": 11.995859657225806,
  "max_cell": 1665,
  "min_cell": 1,
  "raw": {
    "cov_gene": 154.0628483634648,
    "cov_cell": 0.6328679298443938,
    "r2_depth": 1,
    "r_mono": 1
  },
  "PF": {
    "cov_gene": 132.3111875806317,
    "cov_cell": 2.0856687071464452e-15,
    "r2_depth": 0,
    "r_mono": 1
  },
  "sqrt": {
    "cov_gene": 28.71828432103437,
    "cov_cell": 0.4704749750835877,
    "r2_depth": 0.600766332025658,
    "r_mono": 1
  },
  "log1p": {
    "cov_gene": 15.40789137237163,
    "cov_cell": 0.4712659042375847,
    "r2_depth": 0.5579507786810554,
    "r_mono": 1
  },
  "log1pCP10k": {
    "cov_gene": 6.777111112743023,
    "cov_cell": 0.37046403403955563,
    "r2_depth": 0.2831685041582864,
    "r_mono": 1
  },
  "log1pCPM": {
    "cov_gene": 6.179194101498515,
    "cov_cell": 0.4188046178843786,
    "r2_depth": 0.40481263916640187,
    "r_mono": 1
  },
  "log1pPF": {
    "cov_gene": 14.120983030995603,
    "cov_cell": 0.27782902895750244,
    "r2_depth": 0.006791814747094227,
    "r_mono": 1
  },
  "PFlog1pPF": {
    "cov_gene": 69.23116558332099,
    "cov_cell": 1.4077849602326988e-15,
    "r2_depth": 0,
    "r_mono": 1
  }
}
