{"ncells": 7265, "ngenes": 60623, "nvals": 12094314, "avg_per_cell": 7086.265657260839, "avg_per_gene": 849.2110255183676, "min_cell": 68, "max_cell": 68161, "total_count": 51481720, "overdispersion": 3.111357536924723, "raw": {"cov_gene": 66.18039168937263, "cov_cell": 1.2843553483151016, "r2_depth": 1.0, "r_mono": 1}, "PF": {"cov_gene": 57.257950887432514, "cov_cell": 2.4137709539354217e-14, "r2_depth": 0, "r_mono": 1}, "log1p": {"cov_gene": 5.267954866607391, "cov_cell": 1.0555369608834435, "r2_depth": 0.9310695264714495, "r_mono": 1}, "log1pPF": {"cov_gene": 5.64086032922687, "cov_cell": 0.6288485939484673, "r2_depth": 0.535509239476046, "r_mono": 1}, "PFlog1pPF": {"cov_gene": 14.690619659692297, "cov_cell": 2.00501520085297e-14, "r2_depth": 0, "r_mono": 1}, "log1pCPM": {"cov_gene": 2.7367151631399826, "cov_cell": 0.8594659612590355, "r2_depth": 0.7777744617815748, "r_mono": 1}, "log1pCP10k": {"cov_gene": 5.1480703092585545, "cov_cell": 0.656670406883017, "r2_depth": 0.5582115119093317, "r_mono": 1}, "sqrt": {"cov_gene": 10.057930229980768, "cov_cell": 1.0629976406765869, "r2_depth": 0.9409456410341038, "r_mono": 1}, "density": 0.027460484601849033}