{
    "raw": {
        "cov_gene": 97.13211436235625,
        "r2_depth": 1.0,
        "r_mono": 1.0
    },
    "PF": {
        "cov_gene": 30.048828499017247,
        "r2_depth": 0,
        "r_mono": 1.0
    },
    "sqrt": {
        "cov_gene": 9.09468774099723,
        "r2_depth": 0.9879376888734335,
        "r_mono": 1.0
    },
    "log1p": {
        "cov_gene": 4.935229698021509,
        "r2_depth": 0.9872568100976494,
        "r_mono": 1.0
    },
    "log1pCP10k": {
        "cov_gene": 3.9142339826325414,
        "r2_depth": 0.8520072561234061,
        "r_mono": 1.0
    },
    "log1pCPM": {
        "cov_gene": 2.5443973285023165,
        "r2_depth": 0.9471984634509689,
        "r_mono": 1.0
    },
    "scalelog1pCP10k": {
        "cov_gene": 3.849297265709879e-13,
        "r2_depth": 0.8725709955705663,
        "r_mono": 0.1650855862398241
    },
    "sctransform": {
        "cov_gene": 1.197674167601322,
        "r2_depth": 0.793366600929699,
        "r_mono": 0.12600630304580912
    },
    "log1pPF": {
        "cov_gene": 4.899372596243405,
        "r2_depth": 0.7367414879800307,
        "r_mono": 1.0
    },
    "PFlog1pPF": {
        "cov_gene": 5.252369159820564,
        "r2_depth": 0,
        "r_mono": 1.0
    },
    "ncells": 25152,
    "ngenes": 27823,
    "avg_per_cell": 1096.68,
    "avg_per_gene": 991.4,
    "min_cell": 37.0,
    "max_cell": 31539.0,
    "overdispersion": 4.4
}