{
  "ncells": 198,
  "ngenes": 9539,
  "nvals": 174982,
  "density": 0.09264571493316645,
  "total_counts": 561761,
  "overdispersion": 2.2909659226871133,
  "avg_per_cell": 2837.1767676767677,
  "avg_per_gene": 58.89097389663487,
  "max_cell": 19899,
  "min_cell": 118,
  "raw": {
    "cov_gene": 18.892912476508222,
    "cov_cell": 1.6941578883590467,
    "r2_depth": 1,
    "r_mono": 1
  },
  "PF": {
    "cov_gene": 48.6073510048086,
    "cov_cell": 1.516245644191746e-14,
    "r2_depth": 0,
    "r_mono": 1
  },
  "sqrt": {
    "cov_gene": 4.466415291997189,
    "cov_cell": 1.5669186098117058,
    "r2_depth": 0.985388123620925,
    "r_mono": 1
  },
  "log1p": {
    "cov_gene": 2.5189332799975395,
    "cov_cell": 1.5723775046897346,
    "r2_depth": 0.9845678306326151,
    "r_mono": 1
  },
  "log1pCP10k": {
    "cov_gene": 2.260630967812287,
    "cov_cell": 0.9494975349062931,
    "r2_depth": 0.8470861132030012,
    "r_mono": 1
  },
  "log1pCPM": {
    "cov_gene": 1.0386680157766988,
    "cov_cell": 1.31634729741262,
    "r2_depth": 0.9378034575426641,
    "r_mono": 1
  },
  "scalelog1pCP10k": {
    "cov_gene": 3.2398271745884546e-15,
    "cov_cell": null,
    "r2_depth": 0.8490813482023718,
    "r_mono": 0.3468930487060782
  },
  "sctransform": {
    "cov_gene": 1.2721086335497833,
    "cov_cell": null,
    "r2_depth": 0.5189175178976606,
    "r_mono": 0.27437090686753585
  },
  "log1pPF": {
    "cov_gene": 2.92157602518641,
    "cov_cell": 0.7189092860496509,
    "r2_depth": 0.7854800808248339,
    "r_mono": 1
  },
  "PFlog1pPF": {
    "cov_gene": 8.101764241407073,
    "cov_cell": 9.846942097473987e-15,
    "r2_depth": 0,
    "r_mono": 1
  }
}
