{"ncells": 6796, "ngenes": 60623, "nvals": 17700184, "avg_per_cell": 14605.69349617422, "avg_per_gene": 1637.3371987529486, "min_cell": 399, "max_cell": 108165, "total_count": 99260293, "overdispersion": 1.6297257755818548, "raw": {"cov_gene": 54.89360158007117, "cov_cell": 1.114511846206082, "r2_depth": 1.0, "r_mono": 1}, "PF": {"cov_gene": 163.59179953464204, "cov_cell": 3.4329636950360006e-14, "r2_depth": 0, "r_mono": 1}, "log1p": {"cov_gene": 4.661990557166131, "cov_cell": 0.9195103364026949, "r2_depth": 0.9488362790978473, "r_mono": 1}, "log1pPF": {"cov_gene": 4.026216322122638, "cov_cell": 0.4720453894934743, "r2_depth": 0.654787616435863, "r_mono": 1}, "PFlog1pPF": {"cov_gene": 5.8026344163181856, "cov_cell": 2.464917537963051e-14, "r2_depth": 0, "r_mono": 1}, "log1pCPM": {"cov_gene": 2.4641621917765377, "cov_cell": 0.7170114632303017, "r2_depth": 0.835874056116786, "r_mono": 1}, "log1pCP10k": {"cov_gene": 4.328753213047525, "cov_cell": 0.43247448534239485, "r2_depth": 0.6317813915814068, "r_mono": 1}, "sqrt": {"cov_gene": 12.359116215492687, "cov_cell": 0.9293498986463697, "r2_depth": 0.9577862381156307, "r_mono": 1}, "density": 0.0429622469077868}