{"raw": {"cov_gene": 43.12222930173289, "r2_depth": 1.0, "r_mono": 1.0}, "PF": {"cov_gene": 69.65267227709077, "r2_depth": 0, "r_mono": 1.0}, "sqrt": {"cov_gene": 5.119677190434757, "r2_depth": 0.9681824745373806, "r_mono": 1.0}, "log1p": {"cov_gene": 3.2848041033951767, "r2_depth": 0.9644396950699851, "r_mono": 1.0}, "log1pCP10k": {"cov_gene": 2.157695600560986, "r2_depth": 0.7545797701223133, "r_mono": 1.0}, "log1pCPM": {"cov_gene": 1.7216163159890794, "r2_depth": 0.8750962909862026, "r_mono": 1.0}, "scalelog1pCP10k": {"cov_gene": 2.2979065103696168e-14, "r2_depth": 0.7402465253547309, "r_mono": 0.28580543012376614}, "sctransform": {"cov_gene": 0.7755774298782265, "r2_depth": 0.20466628052307834, "r_mono": 0.2204567913596837}, "log1pPF": {"cov_gene": 3.0119409365830765, "r2_depth": 0.5610243589872803, "r_mono": 1.0}, "PFlog1pPF": {"cov_gene": 7.795658348556407, "r2_depth": 0, "r_mono": 1.0}}