{
  "ncells": 8802,
  "ngenes": 60623,
  "nvals": 9094883,
  "density": 0.017044266972643586,
  "total_counts": 17603845,
  "overdispersion": 1.3125954368696537,
  "avg_per_cell": 1999.982390365826,
  "avg_per_gene": 290.3822806525576,
  "max_cell": 25558,
  "min_cell": 365,
  "raw": {
    "cov_gene": 85.12752123678966,
    "cov_cell": 1.118137388041355,
    "r2_depth": 1,
    "r_mono": 1
  },
  "PF": {
    "cov_gene": 72.34676711226312,
    "cov_cell": 2.0827231846464063e-14,
    "r2_depth": 0,
    "r_mono": 1
  },
  "sqrt": {
    "cov_gene": 8.983418454709826,
    "cov_cell": 0.96028834789757,
    "r2_depth": 0.9907508316284152,
    "r_mono": 1
  },
  "log1p": {
    "cov_gene": 4.417085053248847,
    "cov_cell": 0.9727158496106503,
    "r2_depth": 0.9918691280832928,
    "r_mono": 1
  },
  "log1pCP10k": {
    "cov_gene": 3.2230484129311208,
    "cov_cell": 0.4241086277188623,
    "r2_depth": 0.8087793462609176,
    "r_mono": 1
  },
  "log1pCPM": {
    "cov_gene": 2.7076092505894302,
    "cov_cell": 0.7095677776464251,
    "r2_depth": 0.9442061065105949,
    "r_mono": 1
  },
  "log1pPF": {
    "cov_gene": 4.185200557909437,
    "cov_cell": 0.24772515949430335,
    "r2_depth": 0.6707707766427377,
    "r_mono": 1
  },
  "PFlog1pPF": {
    "cov_gene": 5.031887678051191,
    "cov_cell": 1.5670432507872544e-14,
    "r2_depth": 0,
    "r_mono": 1
  }
}
