{
  "ncells": 473,
  "ngenes": 9351,
  "nvals": 247287,
  "density": 0.055909046821596906,
  "total_counts": 664649,
  "overdispersion": 2.03,
  "avg_per_cell": 1405.18,
  "avg_per_gene": 71.08,
  "max_cell": 14407,
  "min_cell": 17,
  "raw": {
    "cov_gene": 37.789597989729444,
    "r2_depth": 1,
    "r_mono": 1,
    "cov_cell": 1.198038042008826
  },
  "PF": {
    "cov_gene": 28.213381826120354,
    "r2_depth": 0,
    "r_mono": 1,
    "cov_cell": 8.409869858287093e-15
  },
  "sqrt": {
    "cov_gene": 4.861121935653001,
    "r2_depth": 0.9378706160046002,
    "r_mono": 1,
    "cov_cell": 0.9506964623633876
  },
  "log1p": {
    "cov_gene": 2.8901539541577845,
    "r2_depth": 0.930903880066491,
    "r_mono": 1,
    "cov_cell": 0.9481992429713249
  },
  "log1pCP10k": {
    "cov_gene": 1.760065033407321,
    "r2_depth": 0.5090728351221211,
    "r_mono": 1,
    "cov_cell": 0.5169724753871243
  },
  "log1pCPM": {
    "cov_gene": 1.2417380117104095,
    "r2_depth": 0.7757960035266598,
    "r_mono": 1,
    "cov_cell": 0.7124174595136864
  },
  "scalelog1pCP10k": {
    "cov_gene": 7.503789603723538e-15,
    "r2_depth": 0.6039023880633299,
    "r_mono": 0.3480225708704928,
    "cov_cell": null
  },
  "sctransform": {
    "cov_gene": 0.5290331027335387,
    "r2_depth": 0.031732406999879226,
    "r_mono": 0.2757283552073785,
    "cov_cell": null
  },
  "log1pPF": {
    "cov_gene": 2.9785483701005333,
    "r2_depth": 0.26694336732532,
    "r_mono": 1,
    "cov_cell": 0.3949707687274481
  },
  "PFlog1pPF": {
    "cov_gene": 19.21749312365151,
    "r2_depth": 0,
    "r_mono": 1,
    "cov_cell": 6.286838245168068e-15
  }
}
