{"ncells": 16613, "ngenes": 26935, "nvals": 15798773, "density": 0.035306796479428935, "avg_per_cell": 2481.168602901342, "avg_per_gene": 1530.3379988862075, "min_cell": 442, "max_cell": 95366, "total_count": 41219654, "overdispersion": 0.5893948045143891, "sctransform": {"cov_gene": 0.7763981590842671, "cov_cell": null, "r2_depth": 0.33580622360497614, "r_mono": 0.20621639390841265}, "scalelog1pCP10k": {"cov_gene": 2.3658339695314053e-13, "cov_cell": null, "r2_depth": 0.5730799933228552, "r_mono": 0.28364098832693624}, "raw": {"cov_gene": 48.811546574754104, "cov_cell": 0.9956408802529941, "r2_depth": 1, "r_mono": 1}, "PF": {"cov_gene": 55.51296416189596, "cov_cell": 1.1037534766290692e-14, "r2_depth": 0, "r_mono": 1}, "log1p": {"cov_gene": 3.1463238034704757, "cov_cell": 0.6765285929116805, "r2_depth": 0.9265312446595063, "r_mono": 1}, "sqrt": {"cov_gene": 4.739443497517463, "cov_cell": 0.6845929799275445, "r2_depth": 0.9339588541179846, "r_mono": 1}, "log1pPF": {"cov_gene": 2.8503921074684984, "cov_cell": 0.16137478753950713, "r2_depth": 0.45397861059363, "r_mono": 1}, "PFlog1pPF": {"cov_gene": 3.008245464810591, "cov_cell": 1.1985239911966984e-14, "r2_depth": 0, "r_mono": 1}, "log1pCPM": {"cov_gene": 1.77834509868225, "cov_cell": 0.4485844222772001, "r2_depth": 0.7921673043449925, "r_mono": 1}, "log1pCP10k": {"cov_gene": 2.185263889361515, "cov_cell": 0.25167082776008454, "r2_depth": 0.5870017039375364, "r_mono": 1}}