{
  "ncells": 6538,
  "ngenes": 23360,
  "nvals": 5851007,
  "density": 0.038310062720785125,
  "total_counts": 13409996,
  "overdispersion": 0.77,
  "avg_per_cell": 2051.09,
  "avg_per_gene": 574.06,
  "max_cell": 28751,
  "min_cell": 360,
  "raw": {
    "cov_gene": 56.19094911144211,
    "r2_depth": 1,
    "r_mono": 1,
    "cov_cell": 0.9507069805748459
  },
  "PF": {
    "cov_gene": 48.230297957331906,
    "r2_depth": 0,
    "r_mono": 1,
    "cov_cell": 1.2329691224123223e-14
  },
  "sqrt": {
    "cov_gene": 4.801751845440071,
    "r2_depth": 0.9408744027325748,
    "r_mono": 1,
    "cov_cell": 0.7415762165219553
  },
  "log1p": {
    "cov_gene": 3.168625345576076,
    "r2_depth": 0.9350961796573242,
    "r_mono": 1,
    "cov_cell": 0.7409481256373933
  },
  "log1pCP10k": {
    "cov_gene": 2.1064838477186183,
    "r2_depth": 0.5536182733584363,
    "r_mono": 1,
    "cov_cell": 0.35618310108007717
  },
  "log1pCPM": {
    "cov_gene": 1.6491052187602964,
    "r2_depth": 0.8061320639996148,
    "r_mono": 1,
    "cov_cell": 0.5346786973061455
  },
  "scalelog1pCP10k": {
    "cov_gene": 9.301034409330304e-14,
    "r2_depth": 0.570506249239789,
    "r_mono": 0.30142876165748195,
    "cov_cell": null
  },
  "sctransform": {
    "cov_gene": 0.5907726582283204,
    "r2_depth": 0.3272956088148753,
    "r_mono": 0.2273060403883078,
    "cov_cell": null
  },
  "log1pPF": {
    "cov_gene": 2.938515350744405,
    "r2_depth": 0.34382277251634996,
    "r_mono": 1,
    "cov_cell": 0.26216987524093616
  },
  "PFlog1pPF": {
    "cov_gene": 24.002020651295496,
    "r2_depth": 0,
    "r_mono": 1,
    "cov_cell": 9.430648244146045e-15
  }
}
