{
    "raw": {
        "cov_gene": 62.563712895923445,
        "r2_depth": 1.0,
        "r_mono": 1.0
    },
    "PF": {
        "cov_gene": 53.81730202230933,
        "r2_depth": 0,
        "r_mono": 1.0
    },
    "sqrt": {
        "cov_gene": 12.10957579852293,
        "r2_depth": 0.59280215890735,
        "r_mono": 1.0
    },
    "log1p": {
        "cov_gene": 6.475921343309855,
        "r2_depth": 0.5474076775031296,
        "r_mono": 1.0
    },
    "log1pCP10k": {
        "cov_gene": 2.772416666307787,
        "r2_depth": 0.26973697155023313,
        "r_mono": 1.0
    },
    "log1pCPM": {
        "cov_gene": 2.510572877337058,
        "r2_depth": 0.39083433560949876,
        "r_mono": 1.0
    },
    "scalelog1pCP10k": {
        "cov_gene": 5.786022134320775e-14,
        "r2_depth": 0.24807346253050744,
        "r_mono": 0.1624181879610387
    },
    "sctransform": {
        "cov_gene": 0.5499471114897068,
        "r2_depth": 0.15117265543733072,
        "r_mono": 0.14145762669352355
    },
    "log1pPF": {
        "cov_gene": 5.9023087229964215,
        "r2_depth": 0.0044672290313564345,
        "r_mono": 1.0
    },
    "PFlog1pPF": {
        "cov_gene": 27.654818601213286,
        "r2_depth": 0,
        "r_mono": 1.0
    },
    "ncells": 3751,
    "ngenes": 9983,
    "avg_per_cell": 188.2,
    "avg_per_gene": 70.71,
    "min_cell": 1.0,
    "max_cell": 1663.0,
    "overdispersion": 3.53
}