{
    "raw": {
        "cov_gene": 74.10488772601711,
        "r2_depth": 1.0,
        "r_mono": 1.0
    },
    "PF": {
        "cov_gene": 62.39053326300857,
        "r2_depth": 0,
        "r_mono": 1.0
    },
    "sqrt": {
        "cov_gene": 9.030686727242866,
        "r2_depth": 0.932849420030401,
        "r_mono": 1.0
    },
    "log1p": {
        "cov_gene": 2.777232149119844,
        "r2_depth": 0.92288661709832,
        "r_mono": 1.0
    },
    "log1pCP10k": {
        "cov_gene": 2.5143749133010913,
        "r2_depth": 0.5400116053081114,
        "r_mono": 1.0
    },
    "log1pCPM": {
        "cov_gene": 1.3855117486831265,
        "r2_depth": 0.7932725009087931,
        "r_mono": 1.0
    },
    "scalelog1pCP10k": {
        "cov_gene": 6.357344335934944e-14,
        "r2_depth": 0.49256652257260536,
        "r_mono": 0.39190949638178846
    },
    "sctransform": {
        "cov_gene": 0.5678127685293817,
        "r2_depth": 0.6918005495806829,
        "r_mono": 0.2288246216016835
    },
    "log1pPF": {
        "cov_gene": 2.5948547527225276,
        "r2_depth": 0.5283661770411361,
        "r_mono": 1.0
    },
    "PFlog1pPF": {
        "cov_gene": 6.497275756864276,
        "r2_depth": 0,
        "r_mono": 1.0
    },
    "ncells": 4412,
    "ngenes": 28857,
    "avg_per_cell": 8827.26,
    "avg_per_gene": 1349.62,
    "min_cell": 428.0,
    "max_cell": 62512.0,
    "overdispersion": 1.99
}