{"raw": {"cov_gene": 49.44295546634691, "r2_depth": 1.0, "r_mono": 1.0, "cov_cell": 2.9545424233394675}, "PF": {"cov_gene": 17.732376477429423, "r2_depth": 0, "r_mono": 1.0, "cov_cell": 2.0034058982421906e-15}, "sqrt": {"cov_gene": 6.3398543309378566, "r2_depth": 0.9900781481538192, "r_mono": 1.0, "cov_cell": 2.4529293405340917}, "log1p": {"cov_gene": 4.671768414284925, "r2_depth": 0.9905429006646658, "r_mono": 1.0, "cov_cell": 2.5064539759543853}, "log1pCP10k": {"cov_gene": 3.6492538143025417, "r2_depth": 0.8700273133712434, "r_mono": 1.0, "cov_cell": 1.258449305054541}, "log1pCPM": {"cov_gene": 3.048922266331617, "r2_depth": 0.9476796486476865, "r_mono": 1.0, "cov_cell": 1.7179342979066061}, "scalelog1pCP10k": {"cov_gene": 1.1455387954107305e-13, "r2_depth": 0.8947767003908745, "r_mono": 0.10915411738936774, "cov_cell": null}, "sctransform": {"cov_gene": 0.699086459099457, "r2_depth": 0.4800974225392385, "r_mono": 0.10142970173349349, "cov_cell": null}, "log1pPF": {"cov_gene": 5.141162945046843, "r2_depth": 0.4345334484341996, "r_mono": 1.0, "cov_cell": 0.3458807312004044}, "PFlog1pPF": {"cov_gene": 5.662215996270438, "r2_depth": 0, "r_mono": 1.0, "cov_cell": 1.9864890204997156e-15}, "ncells": 7802, "ngenes": 11648, "avg_per_cell": 119.37, "avg_per_gene": 79.95, "min_cell": 16.0, "max_cell": 4685.0, "overdispersion": 13.19, "total_count": 931295, "nvals": 557274, "sparsity": 0.006132131694888039}