{"ncells": 1989, "ngenes": 60623, "nvals": 434823, "density": 0.0036061210484429783, "avg_per_cell": 402.53343388637506, "avg_per_gene": 13.206852184814345, "min_cell": 50, "max_cell": 4823, "total_count": 800639, "overdispersion": 3.0901853280565694, "raw": {"cov_gene": 108.76126245981018, "cov_cell": 1.5778679972531466, "r2_depth": 1, "r_mono": 1}, "PF": {"cov_gene": 141.9669525896694, "cov_cell": 3.7507730241408195e-15, "r2_depth": 0, "r_mono": 1}, "log1p": {"cov_gene": 8.154414850254003, "cov_cell": 1.3945747973375016, "r2_depth": 0.990588505128237, "r_mono": 1}, "sqrt": {"cov_gene": 11.40491757910119, "cov_cell": 1.3718824545360353, "r2_depth": 0.9905618895123903, "r_mono": 1}, "log1pPF": {"cov_gene": 8.38359344366642, "cov_cell": 0.349142283580444, "r2_depth": 0.6256699142544957, "r_mono": 1}, "PFlog1pPF": {"cov_gene": 14.481427374947051, "cov_cell": 3.035383978343799e-15, "r2_depth": 0, "r_mono": 1}, "log1pCPM": {"cov_gene": 5.007977793903118, "cov_cell": 1.0346203216931016, "r2_depth": 0.9586802215907555, "r_mono": 1}, "log1pCP10k": {"cov_gene": 5.931116029486673, "cov_cell": 0.7785211605447933, "r2_depth": 0.8970651539906034, "r_mono": 1}}