{
    "raw": {
        "cov_gene": 49.44295546634691,
        "r2_depth": 1.0,
        "r_mono": 1.0
    },
    "PF": {
        "cov_gene": 17.732376477429423,
        "r2_depth": 0,
        "r_mono": 1.0
    },
    "sqrt": {
        "cov_gene": 6.3398543309378566,
        "r2_depth": 0.9900781481538192,
        "r_mono": 1.0
    },
    "log1p": {
        "cov_gene": 4.671768414284925,
        "r2_depth": 0.9905429006646658,
        "r_mono": 1.0
    },
    "log1pCP10k": {
        "cov_gene": 3.6492538143025417,
        "r2_depth": 0.8700273133712434,
        "r_mono": 1.0
    },
    "log1pCPM": {
        "cov_gene": 3.048922266331617,
        "r2_depth": 0.9476796486476865,
        "r_mono": 1.0
    },
    "scalelog1pCP10k": {
        "cov_gene": 1.1455387954107305e-13,
        "r2_depth": 0.8947767003908745,
        "r_mono": 0.10915411738936774
    },
    "sctransform": {
        "cov_gene": 0.699086459099457,
        "r2_depth": 0.4800974225392385,
        "r_mono": 0.10142970173349349
    },
    "log1pPF": {
        "cov_gene": 5.141162945046843,
        "r2_depth": 0.4345334484341996,
        "r_mono": 1.0
    },
    "PFlog1pPF": {
        "cov_gene": 5.662215996270438,
        "r2_depth": 0,
        "r_mono": 1.0
    },
    "ncells": "7802",
    "ngenes": 11648,
    "avg_per_cell": "119.37",
    "avg_per_gene": "79.95",
    "min_cell": "16",
    "max_cell": "4685",
    "overdispersion": "13.19"
}