{"ncells": 36, "ngenes": 60623, "nvals": 46774, "avg_per_cell": 4387.277777777777, "avg_per_gene": 2.6053148145093448, "min_cell": 455, "max_cell": 22548, "total_count": 157942, "overdispersion": 5.780513649098542, "raw": {"cov_gene": 182.45941469440552, "cov_cell": 1.3289997188082567, "r2_depth": 1.0, "r_mono": 1}, "PF": {"cov_gene": 207.25242699303064, "cov_cell": 2.138335544403811e-14, "r2_depth": 0, "r_mono": 1}, "log1p": {"cov_gene": 5.4793103705987685, "cov_cell": 1.29599420127198, "r2_depth": 0.9452184035530351, "r_mono": 1}, "log1pPF": {"cov_gene": 5.692790927084889, "cov_cell": 0.6366305000867858, "r2_depth": 0.46301800372026425, "r_mono": 1}, "PFlog1pPF": {"cov_gene": 40.58266258573512, "cov_cell": 1.6989708099752018e-14, "r2_depth": 0, "r_mono": 1}, "log1pCPM": {"cov_gene": 2.7606707186638904, "cov_cell": 1.0142203752477061, "r2_depth": 0.8402283971201119, "r_mono": 1}, "log1pCP10k": {"cov_gene": 4.522033382821107, "cov_cell": 0.7143480186672911, "r2_depth": 0.5729088247619722, "r_mono": 1}, "sqrt": {"cov_gene": 20.615084950806907, "cov_cell": 1.2870824749951386, "r2_depth": 0.9489654871035152, "r_mono": 1}, "density": 0.021432093063322135}