{
    "raw": {
        "cov_gene": 42.25364563899889,
        "r2_depth": 1.0,
        "r_mono": 1.0
    },
    "PF": {
        "cov_gene": 46.34262049787654,
        "r2_depth": 0,
        "r_mono": 1.0
    },
    "sqrt": {
        "cov_gene": 6.081246585747239,
        "r2_depth": 0.9191761392098465,
        "r_mono": 1.0
    },
    "log1p": {
        "cov_gene": 1.4791822112435422,
        "r2_depth": 0.9087884836626892,
        "r_mono": 1.0
    },
    "log1pCP10k": {
        "cov_gene": 1.1226594813000585,
        "r2_depth": 0.5392979561930227,
        "r_mono": 1.0
    },
    "log1pCPM": {
        "cov_gene": 0.48570859589963133,
        "r2_depth": 0.7513816537301747,
        "r_mono": 1.0
    },
    "scalelog1pCP10k": {
        "cov_gene": 5.368356251592443e-16,
        "r2_depth": 0.603346870297004,
        "r_mono": 0.5309100816054665
    },
    "sctransform": {
        "cov_gene": 0.3505605789252321,
        "r2_depth": 0.04667776891702713,
        "r_mono": 0.48241505604134527
    },
    "log1pPF": {
        "cov_gene": 1.5638269216598732,
        "r2_depth": 0.43143310020421355,
        "r_mono": 1.0
    },
    "PFlog1pPF": {
        "cov_gene": 10.945514301428489,
        "r2_depth": 0,
        "r_mono": 1.0
    },
    "ncells": "36",
    "ngenes": 3234,
    "avg_per_cell": "3604.75",
    "avg_per_gene": "40.13",
    "min_cell": "261",
    "max_cell": "18010",
    "overdispersion": "5.78"
}