{
  "ncells": 9514,
  "ngenes": 60623,
  "nvals": 23079845,
  "density": 0.040015874896580025,
  "total_counts": 65277912,
  "overdispersion": 0.35517632153765055,
  "avg_per_cell": 6861.247845280639,
  "avg_per_gene": 1076.784586708015,
  "max_cell": 27791,
  "min_cell": 1176,
  "raw": {
    "cov_gene": 35.901628490599094,
    "cov_cell": 0.5376577192648485,
    "r2_depth": 1,
    "r_mono": 1
  },
  "PF": {
    "cov_gene": 88.15441447498235,
    "cov_cell": 2.8445718893536237e-14,
    "r2_depth": 0,
    "r_mono": 1
  },
  "sqrt": {
    "cov_gene": 4.21630269164477,
    "cov_cell": 0.41567606593444606,
    "r2_depth": 0.9782234013145664,
    "r_mono": 1
  },
  "log1p": {
    "cov_gene": 3.093645443632148,
    "cov_cell": 0.41572188762351936,
    "r2_depth": 0.9756827678367258,
    "r_mono": 1
  },
  "log1pCP10k": {
    "cov_gene": 2.7304178070377554,
    "cov_cell": 0.14463556059014407,
    "r2_depth": 0.69493578553471,
    "r_mono": 1
  },
  "log1pCPM": {
    "cov_gene": 2.3411020227045323,
    "cov_cell": 0.28471569562497206,
    "r2_depth": 0.9095604407975446,
    "r_mono": 1
  },
  "log1pPF": {
    "cov_gene": 2.8494859563199086,
    "cov_cell": 0.12727405087587515,
    "r2_depth": 0.6447963866594946,
    "r_mono": 1
  },
  "PFlog1pPF": {
    "cov_gene": 3.1084892904796595,
    "cov_cell": 2.011827718690818e-14,
    "r2_depth": 0,
    "r_mono": 1
  }
}
