{
  "ncells": 14824,
  "ngenes": 13115,
  "nvals": 1297151,
  "density": 0.006672012227752381,
  "total_counts": 1963465,
  "overdispersion": 1.27,
  "avg_per_cell": 132.45,
  "avg_per_gene": 149.71,
  "max_cell": 2334,
  "min_cell": 42,
  "raw": {
    "cov_gene": 22.82443896904545,
    "r2_depth": 1,
    "r_mono": 1,
    "cov_cell": 0.9797175619173732
  },
  "PF": {
    "cov_gene": 17.546610227593952,
    "r2_depth": 0,
    "r_mono": 1,
    "cov_cell": 1.3471863609242249e-15
  },
  "sqrt": {
    "cov_gene": 4.4855029528334365,
    "r2_depth": 0.9818547967114316,
    "r_mono": 1,
    "cov_cell": 0.9046746119650253
  },
  "log1p": {
    "cov_gene": 4.25523013638273,
    "r2_depth": 0.9822329415501722,
    "r_mono": 1,
    "cov_cell": 0.9147004911825399
  },
  "log1pCP10k": {
    "cov_gene": 2.597795687644351,
    "r2_depth": 0.8918936136344954,
    "r_mono": 1,
    "cov_cell": 0.5770393065977447
  },
  "log1pCPM": {
    "cov_gene": 2.3848301198572366,
    "r2_depth": 0.9419164907457517,
    "r_mono": 1,
    "cov_cell": 0.7195869971390747
  },
  "scalelog1pCP10k": {
    "cov_gene": 2.1850243819686478e-13,
    "r2_depth": 0.8660456297054668,
    "r_mono": 0.13199076576687485,
    "cov_cell": null
  },
  "sctransform": {
    "cov_gene": 0.5752819988051738,
    "r2_depth": 0.15802226592043567,
    "r_mono": 0.12360491090660287,
    "cov_cell": null
  },
  "log1pPF": {
    "cov_gene": 4.455341813522105,
    "r2_depth": 0.5265719524308723,
    "r_mono": 1,
    "cov_cell": 0.21520146043787605
  },
  "PFlog1pPF": {
    "cov_gene": 5.092443868949572,
    "r2_depth": 0,
    "r_mono": 1,
    "cov_cell": 1.194410165858625e-15
  }
}
