{
  "ncells": 77,
  "ngenes": 7761,
  "nvals": 94817,
  "density": 0.15866378177935966,
  "total_counts": 408065,
  "overdispersion": 4.239937934606042,
  "avg_per_cell": 5299.545454545455,
  "avg_per_gene": 52.578920242236826,
  "max_cell": 40350,
  "min_cell": 609,
  "raw": {
    "cov_gene": 46.30637581013711,
    "cov_cell": 1.3920773467614749,
    "r2_depth": 1,
    "r_mono": 1
  },
  "PF": {
    "cov_gene": 44.50041785607296,
    "cov_cell": 1.7005501254987294e-14,
    "r2_depth": 0,
    "r_mono": 1
  },
  "sqrt": {
    "cov_gene": 6.275272536814363,
    "cov_cell": 1.1379263628110636,
    "r2_depth": 0.9512195807674871,
    "r_mono": 1
  },
  "log1p": {
    "cov_gene": 1.681147059378258,
    "cov_cell": 1.1387494855693245,
    "r2_depth": 0.9457363870909999,
    "r_mono": 1
  },
  "log1pCP10k": {
    "cov_gene": 1.452352257472702,
    "cov_cell": 0.5967336130604066,
    "r2_depth": 0.46476263028932707,
    "r_mono": 1
  },
  "log1pCPM": {
    "cov_gene": 0.6804142129693141,
    "cov_cell": 0.8349494860609292,
    "r2_depth": 0.7797653844531639,
    "r_mono": 1
  },
  "scalelog1pCP10k": {
    "cov_gene": 1.3257577810395967e-15,
    "cov_cell": null,
    "r2_depth": 0.5208219978252153,
    "r_mono": 0.5016518807391124
  },
  "sctransform": {
    "cov_gene": 0.9738222169392062,
    "cov_cell": null,
    "r2_depth": 0.014456425984739618,
    "r_mono": 0.4377952120647416
  },
  "log1pPF": {
    "cov_gene": 1.784198658085029,
    "cov_cell": 0.5551386798740795,
    "r2_depth": 0.3853393773346291,
    "r_mono": 1
  },
  "PFlog1pPF": {
    "cov_gene": 15.48191538402595,
    "cov_cell": 1.2703121495329289e-14,
    "r2_depth": 0,
    "r_mono": 1
  }
}
