{
    "raw": {
        "cov_gene": 93.04045233984418,
        "r2_depth": 1.0,
        "r_mono": 1.0
    },
    "PF": {
        "cov_gene": 26.197237539179127,
        "r2_depth": 0,
        "r_mono": 1.0
    },
    "sqrt": {
        "cov_gene": 4.535011349475039,
        "r2_depth": 0.9574292207858758,
        "r_mono": 1.0
    },
    "log1p": {
        "cov_gene": 2.8391178293155637,
        "r2_depth": 0.9523466281537307,
        "r_mono": 1.0
    },
    "log1pCP10k": {
        "cov_gene": 2.8483835416205756,
        "r2_depth": 0.5729005581053084,
        "r_mono": 1.0
    },
    "log1pCPM": {
        "cov_gene": 1.9706918537825513,
        "r2_depth": 0.7938855425955583,
        "r_mono": 1.0
    },
    "scalelog1pCP10k": {
        "cov_gene": 2.1294065423969514e-13,
        "r2_depth": 0.4705856310160653,
        "r_mono": 0.24715554737357134
    },
    "sctransform": {
        "cov_gene": 0.695996495341533,
        "r2_depth": 0.7053075383229674,
        "r_mono": 0.1163368819659224
    },
    "log1pPF": {
        "cov_gene": 3.142876400111458,
        "r2_depth": 0.5107250571335646,
        "r_mono": 1.0
    },
    "PFlog1pPF": {
        "cov_gene": 3.5065855528757552,
        "r2_depth": 0,
        "r_mono": 1.0
    },
    "ncells": "13945",
    "ngenes": 34222,
    "avg_per_cell": "3949.18",
    "avg_per_gene": "1609.24",
    "min_cell": "190",
    "max_cell": "94305",
    "overdispersion": "67.76"
}