{"ncells": 13945, "ngenes": 60623, "nvals": 16788759, "avg_per_cell": 3950.4007888131946, "avg_per_gene": 908.70361084077, "min_cell": 192, "max_cell": 94332, "total_count": 55088339, "overdispersion": 67.75709101957355, "raw": {"cov_gene": 123.83601175450902, "cov_cell": 2.3863086259067994, "r2_depth": 1.0, "r_mono": 1}, "PF": {"cov_gene": 34.87299726553488, "cov_cell": 1.9621743700002314e-14, "r2_depth": 0, "r_mono": 1}, "log1p": {"cov_gene": 3.877980793020983, "cov_cell": 1.8645940363087867, "r2_depth": 0.9523526800222697, "r_mono": 1}, "log1pPF": {"cov_gene": 4.272295001452797, "cov_cell": 0.5807163620680326, "r2_depth": 0.5105622997202311, "r_mono": 1}, "PFlog1pPF": {"cov_gene": 4.74742020236211, "cov_cell": 1.5866853310251312e-14, "r2_depth": 0, "r_mono": 1}, "log1pCPM": {"cov_gene": 2.7634036482769435, "cov_cell": 1.2446455629321886, "r2_depth": 0.793860868336713, "r_mono": 1}, "log1pCP10k": {"cov_gene": 3.8895176175096493, "cov_cell": 0.7485145291281768, "r2_depth": 0.5727103490949765, "r_mono": 1}, "sqrt": {"cov_gene": 6.097199696396681, "cov_cell": 1.8608462637279968, "r2_depth": 0.9574291142944769, "r_mono": 1}, "density": 0.01985924127465606}