{"raw": {"cov_gene": 93.04045233984418, "r2_depth": 1.0, "r_mono": 1.0, "cov_cell": 2.3865287900007126}, "PF": {"cov_gene": 26.197237539179127, "r2_depth": 0, "r_mono": 1.0, "cov_cell": 2.4090745258831892e-14}, "sqrt": {"cov_gene": 4.535011349475039, "r2_depth": 0.9574292207858758, "r_mono": 1.0, "cov_cell": 1.8609211976278786}, "log1p": {"cov_gene": 2.8391178293155637, "r2_depth": 0.9523466281537307, "r_mono": 1.0, "cov_cell": 1.8646686264363466}, "log1pCP10k": {"cov_gene": 2.8483835416205756, "r2_depth": 0.5729005581053084, "r_mono": 1.0, "cov_cell": 0.7484497169050666}, "log1pCPM": {"cov_gene": 1.9706918537825513, "r2_depth": 0.7938855425955583, "r_mono": 1.0, "cov_cell": 1.2444723212455295}, "scalelog1pCP10k": {"cov_gene": 2.1294065423969514e-13, "r2_depth": 0.4705856310160653, "r_mono": 0.24715554737357134, "cov_cell": null}, "sctransform": {"cov_gene": 0.695996495341533, "r2_depth": 0.7053075383229674, "r_mono": 0.1163368819659224, "cov_cell": null}, "log1pPF": {"cov_gene": 3.142876400111458, "r2_depth": 0.5107250571335646, "r_mono": 1.0, "cov_cell": 0.5806215624698374}, "PFlog1pPF": {"cov_gene": 3.5065855528757552, "r2_depth": 0, "r_mono": 1.0, "cov_cell": 1.7141328473591872e-14}, "ncells": 13945, "ngenes": 34222, "avg_per_cell": 3949.18, "avg_per_gene": 1609.24, "min_cell": 190.0, "max_cell": 94305.0, "overdispersion": 67.76, "total_count": 55071305, "nvals": 16771867, "sparsity": 0.03514451094522784}