{
  "ncells": 4291,
  "ngenes": 21467,
  "nvals": 4725927,
  "density": 0.05130469830520464,
  "total_counts": 13303167,
  "overdispersion": 0.22,
  "avg_per_cell": 3100.25,
  "avg_per_gene": 619.7,
  "max_cell": 33567,
  "min_cell": 381,
  "raw": {
    "cov_gene": 39.515695490917985,
    "r2_depth": 1,
    "r_mono": 1,
    "cov_cell": 0.5022781044818736
  },
  "PF": {
    "cov_gene": 83.85052623317362,
    "r2_depth": 0,
    "r_mono": 1,
    "cov_cell": 1.4499343030583698e-14
  },
  "sqrt": {
    "cov_gene": 3.4181238636077875,
    "r2_depth": 0.8890625621253179,
    "r_mono": 1,
    "cov_cell": 0.3622417340656709
  },
  "log1p": {
    "cov_gene": 2.446449338250634,
    "r2_depth": 0.8673405703275552,
    "r_mono": 1,
    "cov_cell": 0.3565392073183779
  },
  "log1pCP10k": {
    "cov_gene": 1.7466437677074347,
    "r2_depth": 0.2973780574579502,
    "r_mono": 1,
    "cov_cell": 0.16954230777606624
  },
  "log1pCPM": {
    "cov_gene": 1.4212222861056538,
    "r2_depth": 0.664005902135939,
    "r_mono": 1,
    "cov_cell": 0.26197022251871477
  },
  "scalelog1pCP10k": {
    "cov_gene": 6.007298503002277e-14,
    "r2_depth": 0.3066965743403972,
    "r_mono": 0.34513157733609084,
    "cov_cell": null
  },
  "sctransform": {
    "cov_gene": 0.6116915689158874,
    "r2_depth": 0.2073587152787627,
    "r_mono": 0.2754993783868403,
    "cov_cell": null
  },
  "log1pPF": {
    "cov_gene": 2.2769243725072434,
    "r2_depth": 0.11469697441815341,
    "r_mono": 1,
    "cov_cell": 0.1407095851935139
  },
  "PFlog1pPF": {
    "cov_gene": 19.95814135641225,
    "r2_depth": 0,
    "r_mono": 1,
    "cov_cell": 1.2256273567333376e-14
  }
}
