{"ncells": 6242, "ngenes": 60623, "nvals": 6913412, "avg_per_cell": 3493.6723806472282, "avg_per_gene": 359.7232568497105, "min_cell": 933, "max_cell": 41050, "total_count": 21807503, "overdispersion": 6.702531362888668, "raw": {"cov_gene": 183.8538619524797, "cov_cell": 0.9902959767607785, "r2_depth": 1.0, "r_mono": 1}, "PF": {"cov_gene": 173.859270388186, "cov_cell": 1.5955733048906246e-14, "r2_depth": 0, "r_mono": 1}, "log1p": {"cov_gene": 5.465605852007202, "cov_cell": 0.7284343803654062, "r2_depth": 0.5500103859006493, "r_mono": 1}, "log1pPF": {"cov_gene": 4.773893735581208, "cov_cell": 0.3545599481057914, "r2_depth": 0.0013501074401556235, "r_mono": 1}, "PFlog1pPF": {"cov_gene": 78.63849509255735, "cov_cell": 1.1955864020500264e-14, "r2_depth": 0, "r_mono": 1}, "log1pCPM": {"cov_gene": 2.6917470185825043, "cov_cell": 0.4948706893776867, "r2_depth": 0.2692258836010678, "r_mono": 1}, "log1pCP10k": {"cov_gene": 3.490263356600442, "cov_cell": 0.373133051299287, "r2_depth": 0.01168807217349499, "r_mono": 1}, "sqrt": {"cov_gene": 45.67433121679456, "cov_cell": 0.7230934133332495, "r2_depth": 0.581358829972727, "r_mono": 1}, "density": 0.01826969304405596}