{"raw": {"cov_gene": 118.37481754986764, "r2_depth": 1.0, "r_mono": 1.0, "cov_cell": 0.9905212772112981}, "PF": {"cov_gene": 111.91876652946132, "r2_depth": 0, "r_mono": 1.0, "cov_cell": 1.0313086781806336e-14}, "sqrt": {"cov_gene": 29.434228563086307, "r2_depth": 0.5809513353226573, "r_mono": 1.0, "cov_cell": 0.7227244320890438}, "log1p": {"cov_gene": 3.4412361824278, "r2_depth": 0.549524881990685, "r_mono": 1.0, "cov_cell": 0.7280801996195551}, "log1pCP10k": {"cov_gene": 2.1181725168436927, "r2_depth": 0.011584583494044676, "r_mono": 1.0, "cov_cell": 0.37308794536740714}, "log1pCPM": {"cov_gene": 1.5610321767997406, "r2_depth": 0.2684665986598289, "r_mono": 1.0, "cov_cell": 0.4944873665717814}, "scalelog1pCP10k": {"cov_gene": 8.758774340737583e-14, "r2_depth": 0.03294590569361333, "r_mono": 0.3202288540837516, "cov_cell": null}, "sctransform": {"cov_gene": 0.8122373582734379, "r2_depth": 0.17873046084290733, "r_mono": 0.2579210602526146, "cov_cell": null}, "log1pPF": {"cov_gene": 2.9826998530165074, "r2_depth": 0.0013845492977389018, "r_mono": 1.0, "cov_cell": 0.3545475813597312}, "PFlog1pPF": {"cov_gene": 50.64543391219644, "r2_depth": 0, "r_mono": 1.0, "cov_cell": 9.69263518070317e-15}, "ncells": 6242, "ngenes": 25132, "avg_per_cell": 3491.02, "avg_per_gene": 867.06, "min_cell": 931.0, "max_cell": 41026.0, "overdispersion": 6.7, "total_count": 21790975, "nvals": 6897480, "sparsity": 0.04396829597144571}