{
  "ncells": 5134,
  "ngenes": 60623,
  "nvals": 369247,
  "density": 0.0011863796456891857,
  "total_counts": 622727,
  "overdispersion": 6.188010244695571,
  "avg_per_cell": 121.29470198675497,
  "avg_per_gene": 10.27212444121868,
  "max_cell": 1301,
  "min_cell": 21,
  "raw": {
    "cov_gene": 55.97844909101186,
    "cov_cell": 0.9610286593860153,
    "r2_depth": 1,
    "r_mono": 1
  },
  "PF": {
    "cov_gene": 44.466703173175816,
    "cov_cell": 1.2725680485861402e-15,
    "r2_depth": 0,
    "r_mono": 1
  },
  "sqrt": {
    "cov_gene": 14.8231825459616,
    "cov_cell": 0.9711072535000856,
    "r2_depth": 0.9380292039026912,
    "r_mono": 1
  },
  "log1p": {
    "cov_gene": 12.226953750188345,
    "cov_cell": 0.9790188803719393,
    "r2_depth": 0.931978631617121,
    "r_mono": 1
  },
  "log1pCP10k": {
    "cov_gene": 6.356890536236453,
    "cov_cell": 0.7163432923367384,
    "r2_depth": 0.8441018206220242,
    "r_mono": 1
  },
  "log1pCPM": {
    "cov_gene": 5.724038098793054,
    "cov_cell": 0.8442114622044385,
    "r2_depth": 0.8893833879789858,
    "r_mono": 1
  },
  "log1pPF": {
    "cov_gene": 12.97051653308188,
    "cov_cell": 0.33433443337448776,
    "r2_depth": 0.45339153749192873,
    "r_mono": 1
  },
  "PFlog1pPF": {
    "cov_gene": 22.692399213806215,
    "cov_cell": 1.3474411463075589e-15,
    "r2_depth": 0,
    "r_mono": 1
  }
}
