{
  "ncells": 1443,
  "ngenes": 60623,
  "nvals": 4715034,
  "density": 0.05389904540391979,
  "total_counts": 23933943,
  "overdispersion": 0.19061708632888108,
  "avg_per_cell": 16586.239085239085,
  "avg_per_gene": 394.799712980222,
  "max_cell": 53784,
  "min_cell": 8684,
  "raw": {
    "cov_gene": 59.64171339670518,
    "cov_cell": 0.30731111686291274,
    "r2_depth": 1,
    "r_mono": 1
  },
  "PF": {
    "cov_gene": 78.00113222720736,
    "cov_cell": 3.366957528704135e-14,
    "r2_depth": 0,
    "r_mono": 1
  },
  "sqrt": {
    "cov_gene": 4.954079585949336,
    "cov_cell": 0.222205067615673,
    "r2_depth": 0.9490193227251523,
    "r_mono": 1
  },
  "log1p": {
    "cov_gene": 2.828000865510017,
    "cov_cell": 0.21907428741010798,
    "r2_depth": 0.9303853393456508,
    "r_mono": 1
  },
  "log1pCP10k": {
    "cov_gene": 3.1419143739857036,
    "cov_cell": 0.06838793224780637,
    "r2_depth": 0.282934734873151,
    "r_mono": 1
  },
  "log1pCPM": {
    "cov_gene": 2.1759074500501554,
    "cov_cell": 0.137961391461728,
    "r2_depth": 0.790611474621117,
    "r_mono": 1
  },
  "log1pPF": {
    "cov_gene": 2.7661254831885613,
    "cov_cell": 0.07525221605134105,
    "r2_depth": 0.3770632457878922,
    "r_mono": 1
  },
  "PFlog1pPF": {
    "cov_gene": 2.7603169357119404,
    "cov_cell": 3.165986509411406e-14,
    "r2_depth": 0,
    "r_mono": 1
  }
}
