{
  "ncells": 15707,
  "ngenes": 60623,
  "nvals": 9956559,
  "density": 0.01045631369257606,
  "total_counts": 25288568,
  "overdispersion": 0.6404664335217511,
  "avg_per_cell": 1610.0189724326733,
  "avg_per_gene": 417.1447800339805,
  "max_cell": 8713,
  "min_cell": 244,
  "raw": {
    "cov_gene": 135.35637367228532,
    "cov_cell": 0.5944793584616676,
    "r2_depth": 1,
    "r_mono": 1
  },
  "PF": {
    "cov_gene": 111.12075481721868,
    "cov_cell": 7.887604747481478e-15,
    "r2_depth": 0,
    "r_mono": 1
  },
  "sqrt": {
    "cov_gene": 12.66352127808224,
    "cov_cell": 0.4687324304641026,
    "r2_depth": 0.9019207681846677,
    "r_mono": 1
  },
  "log1p": {
    "cov_gene": 6.188260810518632,
    "cov_cell": 0.4674181523245407,
    "r2_depth": 0.8930501803756519,
    "r_mono": 1
  },
  "log1pCP10k": {
    "cov_gene": 4.0736111147316425,
    "cov_cell": 0.23724195753065672,
    "r2_depth": 0.6204731654283824,
    "r_mono": 1
  },
  "log1pCPM": {
    "cov_gene": 3.535309316247316,
    "cov_cell": 0.3493123667197217,
    "r2_depth": 0.7970311884913198,
    "r_mono": 1
  },
  "log1pPF": {
    "cov_gene": 5.600002590495202,
    "cov_cell": 0.155448260494987,
    "r2_depth": 0.32711587581068324,
    "r_mono": 1
  },
  "PFlog1pPF": {
    "cov_gene": 22.30265429115152,
    "cov_cell": 5.574619704078899e-15,
    "r2_depth": 0,
    "r_mono": 1
  }
}
