{
  "ncells": 60,
  "ngenes": 60623,
  "nvals": 73763,
  "density": 0.020279156975625313,
  "total_counts": 266106,
  "overdispersion": 1.192123920914673,
  "avg_per_cell": 4435.1,
  "avg_per_gene": 4.389522128565066,
  "max_cell": 32222,
  "min_cell": 475,
  "raw": {
    "cov_gene": 128.26278891226292,
    "cov_cell": 1.5521944301749035,
    "r2_depth": 1,
    "r_mono": 1
  },
  "PF": {
    "cov_gene": 166.45327663587946,
    "cov_cell": 2.333231595812128e-14,
    "r2_depth": 0,
    "r_mono": 1
  },
  "sqrt": {
    "cov_gene": 16.773364130734517,
    "cov_cell": 1.474618706290179,
    "r2_depth": 0.9631711318892262,
    "r_mono": 1
  },
  "log1p": {
    "cov_gene": 4.786702640065811,
    "cov_cell": 1.4879070343057972,
    "r2_depth": 0.9596665045255369,
    "r_mono": 1
  },
  "log1pCP10k": {
    "cov_gene": 4.6617061623269995,
    "cov_cell": 0.8926595773645224,
    "r2_depth": 0.5934244356731904,
    "r_mono": 1
  },
  "log1pCPM": {
    "cov_gene": 2.740584102067263,
    "cov_cell": 1.2096821498752688,
    "r2_depth": 0.8379816763026823,
    "r_mono": 1
  },
  "log1pPF": {
    "cov_gene": 5.788882510258793,
    "cov_cell": 0.8072664643503562,
    "r2_depth": 0.511639876437902,
    "r_mono": 1
  },
  "PFlog1pPF": {
    "cov_gene": 44.77314605954012,
    "cov_cell": 2.1932554668259536e-14,
    "r2_depth": 0,
    "r_mono": 1
  }
}
