{
  "ncells": 10860,
  "ngenes": 60623,
  "nvals": 17093085,
  "density": 0.025962900137367406,
  "total_counts": 39948147,
  "overdispersion": 2.784845863359759,
  "avg_per_cell": 3678.4665745856355,
  "avg_per_gene": 658.960246111212,
  "max_cell": 92232,
  "min_cell": 178,
  "raw": {
    "cov_gene": 147.0114745333041,
    "cov_cell": 1.1061244910297967,
    "r2_depth": 1,
    "r_mono": 1
  },
  "PF": {
    "cov_gene": 103.1143595778039,
    "cov_cell": 2.303991884594397e-14,
    "r2_depth": 0,
    "r_mono": 1
  },
  "sqrt": {
    "cov_gene": 12.875324331795907,
    "cov_cell": 0.8925759334699378,
    "r2_depth": 0.7832541051888616,
    "r_mono": 1
  },
  "log1p": {
    "cov_gene": 4.264317773066562,
    "cov_cell": 0.8978779424532246,
    "r2_depth": 0.7722232764579526,
    "r_mono": 1
  },
  "log1pCP10k": {
    "cov_gene": 3.4026450989660573,
    "cov_cell": 0.5372742143125058,
    "r2_depth": 0.4433128516497885,
    "r_mono": 1
  },
  "log1pCPM": {
    "cov_gene": 2.430454963289936,
    "cov_cell": 0.7179001690917985,
    "r2_depth": 0.6393952121173424,
    "r_mono": 1
  },
  "log1pPF": {
    "cov_gene": 4.232792755041899,
    "cov_cell": 0.4542500633047786,
    "r2_depth": 0.3643246747837261,
    "r_mono": 1
  },
  "PFlog1pPF": {
    "cov_gene": 10.48516364592901,
    "cov_cell": 1.7443567631010792e-14,
    "r2_depth": 0,
    "r_mono": 1
  }
}
