{
  "ncells": 83,
  "ngenes": 367,
  "nvals": 5104,
  "density": 0.16755851744854075,
  "total_counts": 12322,
  "overdispersion": 0.648835434470918,
  "avg_per_cell": 148.4578313253012,
  "avg_per_gene": 33.57493188010899,
  "max_cell": 448,
  "min_cell": 54,
  "raw": {
    "cov_gene": 12.746890376174429,
    "cov_cell": 0.42934701935237785,
    "r2_depth": 1,
    "r_mono": 1
  },
  "PF": {
    "cov_gene": 7.310023608549152,
    "cov_cell": 8.384546324726177e-16,
    "r2_depth": 0,
    "r_mono": 1
  },
  "sqrt": {
    "cov_gene": 1.536854986842335,
    "cov_cell": 0.28389165367328745,
    "r2_depth": 0.7771908063399832,
    "r_mono": 1
  },
  "log1p": {
    "cov_gene": 1.2395200508859499,
    "cov_cell": 0.28324152044161577,
    "r2_depth": 0.7481542770189837,
    "r_mono": 1
  },
  "log1pCP10k": {
    "cov_gene": 0.6109951595110064,
    "cov_cell": 0.20067614785087184,
    "r2_depth": 0.33925582800140097,
    "r_mono": 1
  },
  "log1pCPM": {
    "cov_gene": 0.5577816962331521,
    "cov_cell": 0.22754908417987743,
    "r2_depth": 0.44198965284334857,
    "r_mono": 1
  },
  "scalelog1pCP10k": {
    "cov_gene": 1.2391276830980606e-15,
    "cov_cell": null,
    "r2_depth": 0.3207438317863075,
    "r_mono": 0.6151616878628895
  },
  "sctransform": {
    "cov_gene": 0.43769309712497556,
    "cov_cell": null,
    "r2_depth": 0.33999121227501783,
    "r_mono": 0.4698543907609623
  },
  "log1pPF": {
    "cov_gene": 1.1580122466941285,
    "cov_cell": 0.12820281448335985,
    "r2_depth": 0.00966218114176276,
    "r_mono": 1
  },
  "PFlog1pPF": {
    "cov_gene": 1.2408966040591178,
    "cov_cell": 9.578625715366575e-16,
    "r2_depth": 0,
    "r_mono": 1
  }
}
