{
  "ncells": 6601,
  "ngenes": 60623,
  "nvals": 16511484,
  "density": 0.041260924169179945,
  "total_counts": 82536919,
  "overdispersion": 3.316162814256514,
  "avg_per_cell": 12503.699287986668,
  "avg_per_gene": 1361.4786302228526,
  "max_cell": 75368,
  "min_cell": 381,
  "raw": {
    "cov_gene": 104.5791300117796,
    "cov_cell": 1.0111874215352383,
    "r2_depth": 1,
    "r_mono": 1
  },
  "PF": {
    "cov_gene": 112.04706025514731,
    "cov_cell": 2.993475243157974e-14,
    "r2_depth": 0,
    "r_mono": 1
  },
  "sqrt": {
    "cov_gene": 13.856041921793464,
    "cov_cell": 0.7731022735916975,
    "r2_depth": 0.9277076025041701,
    "r_mono": 1
  },
  "log1p": {
    "cov_gene": 4.161895168783613,
    "cov_cell": 0.7619954229166603,
    "r2_depth": 0.9122262145604921,
    "r_mono": 1
  },
  "log1pCP10k": {
    "cov_gene": 3.618332216407945,
    "cov_cell": 0.3429805063766352,
    "r2_depth": 0.30925723905912517,
    "r_mono": 1
  },
  "log1pCPM": {
    "cov_gene": 2.3407576231403766,
    "cov_cell": 0.5342737927184117,
    "r2_depth": 0.7247812665671483,
    "r_mono": 1
  },
  "log1pPF": {
    "cov_gene": 3.4300842633949102,
    "cov_cell": 0.3545815190084904,
    "r2_depth": 0.33942305691753316,
    "r_mono": 1
  },
  "PFlog1pPF": {
    "cov_gene": 10.130052199569551,
    "cov_cell": 2.233009893349466e-14,
    "r2_depth": 0,
    "r_mono": 1
  }
}
