{
  "ncells": 73299,
  "ngenes": 60623,
  "nvals": 7464264,
  "density": 0.0016797765631062823,
  "total_counts": 20091476,
  "overdispersion": 69.99937162327483,
  "avg_per_cell": 274.10300276947845,
  "avg_per_gene": 331.4167230259143,
  "max_cell": 52610,
  "min_cell": 12,
  "raw": {
    "cov_gene": 126.25396620307566,
    "cov_cell": 5.715092166779943,
    "r2_depth": 1,
    "r_mono": 1
  },
  "PF": {
    "cov_gene": 19.461584939680872,
    "cov_cell": 3.589828353499346e-15,
    "r2_depth": 0,
    "r_mono": 1
  },
  "sqrt": {
    "cov_gene": 17.045411819398065,
    "cov_cell": 4.3124004775882,
    "r2_depth": 0.9597490890138515,
    "r_mono": 1
  },
  "log1p": {
    "cov_gene": 8.76383708534859,
    "cov_cell": 4.322668809300058,
    "r2_depth": 0.9553367723218047,
    "r_mono": 1
  },
  "log1pCP10k": {
    "cov_gene": 8.788807583044857,
    "cov_cell": 1.5439911793158647,
    "r2_depth": 0.6749276289793718,
    "r_mono": 1
  },
  "log1pCPM": {
    "cov_gene": 6.5643926849822805,
    "cov_cell": 2.717290010544473,
    "r2_depth": 0.8459335788884679,
    "r_mono": 1
  },
  "log1pPF": {
    "cov_gene": 10.334085158575132,
    "cov_cell": 0.355158791045593,
    "r2_depth": 0.44079474933203033,
    "r_mono": 1
  },
  "PFlog1pPF": {
    "cov_gene": 10.575340406320453,
    "cov_cell": 3.1291942481494825e-15,
    "r2_depth": 0,
    "r_mono": 1
  }
}
