{"ncells": 2324, "ngenes": 60623, "nvals": 6985699, "avg_per_cell": 16631.236660929433, "avg_per_gene": 637.5632020850172, "min_cell": 239, "max_cell": 80241, "total_count": 38650994, "overdispersion": 1.4285776813146198, "raw": {"cov_gene": 63.94436798438615, "cov_cell": 0.9485288867364275, "r2_depth": 1.0, "r_mono": 1}, "PF": {"cov_gene": 74.59949597088313, "cov_cell": 3.6091370102936756e-14, "r2_depth": 0, "r_mono": 1}, "log1p": {"cov_gene": 4.528788219250193, "cov_cell": 0.8378440802864376, "r2_depth": 0.9430024412540604, "r_mono": 1}, "log1pPF": {"cov_gene": 4.438117302863378, "cov_cell": 0.5594761739470854, "r2_depth": 0.6869739079408131, "r_mono": 1}, "PFlog1pPF": {"cov_gene": 20.24153940067922, "cov_cell": 2.9231353453553496e-14, "r2_depth": 0, "r_mono": 1}, "log1pCPM": {"cov_gene": 2.3493279292198115, "cov_cell": 0.7158566905043527, "r2_depth": 0.8391820936251557, "r_mono": 1}, "log1pCP10k": {"cov_gene": 5.154956084166853, "cov_cell": 0.5205076546713723, "r2_depth": 0.6572956445417452, "r_mono": 1}, "sqrt": {"cov_gene": 14.133952733889862, "cov_cell": 0.8411962635250892, "r2_depth": 0.9519316611007265, "r_mono": 1}, "density": 0.0495834019813149}