{
    "raw": {
        "cov_gene": 42.00331244839116,
        "r2_depth": 1.0,
        "r_mono": 1.0
    },
    "PF": {
        "cov_gene": 49.026316099589,
        "r2_depth": 0,
        "r_mono": 1.0
    },
    "sqrt": {
        "cov_gene": 9.262357374426083,
        "r2_depth": 0.9519260507941734,
        "r_mono": 1.0
    },
    "log1p": {
        "cov_gene": 2.8817026190968162,
        "r2_depth": 0.9429851512851131,
        "r_mono": 1.0
    },
    "log1pCP10k": {
        "cov_gene": 3.3040052515492153,
        "r2_depth": 0.6573310555037861,
        "r_mono": 1.0
    },
    "log1pCPM": {
        "cov_gene": 1.351866917124029,
        "r2_depth": 0.8391091183959306,
        "r_mono": 1.0
    },
    "scalelog1pCP10k": {
        "cov_gene": 3.422213821816761e-14,
        "r2_depth": 0.5959104361605863,
        "r_mono": 0.43347442905521816
    },
    "sctransform": {
        "cov_gene": 0.8166140587141153,
        "r2_depth": 0.646220484813829,
        "r_mono": 0.22537775705263052
    },
    "log1pPF": {
        "cov_gene": 2.8195845396866717,
        "r2_depth": 0.6869879421566599,
        "r_mono": 1.0
    },
    "PFlog1pPF": {
        "cov_gene": 13.28510098559857,
        "r2_depth": 0,
        "r_mono": 1.0
    },
    "ncells": 2324,
    "ngenes": 26166,
    "avg_per_cell": 16624.48,
    "avg_per_gene": 1476.55,
    "min_cell": 239.0,
    "max_cell": 80223.0,
    "overdispersion": 1.43
}