{
    "raw": {
        "cov_gene": 84.19151618718446,
        "r2_depth": 1.0,
        "r_mono": 1.0
    },
    "PF": {
        "cov_gene": 69.086920528261,
        "r2_depth": 0,
        "r_mono": 1.0
    },
    "sqrt": {
        "cov_gene": 7.847185030244062,
        "r2_depth": 0.9018600539474443,
        "r_mono": 1.0
    },
    "log1p": {
        "cov_gene": 3.7734562592111645,
        "r2_depth": 0.892971266067419,
        "r_mono": 1.0
    },
    "log1pCP10k": {
        "cov_gene": 2.4143553784850633,
        "r2_depth": 0.6203599443774179,
        "r_mono": 1.0
    },
    "log1pCPM": {
        "cov_gene": 2.0597142805473045,
        "r2_depth": 0.7968789127301632,
        "r_mono": 1.0
    },
    "scalelog1pCP10k": {
        "cov_gene": 2.2238784759603095e-13,
        "r2_depth": 0.547595963430275,
        "r_mono": 0.25581258308215105
    },
    "sctransform": {
        "cov_gene": 0.8266608665036889,
        "r2_depth": 0.3372648449666379,
        "r_mono": 0.1963395750475361
    },
    "log1pPF": {
        "cov_gene": 3.398894187777602,
        "r2_depth": 0.3270868642044721,
        "r_mono": 1.0
    },
    "PFlog1pPF": {
        "cov_gene": 13.863255090432192,
        "r2_depth": 0,
        "r_mono": 1.0
    },
    "ncells": "15707",
    "ngenes": 23455,
    "avg_per_cell": "1609.0",
    "avg_per_gene": "1077.49",
    "min_cell": "244",
    "max_cell": "8702",
    "overdispersion": "0.64"
}