{
    "raw": {
        "cov_gene": 19.6355440419675,
        "r2_depth": 1.0,
        "r_mono": 1.0
    },
    "PF": {
        "cov_gene": 60.28609109655834,
        "r2_depth": 0,
        "r_mono": 1.0
    },
    "sqrt": {
        "cov_gene": 3.4456706506173274,
        "r2_depth": 0.9905818887446775,
        "r_mono": 1.0
    },
    "log1p": {
        "cov_gene": 2.8290362149815493,
        "r2_depth": 0.9902328788360583,
        "r_mono": 1.0
    },
    "log1pCP10k": {
        "cov_gene": 1.986266440367301,
        "r2_depth": 0.8506387336976212,
        "r_mono": 1.0
    },
    "log1pCPM": {
        "cov_gene": 1.4088576460299937,
        "r2_depth": 0.9510838141212145,
        "r_mono": 1.0
    },
    "scalelog1pCP10k": {
        "cov_gene": 2.148706981871307e-14,
        "r2_depth": 0.8370760556955635,
        "r_mono": 0.3576184096211674
    },
    "sctransform": {
        "cov_gene": 0.7756818069701821,
        "r2_depth": 0.7786465028197569,
        "r_mono": 0.2363860134679524
    },
    "log1pPF": {
        "cov_gene": 2.658582967596184,
        "r2_depth": 0.7392540057654416,
        "r_mono": 1.0
    },
    "PFlog1pPF": {
        "cov_gene": 8.26366990335276,
        "r2_depth": 0,
        "r_mono": 1.0
    },
    "ncells": "1440",
    "ngenes": 17119,
    "avg_per_cell": "2356.1",
    "avg_per_gene": "198.19",
    "min_cell": "181",
    "max_cell": "12858",
    "overdispersion": "0.89"
}