{"ncells": 1440, "ngenes": 60623, "nvals": 1443092, "avg_per_cell": 2369.772916666667, "avg_per_gene": 56.2900714250367, "min_cell": 185, "max_cell": 12908, "total_count": 3412473, "overdispersion": 0.8855903680615158, "raw": {"cov_gene": 36.95276278955114, "cov_cell": 1.0249971756636083, "r2_depth": 1.0, "r_mono": 1}, "PF": {"cov_gene": 113.5546670687979, "cov_cell": 1.1447217637112223e-14, "r2_depth": 0, "r_mono": 1}, "log1p": {"cov_gene": 5.510041359398079, "cov_cell": 0.9023218439391195, "r2_depth": 0.9902489495864557, "r_mono": 1}, "log1pPF": {"cov_gene": 5.185660893779737, "cov_cell": 0.35706353260291773, "r2_depth": 0.7384159443195073, "r_mono": 1}, "PFlog1pPF": {"cov_gene": 15.444383801994436, "cov_cell": 1.3059158055176534e-14, "r2_depth": 0, "r_mono": 1}, "log1pCPM": {"cov_gene": 3.0404260169042683, "cov_cell": 0.7001138970322535, "r2_depth": 0.9510134143460389, "r_mono": 1}, "log1pCP10k": {"cov_gene": 4.007523041055972, "cov_cell": 0.49263291268452203, "r2_depth": 0.8498832103565959, "r_mono": 1}, "sqrt": {"cov_gene": 6.617166932075294, "cov_cell": 0.8969763221160488, "r2_depth": 0.9905739887108954, "r_mono": 1}, "density": 0.0165308088056055}