{"ncells": 7558, "ngenes": 60623, "nvals": 13001129, "avg_per_cell": 3891.0709182323367, "avg_per_gene": 485.1081932599838, "min_cell": 108, "max_cell": 32336, "total_count": 29408714, "overdispersion": 1.486459132588207, "raw": {"cov_gene": 84.6898179025175, "cov_cell": 0.8988506772878672, "r2_depth": 1.0, "r_mono": 1}, "PF": {"cov_gene": 63.895083104664344, "cov_cell": 2.4543685222015077e-14, "r2_depth": 0, "r_mono": 1}, "log1p": {"cov_gene": 4.10082122041403, "cov_cell": 0.8164080291956249, "r2_depth": 0.9492816271617629, "r_mono": 1}, "log1pPF": {"cov_gene": 4.227850145082457, "cov_cell": 0.4050120183640655, "r2_depth": 0.5841748153707912, "r_mono": 1}, "PFlog1pPF": {"cov_gene": 11.449898865811157, "cov_cell": 2.0492816313498846e-14, "r2_depth": 0, "r_mono": 1}, "log1pCPM": {"cov_gene": 2.362074147218622, "cov_cell": 0.6473402014123983, "r2_depth": 0.8580530634145106, "r_mono": 1}, "log1pCP10k": {"cov_gene": 3.3053575911269095, "cov_cell": 0.4703997988485626, "r2_depth": 0.6698602700452257, "r_mono": 1}, "sqrt": {"cov_gene": 7.068773900954447, "cov_cell": 0.8071654442893019, "r2_depth": 0.9522939167778888, "r_mono": 1}, "density": 0.028375057858811923}