{
    "raw": {
        "cov_gene": 61.52947221046065,
        "r2_depth": 1.0,
        "r_mono": 1.0
    },
    "PF": {
        "cov_gene": 46.42976633656547,
        "r2_depth": 0,
        "r_mono": 1.0
    },
    "sqrt": {
        "cov_gene": 5.095119468752459,
        "r2_depth": 0.9522432933564915,
        "r_mono": 1.0
    },
    "log1p": {
        "cov_gene": 2.9023460566629273,
        "r2_depth": 0.9492228708011421,
        "r_mono": 1.0
    },
    "log1pCP10k": {
        "cov_gene": 2.304104807613409,
        "r2_depth": 0.6697723134580296,
        "r_mono": 1.0
    },
    "log1pCPM": {
        "cov_gene": 1.5763024223306716,
        "r2_depth": 0.8578501199889953,
        "r_mono": 1.0
    },
    "scalelog1pCP10k": {
        "cov_gene": 1.0799951246561782e-13,
        "r2_depth": 0.6243904498692145,
        "r_mono": 0.34496610456562044
    },
    "sctransform": {
        "cov_gene": 1.0516914502789028,
        "r2_depth": 0.3551639302513472,
        "r_mono": 0.20325427835550489
    },
    "log1pPF": {
        "cov_gene": 2.997427409400569,
        "r2_depth": 0.5840866433484323,
        "r_mono": 1.0
    },
    "PFlog1pPF": {
        "cov_gene": 8.302165148410875,
        "r2_depth": 0,
        "r_mono": 1.0
    },
    "ncells": "7558",
    "ngenes": 32002,
    "avg_per_cell": "3888.48",
    "avg_per_gene": "918.35",
    "min_cell": "107",
    "max_cell": "32319",
    "overdispersion": "1.49"
}