{
  "ncells": 3490,
  "ngenes": 60623,
  "nvals": 7311793,
  "density": 0.03455898961627045,
  "total_counts": 24200905,
  "overdispersion": 2.060981218703364,
  "avg_per_cell": 6934.356733524355,
  "avg_per_gene": 399.2033551622321,
  "max_cell": 35400,
  "min_cell": 1706,
  "raw": {
    "cov_gene": 125.73986478071275,
    "cov_cell": 0.5476962436572569,
    "r2_depth": 1,
    "r_mono": 1
  },
  "PF": {
    "cov_gene": 108.52442937615547,
    "cov_cell": 2.5493809498045625e-14,
    "r2_depth": 0,
    "r_mono": 1
  },
  "sqrt": {
    "cov_gene": 11.525920933563178,
    "cov_cell": 0.4128646985859101,
    "r2_depth": 0.8540088009576466,
    "r_mono": 1
  },
  "log1p": {
    "cov_gene": 3.6600361365265957,
    "cov_cell": 0.41021131940351885,
    "r2_depth": 0.8357898128230996,
    "r_mono": 1
  },
  "log1pCP10k": {
    "cov_gene": 3.1171091187463174,
    "cov_cell": 0.16713620639294535,
    "r2_depth": 0.282925276943236,
    "r_mono": 1
  },
  "log1pCPM": {
    "cov_gene": 2.3282905487507177,
    "cov_cell": 0.2883230117828114,
    "r2_depth": 0.6851691627476109,
    "r_mono": 1
  },
  "log1pPF": {
    "cov_gene": 3.412435049553223,
    "cov_cell": 0.15530148855180614,
    "r2_depth": 0.21819090401709584,
    "r_mono": 1
  },
  "PFlog1pPF": {
    "cov_gene": 7.372526677662818,
    "cov_cell": 2.0568094107320443e-14,
    "r2_depth": 0,
    "r_mono": 1
  }
}
