{
  "ncells": 3800,
  "ngenes": 31558,
  "nvals": 6757745,
  "density": 0.05635192177477727,
  "total_counts": 23959403,
  "overdispersion": 8.39,
  "avg_per_cell": 6305.11,
  "avg_per_gene": 759.22,
  "max_cell": 141932,
  "min_cell": 614,
  "raw": {
    "cov_gene": 113.23003531096649,
    "r2_depth": 1,
    "r_mono": 1,
    "cov_cell": 1.6147798956057093
  },
  "PF": {
    "cov_gene": 70.5190683300375,
    "r2_depth": 0,
    "r_mono": 1,
    "cov_cell": 2.82207615361884e-14
  },
  "sqrt": {
    "cov_gene": 12.636827695922824,
    "r2_depth": 0.9218986259963023,
    "r_mono": 1,
    "cov_cell": 1.261032821867867
  },
  "log1p": {
    "cov_gene": 2.6036031015289427,
    "r2_depth": 0.9096944180363667,
    "r_mono": 1,
    "cov_cell": 1.2688482213114862
  },
  "log1pCP10k": {
    "cov_gene": 2.492087782053269,
    "r2_depth": 0.44977103569318044,
    "r_mono": 1,
    "cov_cell": 0.45975756509553817
  },
  "log1pCPM": {
    "cov_gene": 1.48184401120575,
    "r2_depth": 0.7280504769970748,
    "r_mono": 1,
    "cov_cell": 0.7977887191235784
  },
  "scalelog1pCP10k": {
    "cov_gene": 5.504043997610703e-14,
    "r2_depth": 0.4588033498360288,
    "r_mono": 0.34411438389921095,
    "cov_cell": null
  },
  "sctransform": {
    "cov_gene": 0.678597223427078,
    "r2_depth": 0.12795682684493337,
    "r_mono": 0.26395148453786327,
    "cov_cell": null
  },
  "log1pPF": {
    "cov_gene": 2.8539451396701363,
    "r2_depth": 0.40072620174290086,
    "r_mono": 1,
    "cov_cell": 0.4177290480979122
  },
  "PFlog1pPF": {
    "cov_gene": 20.26941029387204,
    "r2_depth": 0,
    "r_mono": 1,
    "cov_cell": 2.002249292518451e-14
  }
}
