{"ncells": 2945, "ngenes": 1615, "nvals": 177055, "density": 0.037226342596729516, "avg_per_cell": 139.81595925297114, "avg_per_gene": 254.95851393188855, "min_cell": 61, "max_cell": 979, "total_count": 411758, "overdispersion": 0.8901052269413164, "raw": {"cov_gene": 12.426619825812772, "cov_cell": 0.7516650995876119, "r2_depth": 1, "r_mono": 1}, "PF": {"cov_gene": 8.49490200854261, "cov_cell": 5.096563853041671e-16, "r2_depth": 0, "r_mono": 1}, "log1p": {"cov_gene": 3.2749154117313215, "cov_cell": 0.5196042453994059, "r2_depth": 0.938738275065798, "r_mono": 1}, "sqrt": {"cov_gene": 3.390682359133867, "cov_cell": 0.5191000833016118, "r2_depth": 0.9445021918568715, "r_mono": 1}, "log1pPF": {"cov_gene": 3.159115963922798, "cov_cell": 0.1403540691200553, "r2_depth": 0.3778365285343873, "r_mono": 1}, "PFlog1pPF": {"cov_gene": 3.4230325916616624, "cov_cell": 5.991644983044649e-16, "r2_depth": 0, "r_mono": 1}, "log1pCPM": {"cov_gene": 2.274808307669332, "cov_cell": 0.3563494395652896, "r2_depth": 0.7929080627247279, "r_mono": 1}, "log1pCP10k": {"cov_gene": 2.3643782833751743, "cov_cell": 0.299350191928206, "r2_depth": 0.7295018989823361, "r_mono": 1}, "sctransform": {"cov_gene": 1.8620756647557448, "cov_cell": null, "r2_depth": 0.026475066824336424, "r_mono": 0.24915522222364928}, "scalelog1pCP10k": {"cov_gene": 4.548709562964374e-14, "cov_cell": null, "r2_depth": 0.5452647809297116, "r_mono": 0.3080834354434869}}