{
    "raw": {
        "cov_gene": 14.717762244310002,
        "r2_depth": 1.0,
        "r_mono": 1.0
    },
    "PF": {
        "cov_gene": 10.333554324293559,
        "r2_depth": 0,
        "r_mono": 1.0
    },
    "sqrt": {
        "cov_gene": 4.761195387594993,
        "r2_depth": 0.9474574843160565,
        "r_mono": 1.0
    },
    "log1p": {
        "cov_gene": 4.775260651974907,
        "r2_depth": 0.9446504269902706,
        "r_mono": 1.0
    },
    "log1pCP10k": {
        "cov_gene": 3.4307141836937127,
        "r2_depth": 0.7675985974178517,
        "r_mono": 1.0
    },
    "log1pCPM": {
        "cov_gene": 3.266693226763166,
        "r2_depth": 0.8211902075240185,
        "r_mono": 1.0
    },
    "scalelog1pCP10k": {
        "cov_gene": 1.5025159290929236e-13,
        "r2_depth": 0.6232160066465388,
        "r_mono": 0.1997700041660656
    },
    "sctransform": {
        "cov_gene": 1.114657186866844,
        "r2_depth": 0.0002523892083502455,
        "r_mono": 0.16700431943510233
    },
    "log1pPF": {
        "cov_gene": 4.768004163983924,
        "r2_depth": 0.44363078686432367,
        "r_mono": 1.0
    },
    "PFlog1pPF": {
        "cov_gene": 5.149956858967432,
        "r2_depth": 0,
        "r_mono": 1.0
    },
    "ncells": 9665,
    "ngenes": 2267,
    "avg_per_cell": 67.62,
    "avg_per_gene": 288.27,
    "min_cell": 13.0,
    "max_cell": 982.0,
    "overdispersion": 1.81
}