{"raw": {"cov_gene": 56.96037702651173, "r2_depth": 1.0, "r_mono": 1.0, "cov_cell": 1.0298715931399285}, "PF": {"cov_gene": 43.101521352449474, "r2_depth": 0, "r_mono": 1.0, "cov_cell": 4.156090170777493e-15}, "sqrt": {"cov_gene": 6.4358088828577396, "r2_depth": 0.9613787867850583, "r_mono": 1.0, "cov_cell": 0.8022872355295675}, "log1p": {"cov_gene": 3.547611673249581, "r2_depth": 0.9531074387678797, "r_mono": 1.0, "cov_cell": 0.7935672873964112}, "log1pCP10k": {"cov_gene": 2.4350563040455824, "r2_depth": 0.7162104336220999, "r_mono": 1.0, "cov_cell": 0.4192744912816629}, "log1pCPM": {"cov_gene": 1.933577253692006, "r2_depth": 0.8612225553577456, "r_mono": 1.0, "cov_cell": 0.5761623830347129}, "scalelog1pCP10k": {"cov_gene": 4.5640991804737425e-14, "r2_depth": 0.6980669168822518, "r_mono": 0.2616712808079013, "cov_cell": null}, "sctransform": {"cov_gene": 0.7315516256364882, "r2_depth": 0.2566667497640269, "r_mono": 0.19053660691927204, "cov_cell": null}, "log1pPF": {"cov_gene": 3.223629333683844, "r2_depth": 0.5682133220479137, "r_mono": 1.0, "cov_cell": 0.300251907508454}, "PFlog1pPF": {"cov_gene": 4.171584141581586, "r2_depth": 0, "r_mono": 1.0, "cov_cell": 3.5666197538433915e-15}, "ncells": 2996, "ngenes": 16772, "avg_per_cell": 1747.41, "avg_per_gene": 312.14, "min_cell": 145.0, "max_cell": 17136.0, "overdispersion": 2.31, "total_count": 5235248, "nvals": 1416977, "density": 0.028199157824551506}