{"ncells": 2996, "ngenes": 60623, "nvals": 1435376, "avg_per_cell": 1755.7763684913218, "avg_per_gene": 86.77079656236081, "min_cell": 149, "max_cell": 17264, "total_count": 5260306, "overdispersion": 2.3148246356408007, "raw": {"cov_gene": 108.24943511061183, "cov_cell": 1.0292150536466422, "r2_depth": 1.0, "r_mono": 1}, "PF": {"cov_gene": 82.43342066496687, "cov_cell": 4.8922108205142085e-15, "r2_depth": 0, "r_mono": 1}, "log1p": {"cov_gene": 6.882785498866443, "cov_cell": 0.7938770569058343, "r2_depth": 0.9537643690353838, "r_mono": 1}, "log1pPF": {"cov_gene": 6.274058453150478, "cov_cell": 0.2988119258266115, "r2_depth": 0.5678521571097845, "r_mono": 1}, "PFlog1pPF": {"cov_gene": 7.794651207877206, "cov_cell": 4.020088209417738e-15, "r2_depth": 0, "r_mono": 1}, "log1pCPM": {"cov_gene": 3.95530370173478, "cov_cell": 0.57639748734727, "r2_depth": 0.8627535156304721, "r_mono": 1}, "log1pCP10k": {"cov_gene": 4.845255846644496, "cov_cell": 0.41803590172223365, "r2_depth": 0.716685061014821, "r_mono": 1}, "sqrt": {"cov_gene": 12.253756648057351, "cov_cell": 0.8024985828040955, "r2_depth": 0.9618435777005994, "r_mono": 1}, "density": 0.007902899283842423}