{
    "raw": {
        "cov_gene": 88.12013656820095,
        "r2_depth": 1.0,
        "r_mono": 1.0
    },
    "PF": {
        "cov_gene": 53.248560370988095,
        "r2_depth": 0,
        "r_mono": 1.0
    },
    "sqrt": {
        "cov_gene": 4.864209192578734,
        "r2_depth": 0.950909881654918,
        "r_mono": 1.0
    },
    "log1p": {
        "cov_gene": 2.6509713644836763,
        "r2_depth": 0.9443395844404773,
        "r_mono": 1.0
    },
    "log1pCP10k": {
        "cov_gene": 1.978553669240442,
        "r2_depth": 0.6669438750877793,
        "r_mono": 1.0
    },
    "log1pCPM": {
        "cov_gene": 1.7041851603745077,
        "r2_depth": 0.8511308399376781,
        "r_mono": 1.0
    },
    "scalelog1pCP10k": {
        "cov_gene": 1.3203637419127042e-13,
        "r2_depth": 0.3878688832516165,
        "r_mono": 0.3122187495082509
    },
    "sctransform": {
        "cov_gene": 0.4002232463819108,
        "r2_depth": 0.2615222849329315,
        "r_mono": 0.22912199840661981
    },
    "log1pPF": {
        "cov_gene": 2.382543354146951,
        "r2_depth": 0.49080558636509397,
        "r_mono": 1.0
    },
    "PFlog1pPF": {
        "cov_gene": 2.5420935268637557,
        "r2_depth": 0,
        "r_mono": 1.0
    },
    "ncells": 9290,
    "ngenes": 22780,
    "avg_per_cell": 2932.47,
    "avg_per_gene": 1195.9,
    "min_cell": 371.0,
    "max_cell": 16882.0,
    "overdispersion": 0.75
}