{
  "ncells": 964,
  "ngenes": 60623,
  "nvals": 839416,
  "density": 0.014363582888955981,
  "total_counts": 1955745,
  "overdispersion": 0.7977904396625737,
  "avg_per_cell": 2028.7811203319502,
  "avg_per_gene": 32.260775613216104,
  "max_cell": 11502,
  "min_cell": 223,
  "raw": {
    "cov_gene": 76.91942717480347,
    "cov_cell": 1.0065565041436544,
    "r2_depth": 1,
    "r_mono": 1
  },
  "PF": {
    "cov_gene": 120.17094637204524,
    "cov_cell": 1.1800289669674607e-14,
    "r2_depth": 0,
    "r_mono": 1
  },
  "sqrt": {
    "cov_gene": 7.90585570669253,
    "cov_cell": 0.8659408495029285,
    "r2_depth": 0.9899169093505662,
    "r_mono": 1
  },
  "log1p": {
    "cov_gene": 5.761529846993801,
    "cov_cell": 0.8736315961638655,
    "r2_depth": 0.9894550649390144,
    "r_mono": 1
  },
  "log1pCP10k": {
    "cov_gene": 3.695841674133799,
    "cov_cell": 0.45588377999567414,
    "r2_depth": 0.8536029972116441,
    "r_mono": 1
  },
  "log1pCPM": {
    "cov_gene": 3.0125937837803765,
    "cov_cell": 0.6576682057431188,
    "r2_depth": 0.9506863409154176,
    "r_mono": 1
  },
  "log1pPF": {
    "cov_gene": 4.7415246787553125,
    "cov_cell": 0.31019912241951814,
    "r2_depth": 0.7323551856682701,
    "r_mono": 1
  },
  "PFlog1pPF": {
    "cov_gene": 8.05716941674658,
    "cov_cell": 1.0395422005847046e-14,
    "r2_depth": 0,
    "r_mono": 1
  }
}
