{
  "ncells": 11124,
  "ngenes": 60623,
  "nvals": 1975997,
  "density": 0.0029301366632643222,
  "total_counts": 6128011,
  "overdispersion": 38.282678606626874,
  "avg_per_cell": 550.8819669183747,
  "avg_per_gene": 101.08392854197253,
  "max_cell": 59743,
  "min_cell": 60,
  "raw": {
    "cov_gene": 91.71149206478714,
    "cov_cell": 5.411475547637008,
    "r2_depth": 1,
    "r_mono": 1
  },
  "PF": {
    "cov_gene": 21.401389682191468,
    "cov_cell": 5.7015083982403e-15,
    "r2_depth": 0,
    "r_mono": 1
  },
  "sqrt": {
    "cov_gene": 12.175591272311548,
    "cov_cell": 3.9923256485616596,
    "r2_depth": 0.9463228576793453,
    "r_mono": 1
  },
  "log1p": {
    "cov_gene": 7.378456478928825,
    "cov_cell": 3.9608760012112567,
    "r2_depth": 0.9406833939615127,
    "r_mono": 1
  },
  "log1pCP10k": {
    "cov_gene": 8.580630206984345,
    "cov_cell": 1.175227808596643,
    "r2_depth": 0.6224947844118447,
    "r_mono": 1
  },
  "log1pCPM": {
    "cov_gene": 6.344466430005697,
    "cov_cell": 2.365785233879675,
    "r2_depth": 0.8270603305589032,
    "r_mono": 1
  },
  "log1pPF": {
    "cov_gene": 9.905173221946251,
    "cov_cell": 0.356832992024878,
    "r2_depth": 0.42076514843749724,
    "r_mono": 1
  },
  "PFlog1pPF": {
    "cov_gene": 10.316605709620712,
    "cov_cell": 4.611796691721051e-15,
    "r2_depth": 0,
    "r_mono": 1
  }
}
