{"raw": {"cov_gene": 56.59243904053276, "r2_depth": 1.0, "r_mono": 1.0, "cov_cell": 0.6825298902832331}, "PF": {"cov_gene": 67.8348912741347, "r2_depth": 0, "r_mono": 1.0, "cov_cell": 2.37759340598611e-14}, "sqrt": {"cov_gene": 3.015516874896798, "r2_depth": 0.9670145399231913, "r_mono": 1.0, "cov_cell": 0.5654065887490839}, "log1p": {"cov_gene": 2.186722247156238, "r2_depth": 0.9645665439813035, "r_mono": 1.0, "cov_cell": 0.5672881255216424}, "log1pCP10k": {"cov_gene": 1.6992418705740768, "r2_depth": 0.61489195003814, "r_mono": 1.0, "cov_cell": 0.3154395306380725}, "log1pCPM": {"cov_gene": 1.25281965556537, "r2_depth": 0.8588221101594029, "r_mono": 1.0, "cov_cell": 0.43966968486822366}, "scalelog1pCP10k": {"cov_gene": 4.2294963031957214e-14, "r2_depth": 0.6405527680165111, "r_mono": 0.42753857089884073, "cov_cell": null}, "sctransform": {"cov_gene": 0.5383853334534704, "r2_depth": 0.7940849946652649, "r_mono": 0.2598266706406912, "cov_cell": null}, "log1pPF": {"cov_gene": 2.0237645316855515, "r2_depth": 0.5292922285761574, "r_mono": 1.0, "cov_cell": 0.2794603365198287}, "PFlog1pPF": {"cov_gene": 7.918392383774632, "r2_depth": 0, "r_mono": 1.0, "cov_cell": 2.2191069774450444e-14}, "ncells": 3057, "ngenes": 26037, "avg_per_cell": 4681.36, "avg_per_gene": 549.64, "min_cell": 208.0, "max_cell": 24142.0, "overdispersion": 0.43, "total_count": 14310926, "nvals": 6436187, "sparsity": 0.08086158912100994}