{
    "raw": {
        "cov_gene": 56.59243904053276,
        "r2_depth": 1.0,
        "r_mono": 1.0
    },
    "PF": {
        "cov_gene": 67.8348912741347,
        "r2_depth": 0,
        "r_mono": 1.0
    },
    "sqrt": {
        "cov_gene": 3.015516874896798,
        "r2_depth": 0.9670145399231913,
        "r_mono": 1.0
    },
    "log1p": {
        "cov_gene": 2.186722247156238,
        "r2_depth": 0.9645665439813035,
        "r_mono": 1.0
    },
    "log1pCP10k": {
        "cov_gene": 1.6992418705740768,
        "r2_depth": 0.61489195003814,
        "r_mono": 1.0
    },
    "log1pCPM": {
        "cov_gene": 1.25281965556537,
        "r2_depth": 0.8588221101594029,
        "r_mono": 1.0
    },
    "scalelog1pCP10k": {
        "cov_gene": 4.2294963031957214e-14,
        "r2_depth": 0.6405527680165111,
        "r_mono": 0.42753857089884073
    },
    "sctransform": {
        "cov_gene": 0.5383853334534704,
        "r2_depth": 0.7940849946652649,
        "r_mono": 0.2598266706406912
    },
    "log1pPF": {
        "cov_gene": 2.0237645316855515,
        "r2_depth": 0.5292922285761574,
        "r_mono": 1.0
    },
    "PFlog1pPF": {
        "cov_gene": 7.918392383774632,
        "r2_depth": 0,
        "r_mono": 1.0
    },
    "ncells": 3057,
    "ngenes": 26037,
    "avg_per_cell": 4681.36,
    "avg_per_gene": 549.64,
    "min_cell": 208.0,
    "max_cell": 24142.0,
    "overdispersion": 0.43
}