{"ncells": 1294, "ngenes": 60623, "nvals": 2541261, "avg_per_cell": 5311.66228748068, "avg_per_gene": 113.37761245731818, "min_cell": 383, "max_cell": 40703, "total_count": 6873291, "overdispersion": 0.10307757222954599, "raw": {"cov_gene": 109.10535163906886, "cov_cell": 0.5144879305113418, "r2_depth": 1.0, "r_mono": 1}, "PF": {"cov_gene": 127.11687807780358, "cov_cell": 1.9485589839452574e-14, "r2_depth": 0, "r_mono": 1}, "log1p": {"cov_gene": 3.0201303313011207, "cov_cell": 0.31503589082750366, "r2_depth": 0.8625768036373034, "r_mono": 1}, "log1pPF": {"cov_gene": 2.9123509118806457, "cov_cell": 0.09983673262620917, "r2_depth": 0.16134584340629843, "r_mono": 1}, "PFlog1pPF": {"cov_gene": 5.439753468342386, "cov_cell": 2.1589587006509962e-14, "r2_depth": 0, "r_mono": 1}, "log1pCPM": {"cov_gene": 2.3020321990231873, "cov_cell": 0.20119279418424377, "r2_depth": 0.6285775488273881, "r_mono": 1}, "log1pCP10k": {"cov_gene": 2.670515494652675, "cov_cell": 0.11502806586997293, "r2_depth": 0.2385236380320752, "r_mono": 1}, "sqrt": {"cov_gene": 4.001362058225233, "cov_cell": 0.3202774536582149, "r2_depth": 0.881861753663257, "r_mono": 1}, "density": 0.03239496917643976}