{"raw": {"cov_gene": 64.3826957616109, "r2_depth": 1.0, "r_mono": 1.0, "cov_cell": 0.5136669739377675}, "PF": {"cov_gene": 75.13199190088403, "r2_depth": 0, "r_mono": 1.0, "cov_cell": 1.9304582163552924e-14}, "sqrt": {"cov_gene": 2.234107309810658, "r2_depth": 0.8793869608279575, "r_mono": 1.0, "cov_cell": 0.3185053876475853}, "log1p": {"cov_gene": 1.6012176206215063, "r2_depth": 0.859635072085989, "r_mono": 1.0, "cov_cell": 0.3132809578082392}, "log1pCP10k": {"cov_gene": 1.3653974361803962, "r2_depth": 0.23498064237557625, "r_mono": 1.0, "cov_cell": 0.11502458117039155}, "log1pCPM": {"cov_gene": 1.1079585475889377, "r2_depth": 0.6217952485402367, "r_mono": 1.0, "cov_cell": 0.2000799476706744}, "scalelog1pCP10k": {"cov_gene": 1.753491030376612e-14, "r2_depth": 0.2856640483990247, "r_mono": 0.45846079344214247, "cov_cell": null}, "sctransform": {"cov_gene": 0.34963215911512213, "r2_depth": 0.30072657000671155, "r_mono": 0.33762644023655974, "cov_cell": null}, "log1pPF": {"cov_gene": 1.528922337051694, "r2_depth": 0.158454779929603, "r_mono": 1.0, "cov_cell": 0.09987436600336376}, "PFlog1pPF": {"cov_gene": 3.139266466350899, "r2_depth": 0, "r_mono": 1.0, "cov_cell": 1.9434597391074993e-14}, "ncells": 1294, "ngenes": 21107, "avg_per_cell": 5298.97, "avg_per_gene": 324.86, "min_cell": 382.0, "max_cell": 40541.0, "overdispersion": 0.1, "total_count": 6856871, "nvals": 2526459, "density": 0.09250207359586603}