{
  "ncells": 66,
  "ngenes": 7347,
  "nvals": 83244,
  "density": 0.1716718017248846,
  "total_counts": 298344,
  "overdispersion": 1.69,
  "avg_per_cell": 4520.36,
  "avg_per_gene": 40.61,
  "max_cell": 20360,
  "min_cell": 720,
  "raw": {
    "cov_gene": 43.86837992156736,
    "r2_depth": 1,
    "r_mono": 1,
    "cov_cell": 1.1234970088280731
  },
  "PF": {
    "cov_gene": 32.70056530129107,
    "r2_depth": 0,
    "r_mono": 1,
    "cov_cell": 1.2228608118320574e-14
  },
  "sqrt": {
    "cov_gene": 5.203803445499348,
    "r2_depth": 0.962769316961121,
    "r_mono": 1,
    "cov_cell": 1.0489833260082753
  },
  "log1p": {
    "cov_gene": 1.5110813471710731,
    "r2_depth": 0.9583028240202682,
    "r_mono": 1,
    "cov_cell": 1.0683447537905042
  },
  "log1pCP10k": {
    "cov_gene": 1.0965782853169557,
    "r2_depth": 0.6717173817504556,
    "r_mono": 1,
    "cov_cell": 0.5675280409983453
  },
  "log1pCPM": {
    "cov_gene": 0.5770326196275047,
    "r2_depth": 0.8676554687637481,
    "r_mono": 1,
    "cov_cell": 0.8138947359544395
  },
  "scalelog1pCP10k": {
    "cov_gene": 1.0116487252336817e-15,
    "r2_depth": 0.7065161439123263,
    "r_mono": 0.5332877855790578,
    "cov_cell": null
  },
  "sctransform": {
    "cov_gene": 0.7657381612491152,
    "r2_depth": 0.006968474412885839,
    "r_mono": 0.4785722904162869,
    "cov_cell": null
  },
  "log1pPF": {
    "cov_gene": 1.3574382205084237,
    "r2_depth": 0.5858109418792575,
    "r_mono": 1,
    "cov_cell": 0.500760821272373
  },
  "PFlog1pPF": {
    "cov_gene": 5.851377742755974,
    "r2_depth": 0,
    "r_mono": 1,
    "cov_cell": 1.2664558298055057e-14
  }
}
