{
  "ncells": 1497,
  "ngenes": 21178,
  "nvals": 2497791,
  "density": 0.07878605449637588,
  "total_counts": 7020830,
  "overdispersion": 0.21,
  "avg_per_cell": 4689.93,
  "avg_per_gene": 331.52,
  "max_cell": 65419,
  "min_cell": 99,
  "raw": {
    "cov_gene": 55.108496826887325,
    "r2_depth": 1,
    "r_mono": 1,
    "cov_cell": 0.6729420636518614
  },
  "PF": {
    "cov_gene": 42.58171055080349,
    "r2_depth": 0,
    "r_mono": 1,
    "cov_cell": 1.7911589050811125e-14
  },
  "sqrt": {
    "cov_gene": 3.8274644702371177,
    "r2_depth": 0.8592694109140789,
    "r_mono": 1,
    "cov_cell": 0.4520836932773304
  },
  "log1p": {
    "cov_gene": 2.0038327855433944,
    "r2_depth": 0.8395055782074643,
    "r_mono": 1,
    "cov_cell": 0.4457214782741871
  },
  "log1pCP10k": {
    "cov_gene": 1.590240682515155,
    "r2_depth": 0.30395840474541447,
    "r_mono": 1,
    "cov_cell": 0.29150159611075116
  },
  "log1pCPM": {
    "cov_gene": 1.176560363320314,
    "r2_depth": 0.5677362621559208,
    "r_mono": 1,
    "cov_cell": 0.3522129590995069
  },
  "scalelog1pCP10k": {
    "cov_gene": 2.0658860586410843e-14,
    "r2_depth": 0.3420359879956649,
    "r_mono": 0.4252656301631498,
    "cov_cell": null
  },
  "sctransform": {
    "cov_gene": 0.3684408436375694,
    "r2_depth": 0.32667454185981815,
    "r_mono": 0.31480039565420115,
    "cov_cell": null
  },
  "log1pPF": {
    "cov_gene": 1.9470415890896904,
    "r2_depth": 0.25892357705345803,
    "r_mono": 1,
    "cov_cell": 0.27461492758659967
  },
  "PFlog1pPF": {
    "cov_gene": 13.04990853752742,
    "r2_depth": 0,
    "r_mono": 1,
    "cov_cell": 1.5906177207306454e-14
  }
}
