{"ncells": 100, "ngenes": 60623, "nvals": 267049, "avg_per_cell": 7582.5, "avg_per_gene": 12.507629117661613, "min_cell": 868, "max_cell": 42098, "total_count": 758250, "overdispersion": 20.99217064222396, "raw": {"cov_gene": 205.25849147604302, "cov_cell": 0.936827587557508, "r2_depth": 1.0, "r_mono": 1}, "PF": {"cov_gene": 148.23242325581506, "cov_cell": 3.6683427582204885e-14, "r2_depth": 0, "r_mono": 1}, "log1p": {"cov_gene": 3.1200997863087574, "cov_cell": 0.6542044543773262, "r2_depth": 0.7741363183573019, "r_mono": 1}, "log1pPF": {"cov_gene": 3.016509888162905, "cov_cell": 0.2991012882142537, "r2_depth": 0.17664436685567353, "r_mono": 1}, "PFlog1pPF": {"cov_gene": 39.17529121114471, "cov_cell": 2.687049341042282e-14, "r2_depth": 0, "r_mono": 1}, "log1pCPM": {"cov_gene": 2.1644171433203128, "cov_cell": 0.4476917044279945, "r2_depth": 0.5470739706891947, "r_mono": 1}, "log1pCP10k": {"cov_gene": 2.8432200345483962, "cov_cell": 0.309850226410593, "r2_depth": 0.2026310859404299, "r_mono": 1}, "sqrt": {"cov_gene": 16.496581565508038, "cov_cell": 0.6489819845195894, "r2_depth": 0.7845813441359615, "r_mono": 1}, "density": 0.04405077280899988}