{
    "raw": {
        "cov_gene": 90.55407747641758,
        "r2_depth": 1.0,
        "r_mono": 1.0
    },
    "PF": {
        "cov_gene": 64.94400144501657,
        "r2_depth": 0,
        "r_mono": 1.0
    },
    "sqrt": {
        "cov_gene": 7.621743530810044,
        "r2_depth": 0.7761530209792074,
        "r_mono": 1.0
    },
    "log1p": {
        "cov_gene": 1.158224320820045,
        "r2_depth": 0.7646922676646564,
        "r_mono": 1.0
    },
    "log1pCP10k": {
        "cov_gene": 0.9923110829426673,
        "r2_depth": 0.1981314550135228,
        "r_mono": 1.0
    },
    "log1pCPM": {
        "cov_gene": 0.5657123005405839,
        "r2_depth": 0.5302538299842172,
        "r_mono": 1.0
    },
    "scalelog1pCP10k": {
        "cov_gene": 1.3279487408506919e-15,
        "r2_depth": 0.23707547779966642,
        "r_mono": 0.6279068085491928
    },
    "sctransform": {
        "cov_gene": 0.34557680495244153,
        "r2_depth": 0.30955656516242647,
        "r_mono": 0.48861450605838563
    },
    "log1pPF": {
        "cov_gene": 1.1007977679271155,
        "r2_depth": 0.17028279684106895,
        "r_mono": 1.0
    },
    "PFlog1pPF": {
        "cov_gene": 17.60384774259174,
        "r2_depth": 0,
        "r_mono": 1.0
    },
    "ncells": 100,
    "ngenes": 11799,
    "avg_per_cell": 7372.92,
    "avg_per_gene": 62.49,
    "min_cell": 865.0,
    "max_cell": 41081.0,
    "overdispersion": 20.99
}