{"raw": {"cov_gene": 28.891002458586495, "r2_depth": 1.0, "r_mono": 1.0, "cov_cell": 0.7589318406406651}, "PF": {"cov_gene": 57.81619441421718, "r2_depth": 0, "r_mono": 1.0, "cov_cell": 3.146622005515142e-14}, "sqrt": {"cov_gene": 5.000265566826567, "r2_depth": 0.9669077306575771, "r_mono": 1.0, "cov_cell": 0.6004462263062734}, "log1p": {"cov_gene": 2.454257052969784, "r2_depth": 0.9624996185626105, "r_mono": 1.0, "cov_cell": 0.597677665254346}, "log1pCP10k": {"cov_gene": 1.989912500743117, "r2_depth": 0.5584877706115146, "r_mono": 1.0, "cov_cell": 0.2702246338996161}, "log1pCPM": {"cov_gene": 1.3808508549970204, "r2_depth": 0.8486017806635644, "r_mono": 1.0, "cov_cell": 0.43600788561204684}, "scalelog1pCP10k": {"cov_gene": 6.864517865047246e-14, "r2_depth": 0.49063924692143357, "r_mono": 0.42832931977048055, "cov_cell": null}, "sctransform": {"cov_gene": 0.7234592981974325, "r2_depth": 0.6883846132132283, "r_mono": 0.2507362284413807, "cov_cell": null}, "log1pPF": {"cov_gene": 2.033779051656049, "r2_depth": 0.546240978917139, "r_mono": 1.0, "cov_cell": 0.26511709143376205}, "PFlog1pPF": {"cov_gene": 8.133470084542964, "r2_depth": 0, "r_mono": 1.0, "cov_cell": 2.024571910369463e-14}, "ncells": 4805, "ngenes": 26702, "avg_per_cell": 9089.01, "avg_per_gene": 1635.56, "min_cell": 148.0, "max_cell": 49251.0, "overdispersion": 0.61, "total_count": 43672676, "nvals": 11524128, "density": 0.08981955308799608}