gene	logCP10K_Seq-Well_PC1_loading	logCP10K_10x_v3_PC1_loading	logPF, estimated K_Seq-Well_PC1_loading	logPF, estimated K_10x_v3_PC1_loading	PFlog_Seq-Well_PC1_loading	PFlog_10x_v3_PC1_loading
AAK1	0.0032705809984710037	0.009547609443119671	0.0037365848430780902	0.005140510949284742	0.001569692117837418	0.018180395105078073
ABCA3	0.012703238480032793	-0.021004308033286602	0.012700458164340641	0.004553709266514435	-0.013070029262136676	-0.028306991905410937
ABCG1	0.004686682122245318	0.01854419297035181	0.004827606704010767	0.015799186510302005	0.0065987940296739185	0.01793210971300944
ABHD2	0.01313131590264074	-0.007102752130205777	0.013438995327319202	0.023029131438377922	0.0016318789557855538	-0.02052449048100432
ABHD5	0.008678524797787586	0.016852296774557064	0.008785047031398123	0.025040936369726752	0.005634264181407925	0.00886577839920386
ABI1	0.00934760688607395	0.004486828077474895	0.00983412323206745	0.014737938259487094	0.011069758196288644	0.0006535716205818948
ABRACL	0.012332831534419606	0.017092456875143887	0.012402411136911642	0.013629593720943039	0.004429838190209012	0.020165202772966944
ACAA1	0.006101411185485278	0.012541969140240255	0.006328160136921232	0.020133126797052946	-0.003141032120100956	0.007245875565745766
ACAA2	0.009059699158739325	0.0077576250233605815	0.009245760980090374	0.015842627094008452	0.006246506627243623	0.004789215874706448
ACADM	0.013289330439383587	-0.00041041417149332465	0.013692208410453342	0.015903020343459556	0.0015437401289778421	-0.008916084068353362
ACADVL	0.007210293280050753	0.005847496714351806	0.007510531020413726	0.021825422423062554	0.006721381540907317	-0.004522674054893782
ACAP2	0.01585295283825949	0.017369157417402897	0.016383244508880578	0.017539754507891508	0.026841458566593902	0.01719169013129671
ACAT1	0.003505874846040736	5.08305644931577e-05	0.003500919214653124	0.017272779503301094	0.00641786442163552	-0.008965516983541371
ACAT2	0.0047568015103354195	-0.007694002020068029	0.004846907507120592	0.009593390490055744	-0.0003410153906758489	-0.01741378663426059
ACBD3	0.017250672716153877	0.001420829221846237	0.01727500698454711	0.018757644255186938	-0.007532802311006019	-0.007985371782246065
ACER3	0.011790486846544924	0.01742488504046249	0.011851459762494682	0.018854446188865583	0.015763367703862073	0.017710575556133434
ACIN1	0.00041962240919365436	-0.0007271881650849057	0.001107202915848313	0.00968339881887295	0.0011212060053039984	-0.0038019455302857846
ACO1	0.0087495584709255	0.00958199498835591	0.008935543327776498	0.01641348814229255	0.0034461220700835447	0.005972330816519215
ACP1	0.015350042929933385	-0.0020254602575545274	0.01571575359752024	0.015076618922739428	-0.00574543959708843	-0.009473908291734735
ACP5	0.014207665850129388	0.03718631262735254	0.01424964042212004	0.02752457157741265	0.013723696800069466	0.024191583595947634
ACSL1	0.003645915811040847	0.020179124428780528	0.0036010511632171725	0.022516080810411544	0.013620009657522721	0.012239772067102719
ACSL3	0.008641098442736101	0.002856980773128737	0.008772295521838487	0.016340162597720954	0.002530910239983091	-0.005874038974444903
ACSL4	0.02415903391001093	0.0024788745518123864	0.02414959227173845	0.014773824389627262	0.0032055769967712037	-0.0005732087663849867
ACTB	0.05568970702165883	0.07446334900634681	0.055299700559083946	0.01880183604509239	0.0265396547113825	0.03850615412863851
ACTG1	0.047035733820252806	0.03965322736566801	0.04714382686293398	0.017866611557645854	-0.009259538487162048	0.02099632190402719
ACTN1	0.005121876321973634	0.016014018403405557	0.005287948851969523	0.019517373649836123	0.0003695857863101092	0.014087675364814731
ACTN4	0.004636879937546361	-0.004463326391906517	0.005491064687519466	0.019694807111295058	-0.0038395240190186217	-0.0163587964849805
ACTR2	0.0348550286284653	0.04453872515745197	0.03531990022165733	0.022056571646152354	0.046075199799677294	0.037121645687755944
ACTR3	0.03219260624008943	0.029902021737718453	0.03232581877295986	0.020326070653725863	0.028787560738144504	0.024896533629224834
ADA2	0.003502856919689462	0.024905503854503703	0.003555741145927832	0.01488982101503628	0.007576914766743634	0.029174779660052684
ADAM10	0.016015338770231195	0.012251823130168408	0.016485203195662282	0.013973610335761891	0.009127072964396094	0.013228426988613887
ADAM17	0.011445236138598661	0.017015691182157566	0.011440085793150166	0.0202652975302968	0.009409319323193456	0.014768425323163558
ADAMTSL4	0.005663038346223524	0.018486705045796394	0.005739338185992569	0.016272094067384616	0.007389923138521939	0.022837284232183282
ADAR	0.007942358888843142	0.0077885868669948025	0.008278126204573103	0.01563767572621898	0.002301112218623199	0.0024547170932049
ADD1	0.008421019955436393	-0.002024315009940242	0.008592671304807351	0.009591739556135058	-4.415233105819902e-05	-0.005096653787133375
ADD3	0.005839387416055086	-0.0019386813953702294	0.006599884345514566	0.005252881380398175	0.0046862014283649955	-0.0030689929438886005
ADGRE5	0.00818829453426878	0.02533161832914674	0.008703433252228197	0.015235738778518425	0.02204119532297936	0.02844821157968282
ADGRF5	0.030037309906586613	-0.024194838414186744	0.02992190927498032	0.009388428188408706	-0.04290131901679068	-0.04011797997645417
ADH5	0.003063375836762998	-0.0034470055869767558	0.0030864166168954425	0.018225326155925092	0.0033971057285117298	-0.013440294330515024
ADI1	0.012697725644475424	-0.006460522771329233	0.012641978445353367	0.017519974418251122	-0.012832768398032006	-0.01791494496763902
ADIPOR1	0.00629525052315143	0.0031680945953576787	0.0063573007219260794	0.019681944737306136	0.00020450226870395241	-0.006671624863465648
ADIRF	-9.113671748961364e-05	-0.02305293031242164	-4.967739237790483e-05	0.008697473758034275	-0.02509127910661532	-0.038097784606332986
ADK	0.020200873863362605	-0.004879204437768396	0.020543378614112068	0.010312716984588867	-0.018174055575420074	-0.014926959001171556
ADPGK	0.004770226983211558	0.013160745976949162	0.004835651806331198	0.01773250391115244	0.0032443619679886695	0.011763799747189118
ADRM1	0.005566364547989824	0.009788866049755986	0.005500638016745416	0.020209763977855285	-0.002279943989611987	0.002913808575173989
ADSS2	0.010080371405970392	0.003672223962288443	0.010342772374734376	0.013597453028195679	0.0019139625694460408	-0.0002633869644658637
AFDN	0.010959839812380669	-0.012707246891441492	0.011284610061955625	0.017973425918476844	-0.013729136582897336	-0.029511553243095536
AFF1	0.005276337039025044	0.00016962247392087165	0.005659580466136405	0.011118968592638367	-0.0050167698098828135	-0.0059894119390848
AFF4	0.012691012689713607	0.00015753073595443652	0.012875611748119721	0.018295263293330758	-0.00423765705317409	-0.008111833458495876
AFTPH	0.01895886610293327	0.0023580324034192857	0.019230888860893747	0.011160291302479556	0.008521190721475039	-0.0011594265295761716
AGFG1	0.003340193320660808	0.01327449197160824	0.003434542404679123	0.014359328057011548	0.00248620562042738	0.012029738336606467
AGO2	0.007665098807244787	0.0019845727562976994	0.007713923205041965	0.009468986326864354	-0.0004957655011230089	-0.0020902737682080867
AGPAT2	0.020534606380210284	0.002660501666383364	0.020602114491006487	0.022955102342524517	-0.014646984550597575	-0.007812136611497123
AGR2	0.007638912459966135	-0.029161343926805763	0.007946312541188704	0.014497696022904226	-0.053111042220510794	-0.050934053421668665
AGR3	0.027993363523913656	-0.033701216919811504	0.027784493618287325	0.015599722241454254	-0.08445069517619566	-0.05584147274506694
AGTRAP	0.0014231431066007777	0.011164628178432903	0.0014598762796468267	0.013509159664107241	0.0017634470714257466	0.010751730427794736
AHCYL1	0.01578099081162483	0.0002499244121848864	0.015767311278042127	0.022466597511587968	0.0049228356741662935	-0.011645395328903421
AHI1	0.004494838298896504	-0.014026947742916632	0.00487712213175613	0.010138287877231648	-0.009232901806074435	-0.025858698563768885
AHNAK	0.00037174533079052793	0.02645040103747006	0.001028699953985462	0.018321147373135175	0.016397903913938496	0.021495562213802073
AHR	0.01583913644248964	0.004391772618113611	0.01583119545167341	0.021221682639223475	-0.004461848806512675	-0.006947111930618699
AHSA1	0.0006014130281028086	0.0007620000779462242	0.0007639804459430837	0.016351751740725343	-0.0002478755514172756	-0.006652742442197388
AIF1	0.03265904620156317	0.07915073607835996	0.03146563450192499	0.02379973655268301	0.10871825918387967	0.0688804707402163
AIMP1	0.013369817223540224	0.006824978261635908	0.01368147490053399	0.018644503527062	-0.004043593191515148	0.0016493749045950498
AK1	0.003493494067126365	-0.011069567168106843	0.003658393780946037	0.009299891051234396	-0.0058283139801576615	-0.022823909213781052
AKAP13	0.0174374506498576	-0.0002499761590423826	0.018253436768167503	0.015257673824613936	0.01926430566803466	-0.002110446312565902
AKAP9	0.030677484833659896	-0.019379116737325227	0.031620979843936435	0.019490986312323322	-0.02375354613320715	-0.02557005895375451
AKIRIN1	0.010274190468860998	0.0033731121472713997	0.010610371897058282	0.0146029203014524	-0.0022254838339835123	-0.0030523103015657038
AKIRIN2	0.006474706364310134	0.015394582463677255	0.0064698526860567885	0.015406040435978659	0.0032730649673018888	0.01754195269493419
AKNA	-0.0045802278042180655	-0.002757730101214385	-0.0036458183456684343	-0.0012312105923761247	-0.0007746457577803685	0.00039793804392060795
AKR1A1	0.007591688349996589	0.019258592396815093	0.007563127655480377	0.02678973480816715	0.0036529926161764886	0.01076421973925901
AKR1B1	0.005533987526762643	0.019145159568462744	0.0054780857648801425	0.01760156453896466	0.009064576056690801	0.021099108237963397
AKR1C1	0.004550899807897809	-0.010634862140037908	0.004519713269069433	0.010571743156276573	-0.009532453173771471	-0.024574218490492565
AKR1C3	0.006842358764878796	0.00832085247537853	0.006963315056797981	0.01731267665524808	0.005237427903972972	0.002487811790300133
AKR7A2	0.003950647886814238	1.0260590281875218e-05	0.004077609600774518	0.015245082716256422	0.0013544940822486802	-0.008288895451482862
AKT1	0.0012410170773781031	0.0026417041464424163	0.0012649426637090307	0.015403908323181848	0.003353195085391795	-0.0037694811039590934
ALAS1	0.013829018340139311	0.006763912599444322	0.013855923893733676	0.01736058763079397	-0.00560823263067602	0.0010043069330060678
ALCAM	0.04546782058732375	-0.0039474057026937905	0.04526645828403449	0.029143870528202664	-0.03945090824495194	-0.023032338253099926
ALDH1A1	0.006260967666853862	-0.00625815686171214	0.0065778782940926475	0.03056180332975815	-0.00976340057689405	-0.026103921198176828
ALDH2	0.04961950635331567	0.03719022744172753	0.049014274014609505	0.04368540594612565	0.027726041422872452	0.00975055234112516
ALDH3A2	0.007538084316858604	0.0004889629521754129	0.007704903264849482	0.01523021258982211	-0.0066205507988803805	-0.008985487900210426
ALDH3B1	0.0042925998238532515	-0.008458433394197844	0.004299678748128916	0.017395173272847383	-0.0010526889515268558	-0.023251802411734808
ALDH9A1	0.01149950614710881	0.002323768034696621	0.0115858047462486	0.01644635728242065	-0.004547497819694813	-0.0059479855291594145
ALDOA	0.02580431230708477	0.018841131645279317	0.025733945435671077	0.018798937710072742	0.008492703005482383	0.009719242791336567
ALKBH5	0.006480614736900299	-0.0008581843349187109	0.006684496856469897	0.016475978057756187	-0.003344466354820149	-0.012361588657319225
ALKBH7	0.008114032116281363	0.005265391071212505	0.008149056282324272	0.023330274374081906	-0.007171584404485069	-0.004570787251949294
ALOX5	0.014918527412638403	0.032030056592910354	0.014944864929773113	0.020560262114556683	0.029541546518590714	0.03369257687022384
ALOX5AP	0.013146091846281896	0.05800384556761045	0.013398587228943538	0.025522023989168557	0.031474658852921666	0.04625579208606482
ALPL	0.005321403320142411	-0.01459837384535226	0.005388441445670701	0.003331561058945139	-0.007677164955559934	-0.023644445458044536
AMD1	0.028991681133195297	0.003418277505848836	0.029250795644316454	0.025409158036005408	-0.007738511266604312	-0.008729345385432057
ANAPC11	0.024280322030710705	0.007775527640627499	0.024211422288175962	0.025364091372300175	-0.005730337337064996	-0.0040983217315251055
ANAPC16	0.011650838544589965	-0.002683594798136478	0.011765765590048896	0.01636263296802135	-0.004641995732976169	-0.009839919166211481
ANAPC5	0.016736652145810396	-0.003315478740010681	0.016932365562191985	0.011167168945209673	-0.005472223405843987	-0.00939288122777542
ANK3	0.016565204595440402	-0.023675475484684898	0.01704314561920585	0.006617547193514315	-0.02473537684548972	-0.039705461416313086
ANKRD11	0.011609920198566246	0.007383170999351272	0.011989865252190146	0.0160361192516129	0.002835341721634601	0.0042909286902509496
ANKRD12	0.020311344143592293	0.0034801742987629726	0.020711697661580535	0.014644370537059009	0.010412780461738774	0.0012938182456190173
ANKRD17	0.0073085947268338395	0.0009902252960292443	0.0077476891825853786	0.01433731651643231	0.004684614484328498	-0.0059072651551146885
ANKRD28	0.010284638090821672	0.0017233474764962124	0.010513983814813945	0.012635663244017006	-0.00014997249664390954	-0.003585622641031413
ANKRD36C	0.00902790931321561	-0.0054635989315374835	0.009529973346431762	0.003265107319613096	-0.013885301844359354	-0.008612874950378237
ANKRD44	0.0032133309500050823	0.006257550887753226	0.003559652732550168	0.0032652768054111207	0.006746329043854134	0.013199782339291678
ANP32A	0.007304173250044025	0.008357252698514546	0.007857554654941859	0.017594578190756095	-0.0030123103154351487	0.004171783734906044
ANP32B	0.008903160544216842	0.0218734355997345	0.009128989911511948	0.02570677262636412	0.0046754662604668465	0.013109805869472144
ANP32E	0.011241924478185622	-0.0010790522873420996	0.011499761627665776	0.007631713265085539	-0.005260466598427471	-0.005211040715642106
ANXA1	0.03647198715084865	0.03890588420764497	0.03654695964547056	0.032673144346800166	0.019047222016897968	0.01673323858241175
ANXA11	0.005704635820947927	0.011567298576321742	0.006232908159456812	0.030935276516399997	-0.00025213771971181476	-0.004738252987281982
ANXA2	0.04219127512401457	0.03165680575249835	0.04175135266633267	0.04379415661464867	0.013881990975721818	-3.802669902365254e-05
ANXA4	0.021770977307641055	-0.006698228791650933	0.021982335098738953	0.027263098820800354	-0.008165542621937485	-0.02453912107849912
ANXA5	0.05588660712218578	0.04744348973241999	0.055271992929063325	0.041835208857004653	0.04424365530328628	0.017243156142396254
ANXA7	0.0034362365771612555	0.0067941710971862555	0.003585726707638874	0.024328764076322184	-0.0033172456051548073	-0.004142011192555283
AP1S2	0.0018797657248951142	0.02551766389973378	0.0020216775271673427	0.009424085773846687	0.008985264387457904	0.030767951103592154
AP2B1	0.007981579802473814	0.00035321132952190643	0.008108181408805457	0.014497880790162645	0.002440960906109061	-0.007556646990112903
AP2M1	0.00857406435351592	0.02106008327397624	0.008694966498926995	0.027170129471509187	0.009640624128351564	0.014033609083865277
AP2S1	0.005996465624518773	0.03740440072558811	0.0060870856661765374	0.02895857090961206	0.004801916523995467	0.027940074574905736
AP3B1	0.013096822058184897	0.00817937502164386	0.013238464947682903	0.0136661919087613	0.009276075744877507	0.008246060145925738
AP3D1	0.008267450856430715	0.0008975456901615243	0.008262864905962255	0.015206956361989116	0.0042355008383893385	-0.007391978194024327
AP3S1	0.006811535450005557	0.008671660580140256	0.007202863940615558	0.014437858251028545	-0.0014049609034775137	0.007777418369978687
APBB1IP	0.00373034042055908	0.012424754162683306	0.004149593372271656	0.005798519947285253	0.015521969734513356	0.021880171671709428
APEX1	0.00746149371706476	0.011210657120393918	0.00771840561382907	0.022998324094257526	-0.008998745707668189	0.004566126356048899
APH1A	0.004090264809709512	0.005043305586321165	0.004086802880189023	0.01469991087677657	-0.00036296481066904694	0.0012703142932025914
APIP	0.011439318334203351	0.010067309240391323	0.011442237368466246	0.016642966711931113	0.010879369356766502	0.0077098113130524715
APLP2	0.04640242557838351	0.013322490342192657	0.04600421692723342	0.036419998102780696	-0.0009869905574277835	-0.008501233461942434
APMAP	0.007743850691729334	0.004485272379307643	0.008213454867771246	0.007917890216031233	-0.0032298836205453003	0.008172308624646981
APOC1	0.024718311737223483	0.06379113037344819	0.02429192138160055	0.03329673741152854	0.04137105194403692	0.03366298703449082
APOE	0.013048639272017867	0.044371972730825875	0.012962423309480312	0.024901734244446302	0.02128886035651897	0.032035269043338956
APOL6	0.014339772705210595	0.009928505724702672	0.014788627895669489	0.014163911252212781	0.014388382819782768	0.010189508538544799
APP	0.014043073409508331	-0.004265140679314857	0.014232946471324347	0.021698345753980018	-0.013946590142811478	-0.01973500558760587
APPL1	0.006180044712131666	0.011322784816336005	0.006356203052685099	0.01860794367526124	0.002558187577545397	0.008387106322030727
APRT	0.01204953390048687	0.009634491568723688	0.012156217025021876	0.018360269558025076	-0.0006857768098151754	0.005463018051985638
AQP1	0.006625845378264577	-0.013659999073963045	0.006601900648353786	0.0025893955185563667	-0.00587354115310376	-0.01801918335960264
AQP3	0.040376530291572094	-0.009252570436182382	0.03981369027977353	0.020476648152128275	-0.023302120557948516	-0.024101812549278148
AQP4	0.014769269699109739	-0.01042744152008299	0.014726252114156171	0.011126605766383059	-0.028761790107589582	-0.026348100863265334
ARAP2	-0.0038321861925597004	-0.004116703420464912	-0.002859382816489772	0.0039769326788980375	0.004908576249023038	-0.0076091696381287485
ARCN1	0.006951311213988761	0.001493451437380107	0.006980618309124873	0.01421646770928205	-0.004513193169535421	-0.004573845231301734
AREG	0.021021931553985938	0.023647787136276136	0.020816787773729268	0.016739264743625165	-0.003686260574069387	0.003829479264128648
ARF1	0.0313329230359827	0.007797230176779663	0.03154475004316044	0.024203210914085106	-0.013239086884106278	-0.0043345190388999685
ARF3	0.008119883065265511	0.0091214158699582	0.008174829291166216	0.01684017098620789	0.0010079220810387307	0.005439677448239664
ARF4	0.011860425062547494	-0.00370663111360011	0.011958348843668422	0.023562992998589185	-0.008652111468854732	-0.017383155106711314
ARF5	0.005863016932555501	0.004069933953830922	0.005841811956354578	0.013089392147725882	-0.002762918462001597	-0.004113842100029445
ARF6	0.007415476505690046	0.016724135529316973	0.007554513158936249	0.010866041230221488	-0.005257210468740046	0.02133303740655365
ARFGAP3	0.01367200575367242	0.000824355371544258	0.013995753345568405	0.016182789924206475	-0.0035500489929830062	-0.006631601593470924
ARFGEF1	0.0064720619696353975	0.0018166825085723553	0.006895452368789301	0.008536513299628783	0.004754640119867398	0.0022871234347909943
ARFGEF3	0.018955452577912896	-0.0259387416840889	0.019185636706121008	0.011941537613900101	-0.029386485982148054	-0.04795596692093903
ARGLU1	0.007322845711190718	-0.011860653471317468	0.00840041166760624	0.010288077838675969	-0.0014542951469369257	-0.017124008812687753
ARHGAP18	0.017246592412942734	0.01751128232810956	0.01754180323969528	0.025968627798604798	0.023359069168111177	0.008196844129976602
ARHGAP30	0.0018402368317006414	0.013118852934983743	0.002163160386295869	0.0075902698970926885	0.016003727463917733	0.01999135351756477
ARHGAP5	0.022475742792950552	-0.007173135423090071	0.022470520118121787	0.01519900257811127	-0.014489525078563015	-0.02154606851538607
ARHGDIA	0.010305827921223237	0.02053625992717397	0.010427100808122274	0.020827497611709687	0.004522690637994313	0.01747997376616118
ARHGDIB	0.021328790987156097	0.04622133768464319	0.021909741332539232	0.008429405590563986	0.0247712229430876	0.05204108276268243
ARHGEF1	0.003520787523058917	-0.0007229249174924534	0.0036182240291835095	0.0024634931521644345	-0.0021823378823817006	0.002043646492586226
ARHGEF12	0.010797031066612858	-0.01716086214185031	0.011099475944170873	0.009838418204474177	-0.00800883002859921	-0.03275604571558324
ARID1A	0.006013097967022782	0.00506253216007239	0.006152287811357857	0.01579815807813936	0.002529493472971939	-0.00011169232119773711
ARID1B	-1.7079827263748095e-05	0.000318027060556954	0.00022691914872606913	0.01133483467902181	0.004255726619845086	-0.002794250262889199
ARID4A	0.020611489794916293	0.00259911936095486	0.020957337356531384	0.012067214063383352	-0.008243110199528494	0.0017363594387076202
ARID4B	0.02348112460777063	0.002161365792795738	0.02396048170973733	0.013512108894960117	0.0018498638242193588	-5.4029647897322226e-05
ARID5B	0.015101768817976837	-0.00923421760187942	0.015407233600937943	0.007230827926692047	-0.017477866091536415	-0.01877599479698776
ARIH1	0.0035510118083793953	-0.0032438026916671446	0.004056980684371463	0.013528867601229186	-0.0008129655711126595	-0.009855881026538423
ARL1	0.00935758135794739	-0.001853901691154492	0.009377575626473778	0.015411974133032426	-0.011399300920409878	-0.011325760598447547
ARL2	0.0027492601124553193	0.0009535094079795993	0.0027665735814000167	0.02048550153101164	0.0016462593357282423	-0.01027722253425237
ARL3	0.005346883428746165	-0.0035953700334138386	0.005794093610733471	0.014788384191280673	-0.020533918926482264	-0.014691090992200194
ARL4A	0.02138632987938797	0.01839532253553808	0.021165360263481012	0.02332337372327777	0.010843707670751877	0.009736765319015501
ARL4C	0.00208924077881397	0.0018967327800687478	0.002813871185124982	-0.004029131017149278	0.014448548826862086	0.007552529278496295
ARL5A	0.0045751872668587865	9.91460760366757e-05	0.00482897647971762	0.013243044419072252	-0.0016883924131464985	-0.006183112394322972
ARL5B	0.006400587393650243	0.0010012381807503893	0.006632357469010106	0.010146495625088185	0.0017453585540353036	-0.00831674479179544
ARL6IP1	0.026673661650313683	0.02172840165080463	0.02695824701267712	0.026019634868866246	0.008754637035380142	0.013562785706651832
ARL6IP5	0.03796631761587242	0.01929219568128665	0.03817916689702479	0.02151809198524697	0.024864641774678568	0.011704472918873879
ARL8B	0.017921136940751	0.011850297031277681	0.017971204010951466	0.02005297239195338	0.015060414687051509	0.007663216977545173
ARMC3	-0.001090487931928244	-0.012700134378765604	-0.000628462924820823	0.005303613196205181	-0.012522079950386162	-0.024069312021829464
ARPC1B	0.01651661883409738	0.05361449306096552	0.016582992636497505	0.028398201158102696	0.02721216485524918	0.04114673203638129
ARPC2	0.021561331397853545	0.044724971114317974	0.022498606119450964	0.02082307551170927	0.0953795230821697	0.03133532513378507
ARPC3	0.015160921829067357	0.0598593709256414	0.015520287124860137	0.027325360961329967	0.03156439242135283	0.03759439180187868
ARPC4	0.002148284413177517	0.025391098194144198	0.002301330517105352	0.014932945720008365	0.002195984634108239	0.029924902028477498
ARPC5	0.03822400970647843	0.04878850966503316	0.038204048974545296	0.024468910654457325	0.05671486940555314	0.0402280834518438
ARPC5L	0.003008494944332712	-0.00042103732643436324	0.0032878391823645144	0.0045460296811569295	-0.0024156219686687435	0.0018911855383634195
ARPP19	0.011753097219276754	0.002696852598853476	0.01186174373169129	0.01788155866852166	-0.0052792173029775945	-0.00534634239038213
ARRB2	0.0070067895171028755	0.03083410151856514	0.007050144144868599	0.016846746823354596	0.012552938946104649	0.03756056307917181
ARRDC3	0.009797406743912976	-0.002441583196741904	0.010164633763004888	0.007383508439758981	-0.006634799310031033	-0.0061617385047690685
ASAH1	0.042432910539202354	0.017417259446722722	0.0419524378485869	0.04031722889785185	0.002675803194591163	-0.009946184128811488
ASAP1	0.00583938505921251	0.0169409105813001	0.005902754496336758	0.014674457885262806	0.011491264711456757	0.02228315867134242
ASH1L	0.017471919932348232	-0.0010390929429508144	0.017609461997604065	0.016386847857539126	-0.005746074393689055	-0.009980883524835867
ASPH	0.039764358070620634	-0.007291904332543531	0.039608011375620734	0.015363558035229409	-0.028737283036155123	-0.018962014275427926
ATF3	0.03758033683347839	-0.003882819206380054	0.03732767268981374	0.021572371334229897	-0.017570885816119066	-0.018618402826935533
ATF4	0.022403157210866026	0.01077964651893629	0.022977257759958836	0.017048904489202255	-0.0087604611192859	0.004804865572556331
ATF6	0.02056427738113833	0.005259565488787167	0.02071215676690442	0.016625492863331502	-0.00239281324635838	0.000730382786146558
ATF7IP	0.0038557433496628204	-0.003466719931334095	0.0041832348828640155	0.0054545532923328645	0.0019789343149505434	-0.0035306612646108814
ATG12	0.007923366069263126	0.00418082033518988	0.00825995008729468	0.009394525814848675	-0.004865605002969558	0.0030324364831125507
ATG3	0.013099273284816422	0.017915081808222114	0.013194493732389241	0.019891691221173992	0.012456308213135795	0.01710963373524682
ATM	-0.002781792517756498	0.005611444794073249	-0.0020844819809811574	0.0007152602489239523	0.011026729967866924	0.015202640744085913
ATOX1	0.0008833635471601117	0.02161087239402223	0.0009561753194955865	0.025874745259096138	0.001980785820979445	0.013725202321812126
ATP11A	0.02002791734838125	-0.007114120090676769	0.019961381036768665	0.012755131797954728	-0.009066142661855361	-0.013435232440984216
ATP13A3	0.005458321752894247	0.009396796001595344	0.005454906869825249	0.013839987783707248	-0.0008075399105391149	0.0019242004175971609
ATP1A1	0.022762525646416787	-0.01953102408406146	0.022862294403451396	0.025924073334778742	-0.02257904919425722	-0.032707361291176434
ATP1B1	0.04944244123268162	-0.012428446364271322	0.048860553385194974	0.03320868354462329	-0.039493916075708416	-0.03304431541678347
ATP1B3	0.0042205354918787245	0.042686847489826325	0.004458428347070687	0.025452230020032426	0.014229398375477344	0.03592561460126057
ATP2A2	0.010968897489493788	-0.0009110300756829297	0.011338594039925673	0.01863074784639888	-0.010726373393902103	-0.012988606750956087
ATP2B1	0.02002078672539767	0.02843647595452198	0.01979343807780127	0.015616173999851848	0.035704140052336915	0.03007970698772666
ATP2C1	0.00931397125312981	0.0024010069094551724	0.009597307925194812	0.01783698550558076	0.006065292749734038	-0.006910153005869013
ATP5F1A	0.022314395459926306	0.006684213339984519	0.02253332337278611	0.023057632669490957	-0.00346872369703355	-0.004724019594267885
ATP5F1B	0.009212951477431855	0.01915000877035225	0.009714143205056112	0.02878833544598591	-0.0028954263737364467	0.006679248530879955
ATP5F1C	0.02622101063230288	0.017631677649501274	0.026224828627909202	0.02749698177052235	0.011674713767935652	0.007572909987863469
ATP5F1D	0.0034621582726244195	0.015954806410790428	0.0034384776504151593	0.023895142415171315	-0.0014666166394146005	0.006359010767667986
ATP5F1E	0.044193998465099735	0.03737687476649506	0.04398311009029326	0.01809440257301608	0.029910507162293935	0.01687103361885108
ATP5MC1	0.01236749665463388	0.007963153069211418	0.012319598830492055	0.01988908506256764	-0.004766292667715355	0.0018738379476823325
ATP5MC2	0.020147627240526027	0.02184482135662029	0.02017802795718461	0.024829839190158243	-0.008629146875914241	0.005171564251421884
ATP5MC3	0.025186404358178226	0.024051199841362923	0.025134406202536326	0.030712568335597504	0.011953133290574515	0.007572803642273399
ATP5ME	0.01500752218950465	0.009249261408003097	0.015330810510950789	0.024968452086981265	-0.0023213769052286637	-0.002919922781886341
ATP5MF	0.014284499140743746	0.018375330987666968	0.014259539785906475	0.028626958469590662	-2.0579408258787458e-05	0.004039381103005111
ATP5MG	0.016588033282885634	0.030447640982328793	0.016555910987395325	0.0276248419211885	0.0004544611961930999	0.011751400213130501
ATP5MJ	0.014493013770305693	0.022867068902562397	0.01460757037137823	0.027132101115218934	-0.00022938167572715817	0.007684578971028232
ATP5MK	0.02836298549956725	0.018869520342172548	0.028363736821208754	0.02890669612744091	-0.0017123578353421722	0.003500460362649
ATP5PB	0.02469148422057617	0.015380407145810682	0.02467740423166039	0.02604848369643618	0.005074047929430251	0.0051337754948921
ATP5PD	0.02226633366341892	0.016864694393625815	0.02241776195450845	0.028819326978393966	-0.005918056141282339	0.0027969352895344554
ATP5PF	0.027491597071924265	0.015612426758832993	0.027720419486444114	0.02829939616439665	0.0010426993275144368	0.0013184952479084844
ATP5PO	0.0025992963598790225	0.014659271606156895	0.0026487288531144605	0.024871359264036774	-0.0012971753954416948	0.005104954293733052
ATP6AP1	0.010973817260111794	0.020709790840781582	0.011009891679773846	0.028408872560834734	0.005911984580661628	0.009558394840257188
ATP6AP2	0.01762295971040484	0.03106739164043626	0.017595846911983758	0.02840916400988652	0.01540025267794862	0.02260404691323569
ATP6V0B	0.0245297116170513	0.044962900831249826	0.02436090999696386	0.035378871958669185	0.011873544645163086	0.026364936596352934
ATP6V0D1	0.008763231844975579	0.02344469412559157	0.00887596254320875	0.028212438091236962	-0.00206161745493259	0.01240528829386833
ATP6V0E1	0.0211122509693843	0.025306838455705343	0.02108169460648917	0.02950446289453938	0.008729401685700813	0.008971411919480022
ATP6V1A	0.004486271337424578	0.015207568571405428	0.004612927311139003	0.019758864543323536	0.0031059250965986543	0.010884593140467845
ATP6V1B2	0.004667748867023733	0.028178565554246235	0.004601852528180569	0.020170319670289746	0.012306876105779341	0.03005438629449965
ATP6V1D	0.017559909901583785	0.003850746779898316	0.01771635232060513	0.020589266600359292	0.0027123713054154207	-0.005743395506688628
ATP6V1E1	0.009541446954055947	0.014083495745306016	0.009706259390783366	0.02322158914232411	0.007113118268080446	0.005536221392244989
ATP6V1F	0.006951623242279118	0.043490505054116745	0.006976760872038397	0.035922178368975675	0.0019724944749289694	0.025499077136549152
ATP6V1G1	0.03861420594860894	0.01272870345784656	0.03864904580764106	0.03145191360409961	-0.008200083122873496	-0.0044466828083054915
ATRAID	0.01673626822239033	0.0034724930450249374	0.016828255784648284	0.023582926305551404	-0.0022189631490359776	-0.0077648979040332786
ATRX	0.032874814495965264	-0.003251870145797244	0.03353966181068809	0.013564420948544978	-0.0014321232930510602	-0.005664591332209938
ATXN1	0.011435605926359458	0.0031260963697659593	0.011762390175452839	0.012258510611399263	0.005273656111074794	-0.0002582644708833835
ATXN10	0.013439404910821552	-0.0009051053305702966	0.013592279591426462	0.016151624744488217	-0.0035865319472531006	-0.00957632435781933
ATXN2	0.006728936188610069	-0.005280783754144284	0.007016081371911294	0.011757661254719658	-0.005559086031060308	-0.013763464775139182
ATXN7L3B	0.010283782985462571	-0.006027991245260184	0.010557519570188589	0.008814418668244017	-0.004488717862330446	-0.015348930775942732
AUP1	0.0021711370023600523	0.009661188335620494	0.0021924862393885424	0.01879746228455565	0.0012958729137814286	0.005596751709690338
AURKAIP1	0.0010124147550165368	0.007569398262700981	0.001079731408823498	0.022115712459400534	-0.0032310007336237116	-0.0018272554724017807
AXL	0.004140709455092217	0.017791193819081657	0.0041265403046325914	0.01402713631081758	0.006632085548611997	0.021283019926939147
AZI2	0.009986521881908912	0.012226880618549084	0.010160107416416651	0.021955007885845673	0.004412852903776208	0.0035101786119498875
AZIN1	0.003571696220077571	0.005241844121344096	0.003866296266640293	0.019953697844361653	-0.0023008077563176285	-0.0034733173616262893
B2M	-0.014095827213974194	0.07062383342499531	-0.012056114360444998	0.005676109552289735	0.09145516809625931	0.04326643307002827
B3GNT5	0.009680139353965733	0.008256748697715883	0.009751323131939394	0.023844359733668958	0.02121951037708951	-0.0030798757605696504
B4GALT1	0.0053379111010769765	0.005811232114918434	0.005461589650838408	0.016640872984089904	0.0039872367613793544	-0.0009528434028052751
B4GALT5	0.005376569690734541	0.0013984882552166046	0.005429418589521178	0.013053418414160748	-0.0007313847440612504	-0.005589286255258026
BACH1	0.007831830428410807	0.02180983767402614	0.00806735073228438	0.01769331534875898	0.025323144762010398	0.022712970629529282
BAG1	0.009631135093799375	0.002563619265718862	0.00981329759166942	0.020329933587778543	-0.0080257140035794	-0.007970377380030232
BAG3	0.005414283604667269	-0.002747408884579333	0.0055525783144269895	0.01259439824581282	-0.016091959334420012	-0.013689927106806544
BANF1	0.0047296222389297	0.00519507856074751	0.004774985280264451	0.02334828868406363	-0.007386695651495312	-0.007750733466290558
BASP1	0.013928302247537352	0.019803562784605	0.01379485940326042	0.01022022467457006	0.005430408507933071	0.014726471486121794
BAX	0.0024846643563344413	0.020492296305934743	0.0024905260170013602	0.02079611335092847	0.004004121447711954	0.017821770737072116
BAZ1A	0.0267731397524582	0.015407043313774625	0.026920528286192236	0.014662187989208951	0.014648564652381658	0.015800083580762615
BAZ1B	0.015011965446853997	-0.0011810222927639909	0.01526281649484425	0.012520116128714986	-0.0016036410338797571	-0.0060796855329612555
BAZ2B	0.0202705040543307	0.001908595314898101	0.020454213433554583	0.0192813708166765	0.0007718199705759712	-0.007747633836343751
BBLN	0.0061072894309438484	0.018765384500451232	0.006220924540775037	0.019269817782785536	-0.004118230245309634	0.015303341229727761
BBX	0.012178626180729938	0.005508650423803409	0.012643186690508575	0.015571906840529875	0.0029610360346712444	0.0008959950280009677
BCAM	0.006608780430573296	-0.014787826970781416	0.006638707186041376	0.007478488544224031	-0.008074791215892451	-0.028932162864730604
BCAP31	0.016512268285456204	0.018336609372401093	0.016675551684742166	0.028463385526630403	0.0007221804777457779	0.005667802337745493
BCAS2	0.004435341983439999	0.00648580340956861	0.004507440231608952	0.013345069035817435	-0.00800858680433946	0.003824215663849561
BCL2A1	0.015556760794453782	0.03665501670328083	0.015118193665098211	0.018534262638168094	0.05978647268067779	0.03708528749082707
BCL2L1	-0.0023370208028418594	-0.00586656373784348	-0.002143895464785474	0.01400378312871762	-0.0022271393194983787	-0.016647811627052415
BCL6	0.0008021918494234765	-0.0022184739530301226	0.0011983740380220277	0.015033756803447474	0.00022065930823146607	-0.013083770821478465
BCLAF1	0.018296676365158186	-0.002861659013432856	0.018918941064306524	0.01837356484575375	-0.007956406832026438	-0.012090856361880693
BDP1	0.009960698058392151	-0.0008365482891035225	0.010748424967870082	0.011334131386877949	-0.0031196599268065403	-0.006278506563805171
BECN1	0.008267516501077599	0.0024513866920565846	0.008380962135440283	0.013708775900235472	-0.003162442246165333	-0.00360955114245274
BEX3	0.012263694061015018	-0.01754155822895187	0.012202848483370114	0.017158396849225533	-0.017345856620691654	-0.03764619439801264
BEX4	0.00608155983798603	0.007273620339220651	0.006088028351884032	0.018947838453435492	0.00023459180932225725	-6.574792230128328e-05
BFAR	0.006484437574881688	0.00029966745532458055	0.006519798028857432	0.015076243496011795	-0.0028647034146502513	-0.00542103187075827
BHLHE40	0.01606275365727782	-0.0005114127444833826	0.016312030178769508	0.019321292841834304	0.008025651795466758	-0.010121041222414452
BHLHE41	0.007238873599383484	0.01584692306334979	0.007280932816822043	0.020785593433847983	0.014642597214541845	0.010073585198332196
BID	0.00949348745189339	0.01852401081129586	0.009505695959832913	0.013024655820382923	0.010548295234342678	0.024050217682231693
BIN2	-0.005481897537475155	0.007970098806796493	-0.004927623101912006	-0.006098471306282882	0.01653261370151674	0.02586188876008782
BIRC2	0.010826522469080932	0.0040620641136532454	0.011087961470044108	0.012370653641517858	0.00486557628977951	-0.00033608091572858914
BIRC3	0.010245360708693533	-0.0006466261144018855	0.010350619925736547	0.006675936499806942	-0.01621851608438334	-0.006703262784320944
BIRC6	-0.0014701962893346916	0.0010404027261067396	-0.0010510222619399322	0.012082268484381233	0.00442030831711754	-0.0011244477141745277
BLOC1S1	0.00922001943296332	0.025986273106307124	0.009314384317986674	0.024772848128146653	0.0017253680329398222	0.01920804404608185
BLOC1S2	0.017495194921489945	0.014931109924254714	0.01751397402121118	0.016612074391375922	0.012788303409539991	0.01674534374711361
BLOC1S6	0.006494503659589361	0.013060434096558968	0.006579581983837642	0.011595190725434891	0.015142334062905001	0.013876204829134608
BLTP1	0.001219005323862956	0.0010910241963231252	0.0018972926349796844	0.011437103421834708	-0.001906311679117822	-0.003492903795924856
BLVRA	0.02267382972077833	0.013459514332912783	0.022525374268689856	0.0241252508795614	-0.000630300329925963	0.0066166367328844315
BLVRB	0.011761485221155457	0.010575505424859681	0.011876428465796793	0.028486929076402514	-0.004376744644551909	-0.0032145200599478277
BNIP2	0.014878541429872529	0.01713029711064065	0.0147918404733381	0.016096194119178616	0.018151333801044996	0.01916133606930703
BNIP3	0.019005209473677197	-0.01021018983217945	0.01925747487428226	0.01164699830326071	-0.016992418407910586	-0.02690856778527343
BNIP3L	0.012299970558732177	0.007888386769558586	0.012370947141430716	0.02558765020158178	0.002873914055386211	-0.008094862487043568
BOD1L1	0.013188968486473556	0.005476593608872529	0.013498458293603173	0.016391012239802723	0.007406004093766976	0.0015007228985091001
BORCS7	0.004887305228908258	-0.0025295601039595664	0.005042882957391304	0.015186762105708438	-0.004658339723891396	-0.01165232699684264
BPIFB1	0.002118786030324297	-0.006127935959170933	0.0020599120697951546	0.0035029237876997676	-0.013472288284391535	-0.009412787513187342
BPTF	0.02237064299481223	-0.0021973372459794817	0.02301094735745091	0.017197069626947045	-0.007860962750109777	-0.009769615854853
BRD2	0.02899346236666502	0.0041729825490129675	0.02993814170366609	0.009568981992871518	-0.014905486446554938	0.0021703462720353457
BRD4	0.007462052733954456	0.005589987134266177	0.007621633597547415	0.0186112914329292	-0.0010627243982666433	-0.00181432298385996
BRD7	0.0036261474383709963	0.003092097090325941	0.0037068822708841865	0.01927128380588152	-0.0025258319359074	-0.004962145151900347
BRI3	0.014096795059711054	0.03660431431547612	0.014292162719465883	0.04386788835107273	0.0018653245538051248	0.006818522686884055
BRK1	0.005184882042029206	0.021549458117293894	0.005205114572388057	0.026308848453701364	0.0005185569515762158	0.01205519076714364
BROX	0.013331961961906027	0.0029322686119259895	0.013330813266520209	0.01291396423540047	-0.004952033840138887	-0.0018765806466380852
BRWD1	0.007690124203077278	0.0015581626214175833	0.008067274735023212	0.012682235894438497	-0.006679637700963339	-0.005451395261330669
BSG	0.017732261511569574	0.011144640050888194	0.01782011736201713	0.028342086692656504	-0.006241770364597222	-0.005781777642147352
BST2	0.00938334317192167	0.030931905276759788	0.009312975824635873	0.014595870067553718	0.011026414931530752	0.03796161748171877
BTF3	0.03525472670979045	0.01889516514863352	0.0351575454662901	0.022596827200491807	-0.01692698622541063	0.007373458918496217
BTF3L4	0.009623881794317269	0.010160804550825502	0.009815888642661292	0.019398820876948074	0.00021949720413558737	0.00487485080586683
BTG1	0.0064876929571887265	0.021123923753173977	0.00755219883074392	0.003013666711248344	0.010976351708043027	0.01675237165985171
BTG2	0.013513328783528872	-0.008148594699235265	0.013944865793478919	0.013297000335427963	-0.0018538327225342732	-0.015620492450801477
BTG3	0.023279488891356108	-0.012899105486537261	0.023383232787413083	0.016105021767077184	-0.023515796873949436	-0.028658217949028578
BUB3	0.006181178401816209	0.005471879496389728	0.006577461607436717	0.011281903418170073	-0.0026717240389482356	0.004463027310851443
BUD23	0.00979686947488791	-0.003062272137402104	0.010003445244725144	0.016451911653784825	-0.004803563620755214	-0.014291425688412015
BUD31	0.01350548429935427	0.0021294944694859805	0.013800521335526086	0.015571551497226336	0.0016894763395477552	-0.004415466675713194
BZW1	0.01211361993456712	0.012532236207541875	0.01249148523046275	0.021859600648542272	-0.013887118993405004	0.005849719505393141
C11orf58	0.03014526637846003	0.011693433934288665	0.03070213078640833	0.026125828193265824	0.0013904996280125574	0.0008259992340294362
C11orf96	0.00012776277017324003	-0.01471475749793362	0.0001381716266358884	0.007620927467047749	-0.00257022059625198	-0.024034895120803573
C11orf97	0.0010076518910148392	-0.008863943268112687	0.0011443945714108524	0.008119790827827706	-0.0056059556227415885	-0.021463174577407925
C12orf57	0.003002755730075381	-0.010554474651278236	0.003322650404681351	0.01393055739918546	-0.010743154666389277	-0.02066513260439685
C12orf75	-0.0020555040998759657	-0.013993420761146333	-0.001594419621709703	-0.0018940119155458372	-0.010201754056428636	-0.016939096811294296
C15orf48	0.009260778199543495	0.015781449192659603	0.009081132969933315	0.01046626079086244	0.007417855451997967	0.012539585767522657
C16orf89	0.016888847011259422	-0.03144182631951661	0.016922581347046262	0.010553192268385251	-0.028296982790804483	-0.049151658724635686
C19orf33	0.003926741115752095	-0.012079714254642592	0.003958257634503155	0.009506864398638872	-0.0060886165264939195	-0.028152169852054366
C19orf53	0.010162687011632603	0.010139210584578801	0.010635619896523084	0.016355041560859946	-0.006132403562256201	0.006864354748134444
C1D	0.004983602491134907	0.005598447489007127	0.004982548124134669	0.015805666337639687	0.004031793370983088	0.0005057895175061689
C1QA	0.027666769952207286	0.07418399820429707	0.02711279736779171	0.0322283821314695	0.04672051098560039	0.048401927983809365
C1QB	0.030793180844319524	0.07320540071232941	0.03022787654938573	0.03182146910686779	0.05396276161815071	0.047636821332626346
C1QBP	0.009784738729009586	0.0056682938385009245	0.009964065316760131	0.02228682901307116	-0.008487662783542807	-0.002860356802860924
C1QC	0.022394686833377347	0.05514720537412168	0.02196776366051953	0.0280638624257872	0.054060897890847316	0.04130411119796248
C1orf162	0.01045951183747866	0.05460640564476773	0.010328830779625453	0.019902507661701287	0.0217257470943846	0.05651115116981865
C1orf21	0.0029717878344328293	-0.014374186365563684	0.0037080300675184164	-0.0007181451261537635	-0.00886880255294164	-0.020950722090069762
C1orf43	0.01993068400156623	0.007765018354718681	0.01996135619393607	0.02257543569825978	-0.00859226618232173	-0.0015421093089827806
C20orf85	6.641912481109236e-05	-0.017691175935603234	0.000345275340900711	0.010316141652079384	-0.007155470417463598	-0.03085482690129144
C2_ENSG00000166278	0.0019411602122707638	-0.00633195444934	0.0020065863303282156	0.016304777545677565	0.00023928955543634176	-0.01567646154063019
C3_ENSG00000125730	0.009937907876234532	-0.0272506441192477	0.009919465938241287	0.007513763670127304	-0.018802178275899424	-0.03826929756988064
C4BPA	0.02079983093909219	-0.019039988382587514	0.020548118804395048	0.002394133486087521	-0.018678920484943223	-0.024946408782578387
C4orf3	0.013437150265165503	0.007041180485477909	0.01362000400031475	0.024240225412814304	0.0005671308044653954	-0.0052245784896575356
C4orf48	0.011197277151935957	0.0164675836083256	0.011224981826264012	0.020869830121317462	-0.003488836588017027	0.013430556978456925
C5AR1	0.003065541501504476	0.042595948201283824	0.003132285111028863	0.02071334099570191	0.030776045225348613	0.03698291898521852
C6orf62	0.013564941970775516	0.01441084998093542	0.013968509622531966	0.021652007696384024	-0.001827348699067853	0.007619227942662074
C7orf50	0.008269596284992534	0.0070872045766221525	0.008538896076339699	0.014684771359726845	-0.0036093671390939777	0.0030030992579228523
C9orf24	-0.00785160867133198	-0.0186258314930592	-0.006852367293388359	0.009393390142764522	-0.02260522078232478	-0.031534828261056275
C9orf72_ENSG00000147894	0.007222401481426145	0.012132981192700544	0.00737413745542986	0.01380339304976983	0.015242772439035098	0.009760681296024868
C9orf78	0.0048668337481840105	0.0072287086377667755	0.0054047434059289225	0.010212274046285472	0.009809574924107797	0.008928627012609887
CA2	0.009190499153209195	-0.00518610625314614	0.00914601124206255	0.0110496753990851	-0.00020070322481885664	-0.009093395572807009
CAB39	0.0050168191947892625	0.006090692498736306	0.005229350667136089	0.014463836191446073	0.004931332400500897	0.0014448407551589653
CACUL1	0.004497459069254118	0.01005871950409593	0.0046076490902760905	0.015788885454812385	-0.0005659627580776023	0.008312625834134673
CACYBP	0.012622792299535515	0.0066450806473617886	0.012921982300016463	0.016223715414906838	0.001021030656963913	0.0031180472247518713
CADM1	0.023841101021055452	-0.014117291037346621	0.02386815433763486	0.005841734948445662	-0.019039245454333106	-0.0261105979466254
CALCOCO2	0.01738062274644844	0.0027383735739761805	0.01775081784926169	0.015509209146982231	-0.003912403819818704	-0.00428012021362678
CALM1	0.007176913919885632	0.016758460112959842	0.009736563617754119	0.01616559971910329	0.01610397058925638	0.007356366101545027
CALM2	0.0625432976692443	0.015585870974435836	0.06175147325600326	0.03502891583146134	-0.039183089385625605	-0.008061949777531734
CALM3	0.006686501359932533	0.007085744061183333	0.006780985462661293	0.01849441529305751	-0.0025320672251353724	0.0006977825078533429
CALR	0.03614308608113244	0.016867712168546878	0.03626791598291222	0.028183321559385754	5.7567425830767335e-05	6.18428151656697e-05
CALU	0.009717417207327857	0.004340653052618236	0.009990188716891094	0.019373986529560405	0.0003463517693311046	-0.004593439958331772
CAMK1D	0.014456669587939276	0.004023634748864789	0.014509865988452605	0.01129172377494018	-0.00507142349946606	0.0022168321854194252
CAMK2D	0.012862592598167258	-0.008641687597336432	0.013154767748873903	0.009837037763957866	-0.008394398850271784	-0.02144860954979345
CAMLG	0.009916129511925378	0.008572203419519534	0.010104305541005358	0.014511172690348574	-0.002233896480421656	0.006306471570539586
CAMTA1	0.011165716307072082	0.011622027263105609	0.011244603835602423	0.022287857766906387	-0.010558133162936668	0.004568393997101575
CANX	0.051755980514413505	0.010769048161596203	0.05154909107786098	0.030526699174167185	6.588684295495885e-06	-0.004833412289142282
CAP1	0.02483436425471069	0.041093141123437746	0.025048489985855654	0.024521258386636578	0.0461980859091904	0.03418782169646978
CAPG	0.02353393773287258	0.051544410559536145	0.023366812100614243	0.03131453364716718	0.025290523854179084	0.040111347297740116
CAPN1	0.00426567959918822	0.0002502379706942532	0.004240920488756961	0.013640968727193616	-0.0028584735668155162	-0.006518305448261635
CAPN2	0.02537460481244762	-0.012397858847171034	0.02560096488022033	0.01700485449688365	-0.019665251706105984	-0.023915380312334766
CAPNS1	0.008735852491557554	0.015372713022268144	0.008886739518174347	0.024615679061972453	8.810837404374914e-05	0.005199597406799465
CAPRIN1	0.014854998924016389	0.006209041625560748	0.01510118722724994	0.018061576924316192	0.00013980338329697684	0.0011223770750091947
CAPS	-0.008232110068857287	-0.029269518389229525	-0.007386739013099423	0.012406458059394991	-0.021614822496995794	-0.0427796005375722
CAPSL	-0.0031059558288520092	-0.01151973519427397	-0.0027764094299927494	0.009365091363356956	-0.00970590762338947	-0.024739083179599854
CAPZA1	0.01671061712593819	0.028724265498918475	0.016749070745685192	0.021917579423867718	0.016232347288397335	0.02671375544768791
CAPZA2	0.02734396797669724	0.02311719700187982	0.027201891749868572	0.0288086615953702	0.009143661887280378	0.013395782069592766
CAPZB	0.024754548636393713	0.02296981639635824	0.02490557398003537	0.018687517054023408	0.012359464503443858	0.020235064387086946
CARD16	0.012666489678490647	0.029896277793911206	0.012594719312504435	0.013601794229754587	0.0253628094008272	0.03775977880199218
CASP1	0.007674933524897312	0.022285009092310484	0.007749206935029994	0.013879998214493615	0.01524129434044132	0.029312990249376784
CASP4	0.005104226346136078	0.01127884237150879	0.005367363047133137	0.01286734051281794	0.005870146652688047	0.013963906299656381
CASP8	-5.160794770568775e-05	0.002533772880977683	0.00033822012640996905	0.00012891401590732244	0.00043232257119488925	0.008855515118057685
CAST	0.03579147880445951	0.013732555395672093	0.03630946361996465	0.02839650193240033	-0.012017581794016997	-0.00489603428349173
CAT	0.013551498332449867	0.005192562250515983	0.013506121687392743	0.027020235867768576	0.0042607299387084335	-0.008561094872925265
CAV1	0.0013270511442853967	-0.00550845880606191	0.0014695154724466987	0.010141349199171023	-0.0021519041269073844	-0.017630888526024728
CAVIN2	0.004529509167637067	-0.009735726671449625	0.004520711206486537	0.012378370002778727	-0.008482562857564834	-0.023203943742972785
CBR1	0.01078731428379271	0.0032143921420109555	0.010628963057915292	0.016501051667311327	-0.008624481197584369	-0.0024540297513502523
CBX3	0.02196334857047212	0.015234969570879647	0.0220484616355172	0.023556365161380977	-0.002835129432644801	0.008058795441693396
CCAR1	0.019255448318186853	0.0032681366688636733	0.019565689515622188	0.012060677772193112	0.0015785711814038338	0.0019687656735882264
CCDC107	0.008047208655453594	0.0030262057058410316	0.008106808062230048	0.011631830145582077	-0.000306830901865883	-0.00021320036969220424
CCDC12	0.005424082392014936	-0.0034503345113156706	0.005491329590753878	0.009208071623328054	-0.005438575757070038	-0.009273187101011009
CCDC146	-0.006348274023557935	-0.015749128048745835	-0.005344288989830385	0.008242802182336266	-0.016143755703148674	-0.028521976919581346
CCDC170	0.0025228070614289003	-0.009521295995653035	0.003023325694168898	0.011959407743694778	-0.003449080503005327	-0.020045549139517626
CCDC186	0.015430392184214539	-0.013302114373604056	0.015935064525134563	0.009880104127325358	-0.01218316695280913	-0.025464132620698555
CCDC47	0.02748768694980181	0.002748320559158971	0.027425275250093497	0.0213048481739561	-0.007507737959362315	-0.007526647057371794
CCDC50	0.00835304112057927	0.005514414912111101	0.008432599891447413	0.0167299002491749	-0.00011338071617939353	0.0012933120493716847
CCDC59	0.0022881587239194905	0.005933599736045406	0.0027597873607632106	0.013940180925898462	6.542915177512589e-06	0.0019213404448370777
CCDC6	0.010028923465113113	0.003273784173397638	0.010171961678368539	0.013854704538717512	-0.0011445168553184317	-0.002288980684290736
CCDC69	-0.008149950025212398	-0.0006539286949409173	-0.007498036722172142	0.0068582857681005905	0.007717282506112281	-0.00376338395656324
CCDC82	0.002686064021867219	0.0011268846115016218	0.0031204959801428146	0.00873641885657033	0.006455409630502094	0.0008083493663784781
CCDC85B	-0.0009940237864011548	0.012301195051732768	-0.0008759835256295045	0.007024434840276372	0.003637720196892694	0.019217929271606014
CCDC88A	0.03318210337876765	0.042475072925877475	0.032644428742798215	0.021546637160954316	0.060127312645795905	0.04279265126306475
CCL17	-0.0019499247879769003	0.007404781204768379	-0.0019457017677721546	0.00032009349914435576	0.0038526546195998637	0.006195357530010467
CCL2	0.00563057827555535	-0.004350887634479775	0.005645014220985072	0.003939493919774299	-0.008469905300163392	-0.008096270291126707
CCL20	0.008670279820087437	0.0042735594101607965	0.008342978941679726	0.0066499245531513014	-0.006399463404722239	-0.0006364563058516326
CCL3	-0.008220445641519985	0.008279895099098575	-0.00763942630719781	-0.004388630744422351	0.017415036813679088	0.013809688111533443
CCL4	-0.018803080033505695	-0.0013416527580828261	-0.016859118043909972	-0.018262982838721336	0.02559379968407745	0.013169874682822606
CCL4L2	-0.005075794557706202	0.0020000467573646576	-0.004704424159024914	-0.002841032261629467	0.006457792206385329	0.005521080808569353
CCL5	-0.0356435589569167	-0.019119113931756505	-0.03290840865445172	-0.03644223879709931	0.018498758870444693	0.011220268260711111
CCN1	0.029783947395321114	-0.0070423439370184086	0.029671438925623714	0.002192794709186161	-0.06393592601878043	-0.014109847370558624
CCND1	0.015328127175291877	-0.018925933467741497	0.01529042587186447	0.011713497713075498	-0.02461157272895133	-0.03689742025013619
CCND2	0.006197639303234337	-0.0007174650480450574	0.006656625118931979	-0.0013694323570738764	0.006428124199226778	0.0017847879209283918
CCND3	0.002925796938522113	0.00456449717444001	0.0034317143616036916	0.00565007871394005	0.004405247900447994	0.008607588564538101
CCNDBP1	0.0034656816238997253	0.00372864607026822	0.0037630170318649846	0.014101678212202536	-0.00039323276354518984	-0.00154928852393614
CCNH	0.004538205182761367	0.01097137206049386	0.004687667027797998	0.011375709832144363	-0.00011746848446926692	0.0138330565796071
CCNI	0.023409024993953986	0.030418489771118835	0.023886066013462347	0.02822439550310803	0.011321245294754029	0.012922305470531938
CCNL1	0.03650258976998162	0.0004374974591310108	0.0369485731675227	0.020751957668390567	-0.014278676057024025	-0.007939648465729776
CCNL2	0.010429792627805738	-0.006584427805945431	0.010659344940750552	0.005681966257703228	-0.0021600907138193686	-0.011315874072835672
CCNY	0.0045558803127483125	0.004213203156066383	0.004560719804905918	0.016424234904579768	0.001992418512320189	-0.0032128630907891967
CCPG1	0.0007389812398321957	0.0038259543904265786	0.0008321986602973616	0.01969882091641993	0.000198140889083116	-0.0045314505495464225
CCSER2	0.012530504708773326	-0.00363380453126658	0.012959324147828149	0.0051108221466372155	-0.010789394886902915	-0.00757618579986279
CCT2	0.011190842235339608	0.003981806277278413	0.011372224021379461	0.018232286486812	-0.0037261401727196448	-0.003551406882949489
CCT3	0.013452133937832024	-0.0003482601961587108	0.013658711579394085	0.01874367086467356	-0.010105829770618953	-0.009817111055645882
CCT4	0.012388534296403993	0.007630104024598162	0.012710416685264549	0.023106003449510006	0.0012950866615513306	-0.00032216599257799984
CCT5	0.01989863338205727	0.01221495667871514	0.020029543070150483	0.025496405431758087	-0.0016033408305973862	0.004346128259185215
CCT6A	0.030425199635906702	0.007970889798985059	0.0303734298065163	0.02393572376603408	-0.012985380501256081	-0.001963209517766793
CCT7	0.006092380970412569	0.0004295258896074743	0.006158207967505951	0.017484643463093415	-0.0038340696735103545	-0.007479852720959055
CCT8	0.007382599067810179	0.012599435779632311	0.007593109007577265	0.0236773687862417	0.0036811352272904823	0.005769842673210951
CD14	0.007368814724640794	0.033382432198107104	0.007362353944406591	0.011033941310091245	0.012502408504232152	0.03660036881739629
CD151	0.01209303874426005	0.002230956286734141	0.012181590787007708	0.025255074046573886	-0.007002569500098659	-0.01076102557852955
CD163	0.00568982084781583	0.04635930706992659	0.005625438882193046	0.0219539567153878	0.009606396308363708	0.044313472608604805
CD164	0.02372719477995043	0.020359328944815683	0.023959986826371477	0.02857921359301181	0.009916923763666822	0.005089275565906622
CD2	-0.009101051127289239	-0.006207025905156587	-0.008335662697685617	-0.017778239562366023	0.008424055701308662	0.008737158508013715
CD24	0.010431107612140453	-0.010463721362479372	0.010399898809756879	0.007102521095337187	-0.013883935428032351	-0.021270369708228716
CD247	-0.024105217272492183	-0.008869866533965192	-0.022695318886681054	-0.021242699839919433	0.004739997673618419	0.007021797093338435
CD2AP	0.018725226251864555	-0.00580217795181443	0.019218262754065005	0.013701938127199666	-0.021437432682340482	-0.01896164278333021
CD302	0.014175470168679934	0.01852816093695778	0.01406054842507228	0.021134469079185803	0.00611585271775014	0.014638907886874808
CD36	0.005223339554327877	0.008569958253495462	0.005025195987847157	0.009115969102983748	0.013323727128775376	0.008270590339515634
CD37	0.003973167307957642	0.03859045836206631	0.0040052032490453604	0.00716438509695368	0.0036831769473047995	0.05192538089883823
CD4	0.005595532424283967	0.01884198902510048	0.0056684758959724135	0.016055177770133326	0.005522498837789111	0.022661283526298988
CD44	0.03389763915225086	0.043133393515373576	0.03373985589688176	0.02260715660154099	0.04867778978856883	0.033361818137030964
CD46	0.037211159278738644	-0.00575146636482421	0.03682462420606501	0.02875573128342846	-0.029920834852722362	-0.020844690523405093
CD47	0.010823160559118548	-0.0005926857095666536	0.011333468142086876	0.017279004677631885	-0.007084737817519928	-0.006541480096576091
CD48	0.004193037304458557	0.011021469966411028	0.004232795814006596	-0.018345766284571505	0.013956929980732826	0.03224407959216881
CD52	0.02653348976303623	0.05679362921768997	0.026075155086429883	0.013171403664561217	0.11431220626381657	0.05320369466588115
CD53	0.0029370980160996207	0.03542370208469487	0.003494768824532417	0.005750270081927788	0.035593430795008166	0.05178672909477522
CD55	0.04637217738711559	0.008084121055161951	0.0457466516487621	0.026192737663309918	-0.025895973360282227	-0.008444494480611015
CD58	0.006622365147235401	0.012954215722254598	0.006737638664393471	0.013201139275552888	0.01815719266582108	0.015470832629673838
CD59	0.0228113998406978	-0.018660796458737618	0.023143000609702105	0.029528880907130014	-0.036473283128824564	-0.03946389555645212
CD63	0.07178834320256168	0.02682815071113329	0.07105347004426434	0.043240640051986565	-0.007720414644376436	-0.0064204911488415515
CD68	0.009951185859103734	0.05806059917188016	0.009879397102071424	0.028084613182651028	0.012656233038235392	0.04924694648741233
CD69	-0.0017517055860241338	0.0024896215765451216	-0.001001993136904025	-0.01089612066514763	0.022086756076270964	0.014292840228026868
CD74	0.07479838802959311	0.09344924012566162	0.07218150520929467	0.0472019499928883	0.0843480479404157	0.03731069577944041
CD81	0.0202539440343911	0.025800762151901288	0.020326974160857054	0.04193897236612759	0.006080335747652151	-0.009112942621565673
CD83	0.020241885796263737	0.030600593237987344	0.019748489944646605	0.02048215969073468	0.047691008096915385	0.029302818981961423
CD86	0.013839759112374915	0.021256416478377463	0.013620639761502268	0.013120308986323062	0.030430631937188028	0.02717770454398488
CD9	0.029276163263280967	0.0021369652642129508	0.02895330792748211	0.0424730077312916	-0.015502083071462457	-0.02933834519399894
CD99_ENSG00000002586	0.005616694594198746	0.014653029018835558	0.00611396665283554	0.011521549215722918	0.00287617572033138	0.015928515970371742
CDC37	0.007934955014940648	0.014898149213349348	0.00816523202113154	0.0217816733131273	0.0039336978632935875	0.01061336991761096
CDC40	0.007178388805073776	0.005459688028079415	0.007402389134148572	0.012032610506665029	0.004376433677230512	0.0024584850976895616
CDC42	0.030597964534333916	0.026917509933634197	0.031077532139953356	0.02093660512034494	0.01926083947534913	0.016620585086395554
CDC42EP3	0.010519763812859392	0.00852742599887852	0.011042612726265137	0.013586234433773743	0.004815654006463235	0.004623741012633025
CDC42SE1	0.005073922576327527	0.008994991877279649	0.005169360692482545	0.004670766794543416	0.003613061205464436	0.014908821067495184
CDC42SE2	0.002672317334830767	0.0033721553536878966	0.0029781029625914083	0.0025240763294538298	0.0008153424323679415	0.006008827578248915
CDC5L	0.004088234845460004	-0.0016145726547641638	0.004800866549238216	0.013323245432136456	-0.0138326931878301	-0.008727749183629634
CDH1	0.026355572642793753	-0.0161588765669127	0.02638915812428636	0.010326920148143567	0.0021025308192560983	-0.036630240057712406
CDHR3	-0.0015773779283773325	-0.016846122649342214	-0.0011052231693456664	0.005377261492882585	-0.012131026813590016	-0.027648559312709438
CDK12	0.006929559096983901	5.297956977370552e-05	0.007186904908829438	0.006287901671576888	0.005257866287480085	0.0002669311000280353
CDK13	0.0074029445081715065	-0.0005952804360897872	0.007671988662437915	0.008938914863195235	-0.0017270736115890218	-0.0030085271860335605
CDK2AP2	0.008719823529792281	-0.003430353659689273	0.008712337542409227	0.012165018054742176	-0.005213717078766676	-0.010198192107963747
CDKN1A	0.018490053042348117	0.015372221000426702	0.01835229070549913	0.019393971230767658	0.005457070247710448	0.002218737736454
CDKN1B	0.0009493595239826501	0.0024990188800939578	0.0011895965679507474	0.0033354189652011184	-0.005013290897773623	0.004930024814789557
CDS1	0.0007248369888246957	-0.013374229744972186	0.0009839664171209038	0.00997890592688418	-0.008021858185911975	-0.029777634462566885
CDV3	0.00910484884919356	0.015551199844804228	0.009330052930181628	0.020946101490829913	4.9112893230696324e-05	0.010644169800263038
CEACAM6	0.030045530403587338	-0.008577752208689452	0.029579276325279857	0.008593349067338954	-0.03895635844562382	-0.020659251248828035
CEBPB	0.013243705918844172	0.0455366100304537	0.013296042586281196	0.04050312549306624	0.0021230749100794675	0.013332482463094852
CEBPD	0.012873064850952656	-0.006070796790606155	0.013018948970731027	0.027726914721781563	-0.026037353315237568	-0.022946943114906426
CEBPZ	0.010982870476756022	0.0036212230840764288	0.01123587544301894	0.01678094723964563	-0.015518032479916769	-0.003178836991317678
CELF1	0.004202536587369093	0.004198959072371129	0.004614237067411063	0.019789044031761044	-0.003010696980383536	-0.005487470997571817
CELF2	0.00226533810878847	0.008820762652726428	0.0032419620964010245	0.00558683677270116	0.0015637507739727722	0.017086521274846268
CEMIP2	0.0019762652031995284	-0.0030330622842804234	0.0022369767170300836	0.0003311184641157682	-0.004582241153543416	-0.003909793274600709
CENPX	0.006308636401196449	0.002369309775285347	0.006397594054479444	0.01531792085002728	0.0009201803920636351	-0.0033301045699068383
CEP126	-0.006056009111736598	-0.01606881182304331	-0.0055683322656219295	0.005766183415620538	-0.01015176129669273	-0.02572845863728528
CEP170	0.007735384155290004	0.01395230736612019	0.007791517664729732	0.01729122083781598	0.007146340998107809	0.01312104793526973
CEP290	0.0064128454680592376	-0.006728152705984394	0.007013905549642671	0.009519142174389119	-0.014182522759567023	-0.015285969325916225
CEP350	0.026207217123770714	0.008129463057741662	0.02675545929070556	0.01597477128531499	0.0018017195216075159	0.00606898957615916
CEP57	0.012925836761921468	-0.002273299164962244	0.013180012228539078	0.010616401586111076	0.0013797919155280637	-0.008059693762365238
CERS2	0.006988837287696381	-0.005846627486172824	0.0070354833345871726	0.01329023463902046	-0.004647059252550815	-0.017469711723694988
CERT1	0.021771434898124626	0.009326941891369562	0.021999588180791327	0.012408878145316316	0.006858031432065272	0.008627857366836866
CES1	0.0166817208096977	0.017695536688691685	0.016656658150240578	0.022299019613477977	0.018754185538053848	0.004669715604050659
CETN2	0.0006043879633138983	-0.0156827695253501	0.0010283007094198725	0.020498376693512045	-0.01821081294248499	-0.03011170839181553
CFAP126	0.00032484054494816376	-0.009322730855201227	0.0004017558378585854	0.008276926515591079	-0.00197017282573763	-0.021905248874129507
CFAP144	-0.0003072591546198467	-0.015325158570907743	8.035792478016572e-05	0.008581442889436042	-0.014325614301576346	-0.02814657951412017
CFAP210	-0.000463183817355421	-0.010117737576171824	0.00015562516436052297	0.006054716513317959	-0.01607141190614968	-0.020838829041936395
CFAP221	0.010599573859725687	-0.01377200724549573	0.01073965727109473	0.007327193964885173	-0.011964124305419536	-0.028129321482203963
CFAP276	0.00196685969094442	-0.01532690005767486	0.002182190683977273	0.007049150584588435	-0.004949114900130722	-0.027773486082095754
CFAP298	0.0021679109754459145	-0.010359148407487312	0.002480971072806544	0.0148244225082799	-0.007969998291410804	-0.024143331003949796
CFAP43	-0.0037814219196749786	-0.014735475617081837	-0.0031638401067067166	0.005261855581518648	-0.017629676086084563	-0.025157445171689143
CFAP53	-0.0002780018231962416	-0.011180449730172478	0.00020347621929473793	0.00791030956983546	-0.015840527988950238	-0.022810476205320177
CFAP70	0.003672791420656603	-0.014261127174172484	0.004014355327090077	0.005655409104552976	-0.011189419312776326	-0.024332195999868887
CFAP90	0.0012436267057454303	-0.013490034584667947	0.0014632641765156122	0.008774641814156945	-0.0074806522052788494	-0.026876494476553752
CFAP95	-0.002177175881401136	-0.01170916755619996	-0.001822098770470357	0.006955412164649897	-0.0093334610099577	-0.024094860921761996
CFAP97	0.01021720488137993	-0.008575360521597885	0.010659545912040162	0.011131220679247766	-0.0030945774870755932	-0.01965262712603671
CFD	0.009939227834409606	0.03420690879725787	0.009824432415846898	0.021146391222979143	0.017392159256088516	0.028342359868630877
CFDP1	0.007125594750740744	-0.0004269842004794388	0.007246841269086105	0.019497074217555373	0.002504774723186364	-0.010049354074017662
CFH	0.004354841827981449	-0.010501067929236243	0.004426288991897468	0.008887911347084351	-0.02184304843545834	-0.024374163614172953
CFL1	0.026390445175527348	0.05489337977554284	0.02673044781493821	0.02295983067692388	0.012989294731434484	0.034901173951269696
CFLAR	0.027260817931017377	-0.003191722788982722	0.027607851181478814	0.016415829034094696	0.017211252085847496	-0.01088839475906305
CGGBP1	0.004797033443401317	0.005064676199468552	0.004829714031479325	0.01242416563837586	-0.0038245203370281876	0.002945096614402491
CHCHD1	0.0073026744620450935	0.0029001043475626155	0.00740202238139923	0.017191857744447148	-0.002562741491216571	-0.004037760401673638
CHCHD10	0.008906714476912953	0.021359393939309884	0.008861280509296517	0.03069377485776178	0.0032981851164563406	0.007331854211261987
CHCHD2	0.025379317712119022	0.01907142951888085	0.02566281066943623	0.024474556585956684	-0.003081762112618547	0.004471016318288546
CHCHD5	-9.840187007616999e-05	0.005894714524295484	-5.701485215814351e-05	0.019593810420875424	-0.002549886257496081	-0.0015044621642008342
CHD1	0.022587301382505143	0.014441900078657435	0.023373557919657322	0.012109009744832417	0.013315801961545326	0.011315606457505978
CHD2	0.006607602984108442	-0.005759422406958766	0.007308350695333032	0.012618216094436882	-0.012105345874656908	-0.015122026995998255
CHD4	0.009716525144911177	-0.0009096344246155166	0.01051765433683596	0.016170960817310134	-0.0034804461300862776	-0.009589705150052604
CHD6	0.006224967485144537	-0.004713272969039057	0.006559972165432953	0.006786318269448208	-0.0068489514611690125	-0.01074470775978166
CHD8	0.01015143076334883	0.0005590061822132689	0.010467788893207722	0.007854827630867152	-0.010258412352388288	-0.00021218787806214786
CHD9	0.018785298341326192	0.0029589374471614754	0.019169507786422648	0.018054533797100036	0.0030041781047835804	-0.004470163577878186
CHD9NB	0.002268133265443073	-0.01088964045744357	0.0023743312993808534	0.0074627292697239354	-0.0040703405252313475	-0.02343748693376641
CHMP1B	0.00917018974250905	0.012178323661962233	0.009508715938418065	0.014012583966877417	0.009441960402783911	0.006173291006726231
CHMP2A	0.011467885988439157	0.009251254084333842	0.011684397534799138	0.02845111413493823	0.002616793183795723	-0.0044861842839538195
CHMP2B	0.013078901279818384	0.00860253268499327	0.01314382415515639	0.024080002685257902	0.0015138389281745468	-0.0019528777311590341
CHMP3	0.012119661443019136	0.001833633417447165	0.012303619962260433	0.02006107790170995	-0.007542596719978949	-0.007084498905791572
CHMP4B	0.010583197881400216	0.003695832645877103	0.010489264108145923	0.014846057744231828	-0.00083648873317425	-0.0019118771596496596
CHMP5	0.009666892233536168	0.010697703442854319	0.010155381039971585	0.027584917636468417	-0.001628859669784152	-0.0008446666156119452
CHP1	0.007465375341732703	0.006825099429632711	0.007565408824471241	0.020331807402460086	-0.003421797975897314	-0.0003498259882574556
CHPT1	0.001327172810441958	0.0027161044414603704	0.0013872129503400294	0.015280628229018763	-0.0017764792626327368	-0.006288183697973337
CHST9	0.004605736418820306	-0.012308707880174382	0.005056926582105961	0.005655205339589315	-0.014204240664700121	-0.023321684568798257
CHURC1	0.01742713202001393	0.013243608320316716	0.01773453615226143	0.02063063256277917	0.02187877718695801	0.007317247642177313
CIAO2B	0.018848255330323076	0.010518185105215908	0.018914162731489693	0.012859074194380775	-0.005185076549026918	0.012157361256586223
CIB1	0.004409371053480758	0.005705169718168518	0.004633264569701224	0.026723761185508985	-0.0014235372874165648	-0.005599386933373361
CIR1	0.016775911201959565	0.0023707728570865295	0.01725303075658247	0.02040898945219789	-0.0019188947553544077	-0.008014320988891453
CIRBP	0.023734773489161465	-0.006420392004550091	0.02391512311048954	0.018040886904189746	-0.011165141060547305	-0.01546227024388912
CISD2	0.0030659003640985407	0.007772292286874422	0.003101243143732814	0.01730488756689094	0.0015425579717255847	0.004366201760583004
CITED2	0.02667717299558616	0.010204322842988387	0.026882003476175823	0.0246602155201161	-0.007144539926628846	0.00039293050615582585
CKB	0.0060426326897877036	-0.024793905745724307	0.006239969475377384	0.014364027522509601	-0.008620236960576445	-0.04710488417587739
CKLF	0.009246168444057257	0.02486336229938788	0.009312551672655427	0.01524053302040838	0.011607694060505273	0.027692517768929243
CLDN18	0.005811170691909413	-0.021219634870114534	0.0059415179056020095	0.0040741213774996765	-0.00948301910407569	-0.02706285307234761
CLDN3	0.01135293498470265	-0.020046671431246773	0.011438940781197294	0.011995615291150593	-0.01513719408561446	-0.042398758762595634
CLDN4	0.033909473082257016	-0.03826568097611898	0.03380664347323045	0.015816501738269376	-0.05738665788478585	-0.06209951126845553
CLEC12A	0.013461017135102622	0.01923431756074102	0.013283376585219504	0.012084533911988219	0.031829066613930306	0.02467664643875517
CLEC2B	0.006342695001256009	0.02256828414051591	0.006589655882099718	0.001714490520754085	0.02536780627074908	0.03975070199820303
CLEC7A	0.013181068926795995	0.037667882673694426	0.013011867114914751	0.019939605596661265	0.028169603753920535	0.04122888337144989
CLIC4	0.011491174451497086	0.010058047548969657	0.01168089888298662	0.01604961482405771	0.005541324078508324	0.009753977363624971
CLIC6	0.0018732219837181803	-0.01459356576551015	0.0019566786338712483	0.008927060613857429	-0.010199189888418902	-0.031570993873850976
CLINT1	0.03171063603913988	-0.004365829109245813	0.03163201383672985	0.018974468817221493	-0.02352801780036673	-0.015414947344973938
CLIP1	0.014524325215837056	0.000733453308591391	0.01452392158354104	0.021362974778489377	5.841449530101846e-07	-0.011333877151967268
CLK1	0.0034697247614914645	0.004207607244789657	0.00430984937849626	0.007818196419020861	-0.0016308926190741642	0.003327642851868904
CLNS1A	0.004703712864595333	0.013184087791764477	0.004723336299340332	0.019150289090935566	0.0006735568285564045	0.010870816170587034
CLPTM1L	0.011134611407596064	-0.0011760278485122683	0.011216604300144586	0.015906116717423854	-0.006786037157255488	-0.008738206692381706
CLTA	0.021035599325082806	0.017426659905450177	0.021276538250565417	0.037721504267627534	-0.002562377927421216	-0.0044281664205394885
CLTB	0.006428224167505282	0.0054619691221401865	0.006549608111363389	0.015503129807950414	0.0033228725048152137	0.0006607111638626461
CLTC	0.01850040461152605	0.010537115943916976	0.018716807930140862	0.02434093860931756	-0.005782762172439554	0.0016096546050190642
CLU	0.014719719600093124	-0.028351681510493294	0.014649156911259231	0.016769899319773893	-0.054650687918683966	-0.047981029392906174
CLXN	0.0004937856394978866	-0.01085879846556594	0.0006700357128987732	0.006473579817203703	-0.007022473261335402	-0.022508612600171278
CMC1	0.0069632983287950855	-0.0003163107000004801	0.007594819378538434	0.0073145254407810155	-0.003012546521097712	-0.0002250234018776478
CMIP	0.005355573270708915	0.010263119293780744	0.005634761068893237	0.017091314722897134	0.005157527391456802	0.0076070620545983375
CMPK1	0.015023917330836238	0.007345611143132406	0.015148294347472231	0.022726279097685154	-0.004631326376838514	-0.003802493279715906
CMTM6	0.028010702193666442	0.025578229267445712	0.028187441473178174	0.026044063736807767	0.019552740046434064	0.01691246224657
CNBP	0.03555926191479267	0.011866074579416443	0.035623555989965236	0.021867468273381745	0.0074036012917023854	0.0018601665911461827
CNDP2	0.010177113864742677	0.010240732327796633	0.010304855362846999	0.024085579996799684	0.0013689270609428738	0.0013761956395012787
CNIH1	0.01027772055897416	0.003082347025160176	0.010426676013314318	0.015418345858950435	-0.005180505765024202	-0.0029786997026727967
CNIH4	0.030919920295082833	0.006051993088483965	0.030720398045230683	0.023796295668419343	-0.020716173736071587	-0.004625315321073304
CNN2	0.005031269825831912	0.0047261934116801	0.005017363623972702	0.010813546839417277	0.0037046048120640425	0.00024185532811774846
CNN3	0.009046273484459596	-0.01091545850537723	0.009049499371853054	0.009298773706383032	-0.019256063733962898	-0.027671769201513045
CNOT1	-0.0006950509421187042	-0.0030178972236179573	-0.00030470908280931953	0.008306240418808498	-0.0007931566175157384	-0.008403351635947512
CNOT2	0.008770064663135381	0.004548967605484551	0.009150695044749753	0.014732282269772152	0.0028702980881385146	-0.00037666184900085777
CNOT6L	-0.0038429933001156136	0.0008168611871487299	-0.0030931735716065605	0.006511643908725087	0.0009644920409863301	-0.0013248335365280356
CNOT7	0.004794216926350947	0.004228508432879642	0.005005893480894747	0.013334216677625327	-0.0014464624024360126	0.0015936616622261393
CNPY2	0.005726890744498119	0.001886899253498741	0.005829155521526554	0.01746885984441248	-0.007134102700061411	-0.006533025375851376
CNPY3	0.009234815016794403	0.018814561218648482	0.009174385682194567	0.01720670347060267	0.0029724369187396605	0.018520437102851693
CNTRL	0.006552335617420304	0.0023474569589522834	0.007057925647904574	0.010568483014320975	0.0010090126826343272	0.002810471146912807
COA3	0.007551767758108683	-0.003522623408218432	0.007770716168622242	0.018450117203815473	-0.00950826366147041	-0.017401288000914197
COA4	0.0012780710532261648	0.004992365935440706	0.0013531050200205961	0.017091395809123954	-8.604463590059002e-05	-0.00016249272680241936
COLEC12	0.016871953158071763	0.009458223327689056	0.01693004783581758	0.017234770899267157	0.004588077365736417	0.005858163730532341
COMMD1	0.008635254658934766	0.005380207196893007	0.00874334082539097	0.015481976842245662	-0.0025464366945115347	0.0012013886578587595
COMMD6	0.02165672288560739	0.021125141654691055	0.021995182605106387	0.021405045752218816	0.0025568590247439056	0.012179927059964608
COMT	0.008367652757280524	0.01730831033923555	0.008478159644541166	0.031040488810858913	0.005660141112445097	0.0008020698696935058
COPA	0.005261687680026485	0.007563385831139111	0.005549374906120879	0.018523322354865254	0.0003561245924906378	0.0003825681120100948
COPB1	0.0261392621315864	0.002605450699233993	0.026215191766186887	0.019697974693282543	-0.0012762735292700335	-0.005086525160287087
COPB2	0.01472638212607557	0.0013575869139608844	0.01492414308896682	0.016244402873216802	-0.010280187618387013	-0.007343778163702762
COPE	0.010181370396350375	0.01393085392930331	0.010037073262555714	0.023087896556682336	-0.0032177893295071754	0.00394633327168779
COPS2	0.007688544528106011	0.0032552018872716486	0.008103999663462123	0.013685705467683322	0.007423103226308702	-0.0017213523802058763
COPS6	0.004694726803983479	0.0012825929725466816	0.004678823792509931	0.013468649571228885	-0.0033481237010503733	-0.0034036766291318183
COPS9	0.01602546737759253	0.010330547955144683	0.016081183828002533	0.022198745333263596	-0.0039968526753573165	0.000850410105408155
COPZ1	0.009072525060989482	0.000352188322908633	0.009197045566164568	0.016266751675447413	-0.0020420930510280533	-0.007009987366910248
COQ4	0.0036066786240774584	-0.006614508199639867	0.003774982395721418	0.012396300883884529	-0.0007526072049448173	-0.01991454029562011
CORO1A	-7.244279242124996e-05	0.01678434484321747	7.432742236647806e-05	-0.0186866218000439	0.003834068283767759	0.03909143758442644
CORO1B	0.006481420377102935	0.011867778567154014	0.006485089453403038	0.019987503653235483	-0.001989412786125198	0.008691884017453917
CORO1C	0.008018149059386175	0.02243398954609171	0.008075278650216566	0.020698821016445518	0.015688857176224938	0.023725895237155337
COTL1	0.016051619100032173	0.06332309845936965	0.015862417511421898	0.0207881396291267	0.03680245373022976	0.06023242297046375
COX14	0.011207790276878562	0.005085382132059369	0.011454846325887691	0.02678973319261191	-0.0048128020259001715	-0.008317587023986916
COX17	0.00412293594145979	0.012712760076181332	0.0042879554042253715	0.029106351046180763	0.0007543130504086478	-0.001966445043039835
COX20	0.01383239969395998	0.0007008932826092066	0.01394381342996629	0.013428991705293696	-0.006362631071623317	-0.006297161764655965
COX4I1	0.04185023218229684	0.03625282704421143	0.04176674129855037	0.02591620080262056	0.010154427581039573	0.01711863734967678
COX5A	0.021787412986340744	0.01836626117331342	0.021962493598425233	0.030734635853263564	-0.0014839368264075135	0.003901967641706436
COX5B	0.02904467465574426	0.021265843767044122	0.029034638167339484	0.02998204835780588	-0.007384235667275856	0.0038313371482227164
COX6A1	0.039320434186367215	0.011491420772714192	0.03939328861147085	0.028596246952492046	-0.015518887814218727	-0.005141834643342854
COX6B1	0.02306123296931898	0.021563190159669635	0.02307557445036468	0.02630112503006417	0.003969944117938385	0.005523582055825964
COX6C	0.03260470129762224	0.015107609578157143	0.03274166162559224	0.028272599422765336	-0.016677331864274957	-0.00015754393259735473
COX7A2	0.038816029715437204	0.014535180573729552	0.038888311407428315	0.029136315583820876	-0.008507090859211409	-0.002436113036117083
COX7A2L	0.010471237233671615	0.010696135980830437	0.010571886307116788	0.026673870952145233	-0.007510465653874427	-0.0014557704460647317
COX7B	0.019538179159886003	0.023045143050412626	0.01998697776604913	0.02726520140220213	-0.00020969016567008099	0.008861012339294492
COX7C	0.05431367037753438	0.015795287121709266	0.053986015249550205	0.02710471583869324	-0.02070953968727807	-0.0013058841428199351
COX8A	0.02284560564855176	0.023654073970567572	0.02307366453376803	0.026527687536484348	0.004063484673572324	0.00974084346531155
CP	0.017161655105062377	-0.015055051814091128	0.01659101802713829	0.008434434193249527	-0.06795013658169757	-0.02662685121364033
CPEB4	0.010120097437151448	0.00709383189641243	0.010417559103180181	0.024615977779406974	0.0007509606482244916	-0.005562410470808991
CPM	0.029691490915356143	-0.008425940296980109	0.02970684708417297	0.021755877314745688	-0.013999219060217932	-0.017534261978093095
CPNE3	0.022917312414699086	-0.004269114375990792	0.023110185153929985	0.018261129672789877	-0.007513740743058374	-0.015298259903639276
CPVL	0.024422163623367913	0.03834191338340232	0.023734282479495404	0.01610697007342374	0.047838807933907365	0.04479502119588847
CRBN	0.010576780120645262	0.0036787436734188788	0.010795712993498019	0.006320871063810101	0.006276305974204769	0.006252361479335686
CREBBP	0.006928955679161467	0.001671157321585242	0.007496023650247536	0.009116073741455701	0.0015297739914322723	-0.001473909689803949
CREBRF	0.008105560247616134	0.003332584821210973	0.008510413336070059	0.013864244589370248	-0.002992757909134996	-0.0012922759098581683
CREG1	0.019759773851997686	0.01607488654046444	0.01990971101602239	0.024970216307323646	0.008526482103261398	0.00956182005286227
CREM	0.004846387663313179	0.018516032153695704	0.005287574296201938	0.009388643103177389	0.024249494990084438	0.015092688146198813
CRIP1	0.005338255414034697	0.008768988054517451	0.005475054026686351	0.02049971249854995	0.0036017318868653866	0.001778048375522932
CRK	0.00426838989608106	0.005597389505909704	0.004394086645791874	0.015254038902709894	-0.00019409585227322986	-0.0002591449691406441
CRNDE	0.0030977722045541023	-0.01476283272623684	0.0032925658071763088	0.0140492045300528	-0.01133034069920105	-0.03472641353093602
CRTAP	0.008580471418112192	0.018541600596366996	0.008643147819716462	0.0180696362023621	0.0036737252604539766	0.019678943842183917
CSDE1	0.031391098657662285	0.012830245546329996	0.03202407784213113	0.02546126145577522	0.009969958559719055	0.002399841250448923
CSF1R	0.0052187741983852785	0.018214002023920588	0.005121568187163766	0.007637330677447299	0.017333093870351535	0.023592417390620523
CSF3R	0.004706821894345597	0.005306461743168907	0.004668550522864984	0.0070665203713106	0.006810594611307419	0.0045243270771555865
CSGALNACT2	0.005615758188065475	0.01783085249635493	0.005719100419153672	0.009218657266015949	0.011792320651990689	0.023271960058643827
CSNK1A1	0.02966231836159558	0.006448285223166414	0.030092234265483932	0.024707587469896618	-0.008810922791958813	-0.00500863461671031
CSNK1D	0.006360917452433839	0.003131483409322963	0.006448268075787781	0.015121638742862485	-0.0032077753752630758	-0.0020481467157841644
CSNK2A1	0.006639110409305959	0.0028118452209190776	0.006739091568303038	0.01276636774835276	-0.0038567386875586938	-0.0011562273804494772
CSNK2B	0.002626459475146586	0.012798936470301583	0.002573669583549011	0.02199075552558139	0.0024971718970764785	0.006120701196966193
CSPP1	0.012013771357787736	-0.009442952963541227	0.012277577494272586	0.008098398175115208	-0.0045234039351471	-0.019304467631556965
CSRNP1	0.0066831611445937085	0.000544597905029975	0.006872180201156663	0.015510224230730575	0.0006345792900934586	-0.01146039802727229
CST3	0.0544907200350591	0.07616893142257934	0.05343320935598342	0.0441998712455881	0.025602759933398972	0.029900817848365274
CST7	-0.00888597721377623	-0.008599411844217163	-0.008307327377540146	-0.026862365898468802	0.003115283951282455	0.014071433506490419
CSTA	0.014460023829818055	0.0364318964679672	0.014386581570328284	0.017871518464674982	0.026443400223705373	0.041402080329766666
CSTB	0.015923864187180475	0.03542824397875415	0.016072844730303616	0.04817817750519787	0.015377275767430598	-0.0022828271612042685
CTBP2	0.011221600970097846	-0.00146056538520898	0.011605938703891119	0.01406041341499746	-0.00822374434217026	-0.010682459369221898
CTBS	0.005871558153759645	0.010665973632427262	0.006093880676233787	0.019188111543739284	0.007933825810184309	0.007182385325728305
CTNNA1	0.02468479286162733	-0.003749369339357932	0.024853018062533032	0.029700566202584232	-0.011568824601211907	-0.022300573782674124
CTNNB1	0.015358650381791041	0.01073665848120481	0.015708937015319824	0.030789021591915995	0.003125114442100505	-0.005321493201087678
CTNND1	0.012211930862181863	-0.0025325569303053207	0.012401946095714753	0.019534333920696045	0.0017281720105261284	-0.01638780612427998
CTSA	0.008952629264252233	0.01956730809930889	0.008990771981001778	0.021396075610032754	0.0027515939562919134	0.01640259159118517
CTSB	0.04664157030292379	0.06389126743044098	0.04589276947312673	0.036867242583307855	0.06397731167033799	0.03812717129683731
CTSC	0.026578771961297	0.047350753450427205	0.02650677576151301	0.03470101003669485	0.03207594943007573	0.027480742704612343
CTSD	0.03325472343524099	0.06098141860795788	0.03309699667821488	0.045374769304650786	0.026934657009605015	0.0187042515555516
CTSH	0.05257313036524209	-0.0029427833557915863	0.051725937798589736	0.03497209574480316	-0.023813510227009897	-0.015712312319550593
CTSL	0.013290485588868379	0.028361043387350397	0.01332804356341914	0.025604212075900877	0.017294577829470137	0.0190570474374655
CTSS	0.05298630400336749	0.07844788400515143	0.05106927169468817	0.036092647630039956	0.14592390058065852	0.04430165493851252
CTSW	-0.006078894693423258	-0.006608926849816146	-0.005603120671342165	-0.017373648239633763	0.006442065794553347	0.010548834661949533
CTSZ	0.014224318308111059	0.05186111182619325	0.014273079976277438	0.038603354394676125	0.018309228864245724	0.029819203227252223
CUL3	0.012146476246126267	0.001422913632164946	0.012624062705885074	0.012390246348535073	-0.005399230042288933	-0.004675842861007282
CUL5	0.008836287327581824	-0.0003831343562670111	0.009261986631075527	0.010307676488215884	0.0013272070765452245	-0.0040866604200774604
CUTA	0.011435052908794475	0.0013945984233005807	0.011612400656822189	0.02113376458884611	-0.0059200430297515925	-0.010861564685555521
CUX1	0.011302573704895479	-0.0007055855628228759	0.011361745530664194	0.009226218193735489	-0.00010317534731270343	-0.007428306089466964
CWC15	0.004983485202436338	0.006353348715286067	0.005504189540116555	0.01307776996364767	-0.00022540339283181487	0.005203545855863544
CXADR	0.009491480546221997	-0.014624660849181377	0.0096611041632673	0.009053155151133035	-0.010759264142354306	-0.031348320851226436
CXCL1	0.009562897852969713	-0.01160424452028913	0.009130477532627159	0.0045663959779439975	-0.04463287932403684	-0.017081968020921143
CXCL16	0.014494036257448469	0.03598210742950432	0.01443893079301857	0.029652963092783813	0.01646775569822392	0.025107301256174174
CXCL17	0.027811699190502276	-0.04004754330539329	0.027744792052519368	0.012589058892851987	-0.04588450476126024	-0.05652372047424589
CXCL2	0.04234344575424374	-0.0012123979844360496	0.040982654060781706	0.02175175191644044	-0.055668748511177826	-0.01518706334225288
CXCL3	0.02984648165213875	0.019468070673171144	0.02932828246228248	0.017224959504652144	0.015896131906061692	0.010937864261893101
CXCL8	0.043231851954019684	0.013651261855560336	0.04104249582916936	0.014464475446139442	0.030308433877849882	0.00010024537548973002
CXCR4	0.00469419081196327	0.023422450923844713	0.004905040744802222	-0.009969745301950285	0.015385715920951722	0.03900841934903933
CYB5A	0.038608611277212594	-0.04766444051532138	0.037962174191003964	0.031314954308160566	-0.10118307873015144	-0.05859710893942269
CYB5R3	0.00868092985412968	0.002331384670000228	0.008869028011570728	0.024113004790826308	-0.001614997635189583	-0.011191528772092061
CYBA	0.00429107373608463	0.07589230130578867	0.004406460742082811	0.012584239408298012	0.01853865988327745	0.06118809845118157
CYBB	0.0267508662289568	0.04845723252233452	0.026012004238337248	0.02049211809523025	0.07617953712540466	0.04791459260755967
CYC1	0.006882736230281894	0.008017790838546143	0.0069711764734320504	0.017098334018174382	-0.0031965655002384194	0.003365584199691805
CYCS	0.014678009747925144	0.022600148681109378	0.0149380935104109	0.026646755248020845	-0.003695490887186592	0.012349853275873231
CYFIP1	0.00969373275893801	0.00789814852550971	0.009690333185534165	0.017595304955230474	0.007809524243217054	0.002399793512193845
CYLD	0.009025867250930986	0.0064197314880385745	0.00951839797413751	0.008068269628182353	0.013180468830376255	0.00762707268024684
CYP20A1	0.009008659583668742	-2.9172710507933085e-05	0.009297133721734779	0.009876880362540122	-0.010351005055782733	-0.005555863344218211
CYP27A1	0.012898116993378788	0.024577600661357894	0.013033181982416271	0.02191114006598362	0.008753695219791203	0.01886230601880476
CYP4B1	0.010680150594140694	-0.030354667594976025	0.010817917017248822	0.014682470519120564	-0.027876346885315515	-0.0527097079468623
CYRIB	0.01575771882349849	0.022891121365196106	0.016066939400962883	0.011357105515329376	0.01186638576864918	0.03004753934809683
CYSTM1	0.013074645406701517	-0.012839166098542236	0.013564151891449579	0.024411478824865482	-0.009855844378174147	-0.0304143492903218
CYTH1	0.011939017948607545	0.008281434941186296	0.01274938128443525	0.010296241621487137	0.01575005581337831	0.012517776246845873
CYTIP	0.002128804688972968	0.017173838059742933	0.002400842133287967	-0.0007153053600740678	0.00977571164022863	0.032272237346195276
DAB2	0.013344135300807788	0.024147800489342307	0.013258229428486059	0.02248375946333774	0.021153262853594826	0.02103958736931772
DAD1	0.010063374801987652	0.0026297629283019946	0.010218177447848179	0.02271218244964094	-0.0020508530424724657	-0.009254197247788013
DAP	0.0037225042208368204	0.0008217121819311596	0.0038451658168719713	0.01713543153425444	-0.0017762368552261955	-0.009623221145169674
DAP3	0.008974279643138783	0.003996911170415748	0.009016049186270959	0.011037061364491826	-0.00197777700877939	0.0018126606929564565
DAPK1	0.016252209627809034	-0.00013805281334548346	0.01640058187035634	0.016071125210583195	0.014193551798723992	-0.009116769183478812
DARS1	0.01578975514144234	0.005025844265412901	0.01601889444697878	0.016639083182841304	0.0049898766071544125	-0.00018777792785283685
DAZAP1	0.006855533490310339	0.0013446848618992584	0.006970801984615269	0.013271034257660623	-0.0015355075310333154	-0.005563699871781487
DAZAP2	0.014132907920056993	0.012926540371484678	0.01435171724219224	0.018003110275899948	0.003500293711731224	0.005936568833571531
DBI	0.029047343197266547	0.010435784686602733	0.02914651383999669	0.032090772965778086	-0.0027014427223593716	-0.004922162720977999
DBNL	0.008256029179682474	0.01681464564676479	0.008264505155417757	0.01601175278467774	0.0007514576648839513	0.018147069708924414
DCAF5	0.009355002505358858	-0.000506821867097942	0.009728670406435765	0.012604619745967924	-0.0005138768878131021	-0.006042177876773264
DCAF7	0.012646271032950754	0.004428580836394125	0.012785381219607102	0.014989509282317879	0.00742837008672202	0.0009067120200197099
DCTN2	0.005224439843173658	0.007542338673472632	0.005380486368449185	0.01433389418024818	-0.0001507165310199695	0.0045631709683088325
DCTN3	0.002612212649755711	0.00772327413898964	0.0026312148658297558	0.01680541984902431	0.004271676384632957	0.003443754082489141
DCTN6	0.0031755089792079236	0.002339064437436546	0.0033923966630824364	0.014540183494148495	-0.004592292104445801	-0.003193559206567029
DCXR	0.0044544674745022805	-0.005639052084693208	0.004516638525492236	0.01696222205388381	-0.0019525048170213524	-0.016831962533719796
DDAH2	0.008128938741856053	0.015696871605725773	0.008171599750067454	0.0207135945810052	0.004839092582360683	0.013446607415242817
DDB1	0.0025247615983861335	-0.001865266516510111	0.0025478795152952616	0.013076293649457426	0.0022583593265641778	-0.009856069751750305
DDIT3	0.015511564132449319	0.0038113625450108555	0.015707080367931142	0.012852475457879995	-0.005571248168477027	-0.0011836079183417017
DDIT4	0.0001263920793554531	0.00845694428249439	0.000579935485293376	0.0006374526020092816	-0.007072048121138066	0.010836134438497359
DDOST	0.015962176537580176	0.0018324454363713165	0.01614236530138508	0.013085595197431372	-0.008085881669958208	-0.0021538951244931904
DDRGK1	0.009961336723552754	0.0006066205414174074	0.010083346365288997	0.014963434040301841	-0.007273389024003548	-0.0042142845514079735
DDX1	0.01617953307553158	-0.002616271399204323	0.01636047921662736	0.013797454555166526	-0.008349090903938636	-0.011192112508476878
DDX17	0.018528991984120478	-0.007110139367096551	0.019205575338214802	0.01896281492871743	-0.020230676962314807	-0.014363973995124601
DDX18	0.014424541435995584	0.007697537049528204	0.014761199875734203	0.01465450799124616	0.008424102916288671	0.0038049788521324762
DDX21	0.025763219453644376	0.01724809170423709	0.02610926995867769	0.021380458480690978	0.001140249859909771	0.01064937427715828
DDX3X	0.01651122005391466	0.012111262513002099	0.016976480507085872	0.012527605566961508	0.017109961012778757	0.007068036853922684
DDX3Y	0.004991861061355147	0.0025824639782515927	0.005561770666940198	0.015821650755193185	0.011847597432223411	-0.008330195603968473
DDX42	0.013400315855308414	-0.000524672614047525	0.013666921553560887	0.014907048720338755	-0.007136114750907651	-0.007538001443494512
DDX46	0.010132654150070277	0.005292681526920486	0.010803383703777375	0.012106509634519421	0.005910456619666376	0.0043199637205144975
DDX5	0.04261033607744034	0.004967471261906757	0.04289818170849395	0.012289574071950063	0.004395071919609277	-0.0018121858362578184
DDX6	0.014986982163376333	0.0011011182258270412	0.015559546003150453	0.01577896434167355	-0.0070297735850330485	-0.0046030549257633285
DECR1	0.009703658499808029	0.018465949729749048	0.009970094489836599	0.02111091508181811	0.011618151435505786	0.013742244249138322
DEGS1	0.009448090065824215	0.008204435853221975	0.00949936399584448	0.01653639984601832	0.0017600384673954477	0.005579461148805863
DEK	0.012997814916210243	0.02007624853213059	0.013692408034793654	0.024870751784944405	0.0006031346967742032	0.011148935436781249
DENND4C	0.009565646077518817	0.008854443821492032	0.009632254340286642	0.014463432690230905	0.010211485959606288	0.007745563373366603
DENR	0.01262208771592212	0.004047347421021628	0.012853478078293469	0.012927580045657552	0.005754077566360739	0.0006984126436505822
DERL1	0.0037306074798725795	0.01066657253404708	0.0037871716951751616	0.016535520886751986	0.00023794976514175198	0.009249953671218216
DESI2	0.00731642219162396	-0.007950958390731545	0.007381156814438737	0.012723269891850433	-0.004375641221984097	-0.01956537726553836
DGUOK	0.0010265016233376289	0.00769205987259637	0.0013879469806673842	0.014391740248839706	-8.459141995351598e-05	0.00564202512440284
DHCR24	0.015119756516905055	-0.03269538328306938	0.015287708092355346	0.015517304053400717	-0.017677093422437753	-0.05087414038070071
DHRS3	0.0012233557748930787	-0.005606605119764957	0.0013286744717008014	0.013290712735019474	-0.0019828897932318316	-0.01653683817806042
DHRS7	0.015997764410117243	0.0060431080261808354	0.016575985385451283	0.014471940145232759	-0.00048435426070552335	0.005114679044609186
DHX29	0.008521077254902717	0.004622772492441725	0.008651999987628778	0.015219001058367803	-0.002175088624603586	-0.00029522238612622083
DHX9	0.01574996798838987	0.0014848795690826854	0.016170210368878637	0.014447887784607451	0.0016819836505873869	-0.005770661263661654
DIAPH1	0.020721879067968012	0.007310425317263437	0.021204280584165146	0.013958253798342563	0.027707492369635586	0.00937239819095534
DIAPH2	0.008077091672564856	0.002526602856084143	0.008322285883335587	0.011425149863659338	0.0031335911864004097	-0.0010156087994690297
DICER1	0.013208992121931017	0.007735024222154554	0.013266192457507826	0.015846887389331866	-0.0009843335185066055	0.004446615146898957
DLC1	0.006502731425484848	-0.013775995628029369	0.0065295746296172175	0.006346624192686146	-0.006043765025523038	-0.022613911437636157
DMAC1	0.006579261008486937	0.004228650066815866	0.006543301644717741	0.01789425201741351	0.002026499398824234	-0.002984741026565495
DMKN	-0.0015293805796078616	-0.01967251956135061	-0.0014138442683018222	0.010851935812003935	-0.005927046575658641	-0.04188398477843488
DMXL2	0.010338792996969815	0.01462224725140399	0.01037773551027179	0.012576096413974665	0.004887403580906072	0.014791798718906535
DNAAF1	-0.000611883443938472	-0.022842162047779845	-0.00035848193506116306	0.005506834595857333	-0.003912755995560624	-0.03119433426165921
DNAH11	-0.00211715749080965	-0.015041544495991536	-0.0017289749602537171	0.0036868448383027335	-0.004652745779344511	-0.024111595681804984
DNAH12	-0.00867382196251114	-0.019021301682935646	-0.00800247301854684	0.004699125167243375	-0.014097984159799532	-0.028660993897401288
DNAH5	0.008932909371053429	-0.02111371553368413	0.00934138546280746	0.008228762468211574	-0.021212035430492205	-0.03569729792755546
DNAI4	-0.0011016308229801143	-0.009025392673647745	-0.0006450495940693449	0.007243442988617627	-0.01298316864147269	-0.020793316518414706
DNAJA1	0.032107811333166064	0.028750980265341626	0.03231888260995765	0.03408267547101566	-0.007388852487053881	0.009993956505096099
DNAJA2	0.007561391679263282	0.007412963490981735	0.007891821973055393	0.016138833737139542	0.006984773628484317	0.003743728605134013
DNAJA4	0.002824701389591655	-0.004404292818875195	0.00299904238672688	0.011898226504533923	-0.0025956333853301657	-0.014243221330696984
DNAJB1	0.027684142864651456	-0.0011604359604995222	0.02818609778620248	0.021988453047225475	-0.046899326344645796	-0.013775527593153543
DNAJB14	0.00920447900174947	-0.0001624969101310953	0.009528180008501653	0.009493713003458611	0.005316396079683819	-0.0013990726383166082
DNAJB6	0.012020231492659097	0.017862240806722465	0.012369466481690586	0.02510283457443657	0.0018644621962135715	0.009947991901873843
DNAJB9	0.007793357755407503	0.0035600631134036238	0.0078861194035506	0.012733482479186778	-0.003850575515765591	-0.0025036140976964286
DNAJC1	-0.0015565106531017785	0.0024746780838497805	-0.0011395433247618778	0.013627839398576275	-0.0044525362768533154	-0.002270635360739971
DNAJC10	0.015063344253487734	-0.0028762428794187195	0.015255290184159113	0.013783219390547108	-0.003597056467950052	-0.011826978252245825
DNAJC15	0.003749331625393674	0.012961786355866542	0.0040611786656747795	0.02093761256950329	0.0033167278082571784	0.00846933322645209
DNAJC19	0.007045698781663239	0.00011689182276447552	0.0070122855134638964	0.012665881379791575	-0.0066798952835027525	-0.006601749094177732
DNAJC21	0.013810476029514972	0.003428442792356878	0.014065808738976657	0.01863011584587049	-0.009318415256075954	-0.0055055478927986635
DNAJC3	0.012812403642245796	0.0034428774499848267	0.013075510374479824	0.018786909931054304	0.010261640092831804	-0.0040499155091515875
DNAJC7	0.01856238904970605	0.00789081571247465	0.018601424838202214	0.015881210756830955	-0.0009984283881053313	0.004564265123183224
DNAJC8	0.011696941594904541	0.012141773832805649	0.01219473068290793	0.01840969201450582	0.006141131009990922	0.009761628047430674
DNALI1	0.000888116052270971	-0.012108087405171927	0.0011076750404209936	0.0073827342590962845	-0.010068903013066078	-0.025376498975979354
DNASE2	0.016088596080484	0.0124887662066966	0.016194011438667423	0.019641100948365436	0.0020819655974278184	0.00992447711547413
DNMT1	0.008646011316390794	0.004709990047854247	0.009029031825160173	0.01275846597401063	0.003382352862779806	0.0015499015688009794
DNPH1	0.012397473436608759	-0.006160840933839715	0.012471790866159502	0.015575273705704247	-0.012693516996955728	-0.020315696213658932
DNTTIP2	0.015871228144850286	0.011775265077664137	0.016591484459599834	0.014188692230843954	0.03282028380719738	0.006660677701416924
DOCK11	0.008742617720843778	0.015160867476306078	0.008955414105394171	0.012998394272477978	0.017497359238468284	0.020743390568562628
DOCK2	0.007819367909372349	0.019118625507732943	0.008130040801870287	0.008669488488879629	0.016497023296029277	0.028910414792211837
DOCK8	0.012599958684157229	0.028210990670765303	0.013090524528395292	0.01442058304105278	0.026423298939144833	0.036656410638473656
DOK2	0.003924215485675139	0.02187975505418875	0.004128268230843854	0.008063646034610955	0.01261855151618396	0.03283088816078471
DPM3	0.010722708444439507	0.0005475167093827507	0.010792392409282744	0.01813200302702365	0.0005337340333472948	-0.008390651461918495
DPP7	0.006536323161193777	0.006422916660564897	0.006588317211878393	0.020813788584809666	-0.0002104535797281552	-0.001234735540193295
DPY30	0.014759029475640862	-0.003206779995575246	0.014959779153772402	0.019082137500484667	-0.00954219010567789	-0.014967282382768782
DPYD	0.00850641264269765	0.012412337518922407	0.00909458750790203	0.01220349060871297	0.012404878691160286	0.011820464472894976
DPYSL2	0.008902163295615008	0.01832912697911369	0.009023563760741933	0.024067382940830297	0.008457289029729325	0.011395224962042646
DRAM1	0.03769759127215224	-0.013397205511339168	0.03721999368019927	0.014551241551555776	-0.030148391459892822	-0.020679114081506814
DRAM2	0.0037541627422882275	0.010813772682763212	0.003891536678754511	0.018555737148292093	0.006936549852253453	0.007859119433623517
DRAP1	0.008713518536515192	0.01845269405382509	0.008754339779191964	0.011849730962543966	0.0073610332621819536	0.023017016762352946
DRC3	-0.001664363398728618	-0.014016972910212684	-0.0014818683822673704	0.005186933624424033	-0.004517956600533934	-0.024267863968793994
DSE	0.019110638176455013	0.020962697998241596	0.019107447190591625	0.014786476088390583	0.023084485835481457	0.023226859524582616
DSP	0.0025426492543256787	-0.012477557670396017	0.0028053433709744344	0.008778035026409024	-0.012695399489788784	-0.027428103610460067
DST	0.017577359575053544	0.014292951563555516	0.017699315431624715	0.01837124787129668	0.025541236402318354	0.012681410023990447
DSTN	0.051068381686928364	-0.03455101857497254	0.05117573442815232	0.02900990813510647	-0.07314793454025893	-0.04859695813735037
DTHD1	0.0016261233177640288	-0.015965495851100707	0.0021484793129593295	0.0014309322981761055	-0.008777108909940712	-0.023946883988668774
DUSP1	0.04045724114920215	0.03649142878697003	0.04019222737743681	0.03453837330781322	0.0008210433227395611	0.008442936340759911
DUSP2	-0.0010222354406115878	0.009493662458706928	-0.00042005906668422235	-0.0023722538225537746	0.028373995827017655	0.013922298786440782
DUSP23	0.006139342350517311	0.00486123236345112	0.006217810413910332	0.016694407963443347	-0.0003895801477591574	-0.002163685246216592
DUSP5	0.0006899569360054162	0.001377805913567288	0.0007767479077315305	0.007678700810946858	0.00043657636895900846	-0.0038048255374531436
DUSP6	0.014555187480427813	0.0034751428425869673	0.01488112035857686	0.012755371209145768	-0.011678266786663553	-0.0021388256124848025
DUT	0.008175306718376494	0.007466441087274881	0.00843377462927998	0.02275080115391043	-0.005297159040352316	-0.0035856515086130276
DYNC1H1	0.011697325201408024	0.004060225890091155	0.012108209846264116	0.0184823215821941	0.0041663081205856635	-0.003807719528462005
DYNC1I2	0.016194557008529363	0.009763567836123227	0.016567998232312826	0.021786062319261914	0.0003259321833796256	0.0011517711150984167
DYNC1LI1	0.007109565738834166	0.008527422431083596	0.0071912232283617115	0.014893889077693958	0.0031283673806451343	0.006268919913673059
DYNC1LI2	0.013779241434339368	-0.003925696251025609	0.014070858885341115	0.01486432113087338	-0.008090569744975148	-0.014853535390490414
DYNC2H1	0.0016210710201773754	-0.015529509739565196	0.0025209488913030906	0.006564283117422982	-0.006343629250140691	-0.02758400361712035
DYNC2I1	0.00704852695707355	-0.017154271826627092	0.007507244751272223	0.006906504976059828	-0.004075214726101731	-0.028038313190185394
DYNLL1	0.017955583767647477	0.02103006237785604	0.018766246203114935	0.038684677308420554	-0.01555398567479222	-0.0011186072842073688
DYNLRB1	0.012524098537659862	0.0073502405291137034	0.012761126973451522	0.026958467348471148	0.002218967267846371	-0.00510302946110867
DYNLRB2	-0.0005397915878732413	-0.011280306034370134	-0.0002528162226364142	0.008211017599622332	-0.008675976378329594	-0.024074301892765503
DYNLT1	0.011553612680257038	0.0015669699035081195	0.011928099425657793	0.028421047988304565	-0.009811825712335475	-0.013133466714730764
DYNLT2B	0.00028433304921226415	-0.009978340760947793	0.0003864471792176757	0.00729921788826147	-0.005048123808023217	-0.02295210711718213
DZIP3	-0.0018172174109315415	-0.011694927848485583	-0.0011720228331385432	0.00623641961263591	-0.007483301464659993	-0.02138220311968158
EAPP	0.01126757032956723	0.00034260018487325427	0.011558338609743429	0.012359902316909121	-0.005285015677197635	-0.0038001448708364603
EBAG9	0.009471969192914476	-0.0030905308337397697	0.009645288688104572	0.01305373521085289	-0.006811702333598605	-0.012868121935516478
EBP	0.0006315827563766955	-0.006602816161589578	0.0006670485978861999	0.01176667776339917	0.0030117905524625764	-0.016668905199230446
ECH1	0.0013860198062146847	0.006372514529371775	0.001514169790869435	0.02522264462237685	0.0028256135474255773	-0.00480130230537006
ECHDC1	0.023161592063632764	0.002679552648940384	0.02324214815584277	0.02229467635671912	-0.0061843229744926375	-0.006972648243117974
ECHS1	0.009237111921384482	0.003924183846425906	0.009304192785155057	0.017831069891695896	-0.0061499128024548435	-0.0024029177747672153
ECI1	0.0032551578226394954	0.0008539079411209304	0.0032743837235852885	0.018415698275825947	-0.0026725329103578508	-0.008197171741850784
ECI2	-0.003252388592018013	-0.005749883670496958	-0.0029556838327909393	0.013003763720517647	-0.00911446894198815	-0.015651407747040665
EDF1	0.015386327292573245	0.0035107971948126707	0.015625493073087422	0.018742424628656273	-0.011203726992088965	-0.003372912500800915
EDN1	0.004714772948634906	-0.005688441116537423	0.004567045963199334	0.006979740137933014	-0.017714095245265137	-0.014081635844659194
EEA1	0.020936252011437104	0.009013438655468444	0.021166967078816212	0.017462251573241057	0.015148094710128042	0.005762769219740692
EEF1A1	0.037372240761770745	0.017567668680958586	0.037419366464713645	0.009110755088003089	0.0014097649360269157	0.0047734614810232175
EEF1D	0.024342160084649494	0.015511750309820983	0.024776669453312448	0.011118982362934727	-0.015133355728718398	0.011995441020868414
EEF2	0.03847551355989197	0.005977944823854842	0.03858254960983534	0.02457657982043029	-0.006750953736483437	-0.004040159099888672
EFCAB14	0.01523297322712901	0.0008102821466904255	0.015748456764718168	0.016820106478602177	2.786009997140335e-05	-0.008098948427528611
EFHC1	0.0029120972683601386	-0.013843790144162593	0.0030492430284002796	0.007397643926545931	-0.0038643645461678405	-0.02465878803573625
EFHD2	0.006176762046772063	0.031286043299941	0.006608813883291222	0.012993105929356078	0.01634119321321456	0.036208112324468494
EFNA1	0.017731014738677442	-0.021448228193927117	0.017558032449985567	0.012121159985374086	-0.02352156294616102	-0.042705770999468255
EFR3A	0.004512369263914849	0.0083144356849339	0.004775027212874956	0.016544517600551128	0.0009821126673460684	0.003948927586964454
EGR1	0.033035397585917885	-0.02921073996353928	0.03296446193324043	0.02051936611442127	-0.045465593805566716	-0.04523963263686762
EHD4	0.009753624283591115	0.002191464593533672	0.009944264245797765	0.018222048453101866	-0.005814563163099744	-0.007145751657862125
EHF	0.016052719075850652	-0.017664104113446138	0.016092814933912944	0.010982473202161886	-0.029345805569111486	-0.03826915554329997
EID1	0.022169870589718664	0.0020415561828015473	0.02255168625759481	0.023269469312720666	-0.007644728059560168	-0.009170713962809158
EIF1	0.04687259335168929	0.02469061748971743	0.04701035800516436	0.010351131093697933	-0.00252111373087542	0.008441329224001023
EIF1AX	0.00833465369325596	0.007659218602504304	0.008471886728642002	0.022059410292627746	-0.0010637120779445537	-0.0010010079379567881
EIF1B	0.006029572624288435	0.011060065859932286	0.005998757868800481	0.021527271894078246	0.001466098419358613	0.0023576242713498783
EIF2A	0.006392137391872565	0.007611295558438763	0.006629779514215847	0.019676553257581712	0.004101065224977549	0.0008553333279261643
EIF2AK1	0.01281011021864406	0.0004021358454025262	0.01322769007067055	0.014665154997339133	-0.005798292607542493	-0.0077338344428820455
EIF2AK2	0.021562663734962607	0.010216126382593728	0.021881602487722616	0.01803745815597799	-0.0019289840204087315	0.004923247152013915
EIF2AK4	0.0037004447081375423	0.003018332184696974	0.0038567686588520046	0.013572018079771243	0.0031568617317042835	-0.0037093596327543
EIF2S2	0.015571927383462254	0.014772201306933956	0.01575437410554485	0.027700146806533522	0.0049548474834719405	0.0015892508672637232
EIF2S3	0.008158390580829924	0.00992867535054041	0.008375591848492129	0.012577962273942396	-0.004480597476104507	0.009742018960588622
EIF3A	0.025524150555622897	0.01883383297251309	0.02625067605165956	0.025750030344137944	0.00339727677004254	0.0073396036270342285
EIF3B	0.0006254116587580685	0.0011519236958332107	0.0008265269650338051	0.012461321568674268	-0.003555120957326259	-0.006478454042632614
EIF3D	0.013871537167770408	0.0058978644797452705	0.014254610402151615	0.01667721074728979	-0.004839067399160997	-0.0004067906088847195
EIF3E	0.023064588593834603	0.017550328646186525	0.023179368259663134	0.023857950343908713	-0.005433967752745361	0.008071681187625574
EIF3F	0.011767333651127403	0.01007635013776453	0.011973675769923458	0.020292873590142767	-0.0037716211614022836	0.0033581125671884337
EIF3G	0.003823064497201947	0.011924076846763809	0.004021880095132385	0.01420016391086555	0.0018405460794670171	0.009585275314415225
EIF3H	0.027603335429949503	0.0171776724388514	0.027844597278912465	0.02268010757790093	-0.007135464831927739	0.008765416718177233
EIF3I	0.007500893603276836	0.005402906180928363	0.007668528665904662	0.019160303084650443	0.0016667862313191897	-0.002892684164003975
EIF3J	0.0069010720359582636	0.008266602049612364	0.007402454137667918	0.018283186859809012	0.002729871367818848	0.0031515229609312143
EIF3K	0.006802727458571951	0.02848883702421702	0.006992713319151454	0.020642531572444073	0.007213703733095411	0.01945970093675395
EIF3L	0.002893264171620982	0.0105352672775394	0.0028754966764940083	0.024226096239266276	0.0026400370936266204	-0.0018073084299056515
EIF3M	0.01649965098890286	0.01242329595425972	0.01640585584339285	0.019972925902125484	-0.0027998081139697924	0.005643182055684497
EIF4A1	0.00011483479962703675	0.014058826245864763	0.0002794618492457439	0.02027325333832553	0.0015544312664942108	0.009069942767722045
EIF4A2	0.02810900423251176	0.0008742848837401318	0.0286033894650833	0.017856395533235796	-0.010655294003206242	-0.0059002334489229044
EIF4A3	0.011065417996893022	0.013477625947373825	0.011296806634738293	0.01856041132983061	0.005723631441425316	0.009134773320472002
EIF4B	0.013989105061743074	0.009566319201658393	0.014480865690374926	0.024234510144364604	-0.0008986523498787997	-0.00198061732404188
EIF4E	0.0071879396473874015	0.010517558201157552	0.007246319129233785	0.016559556662434673	-0.0008442839349158992	0.006944243310872918
EIF4E2	0.0060876977838345385	0.008020254241751956	0.005996215819400849	0.015511369105763662	-0.0028566864574482665	0.0070757184625032075
EIF4EBP1	0.002676970620850456	0.01702198402774863	0.0026595549491953865	0.01987740851276935	0.0033465311385635138	0.016695568521197576
EIF4EBP2	0.0032688615020522427	0.0036965141807264778	0.003323129387587877	0.013455305541332646	0.000821302035587119	-0.00021984187162776402
EIF4G1	0.012412274460300392	-0.001071845570986073	0.012560681198347181	0.017927294457423172	-0.007140248112772885	-0.010538694546523624
EIF4G2	0.045814139708238284	0.015176279934566342	0.0458262603747012	0.028279010715140242	-0.007895791093436869	-0.00012718391002043748
EIF4H	0.007896546868502989	0.006337952182312167	0.00795965497867899	0.018279252967866123	0.0050702653289317265	0.0004464343911207429
EIF5	0.014165756504231328	0.010029631262869798	0.015165769802298161	0.021962225332621203	-0.005539203023559292	0.00021103090794861778
EIF5A	-0.0001565921783613822	0.0037942421706947914	6.9756901565644e-05	0.013927130029496925	0.0014863309895564263	-0.0017524697055261668
EIF5B	0.03158407489590725	0.0015167176106372943	0.03207352253746226	0.01911785323726493	-0.0033117749909935363	-0.007142015081048556
EIF6	0.0068479305247290305	0.009440751309683564	0.006905081299021084	0.01828861545800077	0.0010069669250838689	0.00631205510995523
ELAPOR1	0.0022353424337969415	-0.012200120250310247	0.002274965107171638	0.00686430900837699	-0.006759823643464352	-0.023566544218988638
ELF1	0.006533706285891729	0.020406900212659784	0.007321580185768913	0.015517712697400104	0.015684740717750556	0.019293919060890695
ELF2	0.0025754529154425124	0.001866791639789496	0.003104141897190156	0.01284386691236977	0.0026245285321586783	-0.0033023362010613407
ELF3	0.029772949807993745	-0.056365874198029034	0.029562964534680776	0.01647710592846148	-0.07267238509055635	-0.07510025013469925
ELL2	0.01572776340221599	0.011277038695641348	0.016037477873486774	0.017107577396932513	-0.002820203615379644	0.0031122954599358127
ELOB	0.02198627039394926	0.03150898648072235	0.022232270479344847	0.03139508051689021	0.0031187854552596236	0.00918364065220225
ELOC	0.0066218782586526664	0.010488343690233522	0.006891660058873945	0.02104279244748982	-0.008051143770916681	0.003106035775112357
ELOVL5	0.006915999034558729	-0.001380547510949501	0.00715724857101883	0.010581725591656587	-0.006738958135542791	-0.008129455403640259
EMB	0.011825661965302199	0.0040236437960127925	0.012356245108011588	-0.005038631513105585	0.006853298199692401	0.012371135912700714
EMC10	0.015284217877903822	0.0034650067177844	0.015337260386556091	0.018192986053699216	0.00013608881633760703	-0.004457021772076629
EMC3	0.006115392459344782	0.008633015779972362	0.0062350200714736265	0.020500664538963983	-0.0015479910940878446	0.002360553640818309
EMC4	0.010629269694839925	0.002007124089817507	0.010771412502992654	0.016394051911169376	0.002618260175384251	-0.007228765671617184
EMC7	0.0032139938812376172	0.009326612929219557	0.003309278953711454	0.02096903951456942	0.003340393435299981	0.0045014596642465226
EMILIN2	0.011645110745508003	0.021411896014151263	0.01148403117911539	0.013858151328892038	0.016745855495002404	0.0271747131994869
EML4	0.025925622214005906	0.013999691832405469	0.026400995312131796	0.019706623221215983	0.019558198577506312	0.008371851602285034
EMP1	0.014611829654429025	-0.001687182525448343	0.014359769541408614	0.009417799024353328	-0.010086840289916585	-0.010008577460590438
EMP2	0.011685145157082548	-0.029861644977693228	0.011807363819465448	0.015114387076704658	-0.012943516517360332	-0.05359235919708283
EMP3	0.005576418228652484	0.04953438997850845	0.005663020120530608	0.00955574526128625	0.011880249062085036	0.057699388608339286
ENKUR	-0.0011990466622774035	-0.00855383621097672	-0.0006639912642415003	0.00768382643931658	-0.013511291830205573	-0.021134136220971014
ENO1	0.0518674392257077	0.014298345252399803	0.05165067649873621	0.029027068274768343	-0.007133928464819515	-0.001767774303239987
ENOSF1	0.005370548077912678	-0.007078953918624975	0.00551884877147724	0.011112535379117681	0.002453234444817724	-0.016865850364772526
ENPP4	0.0062880493838549725	0.007650739599116257	0.0065238716265482435	0.018603666316053646	-0.0008212015036425273	0.002265145667117033
ENSA	0.022040322122139952	0.0020387893542190135	0.022073586312279347	0.0193177818954064	-0.00015717250331590666	-0.00655737278356113
ENSG00000257764.2	0.009177312844882842	0.013357070595428778	0.009149797765068012	0.010040096466658658	0.01773585945474299	0.01564687776061498
ENY2	0.021795531473839395	0.020348512745778386	0.021754279759299902	0.02199197871018378	-0.001866209036741586	0.013669296839783416
EP300	0.004324703168248216	0.007212323594954297	0.004487807541685282	0.017326280049642272	0.0005319143365870017	0.0015208776955412818
EPAS1	0.021358183054976637	-0.006603713275440015	0.021426501881334145	0.019554179671203913	-0.007623643032911009	-0.0189158063432131
EPC1	0.007559684332411367	0.0034506432189843773	0.008089181558162179	0.012529739304667987	-0.015501394122242636	0.0006085860706491003
EPCAM	0.041521833939617926	-0.028025175639420242	0.041323746360981184	0.015413310308399951	-0.051307865516232114	-0.05390558231464329
EPHX1	0.0054154577818333795	-0.02378048912721771	0.0056141985663674746	0.019052500468813467	-0.009953270140884436	-0.0442900627843516
EPRS1	0.01435871104888066	0.004729950761856289	0.014670732475156928	0.018135659566892618	-0.00802016716745137	-0.00183042280566086
EPS15	0.0056225672011604375	0.004816586578416546	0.005792888010314457	0.01197807467108194	-0.0013760673740116976	0.0017161297590542026
EPS8	0.02665098307794295	-0.014086670643200157	0.026893280445004705	0.011221140684658043	-0.02984246348489555	-0.031001143293649294
ERBB3	0.006817157015209319	-0.016660910331005533	0.006897222140924985	0.006288481597749303	-0.007942630725969766	-0.03344164717313717
ERBIN	0.02188862939908081	-0.0009334339988452088	0.022167884075062833	0.009637413612648391	-0.003100210263051109	-0.005216560827990142
ERCC1	0.027931750442794667	0.005053462156452792	0.02806249867389638	0.014559484240900951	-0.013559473779712282	0.0014728735861370768
EREG	0.007662590226333991	0.02346392612292595	0.00720928030346918	0.004449003615529424	0.031641624633074975	0.019579049740133185
ERG28	0.005119395747884963	-0.012433805970605604	0.005298119619736707	0.011417339906817855	-0.009296241800441911	-0.02745565428776008
ERGIC1	0.009667280523173463	0.006850480049277094	0.009774662270023432	0.018259263040441318	0.00014456856793632351	-0.0011699236862148326
ERGIC2	0.009857865272071177	0.0014809517429698207	0.00973339272354224	0.013783910281072542	0.004287252589924619	-0.002319153560584798
ERGIC3	0.010925180877511983	-0.003151212482599454	0.011081079595682834	0.022077636412020287	-0.010162766124918177	-0.017621627648300057
ERH	0.016191090234320655	0.003591677048713505	0.016446894320070522	0.024466788650370393	-0.010045994081782071	-0.010333386081141299
ERICH1	0.007905569137057785	0.007223309355750164	0.007986960069684293	0.007794435707638272	0.0024400294916765183	0.010713027377010222
ERICH3	-0.0058353979457986625	-0.0167678884967135	-0.005142885860354209	0.004700822259462731	-0.013654510050581941	-0.026921485569906187
ERLEC1	0.02600674977647167	-0.004923304717745547	0.026043508007852118	0.018666695145052502	-0.019543817756819654	-0.01742276466592427
ERO1A	0.008329116324697069	0.006529786589926934	0.008457964229849771	0.014417464269662323	-0.0022533788284426655	0.003985147408014671
ERP29	0.011625658701394148	0.012487006165935066	0.01165471471204374	0.026416807428126295	0.004354211017819795	-0.001249659237886428
ERP44	0.005821455124788718	0.010979001432621241	0.005904001153280402	0.020827528853871378	0.006022110736395251	0.005482519935743551
ERRFI1	0.021552884492018885	-0.015477301480281352	0.021520685652084825	0.013661639861390755	-0.04509360801814443	-0.0313547577427179
ESD	0.008398639682040736	0.009323170537867189	0.008374520202603594	0.025048315327093867	-0.000830567782350303	-0.0021838878879899145
ETF1	0.017783466040598914	0.010669735299372457	0.018089555863584024	0.021039964399245444	0.015284175633241644	0.001290688497861431
ETFA	0.006911849361728949	0.006848974809613349	0.006859607237347604	0.014413342442338582	0.004304575321771599	0.005646142779878297
ETFB	0.0026645749691708853	-0.0016498999540564612	0.002753743711029273	0.018342185170677212	0.0007801253463074853	-0.011867867428265799
ETNK1	0.005749977239767102	-0.00033794867510942715	0.005957890902522748	0.015148145227020125	0.002064650252617166	-0.007590890015931765
ETS1	-0.008819341799344611	-0.007369798398520775	-0.007690314996469955	-0.015809137179813377	-0.0011880453870177024	0.004125330472692064
ETS2	0.01554394294308962	0.009963161223213796	0.015539563155388816	0.021363168886885317	-0.0028523248347499005	-0.003126170713187489
ETV6	0.012484678382215977	0.005904926725261146	0.012495499790929076	0.013222380898057495	-0.004865534228162289	0.003101332827269273
EVI2A	0.0009827226391482158	0.01779498028369705	0.0010380735084646732	0.005632303369528092	0.015897659828003934	0.02699504790638093
EVI2B	0.010936769239613228	0.04535280991530473	0.010991412439997773	0.01419595611906752	0.027031972152122156	0.05228621292564178
EVI5	0.002336804897675133	0.004563223580640457	0.0025567474966866504	0.016692185113826412	-0.0004659241413350189	-0.0016760560950215627
EVL	-0.001189191448996746	0.007101011021659323	-0.0005522118892655496	0.007742245560896565	0.009846905654361502	0.008175227394482277
EWSR1	0.00457748181100061	0.0006617283181634035	0.00451053415192886	0.013347242985534854	-0.0006527659964630068	-0.005270917253796124
EZR	0.049591118052726986	-0.01891949414796089	0.048983051649406244	0.02572365599935313	-0.06861773392397816	-0.03354785937780559
F11R	0.011859964460308188	-0.007894386012204239	0.011916443971114618	0.018611767570687218	-0.007446370346773104	-0.02364407457009331
F3_ENSG00000117525	0.012817782379108847	-0.02101627055469249	0.012878723827267034	0.00798100085424262	-0.016216164534135952	-0.034983213723326315
FAAP20	0.0016795800483966807	0.0028180144254168343	0.0016684724437927572	0.014495096422813427	7.316645597110129e-05	-0.0031430113542965776
FABP4	0.028878554395875642	0.06000758895277674	0.02769217958243965	0.02568883667088237	0.073452070230574	0.04181819084614832
FABP5	0.005309945531140863	0.005278090603699471	0.005337227307860081	0.03515120158006031	-0.006489785704253772	-0.011763721111791463
FAM107B	0.019249938466580567	0.00860700579314142	0.019981172437422742	0.013547723755495155	0.007860823583064037	0.004024500051641335
FAM120A	0.01999369875392968	0.011189112409929609	0.020408587601377502	0.023722500554391346	0.0012142589415434257	-0.0004302729878063052
FAM133B	0.003794347632685612	0.0025466740204421793	0.0037733643831802015	0.016488233275476036	0.0004996780464023491	-0.003039769046598065
FAM13A	0.02062887675417897	-0.012662244746044464	0.020981230676316156	0.009046943012495156	-0.022434296429822136	-0.026480342340248503
FAM162A	0.005983159668049332	0.008306555094132466	0.00623810093935352	0.01827067923811905	-0.002844358927813023	0.002432432695576308
FAM174A	0.002966647812006103	-0.006430103267456152	0.00315279415381899	0.014122691026330337	-0.00282489194814695	-0.02075951736338259
FAM177A1	0.013479054118422524	-0.008538777561980838	0.013708840582083	0.020735513665810938	-0.013953256500128762	-0.02270161876081961
FAM200B	0.005433212565005022	0.003978949985076815	0.005558547826909829	0.013705831881001319	-0.005968678158347925	-0.0015828623348429411
FAM204A	0.012356652865343227	0.0052507267947099106	0.012846215434398489	0.01396412866669415	0.0013553404863357263	0.002148202696874304
FAM216B	0.002426566714056041	-0.011406754307600466	0.002662669570577415	0.006430949454092789	-0.008237597025043153	-0.023195902123661145
FAM229B	0.0009904082482292582	-0.01000093027028939	0.0013394578440531595	0.008264652464063403	-0.009740552412692977	-0.022826745277316207
FAM50A	0.008750169861270267	0.010499814269632509	0.008892874914519655	0.02144377774957192	0.00558513375654118	0.0053633074470197375
FAM89A	0.003633502007431634	0.01685435838206318	0.0035911158376465266	0.016702302383473696	0.007462417669786707	0.016541597358386412
FARP1	0.005860791721593062	-0.005679987152619604	0.005943489425697378	0.01565295875542578	-0.003754477801043138	-0.01819052457487461
FASN	0.0011516203106285217	-0.01873663800831938	0.001304811789535259	0.00882086014324797	-0.001095151589717507	-0.03244935710093818
FAU	0.05852402092654597	0.02963260745483482	0.058076072424653166	0.0063217941836124945	0.004650252331356349	0.01736815607327578
FBL	0.00597308927111253	0.002840337420855888	0.005969183836076181	0.011127178061881349	-0.0029383824737254202	-0.001165000647500908
FBP1	0.031934733257491646	0.04205209655286739	0.03114024944828149	0.035673361174145844	0.056567669306181186	0.018876807976739074
FBXL5	0.01563648282488299	0.008461741412634121	0.015841562406206044	0.017738251361241485	0.008360866711146213	0.0035546448749675832
FBXO11	0.010906566586760945	0.004310032158634231	0.01114813255871861	0.01367387259544951	-0.0020762515417479532	0.0004707226906634556
FBXO7	0.003373020085733709	0.005553341647788492	0.0035253217412163636	0.014583791531760561	0.0008226086588862222	0.002785778088099486
FBXO9	0.009016810529610817	-0.0005945473199993604	0.009269587560789829	0.012656644767892297	-0.003076112678213041	-0.00787437273554063
FBXW5	0.005465384114778303	0.0037407777104478184	0.005688958971618239	0.00829292703267236	0.000572611695978663	0.005243397354847299
FCER1A	0.00706765227376763	0.010584026841523	0.006873463451126878	0.0005199070724275238	0.010922158011003161	0.011242937457092626
FCER1G	0.023589574506343754	0.08632700878694768	0.023544252340241947	0.021864997726906584	0.051310738736872925	0.07286614514582017
FCGR1A	0.00757471729653391	0.023185137750078855	0.007561902111068569	0.01757420187754421	0.009759784087709198	0.026457906848076654
FCGR2A	0.009452971445520974	0.040720338022335364	0.009550027351344817	0.019334744497080173	0.01959281748226522	0.04375236212665014
FCGR3A	0.004996512233181093	0.02653540297573452	0.005465672593287452	0.010495923058364637	0.036700215322032534	0.03376215143314096
FCGRT	0.01849228460322825	0.05203264206864849	0.018490226081803174	0.03741051949771829	0.013861502737320439	0.0331023519261138
FCHO2	0.014335185428253877	0.0031212422384705157	0.014333852984105146	0.016248599859150545	-0.0025279703739748767	-0.004753793095739237
FCN1	0.005585664927487928	0.028183186170067934	0.005297694703232361	0.0009361922616491953	0.02363405022563433	0.02641544171054772
FDFT1	0.011787799423714353	-0.0026640218567404775	0.012139638845424445	0.021118616827143877	-2.3902432724238558e-05	-0.01563859377054801
FDPS	0.005995466502736375	-0.010903143979985864	0.006195407739869466	0.017792752901847387	-0.003879267191811988	-0.021831668378285256
FDX1	0.0047814780305993005	0.011875603813671413	0.004929956116828602	0.0230613331174461	0.0007292585657367377	0.0027694693316877386
FERMT3	0.005404575185111496	0.02187060727359995	0.005600022487806645	0.008125015795990646	0.01553102298218148	0.03383237701911068
FEZ2	0.019164571576973682	0.00771729530619956	0.019187290080081697	0.01664665327775547	-0.002458236309158253	0.0035102779462966175
FGD4	0.01864728094533601	0.015193554063823386	0.018754526263354093	0.01528209820879223	0.012134091329751727	0.014629082757955438
FGD5-AS1	0.004266081636799044	0.004917863093290844	0.0043941069388953626	0.017845309251238763	0.004815292798982428	-0.004145618151148544
FGFBP2	-0.02086245665453364	-0.0074330161070481834	-0.019366242635105897	-0.015795193812117712	0.00996793682262488	0.0047511685481201
FGFR1OP2	0.013561302657382174	0.0082342658697467	0.014050185612040581	0.012058878107225446	0.0022103704433911542	0.008222315392810419
FGGY	0.005672120712966954	-0.014981160891417194	0.0058850176797159235	0.010893878292031894	-0.011501721854555816	-0.033320552037092575
FGL2	0.012411742099271901	0.0303888982076546	0.012079131492324546	0.003304953848720189	0.034049065489830256	0.03520711091656637
FGR	-0.0004831604346288093	0.02454102640870364	-0.00033621222566315674	0.011103481374383106	0.009391467163724928	0.032968460797621876
FHAD1	0.0023916190794283135	-0.01172531160193026	0.0027370586403598187	0.008414721370409165	-0.0039471743518777885	-0.022185692678860343
FIBP	0.000895970971948816	0.01058781418944575	0.0009993570652276382	0.01548916273808289	-8.403929576072693e-05	0.009484493568653666
FILIP1L	0.013343996445606134	0.01149604252067806	0.01334138053605024	0.008587926105209257	0.01268597966535201	0.013096850746312944
FIS1	0.005426455834231863	0.005315132800618089	0.0054209247244270216	0.026420757854948136	-0.004007442568303992	-0.007385572691933821
FKBP15	0.012026617225248535	0.011594254230266308	0.01198614774424726	0.015138070003383665	0.01190089383081927	0.011103734745468153
FKBP1A	0.0056933334498872916	0.03336581773684629	0.005893021576533462	0.029782793311739848	0.005265761694843159	0.02146791145630444
FKBP2	0.007781210263588528	0.0032467512957135413	0.007882629709578856	0.025428946131913988	-0.007931972182938656	-0.01029266527487978
FKBP3	0.011987109315695733	0.003954961521823233	0.01206857708172392	0.015203782900401627	-0.0022761111983039184	-0.0010817938971304072
FKBP5	0.002494402428279037	0.02452617860364289	0.003143110165631272	0.011646676500414736	0.018716493528101466	0.029004018888811486
FKBP8	0.0025761553681601145	0.004449607970554127	0.0025845843033210324	0.019761029546959654	-0.00015461750204785125	-0.0025806516780270336
FLII	0.002478506267420517	0.010597996548700939	0.0024308533252594055	0.01442183915015736	0.004067381466799398	0.010088019862302145
FLNA	0.0118566435952885	0.03682723270820828	0.012362745201635942	0.020201705015348594	0.018396145680037328	0.03421540152783507
FLNB	0.0035255633816074963	-0.014013454232827967	0.0036303307819290586	0.00849701518771334	-0.007477734094552886	-0.029910075415540627
FLRT3	0.019681794097877316	-0.013700489597778297	0.01960231506485298	0.0066838899359086875	-0.03175070646169665	-0.02764224266102396
FMNL1	0.0010620855480954023	0.01679534587852515	0.0011259163178612155	0.006760819976744293	0.002967655334140914	0.0277694005241776
FMNL2	0.011163873332229724	0.005290540087428202	0.011104040138696536	0.017300246691053036	0.006562671946669113	0.00021431400256157978
FMO2	0.011225002919036867	-0.01247383020067787	0.010991992003942309	0.006974655026531697	-0.037878704810930065	-0.023046167499570804
FN1	0.015172544069462446	0.02917607880662773	0.015165084053500739	0.019168366842990073	0.033862938537975465	0.022249277091559914
FNBP1	0.016761483850470812	0.01360695791356698	0.017124110392514554	0.008019338039082393	0.03154532099757258	0.02202511675266962
FNBP4	0.008615590198167268	-0.0015812614012290815	0.009131461514058803	0.009131587735056715	-0.002012893604295836	-0.0034231605904735543
FNDC3A	0.010568286638395904	0.005642283533547076	0.01101696810397923	0.01728424432735609	0.002624323426448838	-0.0005410981501132593
FNDC3B	0.008305391955319789	0.007369440458793274	0.009086086609068214	0.021372347086224663	0.010643175715139418	-7.680864679464284e-05
FNIP2	0.009099092484587932	-0.0016810747215140346	0.008989307557079622	0.014978753607960726	-0.006136974243567521	-0.011035839099342342
FOLR1	0.01018239534854844	-0.033497137339892916	0.01033689367250449	0.016306108508120865	-0.017804971919437165	-0.055608154270344386
FOS	0.06767758318529396	0.015325230458543662	0.06659180519682525	0.031292001844251155	-0.04144692448761633	-0.008651753288630172
FOSB	0.0438080154921321	-0.0015756470195916932	0.04342961916074924	0.017050889003967597	-0.026671698712362968	-0.014595642673964007
FOSL2	0.005014957766685443	0.01541870097000572	0.005053748659099051	0.012189172293792376	0.000973160710444875	0.01099177517628306
FOXA1	0.003039354967768511	-0.011466121530997823	0.003065756430193675	0.009573072475214254	-0.0030669660435648127	-0.028213922797267952
FOXJ1	0.002614413530893279	-0.012435163626191893	0.0028312368121357124	0.006444922446200192	-0.005779123241509851	-0.024728139752158904
FOXN3	0.005839610780504559	-0.00025262504839616254	0.006142290288893963	0.008244579744467934	-0.0007743987353178323	-0.0017758730972190614
FOXO3	0.009134817146422641	0.002562800057222943	0.009419242087519673	0.015320500871859979	-0.0029032638157598114	-0.009512061580542306
FOXP1	0.0139580313096231	-0.005503936935102176	0.014545358297036093	0.018625993897624378	-0.008529454534006223	-0.017121647139868496
FPR1	0.003307955689209631	0.029080493699663368	0.003474885606378015	0.012507902236387796	0.018189676297041185	0.03508883008193256
FRG1	0.00552735358335279	0.010333054737371386	0.005673639816682982	0.013409539322352726	-0.0027502270690699395	0.01043162321642752
FRMD4B	0.017770183695039694	-0.0014161516789149406	0.01794574430598383	0.012726885018177855	-0.01705269315446781	-0.00847753402112637
FTH1	0.07181646799411241	0.10520138691576687	0.0696259722846512	0.05433477839081921	0.063361856513595	0.02799244921927397
FTL	0.07701710464984	0.11770084379938434	0.07357088848558074	0.05765054934585591	0.08802550734229644	0.03212894762315255
FTO	0.002604705887248649	-0.00911541519279185	0.0029212787081642475	0.010794339634711785	-0.01082240948140054	-0.020439923327301966
FUNDC2	0.006889056888887135	0.002783289127226235	0.006940189947565779	0.014966553793293126	0.002013192108145293	-0.0017729000073891288
FUS	0.011895461858791343	0.0051857042010115635	0.012203689620210607	0.011494196025288771	-0.0004998552976541184	0.0033812767121338514
FXR1	0.025009678420154734	0.001087817283510471	0.02519467074631151	0.020820999953254683	0.0014183322730417485	-0.009632530925557195
FXYD3	0.0085610440623474	-0.02010104967798126	0.008770387169396751	0.017460028197054913	-0.02316755162192438	-0.045476665503080535
FXYD5	0.001567714801298658	0.03283782339159146	0.0016696798232088354	0.013002262983436529	0.002507417994607801	0.04122822101177539
FYB1	0.006410333991023215	0.028924242576756305	0.007036028674658475	-0.0022048843717553035	0.03722124643179536	0.04472638223743382
FYTTD1	0.005815358691861429	0.006426050459191552	0.005850926433709081	0.01145369066919874	0.007230106712908612	0.005260416136607291
G0S2	0.0038529429388498115	0.019773019585561817	0.003759791113138934	0.005448744593735214	0.02666321872537827	0.013523567603344234
G3BP1	0.011725942919701615	0.003535628845049207	0.012052615242749844	0.015488766495280304	0.0033275387329003417	-0.003579506271770132
G3BP2	0.02146529501237896	0.000753952848124133	0.021706529291485366	0.015387451535005167	-0.0037832741819440784	-0.004718186988446786
GAA	0.01057358236617997	0.01697310743513503	0.010687735447979333	0.01978135211054423	0.006188626389724677	0.01597797109790247
GABARAP	0.01169484426839867	0.0071317146119383775	0.011681613832868675	0.014714367793495803	0.012206365047537042	0.002423973611930194
GABARAPL1	0.008176472932873088	0.012007629455887896	0.008363119558027914	0.016563453629358432	0.004003813211794499	0.011201993849138996
GABARAPL2	0.010336361906960247	0.0036020551344497073	0.01065606955190418	0.023591161309023494	-0.007039843846421857	-0.01013073788654122
GABPB1-AS1	-0.0015566794583464709	-0.0074547763001247755	-0.0013030008278967949	0.007669719513894881	0.002162988849124019	-0.015153055768138355
GADD45A	0.008196027618905274	-0.0024012717679157214	0.00824352363696963	0.009393683846507196	-0.0038427289275481127	-0.008174674768000023
GADD45B	0.03921229065103693	-0.005171337622070137	0.03903236704884418	0.012028855606576802	-0.047700872422355205	-0.010466487020101287
GADD45G	0.006760022578433932	-0.010201585238170099	0.006748905794690444	0.011280589368030228	-0.010616732892401674	-0.023961170690737915
GADD45GIP1	0.010183033036891668	0.004526585492253021	0.010361282159037128	0.01768640565540221	-0.003054400918825671	-0.00040966525400589366
GALNT1	0.017848259301496024	0.006400575600711155	0.018033173118880697	0.01686240117294934	0.00046570624972916766	0.0009302982674396491
GAPDH	0.03323771725917343	0.059698709681857455	0.033254878809453756	0.024470768728375853	0.002803187510824669	0.03495652723470114
GAPVD1	0.014745243333588988	0.00021088879567167807	0.014908577423811253	0.01497623972982538	-0.007923254969639698	-0.008902259474982873
GATAD1	0.006257437890395373	0.0029961385842005826	0.0064978743706048	0.020353167892678	-0.0013437031567152139	-0.006914991046684319
GBP1	0.00776291571636316	0.011371162263473405	0.008077990473621505	0.01100124892578998	0.03197503681280164	0.011156802601977225
GBP2	0.0029130017155849296	0.013755736890784735	0.003481069851658086	0.008115483008486852	0.018759644758670854	0.01971780002543109
GCA	0.00934773032278596	0.031626783143545736	0.009396447915439506	0.02100663254446318	0.012142102323265834	0.031143648923875646
GCC2	0.020168624715703923	-0.005843059550224262	0.021110536797686312	0.01861664170695446	-0.003871640042480631	-0.013551206401423616
GCHFR	0.008489740528019457	0.02941532106584492	0.0085735877341338	0.03178322166729128	0.015096378503087487	0.010447533711072994
GDE1	0.012727086228113704	0.0006472984328955111	0.012841784071801575	0.017900575072492063	-0.008736949798542231	-0.007907850769068017
GDF15	0.015848866490947175	-0.01564349488798054	0.01587805494322248	0.013559519389754924	-0.01806794586939272	-0.031904804976864015
GDI2	0.022447247631182683	0.02759942776931073	0.022595481323857844	0.028436854211215952	0.008440427970070571	0.018968312384441566
GGA2	0.008214559290038831	0.010362735115566313	0.008166108929178607	0.020327440965871194	0.004620641673140788	0.0045551225424938
GGCT	0.01497485357597472	0.0007102722448735093	0.014883604419964076	0.014023041797301471	-0.015801699204041633	-0.005623181399723834
GGNBP2	0.013041141262688453	0.004727028367629851	0.013346882142578193	0.016175935031646656	-0.01166045564167734	-0.0003939047845633693
GHITM	0.00882664788815624	0.014550191225290764	0.009151672258842251	0.02692066730993389	-0.002624590533302531	0.004554706877860418
GIMAP4	0.0001878362739292723	0.007576184586390746	0.0003546656989178096	-0.0022054945273822495	0.009602482659452745	0.019873720653802107
GINM1	0.013517891550525607	0.004598741782918473	0.013516312746051423	0.01743113475496522	-0.004087565363711392	-0.001702149184664817
GK	0.011028226750320122	0.017075963631074654	0.011070132349920579	0.01703644797915008	0.016085038876815016	0.015337728585442202
GLDN	0.006196542993496249	0.018174304472240197	0.006164634623800742	0.015760086154407375	0.012360290168647274	0.018992555769625077
GLG1	0.004646825246226488	0.00045424350283074634	0.0051023330805686435	0.013874357019359159	0.0005708743683608791	-0.003913743368055663
GLIPR1	0.006202238137033397	0.03169736547106675	0.0065869815245081535	0.007127425514724638	0.027399931793695553	0.0426700220532032
GLIPR2	0.017353469536007565	0.02652669557266149	0.017318394150240776	0.019417900676975425	0.02920083445708731	0.025292780823783906
GLO1	0.028120501875424104	-0.0039140646942609604	0.02818798414697447	0.019466125541458424	-0.0056992857368058395	-0.016697138139270925
GLRX	0.018387203461135662	0.039960586731152055	0.01828936633609381	0.026284719527916712	0.02391987570776729	0.03435273439910883
GLS	0.01690767423223473	0.005915331790807771	0.017191598293319517	0.01492678115798924	-0.009378427790266514	0.0028343692118724664
GLTP	0.008353698677769613	0.001598702484972726	0.008490769756711803	0.015615227251340897	0.0018337362017777886	-0.0058840360477926505
GLUD1	0.012948612374486121	0.0054910913771041275	0.013137764020309948	0.017320450895742058	0.0005868124022399178	-0.0003687797172789313
GLUL	0.033875680373322684	0.05097826897046439	0.03401508640904599	0.041384574086447044	0.015863004170143913	0.016926738773434244
GM2A	0.007932258472752638	0.016290235145525387	0.007945710468697418	0.014889194495204075	0.005066779833200214	0.01781253724868418
GMFG	0.012432319561215727	0.04353593648281184	0.01273468771847916	0.00793050279998541	0.03537238739751138	0.056030977702717054
GNA13	0.005419049855028668	0.018452578084619038	0.005426324228867832	0.011719069244552242	0.007491889710390902	0.022762535650637395
GNAI2	0.008095562129935795	0.05142756599086788	0.008310097093568612	0.024659420281091915	0.017741169038167397	0.04112176443621231
GNAI3	0.0073126216925786655	0.012844907610303906	0.007571560462952086	0.01313116641112513	0.013149931745246432	0.012728780277110647
GNAQ	0.018097871593807706	0.012704484164690997	0.018457020579875253	0.026548877318409724	0.007865978366224815	0.0023113502768512682
GNAS	0.022441741394324942	0.01696904286817676	0.022658263130774986	0.03691055332164245	0.005460105889649257	-0.0058679062345766975
GNB1	0.005107322103632352	0.020313110435376064	0.005573709659151207	0.02572084885373594	0.006270004688661359	0.012654347671479129
GNB2	0.010834920102495146	0.022955455704520684	0.010986162215916473	0.02952332627994209	0.006849692951998096	0.010405478182704844
GNG5	0.02393663320369803	0.02787174310509238	0.02401443542961604	0.036336485056985536	-0.003006699850640742	0.004761671386623336
GNL3	0.01814227109547347	-9.290345793804737e-06	0.0182126666951408	0.00941780056466854	-0.01710144618606037	-0.006240517400214976
GNLY	-0.03946511355884836	-0.015664646285923157	-0.036310182116599636	-0.027776622389929548	0.022664025464785027	0.008145166555160732
GNPTAB	-0.002198459021667401	0.0033055150205063425	-0.0012604405276809682	0.009555524033320951	0.004471811131546272	0.0047612059472686525
GNS	0.011551554978400533	0.016709102517320808	0.01156945570307592	0.021419893119867056	0.002952893972662782	0.013407649846637944
GOLGA2	0.014597416353011766	-0.005791006844845504	0.014752951122162607	0.010700057823933878	-0.003338717722452669	-0.014171851777322523
GOLGA4	0.035265271472891414	-0.011223448600236028	0.0355722328380232	0.018584943040555708	-0.020284167654797767	-0.020809731062492596
GOLGB1	0.03590382845317879	-0.011077072858390085	0.03641710894768726	0.021618228332677715	-0.020463764550784726	-0.02468498850215105
GOLIM4	0.013789138301849918	0.0040992766073316604	0.013963031186708583	0.0153473770376962	0.008532896704202646	0.0001812167849054896
GOLM2	0.0144711037413866	-0.001767684741756596	0.01498766324643118	0.016010395133059626	-0.004157096674657353	-0.011996029443954672
GOLPH3	0.010158014599061242	-0.0010674974685457284	0.010380638551110636	0.014330100152566225	-0.005524806154037324	-0.010388780357233854
GPBP1	0.014863087934576412	0.005237775455237646	0.015483614240593272	0.01656315766583912	-0.006612970336489959	-0.0006149990908234052
GPBP1L1	0.004330719385997869	0.0009587880179862524	0.004556200552847951	0.013069252711569574	0.0035232395564009	-0.004397426561947453
GPCPD1	0.014803702158412244	0.02923087163938897	0.014893148629349325	0.022806581472395598	0.029905191214482128	0.026413715653118983
GPI	0.002695296120706631	0.006403409963865501	0.0027750762255521885	0.014277898695536972	-0.0027478053392502783	0.004292777627426848
GPNMB	0.027404749454626016	0.03165625428595943	0.026817121935072206	0.0201634708031743	0.035196356910928324	0.027137777413940255
GPR183	0.017291431758501476	0.0252247808649753	0.016514999770670467	0.002424483251679696	0.039889282449345614	0.027712870283012267
GPR65	-0.011941797344714043	0.01246244711563248	-0.011100421598392682	0.004468177925677349	0.012961173774280757	0.022542765165854302
GPRC5A	0.017255018774604447	-0.031688760882693505	0.01726350375263183	0.014075915340294533	-0.03564665752704229	-0.051226782857935006
GPRIN3	0.009694099355517375	0.019682801889790397	0.010116635124745218	0.01268142759435956	0.020798753790351444	0.027168196107588773
GPX1	0.026361357979581033	0.027336006306491453	0.026213801200980498	0.01621461427489358	0.02170727919885378	0.011740326697117947
GPX4	0.0551800755175511	0.023857810247619033	0.05487435575787587	0.04292376029462712	-0.026833955151991454	-0.00459695013153665
GRAMD2B	0.005760369434520107	-0.008365442917335299	0.005783097090335729	0.007116630408352469	-0.022413601557519185	-0.019706323190360493
GRB2	0.02618846098940795	0.03279537060127552	0.02636067763111069	0.024301193364732278	0.031680556407353164	0.02938244509093522
GRINA	0.007083784040036752	0.024816112347814088	0.007017609922887133	0.02656031233885651	0.00889374980809973	0.018360473644994817
GRK2	1.6126253810164713e-05	0.014574735393781334	0.0001382225088721171	0.008333450832010654	0.003207618429288739	0.021788591814132435
GRN	0.034425856134471404	0.06373324517000518	0.03395172826520633	0.03740849843668783	0.04183000398273472	0.037889900967893256
GRSF1	0.0041399572651962405	0.00468220831113697	0.00432516916623543	0.012787757634136874	0.0010647007823655773	-4.877003423499932e-05
GSAP	0.008045847792398551	0.002603197512893181	0.008381275636925603	0.008583116616479213	0.012547109974928798	0.004159758289251962
GSN	0.00917594565436229	0.02850670756536206	0.009292084593722199	0.03367639862459434	0.012299085474884628	0.010002225191817756
GSPT1	0.029522141538549835	-0.0024378426675214213	0.030048694768698807	0.02208873380531036	-0.004805247464204041	-0.015100191589293857
GSTA1	0.008915445287436987	-0.014006365670709633	0.009220049975268433	0.006365472559548544	-0.03178428771233877	-0.024234869508377024
GSTK1	0.008022304956886356	0.015727463064473864	0.0080963744987291	0.01839583981181692	0.003099716304857553	0.012876834825491732
GSTO1	0.02448603533879098	0.04204827097286443	0.0243419916541572	0.03376876324943254	0.026636959634970696	0.02678402858268547
GSTP1	0.0479750717853705	-0.0029981931694278586	0.047971611808389526	0.036322430606839616	-0.035462887020120695	-0.020360855029104882
GTF2A2	0.010337749806493155	0.008360285814688924	0.010490336793472362	0.01960090066084741	-0.002580072792695303	0.0025594755929405806
GTF2B	0.00540814485345523	0.008433183006177533	0.005447177063855211	0.011204369766043255	0.005645179750203909	0.009070740449680103
GTF2H5	0.0045232455946444825	0.006781352269548669	0.004843381987665419	0.01926743002659223	-0.0023381286392870856	-0.0003506609653248382
GTF2I	0.00438666177672927	-0.002886012272403759	0.0046007982640557344	0.02592972673794661	-0.007801018525360713	-0.017586640955902188
GTF3A	0.007675333719044656	0.018614687309186796	0.00794038515809547	0.017581024487718578	0.008486387827711772	0.01952118705823041
GTF3C6	0.008152753279325062	0.006118562003504636	0.008201416076212595	0.018225070629694633	-0.004714735594648567	-0.0019534596410422556
GTPBP4	0.011525893534625903	-0.0009338385835135468	0.011749425847086225	0.009216699483724066	-0.009184031486269766	-0.005314359853807151
GUK1	0.02971098677169243	0.019666421341050247	0.029954770268335727	0.01982506915532102	-0.0028549074943769776	0.0140464391787448
GUSB	0.0061995316500893126	0.011334968302564594	0.0062137745807840025	0.01935787157966494	0.0071418829392149805	0.007875378756986426
GYPC	0.002980848416205855	0.021553379835436173	0.0033119956557397913	0.00892232332234542	0.0044470422401621966	0.03053900150736062
GZMA	-0.023325260606398387	-0.014141625026410278	-0.021638908635446756	-0.030096933139517407	0.0137923757358133	0.009130528567452634
GZMB	-0.024576081960032376	-0.008656193193529296	-0.02310141984885001	-0.020998153200142786	0.009962478856637579	0.007618680389838411
GZMH	-0.006175441289647737	-0.007279059752089049	-0.005491722733229123	-0.016760700703803984	0.0034058946120657605	0.0057002957994579904
H1-0	0.011193437918536045	-0.007303150096619358	0.011422748691026153	0.013236711570048697	-0.0077697656081498	-0.02226746277510224
H1-10	0.0013207010852800405	0.004206557820595671	0.0014778791568604765	0.019844768657433138	0.0006132747674892805	-0.009394911767291174
H1-2	0.001288928225221661	-0.005337504111649735	0.0013603755525811187	0.012161136774426488	-0.002674360722561738	-0.01666936409489572
H2AJ	0.00644585765018811	0.00908169206091266	0.006761357051234493	0.02448566899261408	-0.0030873079160191547	-0.0020168619485231593
H2AZ1	0.015424577738266323	0.03167854307160431	0.015795710960278556	0.02920435423769759	0.03032254315435984	0.01942441676894685
H2AZ2	0.015031077556443425	0.007137900047471448	0.01542965429815477	0.01888024935608612	-0.008093234751246771	-0.0012249516515860745
H3-3A	0.03485370406432172	0.03577112547829151	0.035183889166952156	0.020731263770996353	-0.012116132323438786	0.009527319315177902
H4C15	0.020247032548480502	0.0025026649042698785	0.020796857014516813	0.017987500493726834	-0.01619412908390541	-0.007451389425978114
HACD3	0.023549890139343006	-0.004312826495681539	0.023688714186017007	0.019057304635660365	-0.021138423168688865	-0.019363972454493682
HACD4	0.0019176786845713323	0.011842817170314279	0.002015539276915267	0.015676009222330485	0.0030852748881247754	0.009828064969228115
HADHA	0.031002237374547936	0.015951559929509765	0.030971368298247745	0.02348371903969435	0.017833079363041054	0.007886777267328381
HADHB	0.006437275287010297	0.017347289408510592	0.006497792995764484	0.02333849645367128	0.0020876321425409633	0.012917709911956253
HAPSTR1	0.004093255453578991	0.007611135319551353	0.004252837654031401	0.010115378092445905	0.0015594722038742813	0.006843871148435307
HAVCR2	0.004388168214742515	0.01923992906421863	0.004462916479934805	0.012679076908614138	0.00797915761246088	0.02669374950391854
HAX1	0.006373808593730932	0.002548177972694586	0.006470022915885093	0.012498789334798253	-0.0017592027261207248	-0.0010001462254723844
HBA2	-0.007043273642149618	0.0005689456678516604	-0.006017830531102761	0.0012657762770098527	0.024015260966540553	-0.0007231601970613608
HBB	-0.0006421612752119481	-0.0007046778202546747	0.0004521830379218627	0.0021946623566900074	0.034050465778102654	-0.0033652313578914845
HBEGF	0.016093702028630565	0.028487444835323082	0.015927414298279447	0.0199207581387664	0.011955015670717432	0.026200215407393798
HBP1	0.00621648924566148	-0.001916255920921372	0.00643525517320395	0.01176226747522541	-0.005261899893410927	-0.009396322943660029
HCK	0.012644622123018437	0.020768524295042702	0.012632764632862874	0.01434161126202526	0.023524717100787334	0.02758676050127128
HCLS1	0.00727866140687103	0.03420357710106459	0.007431768475441217	0.008678349741866043	0.0170725738478297	0.04626897221105531
HCST	0.0009545377803388518	0.02906686826315548	0.001192218836561459	-0.01133523660748497	0.007777326550117266	0.055533253296550525
HDAC2	0.015707122623037615	0.0033717810583823206	0.01585458004257352	0.016811976500123355	-0.011043276147775706	-0.004426393390526406
HDDC2	0.0070449247695239395	0.005466133977446838	0.007224774307576335	0.01512698319092363	0.006761837311344549	0.0014148560023937089
HDGF	0.02254833642840513	-0.0033844615496786217	0.02262873259109049	0.018608233684877237	-0.010986349996280145	-0.017520940085184344
HDLBP	0.020432902301772148	-0.005172211902945157	0.020563733369748285	0.028588799115866707	-0.009804571707810834	-0.0240674643616799
HEBP2	0.019833387018548646	0.007597240339540533	0.01986422035078435	0.020717743150702732	-0.013457290607986264	-0.002341812853010858
HECA	-0.0026649385589515603	0.012245514024104377	-0.002425081146727278	0.01149391485463813	0.004524082463048101	0.013987724542931132
HECTD1	0.021062654802300133	-0.012224709225964548	0.021266200524091675	0.014337990618396471	-0.012794257910275214	-0.024375319044934483
HELZ	0.006217676686816722	-0.00217221169608428	0.006408883460614926	0.005889113588250271	-0.00405221311868946	-0.0030862713254920858
HERPUD1	0.00862211132866414	0.013197142740576777	0.008986345974205414	0.019403088233114582	-0.007970997707736094	0.0025251587594996147
HES1	0.022535191101322228	-0.015513714680388355	0.022705605794952424	0.01513354683935811	-0.034133819698974714	-0.033286869920623074
HES4	0.0005812076348009152	-0.0039015138847235177	0.0005873141830399198	0.011722164111599024	-0.00015183435313666764	-0.015221281147046536
HEXA	0.004822479706350003	0.018033037978856515	0.004793418845099949	0.02164536320628336	0.0036296522592723494	0.0148145654268449
HEXB	0.01964237405318435	0.030413381130986333	0.01980970993375459	0.026218908842976982	0.016875739582101135	0.02590343273902112
HEXIM1	0.020347088956835527	0.0005852803148338657	0.020728824955403097	0.004214828348224016	-0.011980370438769964	0.0008601564277412831
HHIP	0.0032423188662262415	-0.015620261349266806	0.003302253409053106	0.0018526572761644027	-0.004532028866530824	-0.020282982332821557
HIF1A	0.00821380078206524	0.01565470286816114	0.008288368794438533	0.011983459533859146	0.0006548295612923457	0.015000613829296714
HIGD1A	0.004263992196358724	0.004256213551772936	0.004265727844751111	0.018438647986943633	-0.00480075800838419	-0.0033450757760352503
HIGD2A	0.008970742974920662	0.020920115105413382	0.009140539522954752	0.02428179160070209	-1.64088755455982e-05	0.012659344129957006
HINT1	0.028477252241238635	0.0023070348241545887	0.028489992431340913	0.026653865917658115	-0.011507859527785994	-0.011143630149293603
HINT2	0.008933478871704198	-0.0010372076372437786	0.009001582637006931	0.01660641762986267	-0.004317374910330496	-0.012364534032710685
HIPK1	-0.0022189501805797425	0.0004942474954266061	-0.0020140301360894388	0.014358311210598917	0.0036008295186100293	-0.005588418113455521
HIPK2	0.0057625321807138145	0.009730657932553382	0.006122641649647765	0.017419590548118456	0.0035977011815247237	0.006838130529919765
HIPK3	0.0054322399928051456	-0.00024117495359643687	0.005641691296163579	0.015998969559683753	0.004288931867681333	-0.00908032505496977
HK1	0.006285209461956376	0.004864445871057984	0.006459123076907004	0.01683812365095196	0.004674735197081335	-0.0002789104815868938
HLA-DQB1	0.039204621938547096	0.07531525363905811	0.038381793575689126	0.03537510714149842	0.0543903195942063	0.047021329171683494
HLA-DRB5	0.032694772676601716	0.04918589880541519	0.032129424305791576	0.024435823833781137	0.027743426143459825	0.03710805028183713
HLA-E	0.007977271824719172	0.03404426056161692	0.009983791787139385	0.008066124935748029	0.06647890590953216	0.03226009860140128
HLA-F	0.0010177315195039898	0.009711119391285048	0.0014327944077734815	-0.00011733497785721379	0.008785319252713567	0.023493567048303226
HM13	0.005047748534761239	0.003470057975444426	0.0050928754137083325	0.013874376912377159	-0.004797302715666816	-0.002577295244596876
HMGA1	0.0029614574616130492	0.00558374191168549	0.0030385992142498977	0.012426504861616283	-0.001540715030418108	0.0018800926053490197
HMGB1	0.017049332485428843	0.008753830377331089	0.01768342410461947	0.01427701317911834	-0.004423754496123479	0.0011747562451519253
HMGB2	0.004853089424112286	0.013259320229676626	0.005482596406547483	0.009577941424214639	0.007313827270910519	0.013058440186926843
HMGB3	0.012669746765566956	-0.006599758995683353	0.012717465124435468	0.008719309571290086	-0.010866896268254088	-0.015462084001512279
HMGCS1	0.007740401459681556	-0.012219688429275843	0.008207881571549815	0.012171287033409478	-0.010829118546773243	-0.022662500997165057
HMGN1	0.0037391458948031597	0.004951528371142625	0.004284774833861151	0.02499143742123475	-0.007731863415770052	-0.009340344087137227
HMGN2	0.012418604066200944	0.01609048500099657	0.012854906669089863	0.028877316665970893	-3.944600943677647e-06	-0.000738802304674683
HMGN3	0.024379581985580805	-0.011807183497703799	0.02466554097892442	0.026018026623820335	-0.03672565281931308	-0.025148604571221082
HMOX1	0.00554632561253274	0.01624448205569369	0.005505041413973285	0.01690961027584489	0.0001227225067306776	0.01697051925081226
HNMT	0.015319616440206145	0.012057591871925547	0.01544667282938505	0.02623474774955859	-0.0019382685958430875	0.0002976758003142199
HNRNPA0	0.015986324750575102	0.0035146557668309947	0.016196597461398062	0.015119659911494353	-0.00534186633581431	1.631139173364938e-05
HNRNPA1	0.004617317930686672	0.0063789959021725885	0.0049764858600670064	0.01694597269576471	0.005002473861751589	2.668669641196692e-05
HNRNPA2B1	0.03635223801185606	0.01251767204595937	0.03689424820073072	0.012676597879289495	0.004388210852208282	0.004439039662509661
HNRNPA3	0.00015260033292809711	0.0021466012572621657	0.0007809988480329546	0.01497138898536722	-0.0003932645361936934	-0.003257922961442082
HNRNPAB	0.007020210497596895	0.009924337203084267	0.007092124699061809	0.022106410519877346	-0.002565133497704357	0.0006681201676482785
HNRNPC	0.024773576467880958	0.013305649124504753	0.025304945374665523	0.02216400046136158	-0.0006753276919338815	0.0036222856279970583
HNRNPD	0.01124217426707964	0.005881601319813674	0.011778515742365442	0.019475036567722776	0.004245347164965317	-0.0005700518386159027
HNRNPDL	0.025915105808423426	0.006208428045895133	0.026525031152962175	0.01881274453732824	-0.0006698223394458189	-0.001114904483388536
HNRNPF	0.011425490722638864	0.007662364645612481	0.011689936090664783	0.022642797032303024	-0.0086135832222472	-0.003432689800784678
HNRNPH1	0.009203970110426039	0.004368148022034502	0.009428201386664186	0.0159626248388124	-0.0005539796743341623	-0.0006433685054644363
HNRNPH2	0.002084914596852356	0.005449516803718047	0.0020166395995398537	0.01695113940585301	0.00010264695975343926	-0.003949471434428353
HNRNPH3	0.012706992949366707	0.0015162017455640192	0.013006677873513891	0.01581142123152942	0.0029944591021735683	-0.005227432943663116
HNRNPK	0.02538170955516766	0.008256714094989393	0.02600506502977481	0.020069500976237498	-0.011841116584874056	-0.001380477664741032
HNRNPL	0.006668376581470709	-0.0008343452921872781	0.006776865167929634	0.01174664140303055	-0.0014359816075274164	-0.007432213007250239
HNRNPM	0.017828750749014834	0.0036182290358012783	0.018469396077814275	0.016371728774720165	-0.0013854516570697075	-0.00362814621668444
HNRNPR	0.024487518754415846	0.010296227852898765	0.02490153398333489	0.02185201084873219	0.003686086134837673	0.0019056242196564062
HNRNPU	0.0300266431304901	0.008454666522048609	0.03009776369906587	0.014243046190845191	-0.00511596502108065	0.0018565488191084481
HNRNPUL1	0.0007422618485957962	0.0011848595758089358	0.0011502223523006195	0.01717075782942713	-0.0057477332322673665	-0.006597580219419002
HOATZ	-0.00429797805892542	-0.01750859976840955	-0.0036682865634808117	0.00859367315476637	-0.018654308014889806	-0.029876851506773525
HOOK3	0.021850271440169423	0.00787278666147555	0.022130600269566956	0.01585381123583368	-0.0008849657245376793	0.004212547879694922
HOPX	0.027687806303332504	-0.046795724882034866	0.027676023825645223	-0.003801613662244327	-0.04141492926583783	-0.04979309695327491
HP	0.004391407329128826	0.007621725801872404	0.004403302307202374	0.008441702975939968	0.00651855514435763	0.0068172588560204824
HP1BP3	0.021812545939701035	0.008426312882603542	0.022211559979047932	0.013317109288722524	-0.0023507160210524676	0.008754648488170527
HPGD	0.015474995672286327	0.016820300186084255	0.015517436275542074	0.01572164669487609	-0.0004664224401384546	0.017175755065225104
HSBP1	0.017171041920457965	0.0012095364894493502	0.017548717652526913	0.032574616566314614	-0.005831263134026042	-0.017659984280634814
HSD17B10	0.0021836266133513386	0.008721958392340445	0.0023779834469079674	0.013742903662931613	-0.0016129374637174694	0.006434013871474279
HSD17B11	0.019612474382035776	0.009827996444170418	0.019642246475567338	0.02266790439503232	0.00390386244614337	0.0011103727745554424
HSD17B12	0.011582214744410329	-0.003043753894448234	0.011717863192832875	0.017785633692099772	-0.0014870183982459938	-0.014765556822206654
HSD17B4	0.010671455802994643	-0.002221158944199801	0.010754990994472066	0.02105636787139597	-0.00471034239233711	-0.012982982042133155
HSDL2	0.018475076608714076	-0.001787540348900983	0.018585732232749595	0.015342137377836627	-0.016310837603528968	-0.010482259382350638
HSP90AA1	0.027952447475695003	0.020147183201636894	0.028695233265361733	0.02931972278113502	-0.014476869403499779	-0.0033744067076660186
HSP90AB1	0.04664865457581702	0.014353483275157893	0.04649142789523905	0.03218483420059722	-0.027253008961050464	-0.006454808966983102
HSP90B1	0.05482693345133442	0.012268540347027613	0.05450531851039704	0.028364665848680384	-0.025380673810383444	-0.0042167536973564766
HSPA4	0.009450688815965542	0.004603994175999231	0.009775857837109075	0.014284845320133431	-0.0038885151249627276	0.0006599532672447277
HSPA5	0.03212110964138177	0.005359819211007705	0.03265295197183864	0.024369525622527175	-0.03929386538581384	-0.008163841033529528
HSPA8	0.03411400073389926	0.023843694931728967	0.03484846788454671	0.023786552129528033	0.009657756780854718	0.010351210935171242
HSPA9	0.019337225662848664	0.003348914219443256	0.019538232275390154	0.020371705145502583	4.662321532729101e-05	-0.006508712411250754
HSPB1	0.026927875946279812	-0.0018021575060658064	0.02699726415138145	0.034041392010101014	-0.029827635551649488	-0.02255865323590798
HSPD1	0.028814739899997596	0.00814562077819556	0.028919435060540975	0.0305486017527108	-0.009078844963628638	-0.009757212450294653
HSPE1	0.016493106381844005	0.009230784187847757	0.016854799949705818	0.028034494853385942	-0.0053764841761514744	-0.006681418882433771
HSPH1	0.024669841528394618	0.008372019720572775	0.025125498700241562	0.025916836298787983	-0.0091614813100294	-0.0031564229763308325
HUWE1	0.0055902194073421865	-0.0012469963338076397	0.005973253911708012	0.011428534083524016	0.0013228101281723378	-0.005606683089523182
IARS2	0.015943110662656457	0.005495432061851027	0.016193836908987177	0.01634864836531528	-0.003187921633958672	0.00047180371719186023
IBTK	0.011387831088726288	0.002078092739428462	0.011642682247502374	0.013263716326728492	-0.003993899226678869	-0.004398544206353574
ICAM1	0.02873714937158543	-0.010756961697346103	0.0286513454770784	0.013469578851016758	-0.03527907290100437	-0.02328101070347965
ID1	0.015197064545141047	-0.020533665028682303	0.015250669569078171	0.01465733970695696	-0.017650993637929248	-0.038979004186408255
ID2	0.026784396643166217	0.012554250016314274	0.027546761171572638	0.002955563468671382	0.0061019266026417366	0.020945274357363156
ID3	0.00521498777599934	0.003194522094109592	0.005310188390836623	0.014287575629350374	-0.0032593672033213706	-0.005770978075957256
IDH1	0.005350840138520481	0.002942411312353949	0.005296660246314897	0.016037717596462945	-0.0018135687361107303	-0.00372071287524612
IDH2	0.00021023807602868851	0.004209212315613511	0.0003122199544308634	0.012570094198936907	0.001131010058641258	0.00013963486436919766
IDI1	0.02467796564991091	-0.00520169444060561	0.02527169687562792	0.014853509167509042	-0.02310037175370797	-0.015385554334830498
IDS	0.00475558013408605	0.008168276558125806	0.005039370380502738	0.018616774372418474	0.0053841709431151795	0.003172235634961389
IER2	0.012130631612206642	-0.011615969570079054	0.012700794900659751	0.010439139752855263	-0.02538520096003384	-0.013129890508554972
IER3IP1	0.00679979278224768	0.002458966436956191	0.0068588665609197455	0.014519130054441335	0.0008771902231390218	-0.00277669487966641
IER5	0.021703037795269015	0.013605710279932548	0.02184235850589691	0.02165049381439096	-0.0014800942474932205	0.007160333671485769
IFI16	0.014240738161426876	0.026735766201589094	0.01488159715478781	0.010902403163050415	0.004060338931248273	0.03465238199428911
IFI27L2	0.006801816213446956	0.017102660520345994	0.006869909184835965	0.01546629117691427	0.003445206109273559	0.019570733534242903
IFI30	0.004534095958518822	0.02640666834669819	0.004518892993256644	0.012674733920155811	0.009770899254466017	0.03126631219138425
IFI6	0.016902722794134777	0.02424705115384385	0.01701718459110483	0.024596048649276288	0.004463168459852864	0.015168438504329135
IFIT2	0.003646974213005512	0.0110665935068308	0.00422513410347395	0.012090522831575908	0.01216757207775813	0.012867958009799558
IFIT3	0.012348269274418634	0.01592604320347985	0.012386425731309107	0.015991321291630684	0.010822480515646719	0.015504189354154083
IFITM2	-0.0023582221184787547	0.006825700855407256	-0.0017010531971904802	-0.00373414843900462	-0.0013957273890835263	0.012503352612497647
IFITM3	0.017289620342424646	0.003649246812279726	0.01724349974079323	0.03070615547584303	-0.01643508632279762	-0.014158263225640384
IFNAR1	0.022795928291339376	0.008971655001938333	0.023185092339506944	0.01751508665259683	-0.004160679464300893	0.004020071548194579
IFNGR1	0.02032909807311112	0.03016274311753185	0.02052033150129845	0.02281984785437334	0.030158000756417686	0.02659042366411313
IFRD1	0.00651676404460665	0.006026794049980744	0.006834659804422592	0.016176936769666164	0.0017110530390091947	-0.0014619520348078474
IFT20	0.013922742354349439	-0.00013699522658067566	0.014007135901392452	0.012958749301117772	-0.0035191679184773048	-0.008084466469932041
IFT25	0.0021410738266012114	0.0013446568965455325	0.0025717745217553037	0.017724729991284938	-0.005454882049086195	-0.008328197053093882
IFT57	0.032131432198260666	-0.021952605165588956	0.03208795096454476	0.020628274733100572	-0.06600221226867505	-0.04332659634313541
IGBP1	0.010692883871074825	0.008376961057600803	0.010917949960140122	0.02036511388389248	0.0014001971498378818	0.0012091268524094137
IGF2R	0.0017082881124468163	0.0081821347798025	0.002343770653527745	0.014599291052042697	0.014527380199065187	0.004700101059611346
IGFBP2	0.0017042892537509702	-0.0008947245296695723	0.0018122948091660984	0.014940359960775092	-0.0023314793049042815	-0.012851765407216196
IGFBP7	0.009187990839484296	-0.00941078625031674	0.009666047261154193	0.012076508085399226	-0.013192814204887559	-0.020739966281410626
IK	0.004185884010630515	-0.006691502800663413	0.004646840747193224	0.019380111859219618	-0.009671828625686694	-0.016930361178574185
IKZF1	-8.983422225832547e-05	0.006547275221627934	0.00026211347234160443	-0.00492885319815799	0.013026810211121446	0.022435663643215097
IL13RA1	0.01844891605250879	0.012956214495961588	0.018377678480693587	0.01997793155123735	0.0007142245480798561	0.0072997099066067295
IL18	0.0038764295962032728	0.01757324805765586	0.003957605230671636	0.022719257205700744	0.002598197514996143	0.013778279364283438
IL1B	0.013728418863889915	0.024825598630067263	0.013178027787459572	0.007783296746961616	0.04623090631904449	0.024944381395903558
IL1R1	0.01726279910383285	-0.0062426171150471305	0.017082174362102437	0.009236339595328635	-0.028141571890609587	-0.01627815186926569
IL1RN	0.00290813231966664	0.013522465365299097	0.002829729660019104	0.007772360318604896	0.01973747403357463	0.015682294851438
IL2RG	-0.0033489637927065045	0.006053398126671142	-0.0027737425069017654	-0.0010696392713657765	0.009487511150983926	0.018292478898585283
IL32	-0.0046173379860985735	-0.009680663246918467	-0.004186941964529822	-0.018999325532889473	-0.0014682969052764027	0.0034768438675865363
IL6R	0.011185665441207557	-0.0013632328223965636	0.011240525268861195	0.009541478674144814	0.001181695325929023	-0.012047390988297647
IL6ST	0.04552894324024004	-0.011496368355683188	0.04505831265879684	0.01759727435970152	-0.050853893570172094	-0.025555917054648575
IL7R	0.0073354583265452435	0.004328422989376908	0.007675584245816531	-0.001370503482151464	0.018734787285914947	0.013601200300179054
ILF2	0.010216814179327247	0.0055534556855949485	0.01042164026950474	0.018221067658766035	-0.005750147945751196	-5.3358901379206104e-05
ILF3	0.01460005795556201	-0.00023152238550002663	0.015041402870539664	0.013590664710311385	-0.00035790556387403166	-0.006845885019008731
IMP3	0.0025754209283255823	0.0005924488952981865	0.002898416276807511	0.013435674110023893	-0.0037398343725997176	-0.004537282198377048
INHBA	0.026066554011250007	0.033942425241647034	0.025356873233973367	0.021110108406266058	0.05209111813259746	0.027809713541624675
INSIG1	0.019689408728281253	0.007430831892204934	0.019638378259650396	0.011520745698781027	0.009146295308039894	-0.0005059250723122697
INSR	0.006327298964511365	-0.008057552639500077	0.006486922834497156	0.013332662697830448	-0.007176236388933632	-0.02120622486786866
INTS6	0.004196717376694423	0.005737113454855418	0.004478957880544696	0.008988755276229315	0.0006509422547634094	0.006330980927866446
IPO7	0.01912955020104653	0.004469983816727575	0.019077533611299026	0.019920655089794546	-0.0011955340203028786	-0.005139467561649555
IQCG	0.0029566451428128552	-0.008950756383118794	0.003341154862529514	0.010500645208666545	-0.00504614288538123	-0.020726045462611104
IQGAP1	0.037097096993095866	0.015420626770638587	0.03776325925648622	0.019460356986560103	0.04011018226554042	0.007823406953383724
IQGAP2	0.00958806911950736	0.014028381144765718	0.010223898000791935	0.010072773088927735	0.020182698953219974	0.01980625087595847
IQSEC1	-0.0010798409112760686	0.008358018010081156	-0.0007598731053700602	0.013769477326120183	0.007967524370223588	0.007535852717290559
IRAK3	0.007936309403012659	0.02554777975726226	0.007934510943533878	0.015634121933104955	0.02446603985156691	0.029174831522163765
IRF1	0.004210023118881318	-0.007670082943785123	0.00511536309659376	0.00724904892511354	0.0059003132219971974	-0.010080481226105486
IRF2	-0.0005781846729124118	0.004505933039962082	-0.0004387611043421538	0.011389814620935588	-0.005920555064369519	0.0012414234083963761
IRF2BP2	0.02557982861097841	0.0021787665370564847	0.025547438983897525	0.020233241444086746	-0.012824838626292558	-0.010045502968244696
IRS2	0.009618512999281488	0.019286084669651146	0.009822121970461324	0.024186724010557985	0.020268210821519663	0.012126266903545901
IRX2	0.006248992306980914	-0.014097340419696793	0.006333476198578561	0.010313626660172416	-0.0068695437088711455	-0.03233641935495713
IRX3	0.008163398280154431	-0.021028280331599203	0.008235899100059774	0.010450649223821266	-0.009648082088002764	-0.039980931485905834
ISCU	0.016810032380652366	0.0038647409584142813	0.017137979720472245	0.021965767128048718	-0.0020829309686802196	-0.006358447998832972
ISG15	0.008378864701482342	0.02019237227011347	0.008490212603991267	0.008961662082131332	0.0016650105459540352	0.023852911490825905
ISG20	-0.0010997053241560933	-0.004947640003142102	-0.0008968709196608862	-0.005321707026437712	-0.0051047010002047985	-0.004543402379242286
IST1	0.007094330844538633	0.003595854454933798	0.007208474974108096	0.0127551618391193	-0.0041588429601527	0.00098464589468217
ITGA4	-0.005986842972505384	0.006972488417222339	-0.005374028078480584	-0.003954413133783898	0.02545672176105822	0.019440806586147448
ITGAX	0.004237753225753368	0.0243596516996327	0.004271477743651506	0.010722522845929158	0.01153324851806018	0.03010364635638972
ITGB1	0.02336070172461939	0.009893969065686358	0.023950984166323144	0.020204490811874667	0.005152550377437484	0.0010312031557867783
ITGB2	0.008074877499910817	0.04377225590525411	0.008500072460233668	0.0023468204577227402	0.02990306670877262	0.0591671754826551
ITGB6	0.02168024049822745	-0.0141723858139373	0.021676394318914518	0.004686924112066692	-0.019231090414235763	-0.02457096421551394
ITM2B	0.02780844913482045	0.058652241863664516	0.0279934132979012	0.036369613029676076	0.03236718099352972	0.023843379867138716
ITPR2	0.014525361163126582	0.007707849484721339	0.014835522301463597	0.011522544564262374	0.011555602449369741	0.00832697256855033
ITSN2	0.02853696935901137	0.0031080611276250955	0.029144970301608737	0.015118475195679396	0.002609182412558501	-0.0018927236993857696
IVNS1ABP	0.003995068399423465	0.015431785424270735	0.004473915059277261	0.010561018364792117	0.006061200131949884	0.01797840818913808
JAK1	0.01081815306860252	0.0006130405326056003	0.012314879100605346	0.006354879193047061	0.009347542345592737	0.004093778405847312
JAML	0.022207666493839165	0.03156029451262808	0.02199483537044916	0.014141127771750169	0.03230470995994492	0.038094623859896426
JARID2	0.003501277259825895	0.011428841085347138	0.0036462710712496667	0.004529040154734744	0.013319573194999528	0.016623261825136345
JMJD1C	0.025670284902037224	0.01365126262388091	0.026341547471033153	0.021889515117908716	0.012512739780673144	0.004929552713439201
JOSD1	0.008052482389615916	0.010603037970019363	0.008172009124059267	0.012094147725075303	0.008003639733231144	0.009219656939875158
JPT1	0.018254189433078088	0.025854153076918997	0.01825292413864213	0.021396667465663606	-0.00047161989232555643	0.024616101680011316
JTB	0.023826257751893783	0.013214163960325478	0.02413310959023275	0.021544135625512287	0.004567617462554676	0.007675349291959724
JUN	0.07619511966775092	-0.01213304490163253	0.07455755299552078	0.03162265647828264	-0.07291770924271695	-0.023728572400358368
JUNB	0.043119828801915144	0.015974115923082448	0.04287330673573665	0.0213305872898071	-0.01945178499995104	0.004052426373025409
JUND	-0.0007101617581546714	0.013686437414663997	-0.00032400583346698557	0.031076449338355756	-0.00960017245644209	-0.004925775542819144
KANSL1	0.003484412521419306	-0.0010404389406092395	0.0037024094718791224	0.008588314929720238	0.001086197926742276	-0.0018983157337600037
KAT6A	-0.004294812202872324	0.0044727477166346	-0.0036594388908819655	0.010473085990517501	0.003802648087480334	0.0025132233192609334
KCNQ1OT1	0.008698916787877877	-0.01080592679266822	0.009037268154414333	0.015111563516667162	-0.009918934906551229	-0.02531199286919099
KCTD12	0.010641095692855117	0.028526518406075903	0.010724404358996957	0.02458263725599266	0.005197801652655083	0.02192008762967928
KDELR1	0.008318993457543477	0.00525845990987644	0.008456421631770591	0.025643807967059905	0.0009371650552826017	-0.0063796796730421195
KDELR2	0.0083289893032198	0.004181706155748949	0.008353934346208534	0.021789377042464655	-0.006186034442618112	-0.004671264051501879
KDM2A	0.00499029097272936	0.006505624090340539	0.005470946410068076	0.012125889766234368	0.009331478463344874	0.005659429038662573
KDM5A	-0.002271844567744583	0.0053955705308957515	-0.0017169797076787697	0.008547541366314667	0.0009706888854970624	0.00745217808748087
KDM6B	0.002927700937149459	0.013694747833825113	0.0029570154358382647	0.015448987184936406	0.00386283600663076	0.009178939218774333
KDSR	0.010404105568214899	0.0007998673003780184	0.010482018122196343	0.014358197701539737	-0.0039011840623969945	-0.008404254175334462
KHDRBS1	0.007650548108932174	0.010089889221447032	0.0078132814940447	0.025578382929953975	0.002153228641283879	-0.0007784772560759435
KIAA0319L	0.01386176093423198	-0.007996408018178665	0.013814908123288288	0.009957242933048583	-0.012059996539954983	-0.019575673867757677
KIAA2026	0.006586718852234397	-0.0007625071756885343	0.006687803183764757	0.010284952048172872	-0.009030658617040034	-0.004049809998623354
KIDINS220	0.008310105732838722	0.001293342480344524	0.008680265204521021	0.013671378797588805	-0.00045423105521828994	-0.0031936330751059154
KIF21A	0.011195744592021158	-0.015379027548126457	0.011646391827787771	0.006714076981203103	-0.011958658434112698	-0.029280940353566202
KIF5B	0.03627396272147375	0.009578539424838647	0.037106569076717236	0.029181956375041646	-0.0062200251446173	-0.004847971100182344
KLF10	0.02350840764931264	-0.002297866829109804	0.02356205424439798	0.014699797357522441	-0.005478376825572814	-0.012562613562327416
KLF2	0.0036364709183107635	0.008050590292901057	0.003741193937353761	0.0055313360590477124	0.004187450243047856	0.008640388277870639
KLF3	0.006589109344871226	0.004014942797953828	0.006834307185375409	0.01630717862380598	-0.001552369173931802	-0.0019515319156217608
KLF4	0.03145863896408886	0.02839700365870264	0.031190265398683057	0.021788397362591354	0.013616948958620569	0.02424641834785466
KLF5	0.008844000248513846	-0.01790420720036017	0.009031766369962765	0.01164918195732182	-0.022865744920356167	-0.037498803046779244
KLF6	0.026645706806006367	0.009743481074175116	0.027119045421959607	0.02321574252969903	0.012134542765154533	0.0003011903686202745
KLF9	-0.0016579218691555975	0.0038634298699458227	-0.0011728390284213171	0.01705149035963615	0.0041985169007882055	-0.00672210500771672
KLHL24	0.007781011190892581	-0.006515137040616015	0.007920393220457017	0.011026933951111971	-0.004748436700948936	-0.016308797201170917
KLK11	0.0027117476896046516	-0.01342563822654603	0.002611041863136778	0.006899929224399473	-0.010927405740598695	-0.022775279921568352
KLRB1	-0.00024546157393422045	-0.009188420374887157	5.151647103444066e-05	-0.018558584773835755	0.00044752620277671356	0.0048735605961514284
KLRD1	-0.024292494038846556	-0.01131955790502342	-0.02270749141043272	-0.02452419827386372	0.005735400314186803	0.0071378202778398046
KMT2A	0.0019150963463725119	-0.002531293642366776	0.0022482685144507714	0.015046945544277494	-4.680386395465651e-05	-0.01096326126804888
KMT2C	0.02258536822644002	0.006222387108940767	0.023002835960195818	0.01819949063426021	-0.00695008794069563	-0.00012886130476507645
KMT2E	0.012081379536297378	0.0033283555169421686	0.013369930063744127	0.009622367278429108	0.014455299282432534	0.0029479552613102464
KMT5B	0.005177239652943233	-0.0031663643941189186	0.0056895535618432256	0.010485892497072335	-0.00837857160758164	-0.01044170503477695
KPNA4	0.010203919971282616	0.012408841532408453	0.010276239906396279	0.015323345585663778	0.0025554211413980543	0.011453827564031419
KPNB1	0.018489544211322793	0.011183199122479746	0.019077877792178042	0.01839793022974847	0.008566528568282723	0.0065479464133706925
KRAS	0.008735914594238267	0.0035149128278981557	0.009155855402623012	0.01217611560336022	-0.0014171655108424826	0.0024909195531095003
KRR1	0.011022247992786165	-0.001498173435245455	0.011481664395385815	0.0103677868575089	0.004092311154323609	-0.005612680965419037
KRT10	0.0036526115861422524	-0.0037434294527540486	0.003802392201425645	0.014776321022015863	-0.003052612484514663	-0.014971920333654633
KRT17	0.001456245624832685	-0.007661342852008541	0.001446147455464253	0.00786925471500136	-0.004221543418115957	-0.016042437458510053
KRT18	0.027922430426841612	-0.038323767009282944	0.027814702256408457	0.017064459041647113	-0.03470071997320254	-0.0626715507453897
KRT19	0.02261976776489601	-0.033901895217978595	0.02272240297442861	0.016844720598201884	-0.024861470118737822	-0.05880432083186754
KRT7	0.02261112492040495	-0.02327440175405494	0.022520625128086863	0.010795291491957184	-0.03487866233175003	-0.0397113035072468
KRT8	0.023139224592358888	-0.036300126410507984	0.023183040748349044	0.01726686775970957	-0.029486310827710232	-0.06052085962141077
KTN1	0.03976876508692323	0.0008518670076868239	0.04001356784863937	0.026343380872378763	-0.025802208703181638	-0.01317604760387034
KYNU	0.015273153501558308	0.020278559055476843	0.015146055647540325	0.012807648567538181	0.018622385420358677	0.026661031005601958
LACTB	0.016985780976039824	0.02027406981384787	0.016885877794106136	0.01813595795359162	0.01836807072476048	0.02263410960044421
LAIR1	0.0013417600781296857	0.03182539233410747	0.0013813596150907181	0.018697709321455504	0.010401559872087726	0.03277448816294334
LAMP1	0.015369077166829127	0.020711523780719242	0.01564175118382201	0.031020785511067357	0.00559942767853485	0.004891332902808481
LAMP2	0.02383902425534506	0.023645286909346166	0.023804628472116878	0.029831952105542976	0.009170000419546019	0.012746488857664481
LAMP3	0.007410050748438096	-0.023438485311873935	0.007412393455727396	0.004465338818500079	-0.010876584977195455	-0.030145031833376915
LAMTOR1	0.006376982162375868	0.02973318735001786	0.0063147525920524755	0.029192104858397974	0.0031141455486655336	0.018221450959723592
LAMTOR2	0.007237888776999803	0.019680962058573715	0.007200386931888684	0.02327987358044232	0.0011381655440189848	0.014744124508659544
LAMTOR4	0.010731105232822079	0.02220064592283773	0.010817512771383812	0.023492781042912785	-2.967075129783261e-05	0.012566916847231487
LAMTOR5	0.019852305579488565	0.008670012841489204	0.01998295570015248	0.02866451985625942	0.00045823585379081765	-0.006083279700066263
LAP3	0.017372880977746852	0.023093000014681307	0.017459224008095815	0.023645872778825464	0.01853988041689226	0.019541842391687513
LAPTM4A	0.028189641466841497	0.01012996390549875	0.028177839634756265	0.033824967330013736	-0.013072966621782372	-0.008754503715711697
LAPTM5	0.03256327229457654	0.07682302559676384	0.032208950353053586	0.0189361652266407	0.06894675789782133	0.07070364828825558
LARP1	0.005913324698166727	0.006444900953258613	0.006128064686625814	0.019142619042820275	-0.0021087765301714173	-4.196555316664544e-05
LARP4B	0.012880812454818964	-0.00225838656614649	0.013028543041751748	0.013966362656233182	-0.0025872715767579256	-0.0101861509110839
LARP7	0.011850591099449167	0.005137183338876144	0.012033372050225855	0.0175194043101145	-0.0017894945176957096	-0.0010672146414527827
LARS1	0.02089767497928145	0.002427173692133881	0.021075703243897827	0.02021271709131055	-0.002932042697929652	-0.006589063011659756
LASP1	0.007049995320235204	0.01012168663230298	0.007321874503545772	0.012020429171926863	0.00013053519633044578	0.010664458469064492
LCN2	0.004128171220501401	-0.01162118186503035	0.004141630811975662	0.008678020543264631	-0.00549790706392504	-0.024015526253507623
LCOR	0.005957212392367488	0.003886334861122746	0.006320282433821059	0.008848821517932952	-0.002094052196727612	0.003216262532548539
LCP1	0.01627024815019663	0.05349720943691976	0.01654000747538093	-0.00015626749246774874	0.09332726459283401	0.06810251844692797
LCP2	0.00775592187591237	0.022218176646528365	0.007739574594963878	0.005423424307444332	0.0164053831665994	0.034604622703325684
LDHB	0.025840192453442948	0.0021227771289679463	0.02603256684600936	0.0358458955139483	-0.013908264410445419	-0.01768606639636703
LDLR	0.0173136620961642	-0.02204474635728777	0.017438516380212824	0.015586118692556368	-0.03962796845678584	-0.039847396203986626
LDLRAD1	-0.0045276592359787555	-0.009845537254396394	-0.004163244486748858	0.00880678634428861	-0.00489535717912197	-0.022311075269007507
LEPROT	0.030082298919961576	0.015499650356043778	0.030167681196503843	0.026924729130487754	0.007958836919982198	0.0044625508141731725
LEPROTL1	0.0014478703692951383	0.013791435439008104	0.001781727074002537	0.01230576494580824	0.004140011316720066	0.01736227172884034
LGALS1	0.021759079552449764	0.0816626464036143	0.021661032019621863	0.026593730580536823	0.03134402967101881	0.05956838255195717
LGALS3	0.07868809222891843	0.04954515090944735	0.0766152792895736	0.04926520404473022	0.01332395792118886	0.006443921994218804
LGALS3BP	0.016780709235035347	0.005626834706790448	0.016762776407160968	0.029287519114370556	-0.00960435873290046	-0.015216261339587854
LGALS8	0.007603197871536438	0.002299621451960979	0.0075805020254939934	0.015860983400078667	0.002669597316492329	-0.0043154603391379835
LGALS9	0.0030022915971705303	0.027182827587618037	0.0030203857136649566	0.023163154804426198	0.006843609541640073	0.02791415659216937
LGMN	0.010712337058752134	-0.0044638636476796	0.010874319676770253	0.013907143503846638	-0.006611147068960852	-0.013950004772005037
LIMA1	0.02817937087121331	0.0012825952425239192	0.028337796560592963	0.015386281799055034	0.006568209185455049	-0.00657220073642506
LIMCH1	0.017512130856682556	-0.02529751262619927	0.01782561615633778	0.011424057725476318	-0.02951987045391669	-0.047374747718609105
LIMS1	0.027228244235152577	0.029147183109534236	0.02719525328667484	0.02718917373676202	0.027142496879448298	0.02012873368279171
LINC-PINT	0.0065745559545276255	0.005447310646729571	0.007327143374072805	0.011605938047261045	0.014202182497387203	-0.00011224216202849267
LIPA	0.014864551509115953	0.02400773815710758	0.014816784565816124	0.023037875185356695	0.02057239540850385	0.01971991138380683
LITAF	0.024104025722409717	0.03960951898015482	0.024547243556763562	0.025700060416539806	0.028569779784474607	0.028213705399456702
LMAN1	0.01866732248754841	-0.006771473001849989	0.018942492548445135	0.020759370876905638	-0.02001132371002659	-0.020329760978622807
LMAN2	0.009809885208581563	0.006859532392615619	0.010053679122924286	0.02261864607627426	-0.013140811980030804	-0.002264156724571199
LMBRD1	0.006753273066845774	0.003724287965821382	0.006773664935221345	0.015173426204092674	-0.0012406799084608174	-0.002585585090434733
LMNA	0.043529452329055515	0.015797690178526533	0.04293839756091384	0.03455746196886646	-0.002814403503713778	-0.004649601483171117
LMO3	0.020144202137129797	-0.01850771903747324	0.02000869892220221	0.010953734617417797	-0.020863750622800003	-0.03837594427535859
LMO4	0.015031759908109926	0.011012991092292986	0.015511483408953336	0.02269145445089459	-0.001872980866264511	0.002449006026173573
LMO7	0.025267797873953026	-0.036625095488293506	0.025289967984411688	0.012474686661642066	-0.05447881639141639	-0.05952475934438379
LNPEP	0.00369135888681728	0.007131950195161706	0.004011168175421317	0.005571945676810965	0.0019242475291304205	0.013449810698822694
LONP2	0.010838201310780999	-0.004559150837993343	0.01086067100583509	0.01042499295726135	-0.0034133399879817277	-0.013096051858251896
LPIN2	0.006566693552445484	0.0025025978387613543	0.006821714227667603	0.010520734513197752	0.0013205139549452502	0.00097545315034542
LPL	0.022146184316748422	0.02073017176650765	0.02211207120509129	0.020569066112619702	0.017932684137856935	0.014666234868421038
LPP	0.030671687405079036	0.001117289360927084	0.030875338752866327	0.015107384738156118	-0.0050359723249092025	-0.005404854248030477
LPXN	0.0070896344023690695	0.01450648186660126	0.0073070694049785145	0.012406667577261912	0.012870717830897037	0.021265667633400244
LRG1	0.007200258055050302	-0.00863457567075047	0.007315435428971764	0.010534597653371568	-0.011418193634934277	-0.02332679661876912
LRP1	0.0036139849883040707	0.02592847796395579	0.00371328999456025	0.02149586123606355	0.01400016166671967	0.024715086688899397
LRP10	0.0021776912996776155	-0.004096425285516188	0.002584603610002065	0.015217361977889149	-0.0023264309681382705	-0.012915803744477821
LRPAP1	0.00536312401539804	0.022337809701969146	0.005559830841931489	0.03254308416321153	0.001962396842225268	0.004182827545832098
LRRC23	0.0017070087266807064	-0.012570901486118596	0.002043702216060579	0.009833446922285825	-0.007123561432577817	-0.025578390837718533
LRRC46	-0.0015530574080359011	-0.012466135420893988	-0.001442021170204593	0.006409764204807729	-0.0036470272077663178	-0.024319403727738734
LRRFIP1	0.031271407813378935	0.03148652644901856	0.03158641495204272	0.03396270710033609	0.040309110359002386	0.011643266129274769
LRRFIP2	0.018259776185363286	-0.0009065761975157135	0.018542651463275252	0.01388333124474625	-0.00791835023603323	-0.010067102675678067
LRRIQ1	-0.006175824326066183	-0.01967005298346242	-0.005226847709742189	0.005879130228542719	-0.021420454631768237	-0.02987097770861595
LRRK2	0.025200273103956842	-0.019105632457166018	0.025183117567390428	0.007500879961359364	-0.02128776400908412	-0.021909073402356195
LSM14A	0.00595019375332122	0.0006535119108972772	0.006199923211960399	0.012121501133570698	-0.0025773226901022813	-0.0040088946038094
LSM3	0.011844940468532753	0.005501942256081357	0.011914960951243312	0.01887863119553965	-0.012115003436063317	-0.0017038609015977827
LSM4	0.003751982672714099	0.011455040158898902	0.0037747689810201782	0.023165603356988623	0.003658135467698402	0.0032153342649450987
LSM5	0.010424055596740115	0.0067137456373625275	0.01054214902119724	0.018951328685086907	-0.006860300296900041	0.00015374629566421616
LSM6	0.006276927084542574	0.01437626869207164	0.006381338057555669	0.018834734760448335	0.0027919830956487975	0.012847589665157375
LSM7	0.013172244857762003	0.010572770042400011	0.01331249858067516	0.019933008912289697	-0.00630510298129971	0.003938552080589239
LSM8	0.008887505792858871	0.004341700553704241	0.009157085749452107	0.011679396788818568	0.0043092554411395595	0.005546607019460437
LSP1	0.003831803439091192	0.023048590780818872	0.003829541015713103	0.0012830873340325382	0.008403652697751379	0.03796819645767386
LST1	0.016039735140606623	0.05767561721854335	0.015834065057462855	0.02098769704602517	0.032491792281550524	0.056510987618105184
LTA4H	0.016214313775055632	0.029902624298065037	0.016234675925930548	0.03384575175120272	0.03016026139997103	0.010752135249481121
LTB	0.004346090354925013	0.006114936741487458	0.004314437280011529	-0.0013845639559718387	0.004145573068210608	0.012490729938643712
LTF	0.0011737468662953543	-0.002801243139167384	0.0011671816805597739	0.0019469952293706412	-0.008375547850474951	-0.005184954463066838
LUC7L3	0.014403308683115264	-0.0061344839500418365	0.015383099181607929	0.009526176083228609	-0.0033821133975308277	-0.008741733290664062
LY86	0.0030281511983281284	0.02805734687651152	0.002993142601368593	0.018309866516278174	0.006018246637061935	0.034060308595195044
LY96	0.010691376041235417	0.0254849001002563	0.01056658127747434	0.017289787959764144	0.01591172228839128	0.031137079474109847
LYAR	0.006078567753488526	0.0053339554750158865	0.006176879567308597	0.0030667579910726842	0.0041182996879991435	0.012706734226271195
LYN	0.02671291253335062	0.022834405445876456	0.026847009166539856	0.018321927334384917	0.0264758301427482	0.02221017399540086
LYPLA1	0.01083401500273158	0.009286010400465224	0.01097635862500827	0.021605162256733385	-0.0004502551776888581	0.002073737291434505
LYRM2	0.0036877376768637993	0.00021916551371070278	0.003965367236717313	0.014255958483453823	-0.0018524427743843756	-0.007951749994005957
LYST	0.00046313943727189014	0.009230527870728067	0.0007416204754101506	0.009902909622203014	0.01606590304753392	0.013570445629799165
LYZ	0.04939425050377967	0.11242223772389015	0.04682365354031674	0.02617888568559381	0.15018385143298998	0.08033410521379183
M6PR	0.016066997639488143	0.019495562374683327	0.01622387566236413	0.022173746418713374	0.012978296042849176	0.016148713219475055
MACC1	0.021412458898013575	0.002283205265520974	0.02157875851872677	0.01683700771493823	-0.004116720842776144	-0.00586643693689648
MACF1	0.004309198303773609	-0.01103614642005429	0.005868551104990259	0.011311975241076088	0.0031360190869153194	-0.016624304131736045
MACROD2	0.007100893100968134	-0.012752053643279198	0.0072521352308908766	0.0075055642462847965	-0.019525035303943023	-0.02647855611763983
MACROH2A1	0.027456414305561762	0.03818769476373015	0.027356274795857012	0.03395623178611008	0.01778007901130039	0.021847637522361883
MAF1	0.004455374508627949	0.004244588529684197	0.004484840319425278	0.009883678837147478	-0.001028102043569239	0.0018018485885423867
MAFB	0.0117741547510826	0.03392594902098049	0.011719838127318248	0.01739070934381483	0.012009843985679183	0.030091291615281356
MAFF	0.012330184153865172	-0.003192457623412676	0.012633768576040351	0.018209060486403344	-0.004287401491426062	-0.01495142802792957
MAGI3	0.02075644061050666	-0.012197024474245999	0.020811377835523004	0.007356807976746093	-0.020115254233492794	-0.02640112062924904
MAGOH	0.0046611550338599055	0.005935187036653211	0.0049245827515011975	0.01682698260003956	-0.00030967164561080193	0.0010223815775893123
MAGT1	0.013123407084415298	0.003136481890990942	0.0133773753850656	0.01420318128398866	-0.0024491575538584877	-0.001114205733782642
MAL2	0.011635775417686445	-0.020453151464474878	0.01177285908222899	0.011674883385610468	-0.01385213273265667	-0.04134902346583394
MALAT1	-0.02490516602044479	0.03517677730598485	-0.021539901960344807	0.052952279424032515	0.004462303072430585	-0.010493666246083394
MALL	0.007220828306359223	-0.023482336381307544	0.007331739621343266	0.008519486233137565	-0.0048856051251021234	-0.0390991411316313
MAML2	0.012581545539705502	-0.000960236690602365	0.012772277115744631	0.012001619633248858	0.001139358050881758	-0.00640361204473622
MAN1A1	0.010056638135101496	0.01236295439307958	0.010594569685030336	0.01536991873391614	0.01409219399922628	0.014604497867563893
MAN1A2	0.016265180146057615	-0.0019813795060516165	0.017060956168062434	0.009760480016916023	-0.009249023804124562	-0.009098174873471167
MANF	0.0011783630567115387	0.0031081763179396857	0.0011524619862858132	0.01077621071489404	0.0012071181075927924	0.00044628715864113285
MAOA	0.012371933209272698	-0.01943811894999743	0.01235836884106569	0.009982840516185606	-0.018860900716838262	-0.03884928470137005
MAP1LC3B	0.028593244431457117	0.02151927793727748	0.028742577055326884	0.02738914513679714	0.00885990745834987	0.010773290862676274
MAP2K1	0.004238832476961759	0.016163903811972392	0.004411606020048227	0.012315435404594134	0.005962785870361586	0.020589196040793723
MAP2K2	0.00043381848520897834	0.007996947292561611	0.0004600615605481228	0.017152757997347425	-0.0021544470225620684	0.0028882940848649493
MAP2K3	0.0016180396967897257	0.0047205022103242265	0.0017094771002448723	0.013344353403368096	0.002626222507487331	-0.001414667951915435
MAP3K13	0.015966396384852352	-0.00830258781344282	0.016108488617011592	0.01789198523439775	-0.012889856890549346	-0.02520038381506093
MAP3K2	0.012451471179376738	0.011673464473044078	0.012546788641475334	0.01630372213142454	0.02025909411273899	0.008011422526973224
MAP3K8	0.002757491276431932	0.023707416285022084	0.0030342523063405158	0.01823689641109555	0.0060008496610657325	0.01803748230550827
MAP4	-0.000910454681260451	0.003761450257099142	-0.0005040782179580993	0.015269519346300324	0.0026370784478483887	-0.0030625918455807993
MAP4K4	0.0054820713060385285	0.006755390851684626	0.005751274550051262	0.013419290370614807	0.0062501343428595	0.0014210250571982475
MAPK1	0.006000154480534455	0.00840484727134132	0.006352496367944582	0.01205656217077664	0.005958426615387912	0.008209858394232128
MAPK1IP1L	0.008566499244327662	0.0036633005540292187	0.00869398400441354	0.01729383252157241	-8.689487817080093e-05	-0.003208080210259941
MAPK6	0.015533443087233114	0.008612587788598755	0.015628099442490224	0.01313675515136186	0.0029949825437759364	0.004209563528206541
MAPKAPK2	0.006779138473254889	0.002543429795458839	0.00694014858526477	0.01074208205118504	-0.0010191059718556896	-0.0013837173398536515
MAPRE1	0.013523755946302448	0.011684820909233746	0.013623422172242265	0.015983714315043685	0.00851562472068272	0.012709085870835647
MARCHF1	0.0076643388523254755	0.025260080470210212	0.007608869750350293	0.013518396177194634	0.011302764325493646	0.03231725164993967
MARCHF6	0.012491872505926744	-0.008754357478592718	0.012650086783816605	0.013379901492412383	-0.006773643692247293	-0.0195366824834521
MARCHF7	0.013302015564514436	0.004649327765121431	0.013474792115106715	0.014213955417708798	0.0010730704919106858	0.0017674445195200426
MARCKS	0.003539409621139619	0.005917688749365966	0.0037308246826351075	0.012954671537580538	0.00471152934722431	-0.005656437909464505
MARCO	0.027545838764342665	0.04660542727462633	0.026935191338572674	0.027087459089436782	0.06292145079814976	0.034762371090552205
MARK3	0.010969267805940174	-0.0030577727371425907	0.011277513989229496	0.010586280728010301	-0.0022555733940513097	-0.009391958751567396
MAST4	0.0052254583071677345	-0.01221351554517045	0.005471861514725656	0.009610687622435783	-0.02183513059681888	-0.02744770001218231
MAT2A	0.004893362568245698	0.015471940586442995	0.004999152402400837	0.017637110184655802	0.0027663429162395996	0.009872461971593628
MATR3_ENSG00000015479	0.035998957847369444	1.9469501174916278e-05	0.03669933928795306	0.0015611084303682476	-0.006106518857936381	-0.0013275146244443453
MAZ	0.0057754535571355485	0.00584617302404185	0.005776503352243708	0.01547848264363393	-0.0001742396447575245	0.0007933113937896066
MBD2	0.009399278954229033	0.01912341669775177	0.00945430046350372	0.022380824873650458	0.00959147528416051	0.015108386754258659
MBD4	0.009403561110718607	0.007355672643371117	0.009538635463888478	0.01558148378068	0.0004054078831099002	0.004197742066899863
MBIP	0.01576946599954844	-0.014946545644100888	0.015766574585493926	0.011980690196093406	-0.03076349836450787	-0.027801561197879042
MBNL1	0.013953471527676195	0.009781994553986388	0.01539987337404833	0.013785973845381076	0.024128706503798916	0.007047977930211211
MBNL2	0.013665089350423428	-0.00708393971966799	0.014044747917413485	0.009640523361713059	-0.014686428049373897	-0.01854083653035214
MBP	0.0048927937798463154	0.005681983734251452	0.005653882928043772	0.007639626451972561	0.02041947604099486	0.009100387944414269
MBTPS1	0.00678087426029648	-0.0050641055966212135	0.007219363205495813	0.010675378047008249	-0.007922597291399738	-0.01300237549065363
MCEMP1	0.0219164599780863	0.03662768059272754	0.02152100360986588	0.022407714579429038	0.04378043138970318	0.03213410888930809
MCFD2	0.017167064237886182	0.00029097020479151164	0.0175353246370812	0.014587170976314226	-0.0026309115930213947	-0.005968760894297981
MCL1	0.024935213805393392	0.033101771758519555	0.02518774345410196	0.025900310198794723	0.009360589811031113	0.016575888003978766
MCRIP1	0.0069389227930766895	0.004453653172934131	0.006958108534943374	0.011941578853421161	-0.002028903855271325	0.0027253309941935666
MDH1	0.018534850491382603	0.012680129736198394	0.01876664562448779	0.02419086982485609	0.0061118051287510486	0.002036568584949651
MDH2	0.008047677766244848	0.009502475971812883	0.008248690261582868	0.023918390618875796	-0.000898100276757977	0.0011389282707659977
MDM2	0.014983366132333798	0.0030618232796242755	0.015121723326197477	0.014384362205939123	0.0039977500354895215	-0.003766573446580104
MDM4	0.004759533847364597	-0.0025865830253597333	0.004726964595468902	0.007104325422969884	0.004677159792420942	-0.0050903893118177
MEAF6	0.009639025200589678	-0.0019544014705205628	0.009814157073721696	0.01559471909382763	-0.00659307985686414	-0.011782117946636982
MECOM	0.014754293503800593	-0.015961950378652976	0.015016968436251712	0.007043987324716915	-0.030974759546573197	-0.03256013150565207
MED10	0.0073248340254041065	0.00017103986729116358	0.0074849487696145925	0.010780028554802682	-0.004111431626739184	-0.004403043690801764
MED13	0.013194520966300841	0.002651209481834873	0.013532423069834914	0.012677423957125972	0.00032420235856580844	-0.0017344220129418648
MED13L	0.012487095895324984	-8.186108427599647e-05	0.012761012173758551	0.01195906141883436	-0.0005154220216286125	-0.008008947160969506
MED4	0.005911501123980032	0.001337740188426567	0.006260878662423439	0.010685926919331904	-0.004412261068811639	-0.002603744810425012
MEF2A	0.018786068883949274	0.014213859775038806	0.01875739451513866	0.01799733534881333	0.02382176349443736	0.01184270297337818
MEF2C	0.008277355135485564	0.009820453904776613	0.008233072995430963	0.004602323536390654	0.00904762300382863	0.007911980180024076
MESD	0.010996655476543564	0.007269386745198525	0.011206522547061261	0.01654909840579066	0.0009355082550927554	0.00336889864654466
MET	0.011540115062642702	-0.01902168797605288	0.011593369448491646	0.007873026107607635	-0.01763408147996906	-0.035474017675973135
METAP2	0.02272663944512578	-0.0013263775924927796	0.022738564919792502	0.01699819833428188	-0.00974169216630474	-0.009012879485647557
METTL26	0.0035955529631518423	0.0008148273921774279	0.003667564567908269	0.015597472510217356	-0.00045563515212974557	-0.007843162027133994
METTL7A	0.006385445395407974	-0.007823415321556209	0.006765834907802184	0.017162094285900847	-0.009389317211605424	-0.02676795285534821
MFSD1	0.021660762686906514	0.024320989679433348	0.02154916889306707	0.02115680064606195	0.01966885965920263	0.023681601712157056
MFSD10	0.0027800443967465195	-0.00032337221940842106	0.0028976469793689104	0.016369590749102783	-0.0009580044563207505	-0.008831128196656247
MFSD2A	0.00227070610911282	-0.012078747819897748	0.002334187652664035	0.005260507057426268	-0.0051034491175839716	-0.019809342436675773
MGAT1	0.012284831549405833	0.02176076906725577	0.012062002629027553	0.01944594970959757	0.017158067859330647	0.022062184129043892
MGLL	0.015529177967893942	-0.005119178315923472	0.015536273509376836	0.017042413511550975	-0.010076775783163908	-0.017964605820056958
MGMT	0.002352410772783488	0.0023547732808203133	0.002469805113650735	0.014923712006630655	-0.0006460387255652316	-0.002238575050509259
MGP	0.009195947964995631	-0.02021515569185584	0.00878585631886003	0.009433893960982036	-0.04691324197078082	-0.02651046972536352
MGST1	0.02861836042229815	-0.033385993616384065	0.02851043797178195	0.02910699916067068	-0.04599095826216507	-0.05183367332122619
MGST2	0.0033189896908068254	0.009881778607598079	0.0034230427122577236	0.019537354589915814	-0.002010358293633611	0.005250724795431435
MGST3	0.03605213432345291	0.026061569634884447	0.03604388674492602	0.039958083299626926	0.010567120536157317	-0.0027949292459937282
MIA2	0.006504637934693838	-0.0004916276831290824	0.006626390890584488	0.008847611129435138	-0.006773995828066164	-0.003686364702998113
MIA3	0.013210295189557922	-0.0007725747900326189	0.013334868772223032	0.009647350569059717	-0.003957047349461513	-0.003915639317610098
MICOS10	0.0021279184101615405	0.017975891020108204	0.0022447390644441696	0.016215568281266742	0.0034753197297727758	0.017133432337221463
MICOS13	0.01335471783103114	0.014268576184539427	0.013403999547431496	0.015426275710655222	-0.0042354215441980265	0.012976659578662085
MID1IP1	0.01498059619580041	-0.008570742324672625	0.015186295112829727	0.01580044372628571	-0.009404906170634258	-0.01955054460300196
MIDEAS	0.0007393500313997517	-0.0004503744739696852	0.0009397408958441216	0.013588317206628736	0.002314911128945039	-0.007901265737959353
MIDN	0.00423757162584608	0.0045368528028997684	0.004436376474636121	0.021786091003798636	-0.0031504625248581814	-0.007556988450967701
MIEN1	0.008505734093867675	-0.0006888829652706683	0.008593511351928053	0.01648258256266238	-0.0018279890216525865	-0.009813616251462246
MIER1	0.013272734654899908	0.008883976147606816	0.013755317039670277	0.011900493491441703	0.002405131638853428	0.011561372545930617
MIF	0.011395279841817454	-0.005302058165442358	0.011330886470808588	0.019118022696507718	-0.011655711730341963	-0.018370374591520904
MIR22HG	0.005078561042839915	0.005130795211484332	0.00523329525970588	0.015494800159910553	0.0035519228229107143	-0.0032509348298597504
MIR4485	0.004338430063835346	-0.014017421905885582	0.0045985604761056625	-0.006276238400084178	-0.012976215099537747	-0.007125630294582734
MIS18BP1	0.010299318868408678	0.021801392192875836	0.010364066630178664	0.01915427988021264	0.01694480759232918	0.021184374265352923
MKNK2	0.007213484151682907	-0.0041180412579168045	0.007239979841786301	0.011535732977455788	-7.583778786591342e-05	-0.012410204279625248
MKRN1	0.0045559779240671935	0.00554352534775531	0.004827189856180391	0.016844986544111554	-0.0004915654395962481	-0.0003412496573075012
MLEC	0.014970934163624695	-0.003672711133632171	0.015062832824163173	0.017752454558294956	-0.014760407312368596	-0.01452596306915746
MLF1	0.005265444636472288	-0.008626419797260896	0.005615629003160202	0.012055487730416543	-0.014024049636691948	-0.022468963644009618
MLF2	0.003897259745657843	0.00421605938495839	0.004048493396576754	0.02226237044909206	-4.631074089013783e-05	-0.007127208362469648
MLPH	0.011414738624579781	-0.012482466208111722	0.011580385480699654	0.018925303665429608	-0.0060588334916647345	-0.024476541956527334
MLX	0.009096494085693919	0.007033867752446361	0.009261330557170532	0.01214810291386072	0.0013941698058142031	0.00590641182400834
MLXIP	-0.00045775504491979944	0.000482649515819921	-0.00025894265684552227	0.014608641052837962	0.0004907430069465669	-0.006415529624310268
MMADHC	0.010377131953875	0.0014376358131211126	0.010422979677397321	0.014139930318330917	-0.0010996874795580617	-0.005846235578736268
MME	0.011853710137629503	0.009706774891833842	0.011888533558352125	0.014735310550130314	-0.0008879821335133054	0.005738145939871567
MMP24OS	0.004006673379378725	0.0018043282868034848	0.004162317346307595	0.020609744171740614	-0.005178269075496218	-0.00914774434754156
MNDA	0.023195846892682215	0.055740884603233586	0.022692226728141335	0.019048107937668764	0.08574768122750925	0.055284636579055094
MNS1	-0.0016430008436774644	-0.011618097350596764	-0.00117976708100439	0.007306592028981886	-0.010708013352980468	-0.02409891678163502
MOB1A	0.014604020634286096	0.026682671925810204	0.015239452249908492	0.020715846214311308	0.022469332549792356	0.02614048889648836
MORF4L1	0.022132813646348823	0.014005757462635892	0.022512188574738974	0.028922493665876396	-0.01381036000763466	-0.0006148102160823311
MORF4L2	0.01572832308906104	-0.006738255967359245	0.0163193779084598	0.022381833687815208	-0.01896220761849601	-0.023475085124701034
MORN2	0.007423068797706494	-0.012160133310230378	0.007673758692989021	0.015078089322109441	-0.00844383897979902	-0.026653374618473863
MORN5	-2.2796056510918398e-05	-0.009146702405861556	3.61187721873886e-05	0.007575320796009061	-0.0004909297830117428	-0.020825921049958628
MPC1	0.014476031920186944	0.005796214359345575	0.014631257433706338	0.018678569265935814	-0.0036573013630366766	-0.0002939621828354337
MPC2	0.017701461226830806	0.00268909969029614	0.017578563895698035	0.024880735039611284	-0.023518615083067917	-0.009423348166542183
MPEG1	0.0031684612243073305	0.02068276227906763	0.003039949327665218	0.007952462328641323	0.009243164531093726	0.025995978248084525
MPHOSPH8	0.0036053062782230795	0.0012043287801006843	0.004019669609955966	0.009999286624490605	0.003740212076877978	0.0030521375211061286
MPST	0.0019444421494085491	-0.0032270058236854426	0.001925898438961802	0.016991676607218495	-0.000659748170760035	-0.016040740028597
MRC1	0.027920662837207226	0.054646119497239506	0.027392737523835232	0.0263996198174968	0.07317259469275543	0.04372239110032155
MRFAP1	0.005396720814655894	-0.00470326782918201	0.005491660618888122	0.020024399757369304	-0.001617407434753548	-0.017139392572244207
MRPL13	0.011691218293314681	0.006388274468782606	0.011781693238766426	0.017311461109549047	-0.0025254030961765904	0.0012740795962666227
MRPL14	0.023921994558690336	-0.006965483120287777	0.024074046195420203	0.023090346694500392	-0.013061031389111655	-0.02082932774134322
MRPL18	0.0032012037897243295	0.004961604564386978	0.003394396781275043	0.01879125818905554	-0.00393279664246725	-0.004026650841116316
MRPL20	0.007468357694376381	0.0035572578459401186	0.007575428364050448	0.019190617931383533	0.00027663263133603636	-0.00565596366173667
MRPL27	0.004249713194380224	0.0055273865434949665	0.004377731599817861	0.018822706182951336	-0.0009541321198108624	-0.0017670322281840953
MRPL3	0.005447693819392875	0.004930398607506937	0.0054555110284002185	0.0151185549967604	-0.00368708753273105	-0.0009464038391683541
MRPL33	0.02612468822752708	0.0010071276267941461	0.02651839268405169	0.021929054801169585	-0.006734915519302059	-0.012307612130932635
MRPL34	0.005074802949514309	0.007582706200511323	0.0052451552111308485	0.016237162563139063	-0.0021959289404002735	0.00454449458714535
MRPL40	0.00801900974608402	0.0015575722680306442	0.008331421849094236	0.01785899306047664	-0.004300164533394466	-0.005819789848990758
MRPL41	0.004973304444471307	0.008012024031696619	0.005023025223130136	0.023746298082093317	-0.0037618140227741576	-0.0018051042978961297
MRPL42	0.0017524256052650821	-0.0015048090075997632	0.001971483537827126	0.01326954534060961	-0.003813748409362207	-0.01039786738869679
MRPL43	0.0025218326116005696	0.0001442484983690186	0.002560557723078139	0.01533582174567484	-0.0013618154046510236	-0.007773812760134761
MRPL47	0.005848160901160244	0.005957883705193435	0.0060042114129770915	0.016491455058182905	0.0019125563592365608	7.342631149112932e-05
MRPL51	0.0024309765653406108	0.006844161023447799	0.0025044156113152353	0.01889640765121404	0.00014894303473297733	-0.0009636012104633547
MRPL52	0.006025022078228828	0.008163001040532475	0.006082547122499406	0.02037225082130785	0.0010205500983704804	0.0014917703873802818
MRPL54	0.007261784240165383	0.007233963240134472	0.00738449206625475	0.022891425577485972	0.003207955943270971	-0.0029996923332551036
MRPL55	0.007490056575233947	0.004359805978223401	0.007525889179842102	0.014730065622118725	-0.003476875962571953	-6.77148228167168e-06
MRPL57	0.008265345734012488	0.005892814903610776	0.008333789491734453	0.02384762800006957	-0.006932448058875561	-0.006093630255001048
MRPS15	0.0038612739076113976	0.008302418560486755	0.00403713490944929	0.02206557609729628	-0.0012109639510075594	0.0009855141501111475
MRPS16	0.0023530285406848585	0.005877425251883634	0.002501835593166751	0.018736398693703415	-0.0021255050687845395	-0.0008147276505053252
MRPS18B	0.007238283747787678	0.0038758685686358665	0.00736772980997266	0.01625656642762559	-0.0018104224279284207	-0.0027435204896820893
MRPS18C	0.011116795614184192	0.006852117293472092	0.011420115350017223	0.014524947737579582	-0.009397853941346129	0.004143841794354143
MRPS21	0.0077434251926312226	0.0049910880364294734	0.007989839107701999	0.022321057254325073	-0.006315999910469568	-0.005282753497076665
MRPS25	0.005070434885034639	-0.002864606940743403	0.0051576717609118266	0.01397621829727441	-0.008391846996045834	-0.010896396988026072
MRPS31	0.004580024412072158	-0.008673141836595625	0.004960584243883312	0.01465991648871742	-0.007872997421677694	-0.018204437076058577
MRPS33	0.007766504488055279	-0.00014096084066309586	0.007850326475148259	0.01604725070004552	-0.0051065187057789535	-0.008435705181474443
MRPS34	0.0066175831610707295	0.004563713972192652	0.006609092495892986	0.01735476522631195	0.0025535742904019172	-0.001998215891874825
MRPS5	0.01126084423577796	0.0029735855582470067	0.011485339346460715	0.013879603260123842	-0.0038757848290428267	-0.001225660754626954
MRPS6	-0.002008602722585702	-0.0011364108978342302	-0.001729044131357011	0.0142741197804973	-0.0021510095768135463	-0.009419879002420497
MS4A4A	0.010058856568479477	0.02685332792725392	0.00991736688771685	0.019395832804438386	0.01795841215602036	0.027345261443098644
MS4A6A	0.012133171579479012	0.047091022312532545	0.012052908270835577	0.012143535073922528	0.02717948894719759	0.050876700719903495
MS4A7	0.024654341789023572	0.05836595470519393	0.024205658346399747	0.027262813854269416	0.05949213539555092	0.04918382441898671
MS4A8	-0.0022920890614451994	-0.014482902987141258	-0.0018614906063010048	0.007749876316171339	-0.010034239487209539	-0.028311140703945102
MSI2	0.014655666434998976	-0.014409515829024624	0.01496631698137769	0.006974901679527673	-0.013533263035359804	-0.02850666607270119
MSMO1	0.006368509526438973	-0.014352408782124397	0.006634970011166049	0.017008231507443045	-0.008682334716961207	-0.03037977160905059
MSN	0.019050551084919	0.024281453876894975	0.019566809273558063	0.013677333117308142	0.019702145852076653	0.02573721854349944
MSR1	0.029895135768167814	0.03458871285686034	0.02902002585902739	0.02240069829837948	0.07214796232801919	0.029741613877410207
MT-ATP6	0.04553312316510318	-0.00803603608354228	0.045623040699328814	-0.0008119647233334379	-0.0008271075084306785	-0.004422786160238774
MT-ATP8	0.029341185019255957	-0.004198972577220578	0.029572472237740156	0.011528430724457427	0.012634986740966473	-0.009072794052242077
MT-CO1	0.0013531168602200667	0.006495162957199577	0.0032043174112862697	0.003998994059958978	-0.0017647356773307634	-0.00039621415865560735
MT-CO2	0.043679914851962584	0.006597354494614898	0.04382000517710519	0.004254505548913195	-0.003568080644745733	-0.0006239705628755679
MT-CO3	0.022454823796450956	0.0024173382023082437	0.02317125331005734	0.0036856646174082	0.01555931917379484	-0.0023354598441987125
MT-CYB	0.02869315017037287	-0.008062576690268317	0.029290185077172303	0.004128846418417837	0.005344992779000292	-0.007845513034129758
MT-ND1	0.04029941825091143	0.004891791765878488	0.04035607860058821	0.009877555490771111	-0.008840379605293873	-0.0037548757821772674
MT-ND2	0.038743339723597885	0.011081483796877194	0.03932477318864443	0.014628355768394247	0.009970417458374004	-0.0034855452796564014
MT-ND3	0.030415163109160356	0.004996849827477566	0.030972905923749842	0.009141020441506473	0.00831185013131285	-0.002783895759685781
MT-ND4	0.03272533533053912	0.002220993490569037	0.03351667158333424	0.007715884109469856	0.002379526815477169	-0.004313045371691321
MT-ND4L	0.020784657159564263	-0.010213741727530578	0.021351699658038303	0.01694780341429768	-0.01583558458205391	-0.015526826100721173
MT-ND5	0.032419234983181	0.0015053188841815841	0.033288476005100216	0.01585466756133263	0.0048996918294231615	-0.007143921643631746
MT-ND6	0.013300370002107872	-0.005453373151012384	0.01370220018634553	0.012131593301820695	0.0019921723142713255	-0.011779479598294226
MT1E	0.0033576191331521816	-0.015583269267821925	0.0034304599171870436	0.01570203256580343	-0.0043685924071082015	-0.035952288614417245
MT2A	0.0023292676568892525	0.014777545774165676	0.0023695737636758116	0.03113893667677778	0.0044291489937524475	-0.004587180394911926
MTCH1	0.01706888120385112	-0.0032210081579522585	0.017195403379004454	0.021555752734226625	-0.006018862018570528	-0.015987496585634003
MTDH	0.032217307436669555	0.02350524442934423	0.032367678927079674	0.02952055247628499	0.006985461973456103	0.008724389049740426
MTHFD2	0.015031820175630007	0.012880187799500106	0.015132166915189035	0.01063856917030037	0.013171951202397402	0.01581513937058179
MTIF3	0.015581766811572233	0.010652427029965463	0.015680289176130745	0.017997278336580002	-0.005372167814333719	0.007598981766509201
MTPN	0.017143564796011975	0.03306201851820041	0.017597812858258295	0.021805022694932317	0.024371876238844615	0.030134033363984368
MTUS1	0.02271264550685731	-0.02238494991969663	0.02295267505624551	0.010278488140999513	-0.025114045430880683	-0.0396082118141742
MUC1	0.015342484393143719	-0.050791281403355946	0.015467069044260807	0.011866349877942096	-0.022945083949669976	-0.06638500476207526
MUC15	0.004922238166548283	-0.011014385031411352	0.00507259811813977	0.010007221411549805	-0.0160751042374958	-0.028024897369296968
MVP	0.005084434833165907	0.00017201290820496396	0.005271403301696013	0.02138822841806325	-0.001764917425652235	-0.012548743201198528
MX1	0.007152653084034377	0.014919447285942081	0.00713889266005696	0.013033836400080994	0.007803388830353698	0.016169624377532447
MXD1	-0.0019311991429272722	0.018523156119672497	-0.0016210663815337243	0.006527826632673162	0.013574472410182926	0.01892480055470602
MYADM	0.008361036590258707	0.020653430654401422	0.00839146097503285	0.020674176879702168	0.016800796360741634	0.017023203550461198
MYCBP2	0.0047097716641052514	0.005954920322445353	0.005248903225782338	0.010989738431717484	0.01557464074301403	0.006564307575703661
MYD88	0.008008492693617716	0.02045712194449222	0.008053355088537781	0.013838081082182489	0.00967832230568178	0.02635473539210749
MYDGF	0.01939840380788962	0.012521559762571832	0.019419460307999535	0.02035108328905654	-0.0005928705838515341	0.008356776537503873
MYH9	0.007447772358940302	0.019563096905871186	0.007999375117998442	0.013313818285520541	0.00764999531789055	0.02219119026541468
MYL12A	0.029577029582575187	0.03276700442393805	0.030034808833684305	0.016501142381953868	0.028286300494486823	0.02160269347747371
MYL12B	0.035646766548414574	0.008487246788097471	0.03591133127045518	0.022288928541508664	-0.01561423191183572	-0.00436256859861214
MYL6	0.058695390841582165	0.051520429996838736	0.057775599840259255	0.03521161844072348	0.043843110527449866	0.018243301196441825
MYLIP	0.008733569567449178	-0.002558294611513232	0.008924976068321159	0.009767258763018528	-0.006288472970596834	-0.01212531515135982
MYO1F	-0.0007510330298186093	0.020668397030781396	-0.0006601110099344791	0.0033764965322377913	0.014974077379739362	0.03660017672473276
MYO1G	-0.0014736941143507947	0.013067273230517285	-0.001329634174111834	0.003090706615721811	0.005411265301632531	0.024741038116923714
MYO6	0.023170869037785802	-0.009135410560759808	0.023388742015383983	0.018223178626145375	-0.014159502596468568	-0.02287999812332869
MYO9A	0.01976341701309569	-0.007983472081255686	0.020073622010359442	0.00765148759009097	-0.011568155194032778	-0.017306213992116508
MYO9B	0.004815863166921839	0.015302171064753265	0.005130489311637167	0.014370844258203562	0.015283109356603907	0.01895664941084092
MYOF	0.015257590600301213	0.003179931992385649	0.01538872975881868	0.01674954543937761	-0.005886506631946788	-0.003671967837292244
MZT2B	0.001680376820397338	0.003409469763829809	0.0017201700601288778	0.01819465003517509	-0.0013226816763445516	-0.0035742972550856663
N4BP1	0.009695098210709269	0.006398346558512359	0.009816169307126397	0.013555491061122932	0.003090126026782388	0.002174001461424046
N4BP2L2	0.02152152095485972	-0.002405166239112656	0.021810938922175598	0.013918958137777097	-0.00680477309242812	-0.0058520805064819345
NAA20	0.006247249617764478	0.005687147394700493	0.006366295717608361	0.022691248002253958	-0.003136212178865177	-0.0035003822844438368
NAA38	0.011477238764389393	0.00413212271490752	0.011621541505398323	0.022373560136192412	-0.005973805716841971	-0.007199158268889309
NAA50	0.015048583345217432	0.0027522655193847442	0.015269000953688645	0.014484137536394392	0.0043334631124850535	-0.001553117773590172
NABP1	0.013104865691930475	0.019437072502411376	0.013242230043148062	0.01114856873979584	0.0004871058851152178	0.020079750267622574
NACA	0.027494434628530625	0.028131217981200746	0.027656052582738372	0.014961286465917788	-0.009536010618784826	0.013535473542941098
NAGK	0.01280721034308072	0.015219410454921643	0.012805575758014888	0.016104229765504293	0.006659600965534557	0.017499983492924306
NAMPT	0.02553036182162021	0.03644367472473916	0.025674690676711843	0.02927453096043681	0.02227504913495971	0.015279228205316969
NANS	0.012902041298005193	0.009051493932328982	0.013052840919696385	0.02314868469233573	-0.008674146704769334	-0.0004107023670946477
NAP1L1	0.029979994302907705	0.01944742073081959	0.030029275315414536	0.029040833595413144	0.0017651493831482182	0.002627037648079218
NAPA	-0.0017642733774413087	0.00409502751557135	-0.0016293770855777545	0.014073913555831718	4.398551262827772e-05	-0.0016525284052099304
NAPSA	0.02956361024107953	-0.04869359944300099	0.029345593889217026	0.007049536138193875	-0.03148278940090591	-0.047124518835878454
NARS1	0.02487933264161035	0.005702463946933425	0.024855922364407864	0.019928074589546155	0.015566122934899755	-0.0012578664914365658
NASP	0.0059878765063860724	0.002527245703378235	0.006597815340928963	0.014642170581118361	-0.009699442013459462	-0.0030934949324325288
NBDY	0.0012468505929725269	0.010922428850804583	0.0013159837103713604	0.018521582329663003	0.002597030627422316	0.007254869318325665
NBEAL1	0.018727180345338615	-0.009846413605647331	0.019030700966206033	0.01185716624436839	-0.015101801329966342	-0.019092012819255468
NCEH1	0.011812060291315055	0.015108754524159211	0.011869550801078708	0.01995034458528207	0.014284244982378234	0.012373695258188159
NCF2	0.012509206372084747	0.043138139656976396	0.012407099328687648	0.020628920067232662	0.03074273103164573	0.04494339964564578
NCKAP1L	0.0073534633654639	0.026549573351809547	0.007415118659320562	0.013752363783195935	0.018596297877902762	0.03547933709871363
NCL	0.03088047321403816	0.00940676578652935	0.031214666548832756	0.020204406872966145	-0.008511260403460091	0.0008996077931536574
NCOA4	0.022334080588104113	0.01671684781237917	0.022477217712349874	0.02284882617374887	0.015196209258705323	0.011853119973695949
NCOA7	0.02523787274836263	-0.02375963193560969	0.025226874237860804	0.021677365248727116	-0.06171933098201114	-0.036660621268861625
NCOR1	0.010813474083235979	0.004828471593153083	0.011463975137028707	0.015224572179965846	-0.002596568758906148	0.0010774831307686595
NCOR2	0.007399560632192773	0.004037143906041642	0.007703059187493274	0.014104796464394746	0.005306844183217042	-0.00044600697180299597
NDFIP1	0.010379135180150767	0.00735793428768087	0.010727128357500292	0.022602008888771376	-0.0012206178499714346	-0.0006215916098872402
NDUFA1	0.036791104626246705	0.013883047103012918	0.03686662074256562	0.025839018056087584	-0.003659378338827954	0.0034718871562998237
NDUFA10	0.006927622400295141	0.002062760547972397	0.006927970518935506	0.016384500647694485	-0.0019406820441151963	-0.0039032757228053337
NDUFA11	0.012561271506012241	0.010163431374898719	0.012878608962681557	0.024154869122462785	0.001366171190344979	0.001256084924864697
NDUFA12	0.017880731541239037	0.011903640025668414	0.018031410820612707	0.019496963757919383	0.002574698862229403	0.007358343554827981
NDUFA13	0.016558943543155933	0.010306905783464541	0.016706661396150707	0.022717816186255534	-0.0031814540818733516	4.592095997249495e-05
NDUFA2	0.014432336533853011	0.00575153677193635	0.01471802254895464	0.02176442373786005	-0.0020420118622725336	-0.004464304568097309
NDUFA3	0.00097750108810257	0.007783703691273858	0.0011202687495805042	0.02295051108180521	-0.010135171772530574	-0.002279205313942234
NDUFA4	0.04928759884713953	0.010165398930872715	0.04933586640706752	0.028781932482363007	-0.03350620525157129	-0.007880092556949152
NDUFA5	0.0104735880877996	0.001253543034532363	0.010753675338253135	0.021527801559755193	-0.015214070723413553	-0.010028658030109187
NDUFAB1	0.010893077711730377	0.0035900289221073075	0.0108832513883397	0.021517610883118023	-0.001706394149070843	-0.006939854272855692
NDUFAF3	0.008148793585375881	-0.0005575217108821982	0.008252908337462735	0.023679723142385044	-0.0012614223374791483	-0.013521400246275178
NDUFAF8	0.0021032552038559972	-0.0012231488350856136	0.0021594064363812003	0.013597002499937737	-0.00023480590977942745	-0.007505305841372766
NDUFB1	0.01132341729701178	0.01387324094981293	0.011469427183599067	0.030359078922221144	-0.015675289505926535	-0.0019350079486713213
NDUFB10	0.012164912292844584	0.00976850985605248	0.012410223538471947	0.025038187217317837	-0.007877047692779235	-0.0011971068837969344
NDUFB11	0.009585650248269392	0.0074752752574397	0.009626409114816133	0.023181706650731642	-0.012505791932655743	-0.003097931177984611
NDUFB2	0.043136686587413126	0.015153345074683867	0.04297691850710899	0.027875627215175305	0.006850406892962468	-0.00220814588974706
NDUFB3	0.012089894832237214	0.008977961570393904	0.012316730535813714	0.026227355152988466	0.0030424973129325058	-0.0022532097015233294
NDUFB4	0.012130348818484245	0.010265644742177673	0.012266398351146391	0.028548515532802732	-0.005163586719148975	-0.002836451462935009
NDUFB5	0.004849409129768751	0.0165500965669473	0.004843915345502504	0.0251801582413276	-0.001854368284077743	0.008229270820512684
NDUFB6	0.015358424190574234	0.005381179531947216	0.01555430708507195	0.018628248618433103	-0.002207826986274267	-0.0012654809202031878
NDUFB7	0.012942840752859643	0.00968136032251989	0.013065426372606031	0.02526290952180223	-0.0052883010890265566	-0.0028947002138667703
NDUFB8	0.002499873340015831	0.01316152481963662	0.0025286005079016424	0.022959981180148015	0.0036046363973612355	0.005883145644898411
NDUFB9	0.023237035271774353	0.009972143118227653	0.023477488073386184	0.024739685004715316	-0.0008611655273528109	-0.0014826978082967956
NDUFC1	0.009541276271238665	-0.002978261036647485	0.00957416226422493	0.0251254478939057	-0.0012260163564663997	-0.018904470563048947
NDUFC2	0.008845117407840232	0.008612955983391284	0.009111116921312284	0.026634733381952463	0.0028186397707657593	-0.004091701031653557
NDUFS2	0.008990886624874852	0.00927807295480387	0.009113518433218275	0.019438700266565988	-0.005579491196652213	0.004431109927477784
NDUFS4	0.008319427633545278	0.00676344270714662	0.008511006934258316	0.01861479155690811	0.0007099370934481513	0.0016793696960952275
NDUFS5	0.024566536832447174	0.018981889082580455	0.02466119344535721	0.03179524306728346	0.001633965728117549	4.4024251995453276e-05
NDUFS6	0.007549935908820957	0.009589801861711659	0.00768304948462937	0.02374342139083123	-0.0023172105726617276	-0.00026161249348233474
NDUFS7	0.005638116356725079	0.014649837640678462	0.0056483197087294715	0.02262693444799366	6.197047982496545e-05	0.009086339482183455
NDUFS8	0.00728528723770998	0.00914022969795812	0.007503208180100195	0.02355829301176603	-0.0025461542207988355	0.00010288791463281365
NDUFV1	0.0018003697617168684	0.0041064450998118725	0.0020412667057843666	0.014943712640482764	-0.0015260157694479595	-0.0005837141777575362
NDUFV3	0.005116334449025354	0.005346589549105257	0.005150802281529986	0.016560353954599035	-0.0032702803270040237	0.0003468651115101411
NEAT1	-0.0009219550827282005	0.03388216588540478	-0.0002907562144439605	0.044160502742154245	0.0033542286164213223	-0.003631861059395754
NECAP2	0.0041660208856168415	0.009733525592752638	0.004369502263483002	0.01614859409653074	0.0032194929172674187	0.008570426719702566
NEDD4L	0.018966950232422036	-0.030846650394782855	0.019128873506842798	0.01211416185233443	-0.04296696260971939	-0.05248375812138134
NEDD9	0.012533228283999286	-0.00757080703095683	0.012731686410018291	0.010384962243889182	-0.017247675781163214	-0.018355269091750514
NELFE	0.0025589336200214866	0.0007199706748757667	0.0026835485346232567	0.016852709848082684	0.0019150850434424146	-0.007356815378765484
NEMF	0.0106224718052536	0.004716285702393233	0.01114444421084064	0.015505564232641083	0.004111137184653893	-0.0010789278093542049
NENF	0.011011469183050421	0.009042023003227687	0.01115050384806561	0.02258513271490416	-0.000860831055966817	0.0013350782369759917
NEU1	0.007167982927058296	0.002047689905505311	0.00731825798305599	0.014363558952303953	-0.0027000078983993227	-0.002924523340507158
NF1	0.012117991027475327	-0.0024951573540579934	0.012577301823928662	0.01255871617511955	0.0022214131917009175	-0.010518454132965595
NFAT5	0.00737849216644319	-2.639806482186615e-06	0.007759610020831046	0.011050830593817437	-0.0013309510535986157	-0.006831068749429063
NFATC3	0.0002860739058491344	-0.007388297907234145	0.0005288581303101113	0.006399330159425965	0.00021098951269516534	-0.01412938776354766
NFE2L2	0.019098549418705292	0.0228824279000138	0.019457726632910257	0.03193171923596281	0.007506096138895712	0.008828316807961761
NFIA	0.010625095073191508	-0.020227649893483673	0.01092762014848568	0.013616470030203807	-0.017323297926832827	-0.03858919991937005
NFIB	0.013438663194525732	-0.012254745882147568	0.013580068954804014	0.011765470219696298	-0.017673109681038204	-0.031004670614629953
NFIC	0.011970070899449188	-0.008751110962039895	0.012055063057795412	0.02060405802265368	-0.000820988338830394	-0.025029061480810733
NFIL3	0.0008687499965434356	0.008901935469105431	0.0010961095336958092	0.014879784947954071	0.007485103501198003	0.002737984472848048
NFIX	0.009784653472949536	-0.014085219078264242	0.009986774611115263	0.008171071061571139	-0.00522366136384293	-0.028455414382413297
NFKB1	0.009490160005561205	0.011117796628535433	0.009562395466253138	0.012654487324135886	0.005991190690534154	0.006612266919024282
NFKBIA	0.04908785788609739	0.007191818667916735	0.04859578464347979	0.023940115247921518	-0.014686288452542164	-0.005349519182783963
NFKBIZ	0.01794324015222965	0.002440117350785271	0.01815362868842869	0.020537132357818615	-0.019913695213154368	-0.009251625879509414
NHP2	0.005534419082988053	0.004883617121786441	0.005730475848851377	0.01883167186200357	0.0007825110724129505	-0.004589546468943647
NIBAN1	0.017720591311287424	0.010362445264154413	0.018109392947104543	0.004208522339764437	0.0051957034468908805	0.01810258096531741
NIN	0.009266010572479907	0.009002112636388561	0.00949026836282006	0.009384910268263857	0.016650557477023677	0.011638645256850072
NINJ1	0.005318967807589971	0.005526318612931216	0.005350283689157451	0.009538011884874078	-0.0013197589075933439	-0.00026596158280763163
NIPBL	0.03898765398639135	0.004593745564908632	0.039167171248688265	0.017798724671846927	-0.0038307401499425167	-0.0008077097949343947
NIPSNAP2	0.01409039475764538	0.0011072306227512376	0.01449319361860545	0.02036539745672078	-0.010722535163283026	-0.01098053056940866
NKG7	-0.009574232215525192	-0.01342311666626014	-0.008781258444570396	-0.032275326545139545	0.005377349373039667	0.015646229197064383
NKTR	0.008449182687223033	-0.007668229090953348	0.009207183460431995	0.006722245173993775	-0.002870500950730871	-0.009956246144881832
NKX2-1	0.01072655959310048	-0.021420697819791813	0.010758173030547302	0.011646028503462138	-0.010624255381859467	-0.04114458264362525
NME3	0.0023492539822349084	0.0007742910251751225	0.0023679865888726996	0.015851825551982963	0.0011193500501975036	-0.0075040218243963095
NMT1	0.005185102773095284	0.007364450209676185	0.005391313689195478	0.013890507648757214	0.0037818503891147177	0.004199176623231365
NNMT	0.011925144885422468	-0.007666171383417685	0.011796977476264254	0.0033565078368061616	-0.024300399437410494	-0.010449346721506299
NOL7	0.03346160614005437	0.007015617427894397	0.03351468170248474	0.017732791966837334	-0.011455075073508755	0.0011729666177798192
NONO	0.006263332372624575	0.002894620245980987	0.006489434205824592	0.016106881318203228	0.0023379796864290195	-0.004267500333829106
NOP10	0.020213157208580367	0.036708824664266344	0.020424252279941567	0.03657104959549721	0.009794432192342821	0.017491082095791113
NOP53	0.012708222001439095	-0.009280563885344267	0.012890146772953952	0.01524991487610825	-0.01258019089415017	-0.014912926683715666
NOP56	0.015880297078947784	0.002025624649609717	0.016485299941352418	0.013266652517846658	0.008266987731944321	-0.003406155447963351
NOP58	0.022046725887544322	0.00040567929653055704	0.02259673952938934	0.012096797229616348	0.0003888734265759209	-0.005411293283853291
NORAD	0.01609587222757865	-0.0012095533005609057	0.016168829310663456	0.023615015387699372	-0.0127347781972573	-0.016605943742600292
NPC1	0.005930696143742133	-0.000956012031902112	0.0061934792166442295	0.011325025613551937	-0.0007061365885040194	-0.005398022401821267
NPC2	0.052842821674867174	0.012248607232670168	0.052328106391329426	0.03813135917750297	-0.02358069750333785	-0.007131097597213545
NPEPPS	0.0051384052989981435	-0.001924314087877637	0.005154019344494217	0.011240496181707731	-0.0020291232269507684	-0.009729965657451264
NPM1	0.03204950511782086	0.013717715274861821	0.03202520737028141	0.026546101738825496	-0.013546964043523676	-0.0016866448761373712
NPTN	0.017537348898425367	0.00923147886876336	0.017791285412904166	0.023268953042955946	0.0038779725494100777	0.0004689122505193576
NR1D2	0.009255107016501635	-0.0016235538317962072	0.009654434983926999	0.010591792342123402	0.0015113664425318674	-0.009211189147922575
NR3C1	0.021693856588777	0.01187201045820407	0.022079080219631547	0.016319806747664638	0.015383787235819017	0.010505976957245219
NR4A1	0.015614304643506112	-0.0002253964426077097	0.015590968680235007	0.015643390930823436	-0.02723364602630135	-0.012477536684956788
NR4A2	-0.002368719289720345	0.019528092956070737	-0.0011913161468006242	0.011015188598929207	0.025014852386220383	0.012145166695333554
NR4A3	0.01230121188936327	0.015018488133258562	0.012471668738095291	0.006436179299682241	0.01535438830106674	0.012202220418827016
NRBF2	0.0024969293880764	0.010376914234854137	0.002669161747301219	0.01666590261414929	0.01324174422676805	0.007116245589964614
NRDC	0.009103034581240663	0.0020461043031168593	0.009567936070721131	0.011773531550401364	0.009037006445454321	-0.0021842568440538137
NRIP1	0.01673320021489248	0.016259318030398394	0.016957394799017235	0.020012698880926497	0.003809703164361372	0.013405770936657386
NSA2	0.013599018491256708	0.012369094526813066	0.013824990253193009	0.022701459882558277	-0.0009371882719228878	0.0038648151951454672
NSD1	0.008140836016713435	0.005655036281600862	0.008557828227155626	0.01091670173726783	0.004303444369033477	0.004665930554063134
NSD3	0.007808639795016874	-0.004396448652383097	0.00862548201200166	0.013231877182280551	0.001152528815114661	-0.01143760481325872
NSRP1	0.01928246901699833	0.0002851456458315898	0.019371958647597824	0.015294787074654615	0.003217135719957566	-0.006809130463514056
NT5C	0.005336461790425518	0.00537474449409968	0.005321173525662408	0.014874855142111822	-0.0020681287209990402	0.0004181665447842417
NT5DC1	0.0037118127707914967	-0.007722511414989782	0.0038850537394870387	0.012217904101297129	-0.006847996150960799	-0.020399504625683375
NUB1	0.020962372591754277	0.0022014129125001243	0.021206840318202726	0.009032617638814827	0.010537528490960735	-0.0002733042296536462
NUCB1	0.011180524010205098	0.012840520824687635	0.011390906652648698	0.026265534531190553	-0.0008221212623290373	0.002135158082590874
NUCB2	0.011057881599284152	-0.013515762646104209	0.011602026421263505	0.014970481171167482	-0.02996420443559331	-0.026989506778888686
NUCKS1	0.03270319999051154	-0.0014225830338325915	0.03304046512047667	0.023893989649137987	-0.015280122461434118	-0.014455271177368147
NUDC	0.005792761034339179	-0.004223839401676953	0.006087738980663478	0.020485795181990923	-0.015192384683690182	-0.016894832124003646
NUDT14	0.002062539852482958	-0.003954627229490883	0.002015983149027031	0.014633013548330317	-0.0041670728676991295	-0.017147951024926018
NUDT16	0.0021243482851458573	0.006235421030561597	0.002161787752224287	0.01642690790981042	-0.0025051575758971577	-0.0005913831212762574
NUDT3	0.001481077953757895	0.010333938275028534	0.0015781727747286544	0.01635910470095146	5.3184723153041996e-05	0.007396171843811417
NUDT4	0.0015201483370336946	-0.00033258883770437547	0.001671245471050074	0.014111057640501601	-8.580453762689543e-05	-0.009466954835459304
NUDT5	1.7225116899848795e-05	-0.0016979098072762728	0.00012165525826595813	0.015571674557749809	-0.00378164047401575	-0.012849524991550823
NUFIP2	0.014811067391684429	0.011414902374176781	0.015411687704890074	0.01852183270588743	-0.007855824257437449	0.006209862935019864
NUMA1	0.003964669932898305	-0.00429926384827344	0.004308752673039344	0.010239142896985647	-0.0014264564893322527	-0.010244825034427028
NUMB	0.009412128095438193	0.013286607278697429	0.009715147945445583	0.016577259590738098	0.011317105981580958	0.01106982114678761
NUP214	0.0032819511371948904	0.020488199437974745	0.003433726425504982	0.01646975557166614	0.006439187702460487	0.02290469218392025
NUP58	0.00326148474157388	0.0007526614088996261	0.003368205744150829	0.014836196913502893	-0.00048281951055101667	-0.0085341619608158
NUPR1	0.010317451971047201	-0.000325021662747079	0.01039889762857508	0.02960903862040313	-0.0005386148607683163	-0.02317876366560909
OAT	0.012844538994398826	-0.00037096265306791004	0.013049985250606844	0.012586292874523676	-0.015038700011409199	-0.007795430329124172
OAZ1	0.030712926503754946	0.06094629218791175	0.030625067070671225	0.03655909137735471	0.02827364144266894	0.023372277529244964
OCIAD1	0.027618494903359637	0.003757143826698128	0.028035879726614015	0.02414459184615882	-0.005321228922358187	-0.008416836001144382
ODC1	0.0055904557958298545	-0.0012487034424558687	0.005839022740907959	0.0131409570228224	-0.009909776107003066	-0.00997609489254556
ODF2L	0.010335129681781892	-0.01975768187832929	0.010750195628095635	0.008909318277721083	-0.028109827010462957	-0.03135205359736141
ODF3B	0.004339743885844653	-0.012033546298618223	0.004381766476249926	0.016947085994532925	-0.005324773282735258	-0.025225036559189232
OFD1	0.002975158698657308	-0.007801811498516797	0.0031357525525634563	0.004408179439116176	-0.006060628071967367	-0.012915364942443242
OGA	0.004163574135137572	-0.0007934473300671321	0.004866268442316108	0.008144119883837224	-0.0009816907554573923	-0.0018234474972938283
OGFRL1	0.00845644130384945	0.021529819640997823	0.00847923359962018	0.011156325377256087	0.02339283204610879	0.026896705615288386
OLR1	0.026981081191185523	0.03910466015782432	0.026405668682867464	0.02290184480138298	0.061949167659958074	0.035736576998202645
ORMDL1	0.003412603467499097	0.00815986513519534	0.0035790178865424812	0.015148462409865992	0.00538084321117646	0.006147772824478174
ORMDL2	0.007274637886341845	0.003706932438042737	0.0073662383564969385	0.013793961854351907	0.0010086338812990514	-0.000517453210886706
OS9	0.017876130546003604	0.010782803185017288	0.01803904830868521	0.022651789200090876	-0.0003597889434995785	0.0016125127673371118
OSBPL11	0.013055142767546525	0.015406292559178936	0.013178434494435818	0.017465130837613353	0.013607627100812205	0.014971387161502066
OSBPL1A	0.015334266307594	0.006214811038619252	0.015449757495062206	0.0200818301976359	-0.00496415400690673	-0.0026451799736712063
OSBPL8	0.021371051550977946	0.015302010293044122	0.021873713626595934	0.015334089873550389	0.019805380719490482	0.014127518236972418
OSBPL9	0.00931291071725401	-0.005209575950466149	0.00963459243444748	0.010528405535933576	-0.009045248743726227	-0.013010241711444409
OSER1	0.007363498807023882	0.007627786509161612	0.007273526484427674	0.014077856456864348	-0.008418142081944488	0.002930377241884017
OST4	0.02235559090389229	0.013493340177356764	0.02221845248907098	0.022660226668259863	-0.0033423227997170313	0.0037611602053086997
OSTC	0.009064907218855821	0.006846207383089619	0.009072662233239114	0.016819726489075232	-0.002010406363742518	0.0019155150773483229
OSTF1	0.009598887747327275	0.02023467607407459	0.00969318630054477	0.01400968818345757	0.016789105782665376	0.025740106328795302
OTUB1	0.0035876576070008703	0.00354364361517563	0.003736274672491952	0.013622788322293557	0.00015146831310232955	-0.00029538057676936787
OTUD1	0.0006938999939117283	0.01342908124046646	0.0007265685824829919	0.013543126912610011	0.006785698101494323	0.009570137953325612
OXA1L	0.0024106656467282996	0.011112494042732598	0.002520354759785582	0.018979181333979547	-3.904105532227116e-05	0.0072104780801460384
OXR1	0.012589636999232337	-9.09145812970695e-05	0.012932673256207061	0.014948561613991137	-0.006392868297491027	-0.0076052256550591755
P4HA1	0.013336004842744484	0.003972559376416119	0.013459171525132426	0.01601680339196544	-0.004284861163791668	-0.0026022217280407493
P4HB	0.02245676472194112	0.003339081755239454	0.022844912526065103	0.028836715463153518	-0.009930846316478054	-0.011012044436973614
PA2G4	0.004572123869322523	0.007255376361400649	0.0049914219281310575	0.022033007258866227	0.0006666491696699229	-0.0011923891936031449
PABPC1	0.0674294335791508	0.03912464545825754	0.06620677923367743	0.02704178848320563	0.022288731480171894	0.01587082676279935
PABPC4	0.015130318307000762	0.011880525452695854	0.01506322636856901	0.02239425596410071	0.002194550529730005	0.004550278483824195
PABPN1	0.0007659796087256883	0.0018657186949503901	0.0008986634472271486	0.01283366404935092	0.001018864145989472	-0.002974794254689449
PAFAH1B1	0.006209034630412819	0.0023883723300798226	0.00653039669062787	0.01058492982883389	-0.009361591995832313	0.0006300715868440455
PAFAH1B2	0.006625061564015332	0.00861384946570707	0.006584864634220166	0.018330112677920878	0.0016819333175404102	0.004848246547395945
PAG1	0.014578919239371222	0.01992022227210346	0.014624260442357966	0.017072694602653305	0.010132378575275562	0.021092325675679764
PAIP2	0.011243876840445397	0.010182483056411794	0.011674417383609146	0.022106422225400862	0.008586895462436328	0.0028186952472319805
PAK1	0.007894030997329715	0.008302423065413763	0.007897445533447242	0.010006328449708557	0.011086709529243283	0.005553205253653347
PAK2	0.011161122484539512	0.026874312801451902	0.011490672479769207	0.020242125901199257	0.016396149093354743	0.02696913279183608
PALMD	0.013626489547074808	-0.0060116012507364985	0.01425474093950721	0.0064552537002418664	-0.001822981637729474	-0.015849308573637495
PAPOLA	0.028092742579091893	0.002255374366813358	0.028852566584909548	0.017960604797144654	0.002471648993484545	-0.004774472168890705
PAPSS1	0.0058747018762681635	0.0029842723200086824	0.005933099856924654	0.02037544861417553	-0.0018598290510807695	-0.008039805652161976
PARK7	0.014889260462148515	0.01099691688442746	0.014879303754623548	0.025033314980921234	0.0026477091448028284	-0.001483522286359323
PARP1	0.01132256588793876	-2.306154512483991e-05	0.011406194422202897	0.012156109932415306	0.004314968464632089	-0.00507532535537491
PARP14	0.02777991327697189	0.005422745170456711	0.028137138693841497	0.02047521456880254	0.003273096955620602	-0.0042441677751651205
PARP4	0.010928328188213179	0.00998949266105256	0.01089489960076628	0.01373073084336093	0.013258233117439733	0.009132568735903127
PARP8	0.005333545566221372	-0.0013107925902689503	0.006159482156721189	-0.0019377372051053942	0.0038336578149696736	0.004239421532084011
PARP9	0.014152878360919417	0.007018452099008456	0.014470675422381115	0.016532964983962554	0.002650493753177426	0.0013147451497979277
PARVG	0.0006722815158356297	0.01844980141065731	0.0006733048975150818	0.00979169475861315	0.008741403446830755	0.027036130020815435
PBDC1	0.000799290531181767	0.008597176224193525	0.0009071470338611907	0.014448610877042155	0.006701116768065967	0.006912561807671313
PBRM1	0.0064745922865717	0.006475330535345247	0.006767881591667637	0.019390511137189502	0.005407065663737767	0.00032824343996089045
PCBD1	0.00819836284151621	-0.006102732639348842	0.008309482114729707	0.023972086149611348	-0.0033238342208310534	-0.021648178321826497
PCBP1	0.01541920602708621	0.023889313944415853	0.015859738028111775	0.027159584325963382	-0.006798488622517444	0.01117278851779392
PCBP2	0.012056540896046526	0.01345760909265484	0.012274069858785154	0.024145521851778373	-8.711119035219073e-05	0.0031984170110858604
PCF11	0.012778469986484211	0.0051368938418584476	0.013140208438092554	0.014996659313998992	-0.003134350856439805	0.0016590817862927063
PCM1	0.0200136675605956	-0.00998419482980496	0.020932403422144	0.014503228044233539	-0.007603641985570384	-0.01631600696763391
PCMT1	0.008524459341431314	0.010584725401844986	0.00873366571961482	0.018066088128972316	0.008070958086018445	0.004365778259634421
PCMTD1	0.015825299380515107	0.0003342069302726382	0.01633980327349099	0.01438578600324944	-0.008136941617580735	-0.005458556762473212
PCNP	0.012583915221971883	0.0016759362206146987	0.01276095395575009	0.012050000030168756	-0.005906079607871906	-0.003923133036419221
PCNX4	0.00544741530424142	-0.0044513701022600724	0.005730529465037925	0.008619886589191664	-0.0004614876248374413	-0.011327166197662454
PCOLCE2	0.010116884695152433	0.014407796433688728	0.010122806070773364	0.013063446064732562	0.015059155543597528	0.015580114886158935
PCSK7	-0.0021674298314640506	0.006185046572804321	-0.002017060094671806	0.0058664753460674676	-0.0007849075133176434	0.011276937750260754
PDAP1	0.01004448068812793	-0.0026402782068481456	0.010271705614377586	0.015131056652081632	-0.008069052425432639	-0.010218212804519044
PDCD10	0.021375681669199204	0.011075973050319845	0.021662784186041683	0.017575917845473965	-0.00646677039025808	0.008053375351428733
PDCD4	0.00867687777657163	0.0032101305568633925	0.009036412278873557	0.01193173836993493	-0.006387719878227451	0.002477820737414239
PDCD5	0.0056507141251187845	0.002436137314289022	0.00571264131477168	0.016883737823431045	-0.0056559781699091986	-0.0031637639254508214
PDCD6	0.010278273981325702	0.006256535806083364	0.010674931900329488	0.02536360345520585	-0.009869025739402178	-0.004594265716593884
PDCD6IP	0.011782882984785447	0.009692693177951907	0.01197128278406525	0.02324032608489855	0.0035004876039554642	0.0005880797809376836
PDE4B	0.005467617053572359	0.014395458665891788	0.005331925057888261	0.0020255640391393516	0.04211569116060508	0.018787513383551818
PDE4D	0.011536834284651331	-0.009914648548651052	0.012182150827641385	0.00473653054850013	-0.017981707740656255	-0.019862096335184983
PDE4DIP	0.005532136715884606	0.0005596672062849618	0.005478529784392009	0.019340142185888032	0.0007089538335082913	-0.010858729659434015
PDIA3	0.03708504245377942	0.0054791019116889154	0.03749029295553597	0.025178672483160493	-0.006319940197047574	-0.006210256096384765
PDIA4	0.010390387413304602	0.003200865417475422	0.010562863490065008	0.018267886183147324	0.0008122207060263403	-0.0058827800905088806
PDIA6	0.028314447089552275	0.0038970994227862966	0.028300883092637074	0.022187758485175915	-0.015136734160976044	-0.007616870003165338
PDK4	0.007106565660261897	0.0066910945732343245	0.006966938696130026	0.020244536372721986	-0.00027625252741114595	-0.0029709007503991042
PDLIM1	0.007521142816774962	0.0007885791526597047	0.007636007134471568	0.029926879040855264	-0.0013004962832948146	-0.020771191087326946
PDS5A	0.021653812211969225	0.0013987154449036485	0.021803067335941596	0.013477887674369768	-0.004010691819800474	-0.002847947738240371
PDXK	0.00989378683922506	0.010887534782532373	0.010009766902509607	0.02470062913341425	0.007176917161686787	0.002299962688117348
PEA15	0.01675805406512974	0.009226567684353487	0.016771973092641307	0.011573503839496188	0.008995329751553548	0.006394836217957144
PEBP1	0.034169963377020066	0.001804961049680899	0.03407656969314889	0.038028803597909736	-0.010486438083414623	-0.021978225079172437
PEBP4	0.006150559358848132	-0.02583703712969172	0.006188394389357977	0.007637432616009818	-0.005716298639404505	-0.0368609947530838
PECAM1	0.010061586888501022	0.02590269303892741	0.010007778580677942	0.016456347541282352	0.032884911280447696	0.029498770638635926
PEG10	0.005977360106043416	-0.013723663894358916	0.006018033622384688	0.008197181015261361	-0.010741926365570044	-0.026810942991810267
PELATON	0.0036102382519175216	0.020038767508914087	0.0035421010408157095	0.016635361437039115	0.017129840052625626	0.020182487673631004
PELI1	0.01532500132203325	0.007639450016943916	0.015386496270042356	0.012039653343225449	-0.0017351248360591516	0.00041523774233382895
PEPD	0.0034954507561303113	0.010395677799935447	0.0034864470340552557	0.02178106148195317	0.004155596710545064	0.004424296049553796
PER1	0.0016004965541550871	-5.456817349629639e-05	0.0016968311316686814	0.013275572572853308	0.0001754224491032793	-0.010370541414015702
PER2	0.009241934903605423	-0.004126025971161027	0.009477257305154176	0.011971351776544546	-0.009446292303594922	-0.012177129448010166
PERP	0.01505057689263995	-0.021830451375850723	0.015206729340735348	0.014224666191039992	-0.020466698459069115	-0.04489403729512541
PET100	0.004661334548535869	0.006444787784824381	0.004717344751368295	0.020878370696027812	-0.00017874018893162462	-0.0029556671928648824
PFDN1	0.011374660619499764	0.0068971499014151075	0.011456623561848574	0.016676212714453166	0.002238086914232012	0.0017643177684157068
PFDN2	0.010253873853994604	0.012539839265438122	0.010441862897816016	0.02290417470369349	0.001842255426936558	0.005355187627645505
PFDN5	0.04610672241695271	0.037552255646688217	0.04617339694840978	0.017854301678709196	0.011122294069474	0.019992203662991922
PFN1	0.02881929214372572	0.05163412127804763	0.029219265016471416	0.016533104359709637	0.028914323596383087	0.037753975416303195
PGAM1	0.0006416143198620682	0.01637469703574624	0.0006642237692478759	0.02069878608433182	-0.0003087630094518889	0.013498810562089259
PGC	0.00918814012922383	-0.030317750082101552	0.009099452635582348	0.004342157755350636	-0.008267151479669183	-0.034364766332851196
PGD	0.003559603441717526	0.021273272385258377	0.0036401928907677976	0.02124558011146045	0.003135606884826213	0.01924098766504015
PGK1	0.023426576360198233	0.03379824024870842	0.023699602198860845	0.03171826243318939	0.011876452053130194	0.01764051599579948
PGLS	0.0050434170182790655	0.02034865417344726	0.005211828603310455	0.024093607601398895	0.0015492190293147103	0.012655805913635399
PGRMC1	0.01998284255681742	-0.01398621096855936	0.019967984067691083	0.017866418258325363	-0.020033688945796654	-0.03257574913829914
PHACTR1	0.01571122935151303	0.025741422637436343	0.0153293806885198	0.02014684865736067	0.024798179158896018	0.026285235145051808
PHACTR2	0.020612711417388078	-0.0009940241099667744	0.02069283470325563	0.024203217433989073	-0.004458031617347257	-0.013777922452169208
PHACTR4	0.008435994741651956	-0.0012973063358348413	0.008440931189330146	0.014281189355487577	0.006795667951260287	-0.00899364405113582
PHB1	0.010315771578214526	0.003865862421543562	0.010449187105832352	0.019053436428963476	-0.004894611374640477	-0.004215973706253456
PHB2	0.006017247563621942	0.009774656999530812	0.006090110555997161	0.02231159066351613	-0.0018089795250335243	0.0020988227573730148
PHF20	0.017317397901638422	0.006672098360185412	0.017570360227416534	0.009080751518247582	-0.0006738103446631975	0.0076501099564761765
PHF20L1	0.01539369916973036	0.0077882295574856555	0.015560786650444927	0.01426745486996671	0.00011020520483762633	0.004166824745661892
PHF3	0.024561707805887144	-0.003308964687171275	0.02492977561898573	0.014336528657343115	-0.016029929020408534	-0.009762292125295523
PHIP	0.019645162818697975	-0.0005616478080468709	0.020285732024959837	0.01709706936906562	-0.012877953459397164	-0.008113209748841143
PHKB	0.008192765398954934	0.00027516840866354116	0.008261389031594487	0.012088331716677211	-0.0003937509355042994	-0.00673483302276151
PHLDA2	0.003794280909067831	0.0001063137087993439	0.003731586260828517	0.011920550934595861	-0.0027240992538833117	-0.006969823470710202
PHPT1	0.014914460406668485	0.0031988354053105158	0.015202708245427115	0.024960240046616972	-0.00827815277298748	-0.011549725331806655
PIAS1	0.017210462674283784	0.006708760827344248	0.017311630879242333	0.014261785519706692	0.008807040009558318	0.004587952998535325
PICALM	0.019196860595733105	0.02037581195004922	0.019468182886938114	0.018408212106908125	0.01674407504433117	0.022635965038772465
PIERCE1	0.0009228791233554211	-0.01218444077599184	0.0010764187486231357	0.009734552075886718	-0.003505094079448774	-0.026129196312334187
PIFO	-0.003934189437098536	-0.01821268385065846	-0.0034446048668807967	0.008960280297926398	-0.016254052082309515	-0.03254749719830621
PIGR	0.05797965520499081	-0.05437437553942159	0.05639698071875929	0.012934658195077157	-0.10327763435549732	-0.06576458542325136
PIK3C2A	0.007912179183735074	-0.0005410220432390373	0.008206973189771597	0.010875848428597387	-0.0025104658205609832	-0.006489239115835918
PIK3R1	-0.0007505806755393219	0.007222396161162424	0.00044429428582375136	0.004945448799079473	0.011106207225232905	0.01281355471893343
PILRA	0.007422446680689703	0.022486797584527055	0.007480596204730558	0.014753276106992709	0.016656058028236727	0.027515791828030507
PIM3	0.007911715570365466	0.0016073331942910046	0.007943873930559743	0.016895279923528902	-0.002998882720675102	-0.01163280849795691
PIN1	0.003229753558538893	0.005667264976266024	0.0033695746169845934	0.014669583373681717	-0.004016668300854434	0.003381033988454177
PIN4	0.011856988782533412	0.002988120056493098	0.012308699497322087	0.011784646685667973	0.0032747019838811117	-0.0003121214532064289
PIP4K2A	-0.010058689885391912	0.009347330161294971	-0.009244332177773993	0.0029484713234430113	0.013231935483734808	0.020560014533460676
PJA2	0.017797617107208764	0.009205180227931046	0.017956295565072822	0.01896198428911927	0.003428268552102471	0.004487459216566972
PKIB	0.0016936717266797922	0.002742674991683115	0.001645284911696575	0.006303649970531593	0.005860392386620795	-0.0033476850439389497
PKM	0.03318791320654728	0.029909862616061763	0.03304965740877648	0.03659144941581058	0.006857091367627392	0.009396804207784028
PKN2	0.01137556676773278	0.0035132729072742345	0.011591378647512404	0.015593919062416849	-0.006735613664280161	-0.0028131973673881775
PLAAT3	0.01133559860679725	0.0106901263318194	0.011561007094217177	0.018932622166446034	-0.002601145116456122	0.007161283552487326
PLAAT4	-0.0014965229795152837	-0.008207999387102915	-0.0010498848176734694	-0.0033152807659210977	-0.004110021064358988	-0.001934748955097795
PLAC8	0.004582591341145077	-0.0004041347092548262	0.005393101778843407	0.004833379844576896	0.008776077543914173	-0.00016159852246224517
PLAUR	0.00810240430817483	0.05031311223872658	0.007756107790938681	0.022643536318774957	0.038091114206565996	0.045411678085939794
PLBD1	0.013031190489827	0.03536346103618037	0.012770236492361198	0.020630775892859204	0.022784997831425763	0.036494754613078426
PLCG2	-0.0012932374006266725	-0.0140491692932805	-0.0011398894135210527	-0.011379359300348214	0.005018791713487131	0.0032040988377259215
PLD3	0.016888078588294476	0.0028847456137163913	0.017127383143237526	0.023862112376405727	-0.002339514917203176	-0.009415051492471798
PLEC	0.004567387631868633	0.01425192791802428	0.004695138522596242	0.01699553291101906	0.002810547817461497	0.013173140417304474
PLEK	0.0014946400199335906	0.030405909177130798	0.0017737758024288465	0.0039044185361596885	0.061756839078483276	0.04336869163178602
PLEKHB2	0.009144152795346664	0.01763779411378398	0.009222574123736088	0.02491985114529356	0.013553593962324386	0.011399042563323077
PLIN2	0.04473496135980419	0.04093488698488388	0.04381011921726935	0.030235352215534923	0.05961879662141155	0.02974353159717908
PLIN3	0.011932137323582066	0.012849409196249665	0.011992169565341482	0.017237854284911765	-0.0028606656912002286	0.009633290665922755
PLK2	0.017284782428272513	-0.002147013515282511	0.017361844698274898	0.009726516343024627	-0.030780220007110504	-0.01203136129695006
PLP2	0.001906320813752158	0.010289058357472146	0.001993542614760135	0.013038840128609565	0.00015820458480546095	0.007918880497010783
PLPP2	0.006231001685973512	-0.01387201067925772	0.0063799340799553204	0.009996330493968834	-0.01255600688092222	-0.030771611090774267
PLSCR1	0.008282721636558722	0.024358427961750494	0.008264339990406768	0.024736384994764417	0.001753934827848132	0.017816127175082325
PLXDC2	0.02138060278609527	0.03900092522184051	0.02105430965260641	0.02079049940318092	0.04437542997143168	0.04298647052362032
PLXNB2	0.006163318527667997	-0.008066796744286116	0.006268551944609128	0.016874346761678326	0.00024802773358925304	-0.022889967870326593
PMAIP1	0.008951961659952616	-0.0005127340505777481	0.009205674200607366	0.005272857924333503	-0.006720240421372437	-0.005344784282546728
PMM1	0.005515699133520021	-0.01061632750452793	0.005575712943911355	0.010722177955466813	-0.0037112599584343997	-0.024402166557378025
PNISR	0.007503791042598144	-0.00808003166046821	0.008044648012729642	0.012371810914907912	0.0032211088003623414	-0.01386513309153728
PNKD	0.004390653243674264	-0.0027097497118706224	0.004824031767016607	0.017666216988304517	-0.0030764803812622166	-0.015733782468029495
PNN	0.011106373264472088	-0.002956651759633321	0.011714035954460026	0.008708681593783177	0.002378845151203153	-0.004328582608248867
PNPLA6	0.004674477771792456	0.02016859795507488	0.004618502978409435	0.01875875678054654	0.009963326703635863	0.020550730316027093
PNPLA8	0.026405248906375824	0.008672274280260493	0.02646171311997505	0.01591209942638674	0.0016480133815608346	0.002385560970455909
PNRC1	0.012876767296025484	0.01883206398291377	0.013268195185820822	0.015800655721170658	0.007845824070058878	0.0074588756129056084
PNRC2	0.0027819076585200117	0.006213911770454526	0.0030619282844194127	0.017363334846858407	0.005392880749257869	0.002197952069084648
POLE4	0.004705271742768739	0.010605627361997237	0.004678822728594983	0.016305029789985732	-0.0015770151744459338	0.007513708169431201
POLR1D	0.0037658651441350205	0.0060238985653298174	0.003640509534410397	0.022843582514620448	0.0012067700249751543	-0.00551100157820516
POLR1F	0.005649947625288892	0.004048921620069953	0.0059538097380793615	0.007235276182112533	0.01771947875164352	0.0011779562844313357
POLR2A	0.006402702901180666	0.006087658729420735	0.006947358878228899	0.011741464982812422	-0.006536907778049528	0.005527820268313898
POLR2B	0.014351024112195361	-0.003295972996343328	0.014572375627012243	0.006639239642193694	-0.005900876163572737	-0.005255558841948538
POLR2E	0.006838596484202502	0.003414296079047814	0.006963981643290848	0.017187561868680683	0.0008284748679210774	-0.005417966143469351
POLR2I	0.005938701676146069	-0.0048762710355789085	0.006104075399749054	0.020580739309467366	-0.002971322631234364	-0.018430037970224255
POLR2J	0.00650872094519366	0.0033720072713104374	0.006606097297489092	0.01622539512210883	-0.0009349489838234086	-0.003240577839842676
POLR2K	0.01987708487778719	0.007722673261549961	0.02015934408384008	0.019702427768199148	-0.004053318376507558	0.0017079146260334812
POLR2L	0.015498638800486419	0.00028244692698227	0.01566954178724215	0.025706944694986508	-0.018194659938444935	-0.015446749201762824
POLR3GL	0.012788786065532366	0.003435983100191403	0.012950494151006013	0.007691199470814834	0.0022547861926086902	0.005727905555707329
POMP	0.031124407854295988	0.032527221938853074	0.031110375703115544	0.029717158549341836	0.006009597377225869	0.017528409031195662
PON2	0.02336218578692506	-0.00662305275618877	0.023358146623805625	0.015045093392106664	-0.025340254086198128	-0.01845142859586519
POR	0.015846342108847018	0.006409551297161226	0.015834961875627704	0.02371362423687939	-8.99798423388927e-05	-0.0054412297217824555
PPA1	0.03162807140612924	-0.003513500554842579	0.031254428993287654	0.025822488391519887	-0.02861348576977575	-0.019547499151201898
PPARG	0.018801839005453926	0.020611218531336538	0.018823514267185447	0.01660444330063449	0.03148358107840458	0.019962664566882966
PPCS	0.01650743533393278	0.006916247591838658	0.01672227251098099	0.018067879333919838	-0.006305913862214277	0.0015499702083980275
PPDPF	0.006059256508123797	0.005764007003117384	0.0063913074403884815	0.029304577347295413	-0.007785521305144852	-0.013719008602016396
PPFIA1	0.01836118705989049	0.0056777417920534	0.01832261580392246	0.01432419025980719	0.012219958369677434	0.0022175765938092207
PPHLN1	0.014965191998746286	0.006397251967054328	0.015175918412673144	0.009509991343761414	-0.0006735316937706992	0.00804866288379302
PPIA	0.01375918023137859	0.029087866241392677	0.013908654418616061	0.025643985500476016	0.0028061919706341212	0.011380028594407059
PPIB	0.014385108255926319	0.00630749557479823	0.015209358279976732	0.022062715403177162	0.005593308512948932	-0.0019883066405624273
PPIC	0.003107593146862758	0.0065733803394441865	0.0030492484962485944	0.019478946313435372	0.0034475204198835692	-0.002277786524795049
PPIF	0.0029400526198741623	0.02077789896040467	0.0028846770427962227	0.011343623825319657	0.0036685704673611276	0.01792647925573746
PPIG	0.02414686782135724	0.006627256142766662	0.024577132385040612	0.019529130240336992	-0.007059894417224649	-0.0008168586829186783
PPIL4	0.017415834004688963	-0.0019895727475099127	0.017751626451055904	0.011472297443791225	-0.01034077039913619	-0.009483555544839569
PPM1G	0.01515733991907774	0.010335150833174558	0.015455298212534727	0.021132287899730907	0.0020702351932403423	0.005224025727701739
PPP1CA	0.009148051806746459	0.019545503160555453	0.009416887360676893	0.0159164315995462	-0.002007660993555425	0.020779877992946203
PPP1CB	0.021655840908566176	0.009832831805963326	0.021891956170093915	0.021297277280940264	-0.007625128923334328	-0.0007118866685951077
PPP1CC	0.00673624638225368	0.009745534454758013	0.006965240811075997	0.017511768802007104	0.00028521634303995584	0.004837733082729354
PPP1R10	0.007065803613366301	0.001039768379039685	0.00745315957516268	0.006333028533357661	-0.0012098904410513998	0.0008606665213525576
PPP1R12A	0.018072375154176257	0.011035157728715734	0.01896305910820408	0.0142312078822827	0.017351871241920523	0.012957295631860738
PPP1R14B	0.0045904349500703705	0.011011169824408897	0.004635721379525865	0.01956406488167423	-0.0030747868337276346	0.006513445515970704
PPP1R15A	0.04661759327222726	0.010289617200959942	0.04595198522466823	0.023405003971328057	0.026891700678532315	-0.0009469491230384307
PPP1R15B	0.016366372344113703	0.010778176962095053	0.016603360812084002	0.015060838955343506	0.004927013436837227	0.007321024948159922
PPP1R2	0.015534764497140183	0.009141155906467188	0.015673921134643463	0.015329703687363302	0.003975960855868363	0.006071336380066982
PPP1R7	0.00632748299246068	0.0041303249138437866	0.006469828641633967	0.02114161621790762	0.000748852603882991	-0.004159072115857482
PPP2CA	0.0065462127350390965	0.008780364563944586	0.00699938612728777	0.01718715456972189	0.0029167787489588703	0.004041710153348341
PPP2CB	0.003855567735611742	-0.004371247058349348	0.003784881753326532	0.017407981095834968	-0.003547800000494183	-0.01805172017394981
PPP2R1A	0.0013268129338695738	0.0012840926158266723	0.0013673864046984605	0.017852592804347804	-0.003958607954922415	-0.00869215398274233
PPP2R2A	0.010325112812707486	0.002011457646169908	0.010542369718534396	0.012890282489196233	8.275378700310429e-05	-0.003650701895828658
PPP2R5A	0.02041215693778667	1.6700034159762176e-05	0.02044324883009885	0.013687517107126226	-0.007357016677031959	-0.004277191862223575
PPP2R5C	-0.000806980999227682	0.0009637591537426952	0.00030432441406525075	0.005816925576376799	0.005544245512354073	0.005194970628989036
PPP2R5E	0.01825097479328188	0.00044415931777103454	0.01858154079333207	0.014633679652579567	-0.0041655240015527895	-0.007940115701978771
PPP3CA	0.014964012761714794	0.002232559041605386	0.015500533469098545	0.009069370532956127	0.00420093522552456	0.0002581098748268042
PPP4C	0.012201542182998303	0.00831168121986969	0.01218588429475607	0.0184633494129879	-0.003874705003562435	0.004838203871409
PPP4R1	0.012560783008224089	-0.00679700832242104	0.012830091825310351	0.01001678025627373	-0.01787366466546093	-0.016564456538333005
PPP4R2	0.009800480287386176	0.002613789731186921	0.010104826011679594	0.010921611695188274	-0.003033538825207871	-0.002197937919852641
PPP4R3A	0.003039558428149292	0.005730878531311918	0.0035157774572283284	0.010588990160923094	0.01005784914873811	0.0042249493955805704
PPP4R3B	0.0038916984924474403	-0.0012781550839828127	0.004301714941074895	0.009878399677414343	-0.007218208031471519	-0.005618158640835403
PPT1	0.02514931790198225	0.03581762404484517	0.024839903042939822	0.025163519921016005	0.030633946350649505	0.031882272574380706
PRDM2	0.0035390934175914416	0.0015455156212329738	0.003944907373247219	0.015627862075229353	0.001896546212537585	-0.005066708896669251
PRDX1	0.03397616183293781	0.02264629918597638	0.034127260134748684	0.04356255508589342	-0.006391876643166714	-0.010436396819346758
PRDX2	0.011085767475258388	-0.013327626658358682	0.0111316179666104	0.012866347956538732	-0.01645530769911809	-0.027925617605100036
PRDX3	0.012089809290420719	0.00938719101281128	0.012077647193368882	0.025403937329021156	0.0023678340175807442	-0.0021959487651058355
PRDX4	0.01534336990562718	0.002222830266488446	0.015321466565826902	0.02147523525889382	-0.011646228393493963	-0.010132013781530296
PRDX5	0.02889218421706552	-0.024208715979597565	0.029112756155291658	0.029216379642058563	-0.02954690418421632	-0.03807794510939233
PRDX6	0.01756338707526979	-0.0014388840054042071	0.017669698950613284	0.027154795662757275	-0.0075937296071777	-0.017266949311146064
PRELID1	0.0038550032459769546	0.027088320964539024	0.0040041940944204385	0.021019619394224448	0.003917194613977226	0.02118393416487962
PRF1	-0.015835415888335903	-0.009477819379590083	-0.014810357112264649	-0.022788126272207127	0.005179659390301585	0.007892353375253174
PRKAR1A	0.022197441264949512	-0.011805917956315977	0.022518762606269886	0.022760664379236288	-0.016961343892846797	-0.025116897508397285
PRKAR2A	0.004635589484461595	0.0017738014006466406	0.005086493331725259	0.016024647886655564	-0.00423044547673052	-0.0042116685909812926
PRKCSH	0.00356230361354985	0.0003634037950714301	0.0036696805083613736	0.013863926999043855	-0.0056593828837603315	-0.006992487706285862
PRKDC	0.018501766308658348	0.0021275711596953273	0.01881394690641828	0.012545669178181488	0.004262110147375795	-0.0016335114290531097
PRMT1	0.007283186468704678	0.0003728682066863728	0.007334445570759484	0.015527017039488892	-0.006293599213764016	-0.007678558854786597
PRMT2	0.0069742850361911865	0.009208827983675968	0.007559367043848299	0.011669476362817479	0.006150679866010689	0.008973177204470157
PRNP	0.015123500835894702	0.014540308901698135	0.015166015872494642	0.017687001854687332	0.009863856885920851	0.012321800602033157
PRPF38B	0.010659249142758547	0.006206969554112027	0.011325130541597972	0.007933309099474576	0.006801969521986586	0.010352953630124728
PRPF40A	0.03788390274135519	0.013564229549929164	0.037831869936075145	0.021268970944563665	0.005832568385008986	0.00747405980575611
PRPF4B	0.006978163373445976	-0.001706567724257094	0.007562275343743877	0.014988159598408013	-0.005011350203729894	-0.008048589205736673
PRPF6	0.0023640279873392996	-0.0008864909099314298	0.002640844062084745	0.011066472631145475	-0.002862478702043804	-0.007977590206598472
PRPF8	0.0021022879118045065	-0.003609725354136796	0.0021018499721550303	0.009689483774804624	0.00543874856016512	-0.007805558013458579
PRR13	0.006593402316600624	0.02256895249468685	0.006578570177551393	0.027452544569180993	0.010045273424600019	0.013259610390004345
PRRC2B	0.00512941584456122	-0.006585212226085942	0.0055015421152762685	0.00781157415363175	-0.0016046721897617446	-0.014861216013694336
PRRC2C	0.03203219077900909	0.0007904274488467371	0.032984141828518464	0.011690416513196819	0.008295675729841266	-0.000481824283294125
PSAP	0.060799834783158896	0.06856364776566813	0.059132243420995934	0.0386983076240037	0.09535569340294398	0.03276963683134887
PSENEN	0.003325744589547919	-0.006125642605963259	0.0035132586181265985	0.016853892233041488	-0.0010663543890339381	-0.017701303524898234
PSIP1	0.003765296806759771	-0.0008624910364669021	0.004256854786460533	0.009746776575117602	-0.005058206228733716	-0.007918569710242355
PSMA1	0.009907167779950349	0.01515360682502201	0.010019108954996588	0.02349679024967056	0.005629830741969213	0.008842541446457465
PSMA2	0.007669628948509686	0.010898633236367649	0.007783690742143108	0.017559291677946835	0.0014006218418289767	0.005562078626442768
PSMA3	0.018935210282997116	0.00786968249843249	0.018965681924311684	0.022300145321321643	-0.00538675443266164	-0.000899383856165206
PSMA3-AS1	0.005013870465473487	0.0006986890364202858	0.00525708870232447	0.016531517091848306	-0.005802677399756356	-0.006760706076276036
PSMA4	0.025607546795878594	0.01922153837804368	0.02552583523659077	0.026956154503061224	0.010641019606268216	0.009587055061813034
PSMA5	0.0017377860198768084	0.011017106466881036	0.0018832857937915533	0.01670671413330018	0.0025503365213829167	0.007422043583720745
PSMA7	0.034239366460553256	0.04339177110375806	0.03445569658248525	0.029496919244887353	0.01114335393706922	0.02532153878221058
PSMB1	0.013560934152935081	0.01567389108056494	0.014048536778057617	0.02513233488569035	-0.005145130662172554	0.005604230617089372
PSMB2	0.009944200417782163	0.009915559844900213	0.010014269618604792	0.02248254584374801	-0.003147552800737495	0.0032131275191111773
PSMB4	0.015668666029313733	0.007874134645552668	0.0160779031423247	0.0148100281788165	0.008105586925418294	0.005336355446796037
PSMB5	0.010984372364507632	0.0010299124459239974	0.011254367389855198	0.024065438331064254	-0.015349959621440385	-0.01224148828629573
PSMB6	0.008703039998077745	0.0130466586769045	0.008779949360395996	0.024856382388256354	0.003516563421747629	0.003669735054706781
PSMB7	0.006542332062390006	0.00574222375390907	0.006797026837391551	0.019548181845774823	-0.006239737787762406	-0.003551081776376383
PSMB8	0.005362730578032393	0.016776393589878497	0.005584953673516847	0.015375548396659526	0.0022873790387310583	0.019103659069021166
PSMC1	0.0010071629917660085	0.008239395647638767	0.0010498056522680898	0.02139494252407188	0.0018882833852968124	0.0018495458019153605
PSMC2	0.009718316887016708	0.003850616414425014	0.009781040550245956	0.01279966878242963	0.0035574551588354888	0.0007673715389145296
PSMC3	0.01008790674402752	0.005524307011179925	0.010065949937336859	0.01784981507139778	-0.0035630313394017002	-0.0013081468334251514
PSMC4	0.005964496385528834	0.007310902142271425	0.005980842304564083	0.01591764990725364	-0.00024060590801172505	0.0038801753836043276
PSMC5	0.006444669561642827	0.00609192418942943	0.006453235871070543	0.017481498130802808	0.0007762957351686335	0.0012487223078617579
PSMC6	0.006783119720772946	0.0033000894697361224	0.00693236220864622	0.018985162321950372	-0.006306954690281435	-0.005335305620782172
PSMD1	0.011584152942941767	0.007245170844197324	0.01166619554134737	0.017689725421264287	0.003609725502010378	0.0013243503675803027
PSMD11	0.010519598609946964	0.003471081329949793	0.010656601612591042	0.014497696213743671	-0.0033729012351983597	-0.001820347870254701
PSMD12	0.008341088803087766	0.006211130728434717	0.00846897003458099	0.016330850520960345	-0.007366050683180571	0.0034041752186863
PSMD13	0.0031757848374169965	0.004248544463134877	0.0031767858421272604	0.011830345949290525	0.0005781247250215319	0.003215955936658776
PSMD14	0.00273784895757581	0.005165602784342103	0.0028757610288022485	0.01833699171026236	0.0023568535295230846	-0.0011764475402035058
PSMD2	0.009588972755898009	0.006290804701950077	0.009789064923921197	0.018492954967159428	0.0023170557209373607	-0.0017349018189548445
PSMD4	0.008785688744809238	0.0047169391511369995	0.008799261125065391	0.015117825780150758	-3.1140345847470715e-05	0.0005379595056410287
PSMD6	0.005023320480260527	0.006615984698969578	0.005069677208399449	0.016093991382764374	5.591279936288246e-05	0.002373220988096516
PSMD7	0.011679965944351011	0.013629798106361909	0.011858650021885991	0.019875848517516732	0.003214075545316535	0.009296626236736256
PSMD8	0.01575677227321883	0.014356736285853974	0.016020454804851147	0.025335112332321892	0.0011807811577923555	0.005556583255415563
PSME2	0.010655312894308933	0.025794453391734015	0.010936161933157943	0.019641363114913487	0.011941273327603627	0.020482584662949384
PSME4	0.0068809190568136025	0.004084084195110629	0.007090368619534938	0.015189769480098295	-0.005736992351399671	-0.0018697185073542452
PSMF1	0.0005705647363850052	0.0072125941594884885	0.0006385048709774534	0.01673161352427122	0.001440321704784623	0.004063197296832347
PSMG2	0.005569136939344656	0.01043588350300186	0.005681199245267466	0.017533743933622396	-0.00017364617047640975	0.006176642907629168
PTBP1	0.0069795326535908335	0.002105110062629675	0.0070661097398082495	0.013517695365961094	-0.0005143859291433919	-0.0051422272041245784
PTBP3	0.011319768548539435	0.008514545463618583	0.011822881373649646	0.017211422964971565	0.00875133152517922	0.003906289662609619
PTEN	0.012671343603275357	0.011071398164954322	0.012865851824181328	0.014878978811593663	0.0004873283003846406	0.008705387618592861
PTGER4	0.011870387272418816	0.012978372590811745	0.012217051849603911	0.011776598719160303	0.030212081593230352	0.016760841571579886
PTGES3	0.017659460595176896	0.0049949068477435545	0.01794936986272486	0.02623740422527953	-0.007117010155176127	-0.008576644767315176
PTGS2	0.008793753304000146	0.00810867293485872	0.008586380470388306	0.009085162918047954	0.010960558700239	0.0018718772881699596
PTMA	0.053758015844479645	0.015928763763860414	0.05343051451872701	0.006414257339811967	-0.01576419724877662	0.006188539058932433
PTMS	0.007842070242089924	0.012357954146820428	0.007927168231821307	0.030713566909089638	-0.002180993387086399	-0.004030020199756534
PTP4A1	0.007381962418965762	-0.0026637166470638873	0.007570474579642974	0.02450819312033289	-0.01312832132405189	-0.017696452746286027
PTP4A2	0.01914985651466878	0.012401155807542702	0.01979200466746546	0.02327803265161112	0.004352250230071996	0.003119005207881949
PTPN1	0.015017006993577211	0.007078048621795507	0.015421602853749272	0.015863342960346326	0.005760177950458778	0.003083940930115207
PTPN11	0.01366225889530302	0.0010619312476664998	0.013856614847606311	0.01391036950067387	-0.005576019775542809	-0.005160787663462324
PTPN12	0.018480418494698038	0.014688447304314171	0.018983255742990597	0.0164845389372411	0.015171601309483156	0.01397845858576334
PTPN13	0.022515494413408825	-0.022337419028692507	0.02257454416756563	0.007977957119043949	-0.02985800605390484	-0.0381473128974917
PTPN18	0.0036167203615550796	0.011224789841265199	0.0036866211748837335	0.010785591630131973	0.0033934361683813762	0.013878536234834994
PTPN2	0.006968740589471792	0.005273799461395131	0.007073533223874249	0.01566418920009087	-0.0025453234370238424	0.000736023712308283
PTPN6	0.0009142016298883645	0.028587815295026693	0.0011112233069456995	0.018679042330068153	0.0069473278104135346	0.03306800010517396
PTPRA	0.008008758942478652	0.002859561218792465	0.008147167348234972	0.01661003625465141	0.004962677623900647	-0.005880036760978997
PTPRC	-0.0070910469600172065	0.04802844532122166	-0.005519243576178826	-0.011680016359082558	0.10854008327023798	0.07196698615781455
PTPRE	0.009594337834976584	0.022257894900218605	0.009651852549210475	0.010241111812509378	0.021567512803861228	0.022163909314187595
PTPRF	0.00999322817050347	-0.018044686140419614	0.010036338333453396	0.009173669946690869	-0.01842163586734009	-0.03693349593407751
PTRHD1	0.005101435163162924	0.0008362414584480316	0.005179041685159484	0.01658117520545637	0.0002056579647023955	-0.009496039639815799
PTTG1IP	0.02940330872776012	0.00771447570764476	0.02968742426664848	0.023673254959617803	0.0076126412712055	-0.00435974798911402
PUF60	0.005293552162668102	0.005032206421216931	0.005350541292432396	0.016482090284295942	0.0008206585165098063	-0.0011072645922561015
PUM1	0.00440117553326504	0.002324430739081092	0.004538854690552336	0.018300227879244665	0.004742713029313686	-0.004363549144020824
PUM2	0.011391604827335845	-0.0003244064957776712	0.011708857052722852	0.011996951159103802	-0.004140673165098003	-0.005435700829543969
PURA	0.0012415582891517945	-0.0014592225192158372	0.0015020697444336135	0.011486320509715545	0.0022166226466763723	-0.008058123402916246
PURB	0.004560555084726215	0.004640093442405603	0.004514430011211327	0.012073017436560769	-0.0011182349296782511	0.0004122736285652425
PYCARD	0.006126019710273564	0.04640755651054112	0.006177076977790522	0.02474203733329156	0.011728607954798069	0.04316980137201397
PYURF	0.014143982028025458	0.0073543337128234645	0.014301026469364661	0.018900484029885502	0.003397624372017264	0.00024985035904784265
QARS1	0.004322217894281784	0.002453834039321795	0.00448502539344597	0.014208085564052814	0.004099800645246157	-0.004013372925578535
QKI	0.00842332498228707	0.022760341908731902	0.00868682572132867	0.021928094980399864	0.0044836907062504126	0.018231836952567554
QSOX1	0.0127387024785112	0.006169079763368193	0.01283567914878661	0.0243023315565162	-0.004802147086538351	-0.0049644568880822795
RAB10	0.0260277836098534	0.01639594615393952	0.026249115670944144	0.02387594642971259	-0.00032973598197104647	0.009085100311205333
RAB11A	0.0039546305004039715	0.004424117499589464	0.004253534138721453	0.023452277960171644	-0.0035915746757715582	-0.007481784735945144
RAB11B	0.0037414304690092503	-7.969408194798242e-05	0.0037690313254977836	0.014870560578941186	-0.0035594950354832042	-0.008947824135120777
RAB11FIP1	0.030399847998112715	0.004113323468224924	0.030323089040276547	0.03257446398008885	-0.020808031015900612	-0.011843231093309339
RAB13	0.012088801525609892	0.004249688295871719	0.01210918550598312	0.027646952544674367	-0.0020711861403014146	-0.012316109620813408
RAB14	0.007792592530645222	0.0066431342496267795	0.008041534755233087	0.023569140016182995	0.002537644017237158	-0.00526385384067849
RAB18	0.007465766766409957	0.0047809800747821585	0.007748199391825701	0.01533833176796818	-0.002785122906864411	-0.00048308435585347895
RAB1A	0.013623169630196264	0.008044410405425556	0.013869983748263728	0.026857543256443638	0.008592989477092585	-0.006705603343559364
RAB1B	0.004735254154430902	-7.811624861558725e-05	0.004854334452487237	0.00993510183314347	0.0011060975300879459	-0.004575487946236683
RAB21	0.006368826472734412	0.007167721097010907	0.006423535664435333	0.017037472986244587	0.0022253237300884445	0.002481553864567024
RAB27A	0.004301393064139354	-0.005282707207773249	0.004507975868479782	0.006246994915047063	-0.0007205393702792988	-0.011771964446376642
RAB2A	0.04245868111130546	0.0015655042085755992	0.042447867497430666	0.023470714475411797	-0.017196304177508868	-0.011169789619885977
RAB31	0.018876921335270823	0.031203433377324688	0.01899436034696831	0.0268925479395476	0.02021091714953438	0.023800723768194462
RAB32	0.0011978899250578994	0.016193580046275163	0.0012084469112903632	0.01653836628553987	0.001967740631877665	0.014825589462122672
RAB4A	0.004403186235238957	0.0026588863727374625	0.004618665786575935	0.01702045381542575	-0.0029160826817213473	-0.004146115273291177
RAB5A	0.008691696765679102	0.002770513891784507	0.008672987226734288	0.01377217031217119	-0.005318212369084712	-0.002982652799949017
RAB5C	0.0060382260415194795	0.022776123219572012	0.005987125266358041	0.026191565525444743	0.005817469398601549	0.01735094611149539
RAB5IF	0.013270856813284989	0.010633813310403386	0.013328747049782467	0.014187233252278535	0.012109590146473757	0.01038153543509562
RAB6A	0.010100821421571168	0.007053983765182343	0.010228545878359762	0.016273490372629963	0.003550720247785052	0.0035752075068518204
RAB7A	0.021856663894331104	0.020291675177693296	0.021844698375815073	0.027838212180314563	0.02364987708180966	0.009379574036333903
RAB8A	0.013112661050336087	0.013686821409674959	0.013184341565460056	0.013775395363090746	0.013461902046930012	0.01377126114804239
RAB8B	-0.002989254998782972	0.012287878763345474	-0.002565109535226375	0.005711013156113478	0.013483230356464539	0.02133255661461694
RABAC1	0.0015571363697090904	-0.0006424869472872047	0.0016608430500659023	0.02042911268798532	-0.0032308829968217922	-0.011038347347407782
RABGAP1L	0.003077717936134921	-0.007052276453081204	0.0038426654792536167	0.009779126074272197	0.00824355484666357	-0.015876329536025222
RABGGTB	0.00244779448566396	0.010873900772067015	0.0024663459366445935	0.015676833529382764	0.0014037011358260941	0.0093674973622693
RAC1	0.01927715010303768	0.04374529781320566	0.01943105567442363	0.041252984325982144	0.021523430637670697	0.015759048473771388
RAC2	-0.006078997807463652	0.016704301936365486	-0.005730970962304402	-0.0031112820960216593	0.0057833436507341044	0.03639122441461508
RACK1	0.06061738531445824	0.011732333822013113	0.06000781743417611	0.012662673875463734	-0.011154562567140312	0.0031770585574137254
RAD21	0.013933512631210189	0.0018991242262363596	0.014750144337783972	0.016419114955576502	0.006328465491207543	-0.004921506466541449
RAD23A	0.02145188672421462	0.008725250045137625	0.02158056759750056	0.02478566725108507	-0.00719782785608513	-0.00181368338222291
RAD23B	0.012515518564540687	0.005987390714075067	0.012844881261050309	0.021916320765470836	-0.004142157766822868	-0.00352946963929606
RAI14	0.03342219168173151	-0.012204317860305815	0.03311275390460499	0.00469266373923681	-0.04174992955559201	-0.02398220768041483
RALA	0.015880654456721915	0.005545090794533844	0.01571373691728919	0.010858089015228818	-0.0067757636401901515	0.0038534788246487694
RALBP1	0.01371323615583329	0.008107715490227334	0.013920907593186555	0.02097927750587114	0.005078467587317717	0.00047998321816245155
RALGDS	0.005059957767851224	-0.0008317732505244402	0.005302218609954019	0.012010958042139997	-0.004267204385328302	-0.00839870870981177
RALY	0.005421228688059632	0.005803306720388018	0.005925203136401253	0.019492121244131775	-0.008082842791679113	-0.001818974403522948
RAN	0.019866910923706405	0.017378906382606515	0.01997940728292276	0.02431617286145495	-0.010885023134408454	0.007252379196792691
RANBP1	0.0022476097717045508	0.007096130037340846	0.0025074791899942373	0.019198055086020564	0.002981781474548961	0.0006054934262308886
RANBP2	0.015444854679194216	0.009162771339085846	0.015669317419372455	0.018573971978242742	0.0051885071246432985	0.003468490369904678
RAP1A	0.011159843636318861	0.02023288297743583	0.011604583073753658	0.02177117297620081	0.015668848081169418	0.015593245373524854
RAP1B	0.007794192560037248	0.01918236517965634	0.008736906475973905	0.009265019873136889	0.01746202745086672	0.022855983832782784
RAP2B	0.004706854052315183	0.01108852583611335	0.004711404347006702	0.01095339746519304	0.0072449071309594985	0.01060565347237673
RAPGEF1	0.009866965767634388	0.012056289774215405	0.010248004033533212	0.009539866292565197	0.019982229167056824	0.016986564699289868
RASAL2	0.014750795823764751	0.005942229818154111	0.015025827298882617	0.014398405299945148	0.004367272203890908	0.002981837843460086
RASD1	0.009208963267506485	-0.007430608085210222	0.009336941526673607	0.008491305360347279	-0.015392501649370267	-0.018911981487414454
RASGEF1B	0.015473546651512156	0.01952205611038147	0.015831138136689942	0.017852829758324938	0.03296957388028911	0.019494748403481966
RASSF5	0.011054379058828952	0.012184940565562699	0.01114103537122934	0.009296193105174546	0.023509655246995713	0.016457933143736208
RB1CC1	0.018116950646273167	-0.004084630773810626	0.018438092276367345	0.01748126202818732	-0.003178777263878265	-0.016590105450218166
RBBP4	0.004929477020753519	0.0033070001889940947	0.0053291788030078845	0.016826557455969653	-0.0021333754992946216	-0.002587184989724498
RBBP6	0.03384850234730082	0.0035235483995756465	0.034032837200559905	0.01455511976267556	-0.0076952302585936855	-0.0022693427203444275
RBBP7	0.0017650610043741305	0.0007399134323337786	0.0020133539635190014	0.011364236450450706	-0.0007289265035157718	-0.003583907869482634
RBCK1	0.006442212902066181	0.0018638884600942873	0.006546301941140929	0.009889617194793877	0.00017201734324897005	-0.0008554963204835814
RBFOX2	0.041378682563942074	-0.004644797818670561	0.04163683297210842	0.0026301334744999808	-0.023551051324300788	-0.01221252202951337
RBIS	0.020771906077280987	0.01109491439883711	0.020899541349205998	0.012678949795351894	-0.009290934343726695	0.011688851457089242
RBL2	-0.0012935916788535473	-0.0035233295955115467	-0.00018983988804661695	0.007418888379285581	0.00563155174780223	-0.0060153012509268945
RBM17	0.010388620371651738	0.0050093323790017215	0.010989231597162493	0.015792163213127652	0.003111403242296734	0.00023394989759281838
RBM23	0.009666871687458585	-0.004451946031492683	0.009970236802220655	0.0073995698349911525	-0.0022485422380624552	-0.008750018786333013
RBM25	0.022157190614692283	-0.0006747175597101167	0.022992403809949744	0.01646221549066407	0.004647499925584282	-0.005361013482420105
RBM26	0.00913620404795732	-0.004035384819866855	0.009497637314758924	0.008358198106177751	0.003543360207114148	-0.008730687154784493
RBM3	0.023244847686450267	0.017884238948968095	0.023628003467344325	0.016418744254537543	0.016076050233207812	0.013424819200657826
RBM33	0.010501684865904888	-0.0015369423152132699	0.01054875234079098	0.007598209959175771	0.00016086142854445683	-0.0020496858964063644
RBM39	0.01836418522201374	0.0008148440065686529	0.020003950585688185	0.011029865312147384	0.015054343648536942	-0.0013682243482670343
RBM47	0.026757697031860657	0.004713933776106986	0.02697640896244462	0.025400097472133048	0.003266023635882205	-0.009092759896688472
RBM5	0.0051547969265671265	-0.0009381566147860553	0.005434049569668709	0.009001952149721097	0.0008058908204408695	-0.004769917098366137
RBM6	0.002101898081776815	0.0015619119424205778	0.0024699000542356643	0.011420514522889913	0.0005552186916089086	-0.0008509299789954544
RBM8A	0.01805179681064585	0.009463474591002255	0.018241454287822104	0.02001152308757183	-0.0009625977367246377	0.002194767137311918
RBMS1	0.008206508107657341	0.008535692646890627	0.008518693614806321	0.017297062557960225	0.011523460195733304	0.003126221846513423
RBMX	0.02176422963877267	0.0026886288363893265	0.022190269748660667	0.017476023075670623	-0.00595842643666415	-0.005307676028058366
RBPJ	0.031212312074800793	0.022587131078085448	0.03125442077504663	0.022804383777678707	0.016106791933189025	0.016601641620463518
RBX1	0.017185709995592036	0.014262407497567835	0.017386646122347842	0.026735142086305626	-0.0025066783899765294	0.0012579237751820706
RC3H1	0.006266233043658587	-0.0007683285744534952	0.006624053098503464	0.00804745874081881	-0.003639553251140966	-0.00539544712776256
RCN2	0.00584990654055925	-0.005103373397243625	0.006053173481483808	0.011584065619564444	-0.00038173921896931585	-0.015486812179251906
RDX	0.016179480088802548	0.004125929045745803	0.016367531093775364	0.022487236827531967	-0.0022947117743510157	-0.006951541422628837
RECQL	0.00446756808765979	0.010027266841005652	0.004970828753657672	0.0096248136371971	0.01723028486391925	0.01501005165423674
REEP3	0.02223301882055718	0.007329236057458445	0.022219024604272476	0.020141218569295335	0.0009708706351281239	0.0005917726563146682
REEP5	0.022657560862630356	0.018938850967969673	0.022751606879674792	0.027072022797943143	0.004581904540885934	0.006451832633519399
REL	0.024047252664552796	0.025246786771311626	0.024373363929667886	0.017997151315846036	0.020217292808079622	0.023360015405549765
RER1	0.00793191179851636	0.010821920986522005	0.007946736294579202	0.02321946001597837	-0.002069461015333468	0.0020575668102658234
RERE	0.008327328832487407	-0.00823887387266883	0.008537005607528727	0.011317211656660022	-0.012264066647952817	-0.02104243917499
RESF1	0.004547409985994632	0.005541212160663238	0.005311339791014564	-0.00368099834787876	0.016056946711731093	0.01974525774348847
REST	0.0184666549070417	0.0029506365096651855	0.018707299302852417	0.012416346301882378	-0.007375410050351622	-0.00042351475980843584
RETN	0.007820421314579065	0.031828267224540366	0.007841421103705911	0.01697954357755113	0.011361390487972344	0.02717114591913991
REV1	0.011287216937912905	-0.0061854572996827015	0.01136921491970367	0.011088453282779501	-0.00810766662707953	-0.016526300035609478
REV3L	0.015275436274695455	-0.0038536392413722723	0.015747665713545494	0.01331620232259885	0.0031519513973092246	-0.012866961766492293
REX1BD	0.0023115400355895326	0.011090112914733613	0.0022767759264219214	0.017290459910471234	0.0038220080174391764	0.006570458204534381
REXO2	0.008114424649658203	-0.0012553381657700981	0.008215229537971762	0.01563268694064695	-0.005304279060748607	-0.01101122554207071
RFC1	0.015042259614922934	-0.003834954763366212	0.015256082266207519	0.01297649118090403	-0.010961347271140377	-0.011543222480007753
RFX3	0.0024237440432476783	-0.012491658579136854	0.0028663368491764884	0.004350712079681771	-0.010252086505151012	-0.019927895087748608
RGCC	0.0330123289264756	0.031521642528686826	0.032651193693659264	0.028791161032299496	0.03882912095910062	0.018478638946418255
RGS1	0.019238982426217285	0.013231100378248381	0.01859685982577849	0.0002569975457393386	0.030767842892406194	0.016364228705402734
RGS10	0.006066254255567332	0.03050341107769882	0.00606801863735104	0.012989261065050302	0.012053271178779731	0.039175542369039015
RGS16	0.012549275006943484	-0.011165544181079288	0.012463164952095322	0.007583418896580605	-0.014930409085059871	-0.021756983000245183
RGS19	0.004807840155683523	0.02100644982825992	0.004880429446977033	0.012729814083465359	0.011035412386522073	0.02807175015893758
RGS2	0.01733744149330916	0.03141821457733582	0.01781442753942657	0.004204748226216983	0.06657662263809797	0.029675462889601868
RHBDD2	0.002878054483015141	0.004217826060105736	0.002855847501164272	0.01829125658409355	0.0032003959983873606	-0.005097354407819955
RHEB	0.009641781528021233	0.014872032603823082	0.009709542352675914	0.028054021271543578	-0.0019307686641002078	0.0049453602779101205
RHOA	0.046030017134951605	0.03671601184764741	0.04614187333557023	0.02989933116859708	0.022628711078720012	0.01692968326835225
RHOB	0.03316242699329794	0.0028614700478253076	0.033416696981576004	0.035357167290234526	-0.026308301295214387	-0.01598021789698452
RHOBTB3	0.015978329024219647	-0.007962810923881907	0.015974956679892995	0.008529763144165634	-0.021552703721838127	-0.019462194053972294
RHOQ	0.012223225821822236	0.014542854448968865	0.012354194776223648	0.01954926204328914	0.008086037915372985	0.012473480022046284
RICTOR	0.005065108118294069	-0.0025700843190072722	0.0053055397315107	0.007029223601862353	-0.0026059628970844786	-0.0054920887588755865
RIF1	0.010043593279115318	0.0012103416762711226	0.010501569584182394	0.010733361823981356	-0.003597790459866331	-0.0018718589779766876
RILPL2	0.006997767399693926	0.02245146736819755	0.006706512804082181	0.020627350236663494	0.0268405670222699	0.019422959712090793
RIOK3	0.010262346216808969	0.008439472780128852	0.01078474839578502	0.016829636606267177	0.0030132506825802574	0.003820033933374842
RIPK2	0.01028398020428927	0.012340833910380818	0.010395850000951194	0.012279722774671716	0.008789851364389043	0.011583773122372354
RIPOR2	-0.008746241154859084	-0.002221374113021221	-0.007913428265267216	-0.00018305650623809844	0.009296111977055007	-0.004324267424590874
RMDN3	0.010457353507141125	0.01255478375654718	0.01054702188649951	0.018347212080241253	0.0168921649586968	0.009225934052465494
RNASE1	0.05339733053024866	-0.04079507750992777	0.05208977956830726	0.014818870743568394	-0.07181644852510885	-0.04970749514951801
RNASEH2C	0.006112629330108029	0.004574813064955147	0.0062327585728615825	0.011989597137129325	9.750558857412029e-05	0.00420024191308612
RNASET2	0.009603334022155224	0.031183033627020334	0.009876442210911062	0.0217316766936589	0.018909957334454826	0.03205839507548188
RND1	0.004630943162908218	-0.00689798425335359	0.0047423057637641765	0.006290727261800584	-0.008598215373220332	-0.016009224669246987
RND3	0.010954238109800295	-0.0017084885923936079	0.011025137065678127	0.01501099325628219	-0.00638879144516592	-0.015456493551264156
RNF10	0.006006325748387914	0.002007167922898297	0.0061339677769226076	0.013175177141588515	-0.0013972694673869631	-0.003957905804390808
RNF114	0.0034212296437401988	0.0030822620852663236	0.0033894841368856277	0.014847688964398482	-0.001522171803082566	-0.002658572067074924
RNF13	0.013910378052734401	0.026439757413163012	0.013829721212592003	0.02880746913654087	0.026555361278675044	0.017055613328101477
RNF130	0.016586338416872362	0.034161433458578715	0.016503871718159854	0.028687658857481858	0.008477235233231009	0.025158998745499192
RNF145	0.0280127438399971	-0.021000885668839914	0.02785188731275304	0.01409192123359753	-0.0436897628080821	-0.037014249781048905
RNF149	0.02034455220169396	0.034056099756495053	0.02065551618204206	0.021602463710093153	0.03078239129130279	0.03249560695910869
RNF181	0.012519754491672194	0.011637633103394619	0.012485796571527135	0.020005454871293765	-0.005973829680226155	0.005383915830454439
RNF19A	0.006094346740469902	-0.009481939696374533	0.006813944750239375	0.006055097139053736	-0.011725988083874813	-0.014012885856165001
RNF213	0.009010347367760862	0.01864551464088418	0.01022729870162739	0.007400541855773858	0.016903862851630126	0.02615941872849022
RNF7	0.012746248491038914	0.011564338847789896	0.012992855824630091	0.019902496529974233	-0.0014020881908117543	0.005791786578261304
RNH1	0.013529682187657661	0.023901015207869344	0.013305616292151223	0.030518715880965837	0.0036889456350162513	0.007927091374999222
RNMT	0.007860993708431198	0.0021552665982954963	0.008068364560968154	0.010755363761686412	-0.002014085569616101	-0.000688821777668284
RNPEP	0.0054519589399176956	0.0097711036364432	0.005603100146665086	0.02039556873286152	-0.004807670211364888	0.004211885602439593
RNPEPL1	0.003889619375874537	0.01237157405730468	0.0040325492816685755	0.01274508499956678	0.003272381975031037	0.013710099567173912
RNPS1	0.004553185654629865	0.002163531333258497	0.004692210827367661	0.012802225932745782	-0.004392739764161118	-0.004043414456980528
ROCK1	0.030635462198629584	0.025929609572221707	0.031063230690362858	0.020629511013432123	0.0288654936537306	0.02288048764482914
ROCK2	0.022376173869259663	0.0009457337186836655	0.022888229182136247	0.01291700049975265	-0.008272452056992157	-0.005621407510015402
ROMO1	0.01806933650922739	0.0059056580475940704	0.01840251766390664	0.023920367356531285	-0.01624459387095092	-0.005956847205728915
ROPN1L	0.0018801184019385778	-0.009515547652126215	0.002037758428093686	0.007444546055853524	-0.002920256411795626	-0.021359967643394727
RORA	0.001068286345208049	-0.011023871518282852	0.001759840647135588	-0.0025112409675686455	0.007585525398364777	-0.013516249498769815
RP1	-0.00460714725298209	-0.02021956564982755	-0.0039539780045716	0.004984346439595019	-0.011466659898605664	-0.02993332623943758
RPA3	0.006211653070281799	0.00013142807524480003	0.006240810109105393	0.020392152580732407	-0.004122518150860454	-0.011795781583165082
RPAIN	0.0030870109110118582	-0.0021789759634192217	0.0030495895282145733	0.013574083896657665	-0.004037193360342413	-0.012542052931876177
RPL10	0.05326699473012819	0.01684540516051075	0.05258632808870356	-0.0002449151128319583	-0.03629198368685339	0.0115324784124568
RPL10A	0.04191956476775369	0.008573055926735426	0.041731539901654686	0.010393197296088851	-0.04128154767553126	0.005248632305952633
RPL11	0.05301215131633487	0.013779379752608914	0.052082177697668625	0.00597375878285338	-0.019124026269343366	0.006262461486614334
RPL12	0.05722052774532326	0.026979639172451733	0.05667738144453658	0.014058771354547387	-0.03585710585900681	0.011938192047569102
RPL13	0.050915160107655025	0.008776975608638219	0.05108134674509957	-0.00017578229783859643	-0.011218318112774139	0.005949530907431484
RPL13A	0.05261003609085877	0.015196717271551481	0.05198899438308274	0.003684135140239911	-0.03764788757080361	0.012049211245579682
RPL14	0.034586510214756325	0.01533269601426165	0.03478817236253036	0.009813428743111014	-0.014373835150008795	0.00768609900922151
RPL15	0.057329263435573284	0.024462165818149653	0.05702976624704712	0.008160209058057977	-0.015822965978931406	0.01312209122258938
RPL17	0.0023346277200803262	0.0032382984884005523	0.0024169866910642955	0.015925213411936038	-0.004557772469099882	-0.004695748440292923
RPL18	0.03606384500227383	0.01149714868115735	0.0359206837145699	0.004996641947510303	-0.007126611526435574	0.007603036860374882
RPL18A	0.005796005527396576	0.021928928098091927	0.005796182881766602	0.0076968771139036525	-0.007361270191286251	0.011768614361903575
RPL19	0.06163879037618298	0.016437239878657008	0.0605008024116996	0.0029172743507465777	-0.014456079453230018	0.009545362549645971
RPL21	-0.00016781157759755564	0.012961626979729742	-6.404343171062922e-05	0.0011242267583125279	-0.0026337637951190608	0.008290216378089178
RPL22	0.014688558424220212	0.019846622175143408	0.014847157829686406	0.014817166472725896	-0.01015235240888144	0.007068791084465583
RPL22L1	0.01235760181936852	0.008497091030837676	0.01258434784992045	0.019515134868750925	-0.009449554704049547	0.0005098965215652148
RPL23	0.057415963070836025	0.019409676026759144	0.05673283543466521	0.023723245480784413	-0.001770045054856914	0.0008504757302551738
RPL23A	0.022394168827443682	0.008524767238747687	0.022610855325236965	0.0008326659280513424	-0.014824444233681674	0.010801216517050813
RPL24	0.04466863379798915	0.0072738468664720396	0.04470584496124986	0.009894983618192634	-0.028786418593316678	0.0021701153703010236
RPL26	0.04537139199324771	0.031063363302805402	0.04553698004594166	0.005987344574489305	0.005388264631103688	0.020307941479853705
RPL27	0.07217724907467953	0.01655425325926821	0.07069228961552623	0.007551515253125407	0.003164438276264062	0.01130315728151692
RPL27A	0.040630073598560947	0.00316147806576859	0.04065348763619792	1.5763113197516483e-05	-0.01602230751898912	0.006360382964952542
RPL28	0.03589315227707397	0.036977620052752985	0.035671860984003	0.006481808828783218	-0.021221619139301425	0.01799245311402374
RPL29	0.03578463690205121	0.014492993125323265	0.035738421365836257	0.0071433022990514605	-0.02303627916901817	0.007967802422920087
RPL3	0.04302997166244124	-0.004002847317698432	0.04332535366714549	0.004271429577509297	-0.039729548553413464	-0.00037201137800527443
RPL30	0.06034375205197157	0.026136649459413564	0.059335807737068806	0.003490139693761612	0.00209476720590835	0.01626053501801988
RPL31	0.06562532125930162	-0.0009084318541273844	0.0642156224188718	0.00821675420420517	-0.015868880774316235	0.0005796331550512883
RPL32	0.045345568551489204	0.022558936255774886	0.045203944703635965	0.003604310559406052	-0.021768758594680887	0.014535696999035142
RPL34	0.04258428875582938	0.019489874050432236	0.04242763291648822	0.007621168959266734	-0.02208866896526812	0.009158309665207098
RPL35	0.05424581186338662	0.011683199553537325	0.05363902671392268	0.004811546672663461	-0.02454079516547454	0.009021568306457213
RPL35A	0.04400856240670925	0.013654367468553438	0.04362529756146765	0.0061344028807584355	-0.025016924424686636	0.007734252605214326
RPL36	0.03302803091579618	0.010997531379247213	0.03290578958686244	0.0073234777763176604	-0.024800302025228663	0.004950819660520702
RPL36AL	0.018812139357483156	0.015071332699267793	0.01931165078792784	0.01699782006667336	-0.0036281067987609353	0.007426812141089927
RPL37	0.05348870789365991	0.020044733862879666	0.05278634224970042	0.006910044351899787	-0.023946800361616463	0.011160355767662639
RPL37A	0.05657396544562496	0.01031463802485999	0.0559334545032653	0.0069958703793380865	-0.023483600037714235	0.004709832315073774
RPL38	0.035176398004334614	0.018003053055864686	0.03513296426010412	0.010407714198226007	-0.010155747881577486	0.009940222008195687
RPL39	0.01915744461688428	0.03632871794794941	0.01930718560933481	0.00874249733957318	-0.01115220429280225	0.018449441303561163
RPL4	0.04703050068928851	0.018312952903645662	0.04692449555683182	0.02190998550341871	0.0020548330083340043	0.0048759835006896325
RPL41	0.03329998322442154	0.0052959081429431645	0.03318511697526617	-5.8161366083304446e-05	-0.0398886736747762	0.005065567387675876
RPL5	0.06719131811277036	0.005631198587625141	0.06614724065316344	0.007279416907918792	-0.022246638875666896	0.0025449944923333387
RPL6	0.0360134188027311	0.01208252812145727	0.03618376553605964	0.006308066940755245	0.004270837061309696	0.006481899214539019
RPL7	0.001319269446633083	0.016027469827626546	0.001329882812352154	0.01660684741851452	-0.00010446268749008846	0.004607416156780405
RPL7A	0.027955539750364442	0.010954170419265316	0.028421072429572054	0.005579122173708223	-0.017478985161698907	0.006151292184197386
RPL7L1	0.007023689588978737	0.00021796702518508894	0.007293208520766933	0.010160694407786691	-0.004668864162119334	-0.0035175728155637464
RPL8	0.048524787168396595	0.015077967440168465	0.04801905548934033	0.012135357197020444	-0.019142023211753373	0.004079417103475175
RPL9	0.025976615894704524	0.01578222406219707	0.0259391342938607	0.007562767161007253	-0.007294495011996569	0.007132556392046124
RPLP0	0.05128212466888414	0.011577441950786808	0.05062977242836802	0.02585889624348793	-0.025012317395273685	-0.002056708564057915
RPLP1	0.07506805663593773	0.015526461692367368	0.07347638681587883	0.0028737433385671337	-0.02505540326983492	0.006633911130508064
RPLP2	0.05472313288428296	0.02005519999499446	0.05439407677939365	0.005387996128773979	-0.013377364113889177	0.010787151939635701
RPN1	0.008850692147850647	0.0072713099069747645	0.008899032242099541	0.022754446592038867	-0.003447407903976284	-0.0026006217019895815
RPN2	0.019029441086554282	0.007338205667508215	0.01925455597233612	0.027843650950703652	-0.001359478750106831	-0.004490437023498438
RPS10	0.0036833181324763373	0.022391179983722635	0.003704467099834523	0.016426956844816216	-0.0019850856590269885	0.011470343058803853
RPS11	0.046317518615755775	0.01857404562151935	0.04628299096015292	0.011188979627618738	-0.005304768979103695	0.007547336383869423
RPS12	0.05850798330421098	0.014195002853189812	0.05775609914529217	0.0001210122406389339	-0.020402181755589697	0.011308337026139332
RPS13	0.053276220633263614	0.027677885170170644	0.052793377787546794	0.010239514056352346	-0.009645205271738587	0.013188480875575477
RPS14	0.05445862102862302	0.012694322169970872	0.053543784411990564	0.002520467383084997	-0.025417823176000453	0.008927322504378742
RPS15	0.028976202118036247	0.02272203927110448	0.029286198300590663	0.0035859663739789757	-0.002206102503209998	0.013694243261580938
RPS15A	0.051197627305560725	0.019454968423667156	0.051177156032140986	0.003219926935978598	-0.020346947261636095	0.013035216951610192
RPS16	0.051354867863133875	0.019617935769195925	0.05078870523068972	0.0067011544830823675	-0.00629861474472497	0.009237225587684306
RPS19	0.047325294764347395	0.027979634168308766	0.04708206192200912	0.0033062902313408236	0.008118937834523344	0.017620967176470503
RPS19BP1	0.0033084888330331126	0.010723298876386945	0.003440338094913471	0.01913171620030543	0.0010633020622997473	0.00468306823776079
RPS2	0.027823367675101972	0.02106977732289333	0.02841784352803109	0.0051100865892322826	-0.006685379721710203	0.011268863577469881
RPS20	0.05813177257515903	0.01074543631366182	0.05719422654383981	0.013438339943917325	-0.02171948662416682	0.0020026456510087646
RPS21	0.05429598525299581	0.013634497052068699	0.05396990919846719	0.005605675758640579	-0.014615878817829078	0.009548673360325458
RPS23	0.050497347528669835	0.028366146895046157	0.04998447746673098	0.005895220742594779	-0.010526970892411258	0.01689886429012393
RPS24	0.06602076651800518	0.018030603222515953	0.06532297543364664	0.002098466358727566	-0.011049155419279911	0.0104224994324209
RPS27	0.029267536446705274	0.004224414812130761	0.029539418112500195	-0.002113294241327918	-0.02586983988857829	0.00614845191730845
RPS27A	0.023804234274354543	0.016293267420897917	0.024586542773656836	0.00021548286541430524	0.0018635459465729531	0.012560839245502988
RPS27L	0.020879553147915328	0.019235262920791377	0.020908529540627437	0.032065432718720324	0.009508284358721607	-0.0002331006621877581
RPS28	0.012172774836878682	0.016283494935074576	0.012306007486740163	0.005332606683790042	-0.004576219188989244	0.008948717275458951
RPS29	0.04954143201807865	0.01459639227639651	0.04956013585058685	0.004027347064884146	-0.023700165843292917	0.013468001418149128
RPS3	0.04530353946562116	0.004979718509365142	0.04539933851851513	-0.00020169815535758264	-0.0034436163426565048	0.007979229048162497
RPS3A	0.020629991599134423	0.018872929957756843	0.02074323777560513	0.005840085415397738	-0.014355860645985206	0.010580603779050344
RPS4X	0.047182567912100286	0.004575974265255518	0.04668935510503377	0.006145533948074331	-0.01909545674038294	0.002630413357815427
RPS4Y1	0.006857169633961893	0.011751564513861666	0.007055630885600435	0.02999730891876348	-0.008768742350369032	-0.005124515204898635
RPS5	0.06261107203282167	0.011612778356720106	0.06161464207730243	0.01157226783612847	-0.031028592979626547	0.006464319060390745
RPS6	0.04741188431047454	0.0013586715188867136	0.04635359962089521	0.005074266860742233	-0.03578682478783352	0.0018372015634522177
RPS6KA3	0.02062422209589896	0.00591228421584275	0.020923012415412764	0.015195011332161865	-5.2933232625058034e-05	0.002391281630180679
RPS7	0.028015751682216865	0.015131311513166362	0.02819037990887381	0.003288591205315712	-0.017716856204603695	0.009559631685914111
RPS8	0.06752913177702038	0.02076873669170031	0.06624528280291146	0.008889902847540796	-0.027550273892684232	0.008208366495249364
RPS9	0.04532190767541582	0.014063517474484515	0.04487519249380382	0.008731264751305576	-0.01737985172485632	0.0058082859990616275
RPSA	0.010844449229230366	0.00769143701554632	0.01106143677898393	0.009646939961528569	0.001597531606731253	0.0036737773058097656
RRAD	0.006561643727617709	-0.016173971963679548	0.00659024034839458	0.012612850318325743	-0.015835577435896492	-0.034006101511368514
RRBP1	0.031145925818470664	-0.002883351405329405	0.031314951855486994	0.023020177228936636	-0.016322732788821664	-0.013561079474758864
RSBN1L	0.014599254212801645	-0.005643407172850569	0.014808091485211932	0.002135432292320332	-0.013153383314051668	-0.006269794004971936
RSF1	0.020424030048645986	-0.0009371701105325122	0.02105421076017023	0.015140408550494106	-0.004227741863971693	-0.006101303025723604
RSL1D1	0.03177384985023112	0.013362033323385038	0.031992538871726116	0.02390933110026696	0.00525194023792862	0.006232499089416869
RSL24D1	0.014481005534648936	0.010746973386349083	0.014860974662868374	0.018325377804400217	0.0006423355747371395	0.006132669162710743
RSPH1	-0.0015021478623903587	-0.0206369181430256	-0.0011286488208598468	0.00881509881336233	-0.007421184202482992	-0.03290674437461985
RSRC1	0.012146717529085426	0.006600527565500661	0.012310508375371176	0.011532797524246697	0.004436378992318124	0.007343171085258155
RSRC2	0.019942257515885208	0.0009012628351088906	0.020589956829864864	0.013140039284173292	-0.004666725857180929	-0.004197325295279488
RSRP1	0.005114406666959524	0.009532940288779983	0.00588509862181988	0.006345972472217168	-0.002457393369889255	0.013301328100383147
RSU1	0.009456871248044863	0.00988324670890171	0.009565586024480936	0.01524109255826487	0.009742994807978456	0.00879692909832583
RTF1	0.010680433426468117	0.008088885074103628	0.011053688309713148	0.01850664612858535	-0.0003123443857339729	0.0037459916891429833
RTF2	0.01019718320743364	0.004839643178761132	0.010365859047401109	0.014845102642883327	0.010125751703368421	0.00037618274820234006
RTN3	0.020426217884133176	0.014299635058104132	0.020693777673290704	0.028507532657641013	0.0077729758457381355	0.0012181225518575639
RTN4	0.032868093754109415	0.030305706736522938	0.033134406270235756	0.03816767237247957	0.027447243420501782	0.006228905133841355
RTRAF	0.014155158671026994	0.012515903219225692	0.01431181315012633	0.026065279698830608	-0.008005331716442217	0.001039123980044083
RUFY3	0.004243598039412067	-0.005700201169783119	0.004294510973676754	0.012297591393088725	0.0024271188368067713	-0.014719589963574557
RUNX1	0.023282161909284203	0.011260649488936835	0.023579437765117263	0.028575544526589947	0.008030062950251734	-0.0015341595446628498
RUNX3	-0.009695521996162259	0.00042752439037320266	-0.008808939816933776	-0.012082991983094793	0.006430346152105703	0.01563971676902714
RUVBL1	0.0017970676969198264	-0.00664961058729797	0.001992388623266195	0.011156819965127518	-0.001709480154383872	-0.01859327060441183
RWDD1	0.009038975361344743	0.013688333390620635	0.009042058723606824	0.021352569000447172	0.0026813069710336936	0.00989227546978769
RXRA	0.011580778859423723	0.009636436648314036	0.011706556123249329	0.018532650275029535	0.0075009734581402586	0.0028962508132748302
RYBP	0.011766098476644568	0.004522100312999589	0.01196632408194001	0.011099373007217424	-0.005506940736152793	-0.0009326119737318891
S100A10	0.03251424137148042	0.07399484756599409	0.03246249954971572	0.043017189145951956	0.020302204283692827	0.032692491038021916
S100A11	0.06639936034960436	0.06677649374201068	0.06544146911515593	0.05206920014499521	0.013431140474646998	0.013768604749868811
S100A12	-0.0007534270293583047	0.0195537432591009	-0.0006916248094423832	-8.343212439432008e-05	0.008229391489470137	0.018233722293558255
S100A13	0.022908016628417002	-0.004390453433794513	0.022917559593149082	0.02380448722482733	-0.005727855080569176	-0.019187595343158816
S100A14	0.006478552444391626	-0.02546326201529943	0.006539245648068577	0.008872455906946344	-0.011499698291738534	-0.040972779963184804
S100A4	0.016805340839301127	0.10265582009682767	0.01693842860142653	0.015843072067221808	0.08156327051344678	0.07556946872499744
S100A6	0.07961376893344302	0.04922359443880602	0.07814796341431975	0.043870323736121965	0.003998988310255575	0.0027656862647772217
S100A8	0.004958752373445162	0.057348237021094164	0.004978235867109432	0.01397342281939452	0.0582828112542876	0.041660738420606476
S100A9	0.013325313966615168	0.075423737010255	0.013049408836735723	0.027664759683432225	0.05769164912098475	0.045012980571619
S100B	0.006363724439067326	0.006007831224546162	0.0061975029384111514	-1.746318063211962e-05	0.008381259419564408	0.006305294016184496
SAA1	0.0017035157946830963	-0.005288810159589819	0.0017279643243062314	0.0022410330341455877	-0.006873067480527562	-0.007247052900106567
SAA2	-0.00010628263832563722	-0.002424358789878978	-7.138714014153988e-05	0.001863751019117833	-0.005189545349092851	-0.005670286546425871
SAMD9L	0.003384640282039399	0.012934890592030188	0.003936143021445173	0.010206574395842124	0.027078942742569268	0.01862685452292619
SAMHD1	0.020348487128335337	0.03555632239142708	0.020292080926448727	0.0231596871401489	0.053692993660394935	0.029784002297267336
SAMSN1	-0.00045043312122563633	0.03203796827694159	-0.0001928534770146712	0.006148125661168452	0.03388802540847572	0.03674999278963732
SAP18	0.014006598411350955	0.014531492294071644	0.014530867945696335	0.025178408434157837	-0.014270620195354902	0.0015161863144377162
SAP30	0.0036178041325230894	0.01367959542553095	0.0036814490735030264	0.011922613567098889	0.0019461920460635245	0.01147890359954292
SAR1A	0.012043037654268422	0.004387149050490429	0.012158054704797996	0.01326492079321942	-0.012844130690451247	-8.508432155042061e-05
SAR1B	0.006603899411213251	0.0005251449448566944	0.006774742303230433	0.016550193768001816	-0.004727805975750479	-0.006964987713459696
SARAF	0.009265060208392281	0.025712351543946556	0.009831259298776217	0.02789113406398691	0.006211472012199912	0.01148863836861817
SARS1	0.01460031975029404	0.0007970425049262922	0.014864411531404234	0.01760889682400075	-0.0023156982813947293	-0.009766235720429877
SAT1	0.05223662054924553	0.03316847274205979	0.05168427488761649	0.03439995718181263	-0.012733006239756305	0.0010373298091302205
SAT2	0.00346365034807435	0.002836128301357325	0.003404603022210244	0.020309369470827017	0.0007119521872720017	-0.00690415351049164
SAV1	0.010373445945161514	-0.0016574632779389155	0.01040487753133839	0.020912504553975187	-0.007569901425830094	-0.014243686216516888
SAXO2	-0.0002615238124386839	-0.010773621940240397	0.00019404571604169686	0.005766520686286434	-0.0121721970729312	-0.021677713691822434
SBDS	0.016002923800943453	0.0009210461466124184	0.016707011157148437	0.0212433988179686	-0.0022194019425660627	-0.010271705693038547
SCAF11	0.0224301304548019	0.010681415932927665	0.023343442063832	0.02154884240050506	0.01031580147921191	0.002574427500354173
SCAMP2	0.005502644330855434	0.009000876621540341	0.005539742111508861	0.019354148157915512	-0.002424679251076389	0.0043548303314197906
SCAND1	0.002962956572729096	0.006370318248961743	0.003110787045892518	0.019669556059667387	0.002969910614504829	-0.0013307549611260214
SCARB2	0.01583653144826306	0.009175845846416845	0.015860030938735	0.022302852753546317	-0.0005941124881672027	0.00028279879553078736
SCCPDH	0.006025248237787294	0.00673856633022662	0.006087975960810113	0.019288077061673133	0.002766671104239058	0.0007856499977186269
SCD	0.012840213022785823	-0.0012218548821003694	0.012896325648135186	0.020459696093598406	0.009344472643905947	-0.01174723022753299
SCFD1	0.00719889443280919	0.0029703180494497334	0.007339307316778636	0.014464031409650448	-0.0010369266250471788	-0.0030732680643902797
SCGB1A1	0.024674842760297584	-0.07375996289417498	0.022789758081934508	0.015236122622608142	-0.1342814298553039	-0.06528194581802597
SCGB3A1	0.025642388882425378	-0.05893190357036342	0.024013847534257345	0.014110829778037041	-0.12733432122778687	-0.05735635380663209
SCGB3A2	0.028726013254860575	-0.061920197421074075	0.02728189915911599	0.011833667655466847	-0.13218026950525943	-0.05784259790810984
SCNN1A	0.007074140933837984	-0.016454393083505763	0.0071572965610672175	0.00961163793261172	-0.0060428008183546385	-0.034309321806025986
SCOC	0.012370876322069452	-0.0014969072732592351	0.012476827426722523	0.01786371184751426	-0.0015456135043448419	-0.013666543498106828
SCP2	0.022295854992122437	0.012442849778270301	0.022307114471611787	0.027521212256115292	0.0007525134888920369	-0.0013191001602512404
SCPEP1	0.019027990105175658	0.009315051579218012	0.01905665942455013	0.02958453495939156	-0.004637694648739755	-0.00534887890311911
SDC1	0.013409983633607559	-0.012574239161611558	0.013288007875359062	0.007119849303619378	-0.013836658342086078	-0.02559498103981224
SDC4	0.020593137827396326	-0.036247980503319184	0.020630111894290558	0.01925570382607498	-0.0345599469893912	-0.05449393327097276
SDCBP	0.02693317049962484	0.049067614494205665	0.027058380585634177	0.03425732255197609	0.04535549864878154	0.0279288477047248
SDF2L1	0.00297653103184206	0.002758143377633175	0.0030273386299578555	0.01038023149398743	0.0026960977326912134	0.0009552787704678247
SDF4	0.012681288435193873	0.004877210387092252	0.012795047890101451	0.013509827779642913	0.00221531496095573	0.004309203041111773
SDHB	0.013127185153578915	0.012870235486633713	0.01325993527364939	0.021637277078653618	-0.001015252065423043	0.008292159610872851
SDHC	0.004180155360642173	0.0030434150592676757	0.004239091831008706	0.021001045904935067	0.0028259091376204013	-0.006965961504864267
SDHD	0.0046926493598159974	0.010081931085860411	0.004640010875930603	0.020238463618483506	-0.00047698042795251214	0.002223817380551243
SDR16C5	0.002133479085292354	-0.0161304878873211	0.002126624648546998	0.006409668422164062	-0.013836939929765953	-0.028806390978899064
SEC11A	0.01462812423924143	0.02774833831459366	0.014737076882410443	0.030412884815056267	0.0063405319898976464	0.011831423117120748
SEC11C	0.0262108784171518	-0.005832766441028123	0.02642698457518332	0.022190963901995223	-0.018240291759614894	-0.019807223133758354
SEC14L1	0.0038619011688970964	0.009741533880357457	0.00391502203544401	0.013148603533427537	0.0024773204564115816	0.007674755314934296
SEC31A	0.013679290309351791	0.002593108165337227	0.01411114965745898	0.02086897095285355	-0.004335450726463259	-0.008767042462943513
SEC61A1	0.007876888328950834	-5.62261594289177e-05	0.007835145875524155	0.01202444522894707	-0.0005611265701922411	-0.004660337421623868
SEC61B	0.022256175242969665	0.0163205492143251	0.022473555761014966	0.027975414806420802	-0.013749135604644313	0.003115167299480157
SEC61G	0.007372502950200767	0.006725111493656698	0.007513812076892488	0.020884909096166006	-0.0028236309139782105	-0.0016725422194000573
SEC62	0.04076108646056022	0.005974802645986409	0.040874246011605324	0.03034480404923368	-0.017907461811806562	-0.010292709361307653
SEC63	0.015873543760084242	-0.005647469925395798	0.016282703587254407	0.018859761906070815	-0.009744736014545287	-0.018852105688827496
SECISBP2	0.00795918155249508	-0.001580102511109116	0.008017243456366663	0.013447131689810906	0.0007135032331592809	-0.008148586073872087
SECISBP2L	0.013495920435115605	-0.012688474085972668	0.013915584555540225	0.016564330022974253	-0.01199883891758568	-0.027154563509100834
SEL1L	0.005761425002777638	0.011211560598815602	0.005909805631641169	0.014556737388376274	0.00308278580020791	0.01084045525674739
SEL1L3	0.006695874990897093	-0.0036946090226174485	0.00661425462776289	0.011561741624922819	-0.010717185718389356	-0.012882593586215567
SELENBP1	0.010268767777913591	-0.026939483464934903	0.01031366264178406	0.01212990507682199	-0.012253194946524536	-0.049099365920032556
SELENOF	0.008555714336265879	0.005643791134057229	0.008676102795391782	0.021032173126879026	0.004181964118546467	-0.0020868573285705645
SELENOH	0.01959259178721516	0.007337004338931004	0.019961083575364972	0.02459072087791401	-0.008848928416841324	-0.005599013416324758
SELENOK	0.010487359963069012	0.00689587653293771	0.011019217999120826	0.019374339875921347	-0.0012542499093870522	-0.0018099648734852102
SELENOM	0.008084744806062609	-0.012504696515919393	0.008243429203388357	0.01580140917945348	-0.005374208955681506	-0.027624192095088186
SELENOP	0.03912781449297627	-0.03327250136608321	0.03859499578391514	0.012060559537286325	-0.06043646021939957	-0.05055327638090102
SELENOS	0.016341554449098336	0.0034493868575030985	0.01642353071813281	0.022757216340456184	-0.006512455286132319	-0.008835525453356802
SELENOT	0.0074291984997947695	0.00797443918546495	0.007500139649525062	0.02027854103027164	0.005259494524640506	0.00048438387395704493
SELENOW	0.023330423109903495	-0.015769164543856302	0.023554104372538548	0.02189195886305406	-0.024655647584038317	-0.02880406919518137
SELPLG	0.002593664953554915	0.013970717136443064	0.0027095582054121395	0.006537417199464348	0.008903958967353954	0.023550034810330047
SEM1	0.010916539009729186	0.009779409323523064	0.011049325335865015	0.028820232743178756	-0.009691076906591286	-0.003772502319041
SENP6	0.01877161545781526	-0.0019513198982353723	0.019415400563656808	0.015844487079310188	-0.01349218922020549	-0.01042654392003053
SEPTIN11	0.015096983289326455	0.01797427914731742	0.015546173544355535	0.015529125310260145	0.026073642217591078	0.020256544709481582
SEPTIN2	0.02049030631033151	0.009381771610788545	0.020960984379855847	0.013594532879811721	0.0024904763135671997	0.010685069719674086
SEPTIN7	0.021241691769021385	0.007761859197697318	0.02190658914597275	-0.0035188581359078992	0.005789067253892517	0.022683263862140403
SEPTIN9	0.011888389395076082	0.013267401117659932	0.012128951078822378	0.007022674001728211	0.0016472115069370492	0.020526628665386654
SERBP1	0.035521025025408694	0.014382706868328082	0.03585549886544399	0.023719787305571616	-0.00694754703031876	0.00358408343064506
SERF2	0.04144086312955447	0.03856390368553559	0.04137236925460998	0.027284389221167205	0.006180855707179117	0.011355160427400486
SERINC1	0.017166610412659163	0.007897340507057857	0.017520129878645593	0.02227912784208856	0.002131725885940367	0.00058082926172804
SERINC3	0.016792287375568565	0.007436416377017683	0.016768617612819302	0.018431080520177424	0.00040954578711031007	0.0024158934320358157
SERP1	0.02301320856459321	0.017478682447276336	0.02307057558473186	0.029940125874629315	-0.012579736334326016	-0.0001420055684343087
SERPINB1	0.01745430993250693	0.025622857509731117	0.01762819192563477	0.026579176159124116	0.003005013138188446	0.013244108727535887
SERPINB6	0.006073168497549394	0.013058788079236149	0.006228427863377469	0.02702919662308165	0.005978511885719311	0.0035674016057363383
SERPINB9	0.002449804032799805	0.015019941005232835	0.0026046280329923574	0.001999335553575587	0.008697342398041801	0.01894097594535738
SERPING1	0.003740364341717542	0.020734868738458884	0.003769900474984136	0.02838189210002928	0.0003636294733569896	0.004417367358996656
SERTAD1	0.012552524130347052	0.0008314272891986082	0.0127875249965886	0.014004261291297237	-0.005078932741862513	-0.007284073893999779
SET	0.024293818423129512	0.008415521949665952	0.024638329935051412	0.020591423010573293	-0.009406623133906816	-0.00015897041281093485
SETD2	0.011768329378060953	-0.0031634488966946054	0.012299400513680902	0.009625737486749176	0.002737956150821284	-0.008984499673713167
SETD5	0.01862727107535573	-0.005853837635215692	0.018920637670913967	0.01054891943624114	-0.00497408237483366	-0.012631828513406324
SETX	0.0030663567229279537	0.008856668267460448	0.004076078997974067	0.013884622305347292	0.009247605838334715	0.0060986354655123524
SF1	0.0030955137155669232	0.00264684300913341	0.003446577847909252	0.013026091468467242	-0.004834472424843223	-0.0018724346311735866
SF3B1	0.04292044651135939	0.004849103517235331	0.04326198903917708	0.011566980031177952	0.004748778471278731	0.002309864220336373
SF3B2	0.012076416988321022	0.00042858279523641236	0.012664118977908999	0.015522862352984964	-0.006069830035745163	-0.007205421052987497
SF3B5	0.011900907214373006	0.00828674938756539	0.012106488837945852	0.019813272509763998	-0.00997663567465323	0.0018949952422343433
SF3B6	0.011254267724210369	0.0037401615995780466	0.011408313813061538	0.022943096596323178	-0.011643612481883977	-0.006691683740568262
SFPQ	0.02071238530884903	0.008113913366455205	0.021264548573220177	0.018338530515239947	-0.010259115059764937	0.0005889956513297667
SFT2D1	0.007011258761790622	0.013044498288404772	0.007115308711130282	0.01941937219652772	0.004406463389128978	0.010381147465545752
SFT2D2	0.012689510609493292	0.006560694164555842	0.012897154078788817	0.012273748892730106	0.0060102419030894	0.005003137025956499
SFTA1P	0.01476890135353993	-0.009567898030607773	0.014739875008676786	0.008971105479674345	-0.03594559546034667	-0.02238593096667119
SFTPA1	0.02352827715278595	-0.06592736915538844	0.022919369685968683	0.00698050402352944	-0.05305034161689238	-0.05739486865135096
SFTPA2	0.01790976711645532	-0.07110822828339365	0.017301881906526574	0.008920043783176273	-0.05578222538856672	-0.06401913828476323
SFTPB	0.069458308632573	-0.1000946864818507	0.06638088624956066	0.0132837170422738	-0.18611847751587549	-0.08769357341603602
SFTPC	-0.0007893526113994034	-0.09740522644314846	-0.0003975702156662202	0.00485288091369588	-0.041452045334804045	-0.07053461096062807
SFTPD	0.008279609723900063	-0.034840556271920516	0.008400420758461974	0.005612917641370931	-0.011079092811634982	-0.03909465612091916
SGK1	0.03292401627128068	0.02656768832502984	0.03249564594604757	0.01782426668940077	0.0009999186833352974	0.020944692272884837
SGMS2	0.02595015321564693	-0.006056100125783295	0.0261470648074842	0.023768543241243972	-0.02229413484701289	-0.023185294733957564
SH3BGRL	0.021703056609126442	0.042612207414179246	0.02166749117433853	0.032831199048946984	0.025049558182625355	0.027453012331596718
SH3BGRL3	0.01874655133580397	0.07619900502881727	0.018698045608555154	0.01459055483244394	0.03232609415608616	0.0577196110694045
SH3BP5	0.010536387010731622	0.020442641294839605	0.010751017844083659	0.015205964495952413	0.01681972311563323	0.02561266783460712
SH3GLB1	0.012579158654113375	0.016003407338624365	0.012934346121417617	0.02262519118575163	0.005812927640508149	0.010571809845286325
SH3KBP1	0.00045299656547487157	0.009821014447859273	0.0007244520284075051	0.005013396146855222	0.010657188267591626	0.013646572417022476
SH3YL1	0.015084507115940666	-0.01281002905347038	0.015231421581077601	0.01093326113787678	-0.011107916157047811	-0.028421373871241665
SHISA5	-0.002528712890550646	0.004439342514295485	-0.0023177022958133908	0.012266478265688448	0.005728496037431139	0.0013677437167306874
SHOC2	0.010030613102388978	0.005411820675820519	0.01027721782873446	0.013955273951886761	0.003907425064893694	0.00163133715535716
SHROOM3	0.006529849192981624	-0.01871431433372657	0.006882373095994992	0.011477260764053851	-0.018111754337633457	-0.03962208782309501
SHTN1	0.018907458109594846	0.018647895386429685	0.018875231297002942	0.020590999969247042	0.004906149781203226	0.016990289064286276
SINHCAF	0.012148582337598645	-0.003993867193127454	0.012314417775700028	0.01424172944342127	-0.009912028703811157	-0.015349747359577866
SIRPA	0.005704152129255958	0.018789849531008426	0.005792306566646903	0.014393000511455896	0.009795373993239364	0.024043561326377555
SIVA1	0.019268208930083457	-0.0009028636078591694	0.019326442828981646	0.023481869393718862	-0.011182004588788309	-0.013968975106329667
SKAP2	0.018463795002719757	0.030421130850229145	0.018522035291112918	0.01786184524966266	0.028363541005387807	0.03554371299629107
SKIC3	0.015144264097668898	0.0010677079780990477	0.015374287524324095	0.015156270631281598	0.0017123425144323476	-0.006280708981954601
SKIL	0.011730564427694282	0.014433884366440414	0.011972171248720503	0.022423249988908156	0.0012297578316123512	0.00839609520173931
SKP1	0.025078800740019086	0.003856850108945115	0.02552533181523837	0.025596800968013235	-0.005019657150078057	-0.010965181352222467
SLA	0.0011574905488827402	0.021847398610524385	0.0021207011937530162	0.005223757191545201	0.02639622739929543	0.03572573969122921
SLAIN2	0.011390100816422504	0.0012766069438558906	0.011649260765614924	0.014542257480741255	0.007376692966203808	-0.0060720854994480294
SLC11A1	0.014881386587583114	0.04921727481808052	0.014790877562082964	0.02203571651786759	0.027220226558645817	0.045190850587760324
SLC15A3	0.005355878658108368	0.022336539504856003	0.005393265496913642	0.01685760023425479	0.005144565814003616	0.024823579317249208
SLC16A3	0.009141652223249457	0.020089477177622772	0.009315229437837112	0.017859633864556138	0.007014824142958058	0.023006874067295718
SLC20A1	0.0011588050909261919	0.004273591378650733	0.001439046520985054	0.009757770358558609	0.00158051874569411	0.0006329718028907026
SLC25A3	0.022444496890506593	0.024048779842998365	0.02288293882975176	0.02991733155681889	-0.00837938811395063	0.008511184789532765
SLC25A36	0.01485961053369138	-0.00853995746685723	0.015130370963582794	0.01532201691140204	-0.009239100416711644	-0.02008776565388631
SLC25A37	0.0002598086286975535	0.003098935487425935	0.0005113416693809407	0.008662144644225394	0.0009613623111284744	-0.0023272993734627383
SLC25A4	0.005357431918494497	-0.014091418257822536	0.005627687021441993	0.011598934971704092	-0.008680593426837475	-0.033496372212214555
SLC25A5	0.019940497213270413	0.01918465000247643	0.020069022531181677	0.03249897621028772	-0.0026994534115608814	0.003399891670479016
SLC25A6_ENSG00000169100	0.022814714505949178	0.020097255183258018	0.022670176254976127	0.021244114380050035	0.004141579427816185	0.009634573882329899
SLC2A3	0.006101638574075777	0.03271903889375816	0.006205143431624012	0.00640770390641776	0.020321645161727585	0.03513078034840611
SLC31A1	0.013773298456259415	0.009002272787420296	0.01372142996579581	0.016985027216003153	0.007526815622591243	0.00671108327871295
SLC31A2	0.006116433736455427	0.01778868270613224	0.006119000175117514	0.017041687846856425	0.009296002051014034	0.02075031588844369
SLC34A2	0.0442450318544302	-0.046988954735056834	0.0430278681414829	0.012682427062083727	-0.06233828354861304	-0.06095325801711161
SLC38A1	-0.006214928971874173	-0.005646221851185293	-0.004991991400118996	-0.003052547876137854	0.005815418000781326	-0.006933052118080508
SLC38A2	0.023533221057968214	0.00515981470265598	0.023921277834324982	0.010984583235481673	0.006974693077195149	0.002637663016790775
SLC39A10	0.012986746089721952	0.009755835455165346	0.01299877994674675	0.012793497917214057	0.013824607999095793	0.01021629698565047
SLC39A6	0.005048274421046947	-0.004875821103742303	0.005210880224274638	0.013905097148626519	-0.010695372405851772	-0.015544859774882546
SLC39A8	0.00424650955155526	-0.012043053303120122	0.004467222831545893	0.007529910185408374	-0.008521805417084092	-0.02130147909029203
SLC3A2	0.01267626263647183	0.0202702262316737	0.012913440825350302	0.02206413172215355	0.007761963859060952	0.015615712135565887
SLC43A2	0.0025587978681926096	0.012496901610010384	0.002691582569291876	0.01469860867823157	0.00921093316981294	0.010342217163629819
SLC7A7	0.0032864543874411354	0.029176052578701706	0.003293150894322724	0.02001599239657994	0.006512332209073447	0.032235294428959164
SLC8A1	0.016968569860534962	0.020972942216838694	0.016897459189648512	0.012461806790586623	0.03003822908417159	0.028367327811966925
SLCO2B1	0.005796108482494558	0.02015675838533681	0.005750838190442598	0.017427254007924567	0.009423371868944713	0.02155655618433787
SLFN5	0.006597554695489809	-0.006773582721644175	0.007443089840258082	0.003537051754218835	-0.01250423938879046	-0.009277108566987494
SLIRP	0.020689397612825143	0.009499216966531646	0.020877432650605796	0.024054487584175065	-0.01366092400292936	-0.0017837780515027068
SLK	0.028428992629685637	-0.003456189176619562	0.028750579760946037	0.01388320508222141	-0.011762980809157114	-0.01334997254589022
SLPI	0.026714800039835274	-0.08576481919470211	0.02612140920074822	0.016874721851721737	-0.1315743499632477	-0.0884578915634611
SLTM	0.008533824168782659	-0.0022035240360323708	0.009441935466028516	0.013378042740072192	0.006092966040243854	-0.008746171565323679
SLU7	0.012852692514295319	0.0028516231638408716	0.013545780655098335	0.013443907065731642	0.004623824856851884	-0.0028774586148449677
SMAD2	0.004634734085419212	0.0007561618850822887	0.004816506821493056	0.018899681003205885	-0.0005334017479131474	-0.009075558619535615
SMAP1	0.0056262847312807075	0.005224629916201858	0.00586182897725929	0.010407916058249304	-0.000401558420203295	0.005109882236276552
SMAP2	0.002062680936712965	0.024056451918116437	0.0027680935762241883	0.010206451895100282	0.024923340679285567	0.02885921832109067
SMARCA2	0.008936903498635589	0.0030046643041726617	0.009344705183101381	0.010893906552848704	-0.004804502029274246	0.0002583198657340765
SMARCA4	0.010780255055813256	-0.0021413062823054155	0.011079842806176233	0.013780013601886774	-0.007822125114425654	-0.009928302917952072
SMARCA5	0.02426380442582354	-0.003194992942931532	0.025026188926008545	0.01802534594657758	-0.008163728076911323	-0.011179948133185047
SMARCC1	0.022710779281375517	0.00010443117471046538	0.022939566785726284	0.013673600071465477	-0.02213063299358091	-0.007324012810166584
SMC1A	0.00891328560803581	0.004320085976174287	0.009076310780353791	0.011009519315171006	0.004323849949217798	0.0026148619002590023
SMC3	0.004904197344422626	5.444084922250242e-05	0.005467247610974536	0.010633720882231515	-0.0044943625680244235	-0.00475711995543342
SMC4	0.013010522812878499	-0.0022863964142044472	0.013230768878396913	0.009843456103846498	-0.0041252674687897225	-0.007295595052773795
SMC5	0.017313324203751583	-0.005470607570556774	0.017685560182982077	0.010537918258260169	-0.011938558841569758	-0.012487734926487642
SMCHD1	-0.0019080786664155145	0.006920518946522848	-0.0009989497498140553	0.00472833643956948	0.009508850335360074	0.010904567029990936
SMCO4	0.00843559044684441	0.013650050116718262	0.008357452824699265	0.01676268313407527	0.007954273471416631	0.011817629130727786
SMDT1	0.012506536310743173	0.004585619175716479	0.012686854531119111	0.023728381557472873	-0.016807879275743735	-0.007324343319641904
SMG1	0.0018648015214663804	0.0005131073500154065	0.002084459909884999	0.009067897418764945	0.004940833571950377	-0.0006733096109910397
SMIM14	0.02224876306900771	-0.0014303998699136426	0.02238837566379418	0.027464372761046726	-0.013319762572391447	-0.018055533702285638
SMIM19	0.006351482364315835	-0.0019323162876690675	0.0065316107259600475	0.015337405852559011	-0.0036938399412679503	-0.01161586301850822
SMIM22	0.005390997577813265	-0.022170306110837965	0.005488820920879075	0.013405997487738635	-0.007919433446874711	-0.044836704588057566
SMIM26	0.007594341515199426	0.009837708480907483	0.007771398278650488	0.02587047734558709	-0.004761507761732982	-0.0007111080688148765
SMIM30	0.01663095812842552	0.00685033650253091	0.0167630875586964	0.020066946428890953	0.0012543788706552165	0.00039221421611681747
SMIM7	-0.00037565090743413125	-0.00014494390784710145	-0.0002380407981449424	0.012356305589700823	0.002039446725322354	-0.006142838076344645
SMS	0.011202909322831444	0.01144568715713577	0.0111088646177831	0.020614879957349157	0.0034602911959981035	0.005748879749347138
SNAP23	0.004783081610165206	0.006627446740611146	0.004829357458240117	0.01130546178674321	0.008908503675191944	0.005998290490929688
SND1	0.0036086572789675734	0.00018816295266593178	0.003965484087849742	0.015420502323650699	-0.002208191627112272	-0.00849512156403347
SNF8	0.0025037367199602914	0.008093281449463707	0.0025985965361723035	0.018467417870668506	-0.0023076695693049327	0.0030886043187486095
SNHG7	0.004135418034937362	0.005856338553917079	0.004384267303535859	0.020329056475284775	-0.002243071884925546	-0.002894393049652043
SNHG8	0.014383996482380059	0.011229422443823049	0.014612142216925549	0.028291896801753636	-0.020939669456709404	-0.0007438024062275206
SNHG9	0.006077351382994462	-0.009240502831626723	0.006111802641958738	0.011356010367784788	-0.0034557397814841107	-0.022683093448924413
SNRNP200	0.0036836144655787084	-0.002689184446101888	0.0038541307185254517	0.007853066712089553	0.0038483483206778633	-0.005934943821273547
SNRNP70	0.011217921222941872	-0.0035698507856258234	0.011261489580227164	0.012533956535406331	-0.010919531564842646	-0.009934737418632473
SNRPB	0.010310311710543802	0.01066461864567028	0.010326492023537285	0.01630717284047633	0.003402882302757033	0.00693157773496769
SNRPB2	0.014030724101372958	0.013143665682484075	0.014104666262505793	0.020532712029261227	-0.0023106105142977128	0.006720014551070494
SNRPC	0.010345388883342816	0.004800906368718459	0.010413134868779091	0.019274578008032055	1.2072342713428695e-05	-0.0012565812455986166
SNRPD1	0.004158811489374534	0.006300937498292832	0.004317864136056494	0.01934804700212074	0.0006190206796380974	-0.0016646695435789142
SNRPD2	0.028118177735358105	0.004987554636501047	0.028456259193326082	0.018096394496103493	-0.0025634715822709995	-0.000402808921433802
SNRPD3	0.010460966112822235	0.002198317253311561	0.010568370260201082	0.023653615022598596	-0.005247434161370674	-0.011546115266668763
SNRPE	0.009796819996878084	0.008726602279290353	0.009814686568670027	0.019400692793709498	-0.008534657421122725	0.0025411115931789022
SNRPF	0.005164329990592428	0.0034644385904693646	0.005197552446308193	0.01949123931399005	0.00508549558911411	-0.005092296963033813
SNRPG	0.008583690645296717	0.008022815617300153	0.008730120029624878	0.02470712224268334	-0.004099754613600581	-0.004256402642547668
SNRPN	-0.0032131678798880377	-0.005605939514745371	-0.0030838765512256586	0.012903465131312653	-0.00015317397107969264	-0.014125457345211536
SNTN	-0.004714972714425421	-0.014854882465885524	-0.0039040067874872436	0.008704812465955752	-0.01881562483644885	-0.027857352232127656
SNU13	0.0037897244208730807	0.006150950204529872	0.004098802694143226	0.023328943351696246	-0.00513188240567807	-0.0055637451840127635
SNW1	0.021410647496153838	0.006089555064033134	0.021570970729722284	0.01678701225722943	0.0037395090270793993	-0.00018344457480298687
SNX10	0.020001425249281387	0.03914293626084366	0.019770641051988308	0.022802550973348167	0.04588977845139323	0.039028073933676376
SNX14	0.015215456968822408	0.001130007599816677	0.015571502816493124	0.013062574016751122	-0.0006205316033022539	-0.0038349948938686683
SNX17	0.004836117308659423	0.012840940363656057	0.004863339305212568	0.018695349434932344	0.004899918000603695	0.011494082981411326
SNX2	0.022014081661538763	0.029034948432056295	0.02227832384422014	0.026280192589323948	0.020374456155941068	0.023517910562523937
SNX27	0.010728564063022904	0.007949915292807815	0.010840791974718558	0.017355740342791744	0.0019082967575842797	0.003185595012666683
SNX3	0.013526855606721495	0.03246281918167396	0.013626180183350906	0.03441043361287364	0.00021919567873372498	0.015306002993471898
SNX30	0.007598368042490153	-0.00554543048827085	0.007593554864130654	0.01203034097307156	-0.0029901057745031863	-0.01465409406420257
SNX5	0.0128075725251445	0.006835038187907608	0.01287599509622175	0.01817117311093266	-0.004555818745590092	0.001602026440325423
SNX6	0.045967307439064756	0.01445727347738797	0.046133008262649364	0.020632567169753303	0.029007809561690412	0.010975861842112807
SOAT1	0.013559912382847093	0.010930433357928149	0.013697667569587943	0.017045337185997243	0.005158015482651372	0.007762757820245791
SOCS2	-0.00014707234985367906	-0.007110654222583493	-0.00012068635349127038	0.010559662301222957	-0.004347117084842947	-0.016339855022019435
SOCS3	0.02178696427534879	0.0017447127646954426	0.021710431010219522	0.020050508969459223	-0.012559455666576534	-0.011747490339714586
SOD1	0.0233311153986702	-0.001301935854229714	0.02375108684225885	0.026084439578868066	-0.00995673501070613	-0.01569664579886391
SOD2	0.030171829325490673	0.016366050626672214	0.02992884353893362	0.025716457614895688	0.018336337074952726	-0.0026037733212497475
SON	0.02602682359102186	-0.0036517895115449083	0.02671578660762727	0.013182479078034298	0.004262110717937724	-0.0063302632228661206
SORL1	0.0033460466966669204	0.005104778605404623	0.0036407360171185643	-0.0023937289974251146	0.013546675875231394	0.011161416162375915
SORT1	0.012683761952064863	0.009260984232923677	0.012720527043088372	0.02236570590433748	-0.0029736475263991515	0.002856104179095711
SOX4	0.03628796080544065	-0.016946138790423934	0.03585034318212755	0.02421541636714065	-0.07098718921132345	-0.030075561538132668
SP100	0.01864414938174666	0.011564661737151415	0.019437086686341868	0.00930524102944106	0.02169755299700364	0.015077626485761962
SP110	0.002179779111270647	0.012420142416237132	0.0026667094485023457	0.008329680848943597	0.013362413185447801	0.019195527367368084
SP3	0.010110745440809595	0.005585857032309687	0.010264514138219305	0.00675286744295461	-0.0010972033327246214	0.004317589511532829
SPA17	-0.0013639796470516132	-0.009996995029319557	-0.0007886818266220359	0.010779668603585237	-0.015790332100302184	-0.0229187590474551
SPAG1	0.005384582836397499	-0.010613517732294638	0.005965390469081686	0.010027545786283423	-0.014658306559796344	-0.026937024076903668
SPAG16	-0.0014631162929016409	-0.014461590077526627	-0.0009025917435962994	0.009546777257949682	-0.01448103999464193	-0.030058643665926598
SPAG17	0.00011979149957341368	-0.013034320615026025	0.0006222733796768027	0.006041842210806149	-0.01091222223249659	-0.024499159234709796
SPAG6	0.0015822756459491932	-0.009219826993644912	0.0017825995344048276	0.008099673647298897	-0.009354113146850482	-0.02149688711889562
SPAG7	0.011230814242599753	0.0001895207899550135	0.011365723232189692	0.017128445321296346	-0.0007427754260293011	-0.007367749614560839
SPAG9	0.04026877531832145	0.003352898591549046	0.0397872817441362	0.01954576314187411	-0.004537343972375787	-0.006517850596349871
SPART	0.010916851350559678	0.003139852702049565	0.011246158324799384	0.017394224009374636	0.002573889052300716	-0.004087561327843148
SPATS2L	0.01315487745039271	0.006134828266134209	0.013095152688497879	0.025779373092570435	-0.0005944926431558691	-0.0064311995960166755
SPCS1	0.014833899290439264	0.009803185013928985	0.014885090178362159	0.026746269057714576	0.0015158705350845683	-0.0021897665889472123
SPCS2	0.009061529628463285	0.0048042213281333755	0.00915918713927111	0.02142292551490725	-0.004330938119946219	-0.00263574787007357
SPCS3	0.01428547600469016	0.014599474565517096	0.014569679634280493	0.016758900275195693	0.007587831999418317	0.012717340551673596
SPEF2	0.0019313517254310104	-0.015041247174703122	0.002498045588608163	0.00497001663316304	-0.018228399789495753	-0.02517072998522404
SPEN	0.011719703605380214	-0.0009622274425525747	0.012459881911329348	0.01464592179740323	0.003746421713746117	-0.009069642847536367
SPG21	0.007718089830399063	0.010897708603725492	0.007686433307842937	0.021146377307846263	-0.00019200598553850874	0.007293832556167493
SPI1	0.003358822985648227	0.048084822616036145	0.0033048960965490395	0.022188536191945014	0.0074426618377415685	0.04928410393318237
SPINK1	0.042267160293607144	-0.0009448543073756321	0.04063792078638085	0.0005881383270770077	-0.03799948018315179	-0.0022314769800632936
SPINT1	0.0014525775309449252	-0.004942395268819909	0.0014569799121498853	0.01664095584434505	-0.007479712588351595	-0.016953917976994463
SPINT2	0.019370254505330656	-0.014344319265110888	0.019478530594398726	0.029022648243941386	-0.02246990993101103	-0.03499081139092991
SPN	0.0063525438249461275	0.02166951979822644	0.006681685956216191	0.010342869161304067	0.01982554162062509	0.03065711762798583
SPON2	-0.00989281404122547	-0.005187591015463372	-0.009139362928519721	-0.010071033720805459	0.002324450691852154	0.0003511502093909001
SPOP	0.010393959515198278	0.0032604780429330415	0.010460710967345188	0.013441626137001061	-0.006657630788624597	-0.001250710405120893
SPPL2A	0.0065532464826659875	0.005945266988809114	0.007032582077271329	0.019510952046340024	0.002473426752168275	-0.00043434174204892023
SPTAN1	0.003097510458926561	-0.0007542476495261846	0.0033760253546469775	0.01264146296351066	0.0024402676262838437	-0.007167927303495577
SPTBN1	0.018963583341535736	-0.022899535729120485	0.019430582654202687	0.015690035405719557	-0.03047269073666435	-0.04668460679255776
SPTLC2	0.010476786799522683	0.008915467597969212	0.010781710888740612	0.00900997246856014	0.005205682241031822	0.00912994505008768
SPTSSA	0.014089943698594464	-0.013031427635457504	0.014191223399939858	0.01976003733658185	-0.021846027598730316	-0.02858839900367488
SPTY2D1	0.01761020581952774	0.0034327361102410494	0.01811038962707668	0.012018541032293077	-0.01426489040441292	-0.002049208273432413
SQLE	0.007308696254831203	-0.01881853666309006	0.007584528631177931	0.013456840970206874	-0.020028046081732705	-0.037807569355495174
SQOR	0.00532340833326997	0.013904713020169499	0.005336850734724092	0.019113090982558225	0.002877745774451216	0.010562836717511613
SQSTM1	0.05286350348058326	0.0032619271681158697	0.0527216362500202	0.02736424494006785	-0.020571373314692897	-0.01150747883200203
SRA1	0.010940008244078342	0.006361113482485468	0.011031632337188535	0.012646321746887193	-0.0016347026786001297	0.004125392291287195
SREK1	0.00725029232281379	-0.004876673673162402	0.007513154673238521	0.012484388859802985	-0.003920969715715769	-0.013626432361693395
SREK1IP1	0.008238560872372807	0.0016881666150858803	0.008513919282533882	0.012747818763853282	0.006310771961926351	-0.0022013063901223946
SRGN	-4.348816464070748e-05	0.08503884864752706	0.000595567259082045	0.0031874889348662955	0.13047906972152856	0.07961958099492576
SRI	0.007819708625761576	-0.004046916665270091	0.008083829269476463	0.026038343812181525	-0.02477296908760167	-0.01751280048112845
SRP14	0.027348328633266323	0.012477128359662037	0.027754371662282843	0.022951653521920704	-0.010590350188540824	-0.002214028543456911
SRP19	0.006465128636755389	0.0035578106336535357	0.006616014601436208	0.012658288005515755	-0.0027596021263740656	-0.001937104519403388
SRP54	0.014164343727336973	0.0018015035079748647	0.014413330495948609	0.015750734835969674	-0.010329595462402348	-0.005802441879632225
SRP72	0.02844432677179633	0.009614363051693213	0.028543993504042228	0.01925680534920718	0.0020316133630605463	0.0038324221347178014
SRP9	0.014157498013851598	0.003910125556179549	0.014320563970571468	0.022640840675609005	-0.0063392961716418035	-0.005954034137290854
SRPK2	0.009587900889954717	0.002138738069013456	0.009962613233541454	0.007523062420515066	-0.002093226002391258	0.00233894418903171
SRPRA	0.00817007029934901	0.0009132173854687455	0.008298994740559538	0.01112068004978215	0.0021785082754299527	-0.00236672984619541
SRRM1	0.025430479316727227	0.002237233342872318	0.025740744264856404	0.018000465099282145	0.0015390289583834093	-0.004378234581339328
SRRM2	0.0119381424725732	-0.0029617639036429687	0.012723685176511778	0.01770158266837174	-0.004164684066815794	-0.009534283853314623
SRSF10	0.003396186378642006	-0.008068200362849732	0.0038754369949326665	0.014110888331058644	-0.007418298031757613	-0.015005841639153321
SRSF11	0.007958098848025756	0.0014968892610432508	0.008943576512751903	0.017762396969479375	-6.211990881256426e-06	-0.0058117063052747385
SRSF2	0.016894015792631556	0.008795668536897824	0.017424692377650028	0.01708513153230909	-0.0026181891096250754	0.001773216312854151
SRSF3	0.027762043885183028	0.01122976553553926	0.028546784519048712	0.01752382052892838	-0.007195047219286059	0.0032638071736275976
SRSF4	0.0028231655908539026	0.0007775980487918842	0.003191271012132767	0.01661747883539559	0.0013509282250137385	-0.005853953331487194
SRSF5	0.011091144233821966	0.00046933094373392825	0.012500360383149878	0.012192661693735066	0.012090673296700124	-0.002107087344787238
SRSF6	0.006907839533225641	0.001801193461156053	0.006882277537307347	0.011055249654085046	4.167670450849189e-05	-0.0030198526190490156
SRSF7	0.007582545832254393	-0.003177536356097182	0.008501247609998572	0.005773941076459779	-0.006991997935922633	-0.0023503554313752378
SRSF9	0.010587021822383618	0.012300564954628574	0.010664741870673181	0.028601108529057902	-0.0006771004588495154	0.000311780223375786
SSB	0.027156919399686424	0.01640626860387319	0.027228057159673906	0.028565414047600966	0.010937590319318602	0.005752649705796926
SSBP1	0.019365724288072945	0.009251217026263739	0.01953221721326874	0.020122741219936496	-0.00278557780784402	0.002738587728610133
SSBP4	0.004191084188834843	-0.006209747493779342	0.004318528534870874	0.010691057107842045	-0.001216360435120763	-0.013890680513593476
SSH2	0.0014839481263082379	0.00972993151796717	0.0019475309472952833	0.012839371721065682	0.009227316765321075	0.008699143409007777
SSNA1	0.003941630173616718	0.0008333390169183372	0.003873324810968694	0.015269669322955473	-4.922761082274468e-05	-0.006550673558057105
SSR1	0.010819546678381996	0.012904798380707736	0.010822641128036426	0.01875545411399726	0.007257196193861266	0.01065884608091804
SSR2	0.0240397997386954	0.005760754154396228	0.024099868663319604	0.01749540480840831	-0.01117260253156883	0.0005075802676853656
SSR3	0.0205810740123456	0.015588153931109084	0.020628375760532905	0.02621879030888783	0.004234709071834002	0.0062996538136446826
SSR4	0.016474425347714344	-0.0019319208816187207	0.016777385748023784	0.019162380758750066	-0.024602868025797926	-0.008426770962242253
SSU72	0.005389763140466022	0.006219392755280629	0.005543543198749087	0.024378431153696485	-0.0026784469822096007	-0.0056131540714508665
ST13	0.016668911163754643	0.004770127400054194	0.01707370271367214	0.031175702744920708	-0.013081960823060563	-0.012227734802638402
ST3GAL1	0.012369848352363735	0.00824222769303514	0.012565103124586115	0.008792018638235165	0.010928161365969245	0.011993913030388855
ST3GAL5	0.013726924006958765	-0.010326127581516794	0.013814164187656757	0.009211979925309366	-0.007981768541179785	-0.01964208899114966
STAG2	0.008695271348281115	0.0035948377857112023	0.009625421694611364	0.013877409244112734	-0.005151741980796501	-0.0006442692701680936
STARD10	0.004205672531791577	-0.01141690945075676	0.004182654289507105	0.012618882942034643	-0.005371301012748143	-0.029163843025923494
STARD7	0.00699061009683082	0.005106078217090759	0.007027446329712918	0.014463489878194544	0.00016472355628839664	0.00023693182844001392
STAT1	0.017056388162417786	0.013005279253032182	0.017106050934984292	0.015284671565096447	0.013839441336277722	0.012108817058824996
STAT3	0.024593712956699633	-0.008570667285981354	0.025202723377673892	0.019590560260776536	-0.016910627611966	-0.01959081313319525
STAT6	0.01291065010486703	0.006384522448852085	0.013017597809129207	0.013626565735657264	-0.003513027747986858	0.003314391196213808
STAU1	0.008610884047124949	0.0009205557936610234	0.008781150564215832	0.021870581772975264	-0.0017221102051298992	-0.012731258931159452
STEAP4	0.027104279241320924	-0.028711313559731156	0.026673641352302768	0.01176621573707289	-0.06978180102088763	-0.04452577093058558
STIM2	0.009078736709898571	-6.881902762121074e-05	0.009364415714096703	0.00853416764089462	-0.00035998442126708994	-0.004670876595879407
STING1	0.0026325271045077024	-0.00012597927150657245	0.002708831554633651	0.018733947420641148	-0.0020781887143895427	-0.00745571874054244
STIP1	0.011240638886546707	0.002009164802530829	0.01125803964579618	0.01653732100273686	0.003564871283436689	-0.004955544294836079
STK17A	0.006577848782802683	-0.0010650005957646572	0.0074132323057600775	-4.940864971796294e-05	-0.019097381084634928	0.002145788256863527
STK17B	0.0173776864074372	0.013767647166104761	0.017624362867294394	0.007424517907623523	0.022699945905949113	0.018557194075442575
STK24	-0.0022703291754181216	0.005548537224590732	-0.001973300321852368	0.017623295181278843	0.0004198573942601682	0.00124861224498052
STK33	0.004755703410789866	-0.01680862688523061	0.005189231667227864	0.007604521829418118	-0.016444715593282772	-0.030784697692299034
STK4	0.009421702448570657	0.017576471715887332	0.010256876194829737	0.0030295856267433976	0.01931662318548988	0.031522476978974645
STMN1	0.018704628757167493	0.016760711101751934	0.018891767010490872	0.021221637365294692	0.005481067882734346	0.009939991805015674
STMP1	0.003963352911018884	0.011887662484940088	0.0040733501840460205	0.018368119247121763	0.002406412409728004	0.005751954774369916
STOM	0.012303915932930759	0.00022384006869224492	0.012486008837912278	0.025841063952551088	-0.00749823680652138	-0.01517333947634753
STOML2	0.004392262121207827	0.001521040667722837	0.004422282056027096	0.01593019183583735	-0.00035704015841334455	-0.007111386509130624
STRAP	0.01091801324710135	0.006153436182249311	0.011093510372596024	0.01779614402766752	-0.00036067647129392125	0.0011148425971608876
STT3B	0.013273534638780279	0.0008958086897870076	0.013437938633007851	0.014332047070151108	0.002944831587275792	-0.0027207474870088286
STUB1	0.0020585886835888766	0.007060449757083554	0.0021033055648701712	0.021041333350456604	-0.0020078831413418326	-0.0017885456463222601
STX11	0.0023108934596926377	0.01784574989932406	0.0023115190481979475	0.014405513788675054	0.009378248557633995	0.020106368215008993
STX12	0.009200946096560886	0.013983015801622136	0.009255835551657023	0.022474453162705178	0.0027090121675376016	0.00880742197711069
STX4	0.0037087035119221148	0.011735581137841435	0.004055048853871417	0.012127002492502644	0.0023629649810667183	0.013836991101524039
STX7	0.015338498924796162	0.010931684838733581	0.015371303336396193	0.019118840835927877	0.012474759236557822	0.008022618748389344
STXBP2	0.002743420734901682	0.03249155753216127	0.0027171714153809384	0.02495055309086688	0.003316369182490259	0.025531001594099084
SUB1	0.02129943774230547	0.021902509204412696	0.021754463498576928	0.019624087478979833	-0.0008499177308822306	0.014212498555475878
SUCLG1	0.014356283768411856	0.0025184296307922014	0.014540638846863362	0.016136883680147627	-0.005195306037056443	-0.004091626082782384
SUCLG2	0.009963505118987664	-0.0011049317811571684	0.010243173901058977	0.014770697389073134	-0.008783109974577579	-0.00990621759275826
SUGT1	0.008364355742541301	0.00010412852048779261	0.008451346043572233	0.011383735499599524	-0.000483840298421355	-0.005352956824541273
SUMF2	0.010617504068992548	0.0034516152387612602	0.010729373387789108	0.01592222763678383	-0.003951454910268227	-0.0015951418930660103
SUMO1	0.005847814157048766	0.0056196556340808055	0.005811919541872688	0.020700105590908686	-0.00447503193545864	-0.0029967875979757556
SUMO2	0.02244408738570674	0.023124248496561604	0.022606497659423748	0.02762456676765073	-0.004933899938223432	0.006532893194604504
SUMO3	0.010142609810394115	0.017177391616704642	0.010260335751584606	0.022824631015790048	0.0009421652116589487	0.01246198508514446
SUN2	0.0034194956692968296	0.009040979774560469	0.003679924578200164	0.007239684212650843	0.01000351630400112	0.01623395590843045
SUPT16H	0.016736068946125265	0.0010795038413395032	0.01713618855924829	0.01126282485506552	0.010392646620402634	-0.001442136459750155
SUPT4H1	0.011672963291370436	0.013739333901700118	0.011735845248517	0.019156013389571746	0.0015430119319589375	0.011170481972315687
SUPT5H	0.011265797048366827	0.0014875107646244367	0.011527388688253959	0.012268347486025517	0.0004842829000286105	-0.004632104355101912
SURF1	0.0035190094977918676	0.007052601963375434	0.003478269610566692	0.015946876827083543	0.002956988509245642	0.0036845873442613794
SURF4	0.009775588372550693	0.002121083295264355	0.009849081701738531	0.012545594984656242	-0.005223698453939805	-0.0032772862922537858
SUSD2	0.00718204280038121	-0.018858507611620376	0.007161497148546689	0.0077195503698447455	-0.011215782289673525	-0.03363004948506966
SUSD6	0.0042037962313880425	0.0007723155744248223	0.004273115928492555	0.012662919767346091	0.0020245154086794585	-0.004951296977649737
SUZ12	0.008827376350255635	0.0019300500827751387	0.009311157428974795	0.010363385650016474	-0.004086133223211106	-0.0011425687268163901
SVIL	0.023470012895723084	0.013600187434808668	0.02366335320498587	0.019980217124036047	0.006002338557468905	0.008085393674048254
SWAP70	0.020903967380784712	0.0030359516478018216	0.020958514565734405	0.014084490807312219	-0.01086440442657778	-0.0027561168561168014
SYAP1	0.012222258951262072	0.010481166003903402	0.01263978519174148	0.017638722964473594	0.00036050301089517243	0.00239324400674213
SYF2	0.013929068086006823	0.014097226469878833	0.0143176917034332	0.015185572804673962	0.0027207793057121223	0.011226359069900814
SYK	0.011873759768219555	0.018860899962137193	0.012076539116854464	0.015442704981196521	0.02511419990093857	0.022101339994340618
SYNCRIP	0.029484037601674343	0.009983387209085693	0.029674740049749064	0.02130602141613256	-0.0003100087006883584	0.002333453579491762
SYNE1	-0.014062357866015946	-0.03554058239873643	-0.01183145969450708	-0.0028180179018206506	-0.01871445263373507	-0.0414319048226159
SYNE2	-0.004867249211117104	-0.04075460772814069	-0.0021371140757705824	-0.00703145703483817	-0.03720555007605541	-0.04881446720673325
SYNGR2	0.02154501728906551	0.01930081710208576	0.021494091689663757	0.025536493226104892	-0.00018701676241093142	0.012044847084013804
SYNRG	0.0048869526368754785	0.0008807928808345158	0.0052552619607792676	0.0029426694385375016	0.0018017564240826473	0.0046262220271207945
SYPL1	0.008785623847488145	0.0011975269592516442	0.008834883027093367	0.0213096550602106	-0.006280859166292131	-0.012585927417703925
SYS1	0.003337200919395264	0.0052543124523952555	0.003427843836952679	0.015567176652859577	-0.0009433438646906355	0.0008359792114759598
SYTL3	-0.0026465717396532357	-0.0038499219423072948	-0.001812749777220001	-0.0016599323390189824	-0.0037226727276678585	-0.0017874002632191845
TACC1	0.0055441172376175666	0.00895942069468214	0.006035533182748955	0.017632920352218553	0.009548926235318719	0.007132400821032913
TACC2	0.0035286737368409667	-0.020656473180780753	0.003630021153981984	0.01240336480119445	-0.008132223994577597	-0.04280502642855207
TACSTD2	0.03540205439160169	-0.029390863621691854	0.03500897880637894	0.014795256927723887	-0.06371479935132812	-0.049394479794151444
TAF10	0.0013183508870997476	0.01424033873159003	0.001346395759771158	0.023975494429609494	0.0017145533620727506	0.006311696476770157
TAF15	0.0031005790975514786	0.0014197826181872458	0.0034470848070972176	0.010366592613046002	-0.0037788850686307244	-0.0008030685320262524
TAF1D	0.01476053440973028	0.0038350245743272106	0.0151718212280052	0.012205548219106471	0.0013698405189530444	0.0025130101538634185
TAF7	0.010571240782407511	-0.0006228194770105892	0.011208116185104791	0.007900432936684021	0.0022848908430510764	-0.0034371993985637932
TAF9	0.006711441719596032	0.008246706589704654	0.006815362348033507	0.018195175779777407	-0.0014497132408027751	0.003252578520870261
TAGLN2	0.03769454924057953	0.033550255687796814	0.03729558866829821	0.03545866485368171	-0.000833987119042958	0.012093620856924238
TALDO1	0.004157581684297239	0.029850222501598744	0.004258190144225102	0.03424141392758872	0.004250249631488877	0.014661652422913956
TANK	0.010611913131894224	0.007889656044926498	0.010785708267173066	0.0173477380402046	0.003281276461312585	0.0021729853100571172
TAOK1	0.01650417297113909	0.008624610053482895	0.016746078190983938	0.015288691588973408	-0.0014349059955932656	0.006073813151418548
TAOK3	0.014435850603507074	0.01479858630885324	0.014769394477420364	0.014949595604847356	0.018529437372565415	0.015173579762920709
TAPBP	0.013679671589409902	0.01582430950393608	0.013958187689495546	0.017051292161854498	0.009415036189832646	0.016694861109624905
TARS1	0.015848898744671706	0.005245517300276894	0.01631348754079463	0.012048780086974877	-0.003603307999579287	0.003689834141851484
TAX1BP1	0.04015692263872492	0.009853725054704002	0.040564996511667825	0.030656040545962562	0.0018904763411343565	-0.005907824373517605
TBC1D15	0.013840407464968806	0.007749376481802527	0.014175280564209353	0.016135373206391437	0.0061041390073566315	0.0038555731876242687
TBC1D5	0.01859326450016059	0.004295537859473754	0.01892070334962623	0.01106825282355104	0.0008005403469445543	0.0006202382419175855
TBCA	0.011974158409553896	0.009203742156198888	0.012148106390865852	0.028688347861473614	-0.004058380613747912	-0.006169869833548879
TBCB	0.006126051825718647	0.009441300533253122	0.0063370729100668075	0.015582933412554734	0.0030078224677536117	0.010322758897336609
TBL1XR1	0.015274723786256784	-0.0016050674063620347	0.015592476658269868	0.013701195140011153	-0.0003865080900552559	-0.007220019083744441
TBRG1	0.006215337141550866	0.005954153137117248	0.006393976436579684	0.011774877937682733	0.002466456597668623	0.005112828267258683
TBXAS1	0.0019764292346752263	0.02099935923414828	0.0021357273753798934	0.013278566757794891	0.020974029542542547	0.02888286623693834
TC2N	0.015760631776809406	-0.023137837118879494	0.015972028920956175	0.0026457178907451	-0.02383219614256813	-0.03741254856926721
TCEA1	0.018205391530009996	-0.0009384563718387298	0.018434618585860037	0.02155379195906217	-0.00860278520257648	-0.012587757675407828
TCEAL4	0.011919330799804943	-0.00023742760755936058	0.011976329237435045	0.02545314662061022	0.0014544904741802932	-0.015092960656355792
TCEAL8	0.011721390245127717	0.0011003551694390198	0.011803520634672358	0.019841563327886044	-0.0004821788148946594	-0.008543998049635801
TCEAL9	0.004897846827176217	-0.005888822495189336	0.004792584347994219	0.013301884019480098	-0.011177685121556117	-0.01905597003684604
TCF25	0.018066079910022508	0.006640602975868615	0.01860329952169891	0.013022601465643532	0.0023274959084334224	0.00403498311641111
TCF7L2	0.013688297239283371	0.013117691425433474	0.013930877839497435	0.023113148087087795	0.01620381026099325	0.0043345132998065155
TCIM	0.025446769771780977	-0.019057520189720106	0.0250857853210644	0.01058239294550433	-0.05280488920562605	-0.03136720771390292
TCIRG1	-0.00038317923339354276	0.019324944250625198	-0.000315143050398379	0.016777280800189236	0.0033091408498340897	0.021282588645892584
TCP1	0.011375793779979018	0.005087600307821017	0.01159965564329954	0.016842727543213275	-0.0016621965020376312	-0.0011003391825194267
TECR	0.0026468804409210222	-0.004754301887456909	0.0027220766962135416	0.021227059473459764	-0.0006632879493759811	-0.018209784415825693
TENT5A	0.018103250874033458	0.002457393895182182	0.01844482314164014	0.01806828502872048	-0.019871247986214258	-0.003824715477915059
TENT5C	0.004963648397592938	-0.010646201186751969	0.005084193967615333	0.001598938375541286	-0.004144107987298854	-0.018951860747911824
TERF2IP	0.010454940240171845	0.001088677235921836	0.011004944899649436	0.011735823179603755	-1.967009842075868e-05	-0.0022843778776352455
TES	0.011403387047468688	-0.0018617147267454674	0.011865062172331116	0.006902140636650857	0.0028618931489680656	-0.006519158472011304
TET2	0.0054686327371172875	0.013798614877087757	0.005777251525266655	0.010420100727811693	0.0178557958127433	0.013416172099138965
TFDP2	0.004043350610286142	-0.004242267302287695	0.004766660568974199	0.008236498301379574	-0.0028601511186805676	-0.011839303455236634
TFF3	0.00435314249828375	-0.007673555817189578	0.004376272093072783	0.007582083285435307	-0.010584316582458864	-0.01950549508053021
TFG	0.00555944894584336	3.763595078199399e-05	0.00563914862604835	0.019734547910689505	0.00024504954027043094	-0.01058685190919064
TFPI	0.027798121086998136	-0.021247780803793522	0.02761435639197797	0.010489353975001158	-0.03264359738532514	-0.03598958365966156
TFRC	0.02306114693326946	0.0327132061470283	0.02301408188647933	0.028097816131393744	0.023306221875126806	0.02186450311853596
TGFB1	-0.0014598444345372554	0.02103723106086333	-0.0010981501379553366	0.004248044651657547	0.002360529464335755	0.03624044554095748
TGFBI	0.01268697758623889	0.02552790075928895	0.012651980536223583	0.01745332108373962	0.018798088139758768	0.030466261514313652
TGFBR2	0.009425606326048693	0.0013339375133797334	0.00955325549812838	0.014886965866232615	0.00020050851863094539	-0.0024222883877710434
TGIF1	0.010747111275336691	0.004110588451383211	0.01089333927543989	0.01641049438728616	-0.010503195701275775	-0.002946860552005593
TGM2	0.005148928245900012	0.013425797483699545	0.005108035820632911	0.017063840717725865	0.0037272187742841936	0.009116381178953139
TGOLN2	0.012652674938874241	0.024575072102926115	0.013162175606952861	0.026683989498737112	0.03285273297234469	0.014159149878593996
THBD	0.007283095068597173	0.0228109536034938	0.007282467163056007	0.01250955797615259	0.012434233743506506	0.024166915786959703
THBS1	0.016227283581374093	0.03758910859748302	0.016316635243113907	0.01613197272552443	0.016503204026357274	0.026894262812760254
THEMIS2	0.00828277254784907	0.024053740429504197	0.008242758791211748	0.013882623722563214	0.011703978483620479	0.0321302952382223
THOC2	0.01532936410741427	-0.000619818986018825	0.015594029009198018	0.013268184723930912	-0.006159108271651177	-0.004626482346128962
THOC7	0.00459006123074533	0.0050030270415767145	0.004764712566833817	0.021229451539074046	-0.0013952599726465087	-0.0037050339411158367
THRAP3	0.013306637040780046	0.0019629931748149825	0.013687015896111966	0.016866796365350482	-0.0007789561322068626	-0.003168065754104048
THUMPD1	0.014912536524848825	0.0038307398491308478	0.015319479808154022	0.011846174549062225	-0.0026021172378093236	0.0012247523563822377
THUMPD3-AS1	0.0024688789024441236	0.0009125584619614749	0.0027151146598518522	0.017712497123947988	-0.002612772052432706	-0.009732512481956371
TIAL1	0.009907375340174603	0.0057561633670109155	0.010227762838197933	0.010792987430523825	0.00013277376203996914	0.005751357413239651
TIMM13	0.003045758256929443	0.0035144575873976673	0.0029636460109546455	0.018831750032046932	-0.005199377156596136	-0.00364744928492072
TIMM8B	0.00990406219447985	0.00933491668664916	0.009885533397993373	0.01712369302822486	-0.002069981042273062	0.0054418250807863585
TIMP1	0.010120018882259517	0.035377550842445725	0.010036783394502176	0.018145137968457077	0.0038054591507379054	0.02987174612584117
TIMP2	0.006832010706021296	0.03783293076856056	0.00692124758745226	0.024941101257343695	0.0040148115946912625	0.03721830953059292
TIPARP	0.023594749113232463	0.002859814766179485	0.024150669237420944	0.019855209209775005	-0.01050386104196226	-0.009242797676154749
TIPRL	0.004842798882619737	0.006898792804236731	0.004958805342777557	0.014021597259170765	3.117867268416626e-05	0.004478238290125571
TKT	0.04607280995638606	0.030777173065292738	0.04567331253864351	0.0356434018469327	0.01764202805084375	0.007711217492852808
TLE4	0.0071477951457269845	-0.002405484070748391	0.007592269571110646	0.009649418018695793	-0.0031729771115601765	-0.0065320578877038045
TLE5	0.004350431439370415	0.002458257816646017	0.004600437077148659	0.007080964692240845	-0.0012483174904672721	0.006047624234178595
TLK1	0.013730721288252735	0.0014075712333149447	0.013833578777696566	0.01078513338038484	-0.0013329710844902757	-0.002179107399213643
TLN1	0.021605483380976315	0.025882977341793106	0.02254984538849931	0.011788964893082406	0.045143822886263625	0.031594324326972574
TM4SF1	0.0246607476435187	-0.020257880509439746	0.02417846993975425	0.011863899259885033	-0.060611243759251525	-0.03582946622766963
TM9SF2	0.019158729445628825	0.0018928595801517374	0.019409543072963154	0.02377821956059047	-0.0038853123474531432	-0.011731659800174397
TM9SF3	0.008828113570463956	0.0048571854130201285	0.009219506531408357	0.0195026075329314	-0.004471864959401874	-0.0028929141479245705
TMA7	0.014149854824736264	0.00823195561012241	0.01443478725711798	0.011457358113637676	-0.006623050045432512	0.005566678109889063
TMBIM1	0.005070264130326868	0.009657494675768964	0.0053464495173388095	0.020550616579284406	0.008482002964799756	0.004306826203508879
TMBIM4	0.01210336668232989	0.01407113300220667	0.012105087456325157	0.02651127599508015	0.005131425326735825	0.0007639151052230033
TMBIM6	0.044925327441886695	0.006320067905022007	0.044690400465131	0.031332085295663455	0.004062004931345386	-0.012698517316901282
TMC5	0.03081510174974514	-0.02240975466110473	0.03101318941529938	0.01329222744329575	-0.059381198064037334	-0.043524944801325294
TMC6	0.0059960886501116036	0.010890910675492405	0.0062497414831397535	0.014340290239407397	0.004587449937099585	0.011981766721258813
TMCO1	0.025532828053157465	-0.0012674374563895652	0.025931961265957433	0.018260788064018197	-0.017246466486261044	-0.009967100913071614
TMED10	0.017883053473917283	0.008943879979977481	0.01806233840874937	0.02780802042065	-0.008244255864475062	-0.005450042001024867
TMED2	0.012794429690337263	0.0010911305260748183	0.012921123856434156	0.022218712742730674	-0.015451542297031754	-0.010204156021705917
TMED3	0.00645320467878942	0.0011045999171703114	0.006519252218656622	0.016580462519132543	0.0009276141549269077	-0.0065467213184864205
TMED4	0.010146101351347336	-0.004725148356204556	0.010232365519380447	0.014996142058278927	-0.005730471789060194	-0.014706801955948957
TMED5	0.018189184421866164	0.016616520909279526	0.018354861609294473	0.023325501224842983	0.0029334232162158904	0.011688686402489849
TMED7	0.0034989622421981448	0.0049001323334148614	0.003517275989492747	0.01725783691964564	0.002817594744144557	-0.0008042893108328251
TMED9	0.012683332887578416	0.005254745235157347	0.01299417341204969	0.019513810385338785	0.0034722032973928635	-0.0028856992134489346
TMEM107	0.0016049565827728905	-0.005123013019090815	0.0016988409016308772	0.007837157126791275	-0.002069370495070562	-0.01239980820958847
TMEM123	0.011787920291022675	0.01154262648882834	0.012329905329591518	0.024018057443357825	-0.0011265659840056323	0.0034190353787255266
TMEM125	0.0034324815668653336	-0.016608197115639052	0.0035073006712821107	0.008327865169311867	-0.0057008793895673635	-0.033693466553102604
TMEM141	0.00046655582416671665	-0.002105965800208174	0.0006612619681431284	0.015640485359207982	-0.00028199359167573073	-0.012420610276088472
TMEM147	0.005653603191631085	0.006415613177198956	0.005583304882881767	0.01969935322601456	-0.0030776224292570053	-0.002401381924089861
TMEM14B	0.007995596149116678	0.005520151607996453	0.008273395505358336	0.022737058084716533	0.0027879706371559546	-0.004977097085648676
TMEM160	0.011274915710896954	0.010232891819246089	0.011387217723497753	0.014340325077780776	0.002068098190042728	0.0080516990654623
TMEM165	0.02956284502991131	0.006999313224565342	0.029220747949645236	0.023486961978813257	-0.0065266783642088915	-0.004629588768442129
TMEM167A	0.011349603146494096	0.012308946534285508	0.011574644011504862	0.017063342376995194	-0.004653641955465361	0.008906942325947142
TMEM179B	0.00864244871800161	0.00490427042678953	0.008676286696252745	0.022135663568429866	-0.0017715351765901488	-0.005725115574530267
TMEM205	0.008237040975286717	-0.0013471362332012414	0.008212222280098207	0.015574682474417711	-0.003564541080261818	-0.012249776111905284
TMEM208	0.000408590037765636	0.0030857756123585573	0.0006637675363426535	0.016636972125627123	0.0014893575463587807	-0.0031024739203408436
TMEM219	0.008912437525343722	0.014392614110415643	0.009031021550660066	0.027050724700959445	-0.007761142543090359	0.002316265537876573
TMEM230	0.01091939231230438	0.01149586188239582	0.01108500928192873	0.022504006952466456	-0.0016125641699771983	0.002579009059353345
TMEM243	0.010257383686239211	0.0009764570263165117	0.01042595310638376	0.016534269188795865	-0.012008414396056686	-0.006184716518218923
TMEM245	0.00425506535346104	-0.009366020190861812	0.004508199068661795	0.015220956565141632	-0.0038215875973596097	-0.02111313697322594
TMEM248	0.004981849155352669	0.003306843700235466	0.005033082881627389	0.01335543732437485	-0.0007179643765328056	-0.0009501751702128309
TMEM258	0.016220446852314177	0.008594255436546011	0.01644491670397397	0.026782105895126862	-0.005030302438889233	-0.004377341092282892
TMEM30A	0.03301500628049793	0.004495430172429023	0.03285213449410186	0.02089310715861975	-0.006476614642249678	-0.004659892157971441
TMEM33	0.005235873829491429	0.011353057598312411	0.005266249538710511	0.01825046588328215	-0.0011814013115002795	0.010572840881543215
TMEM41B	0.013778445578554748	-0.011140137803465277	0.01391757157067465	0.00949625062972972	-0.008346457525104167	-0.023870776571517646
TMEM45A	0.005991632636913303	-0.007450757342133527	0.005851653881347674	0.0022464628438097073	-0.022626470490111142	-0.012883260049541137
TMEM50A	0.012676335370318738	0.015474049781781473	0.013052311260337925	0.021711712411795484	0.0048981789257752095	0.009402635538812135
TMEM50B	0.00651651877007542	-0.005037978797182727	0.0066056636756790695	0.01220382641459143	-0.0038084298586395383	-0.017838844104643776
TMEM59	0.03324012613961429	0.008442695354107766	0.03346836295265295	0.03036547228659191	-0.02040019246698132	-0.008949916545315574
TMEM87A	0.013454955784439154	-0.01302069724766898	0.013673841809646384	0.016351666195281236	-0.004752320197633845	-0.025852308379433708
TMEM9B	0.004595740928930058	0.007428597708137112	0.004774129247691924	0.018355307001717027	-0.00042539582170962614	0.002183586054342949
TMF1	0.01648438435587453	-0.004555286652274995	0.017460603973986688	0.017712659040953763	-0.021905744954370927	-0.016494492513675466
TMOD3	0.012941325320674355	0.006866859138383076	0.013269371154791099	0.018600714900351582	0.013422026433023688	0.0024778416191673525
TMPO	0.004785977004508366	0.0060518101337011295	0.005134857042589489	0.007150179397708755	0.0030079118358384382	0.007480245692703027
TMSB10	0.06427207129211922	0.08075001888028209	0.06271580216811626	0.01338166127929668	0.038446627132838626	0.04612115901852663
TMSB4X	0.04797543240355252	0.0821062809141212	0.04694643024854345	0.009735803374517328	0.07460829743557708	0.04945092633981361
TMX1	0.013753534604956496	0.007561352315390421	0.013997697987006702	0.015507783874737951	0.003990609553452948	0.004471619614113076
TMX4	0.012107332776311689	0.004626894946277214	0.01268939714035923	0.011061769563233147	-0.0033892425386681125	0.0031031704997867625
TNFAIP2	0.016985111545702453	0.021676888743317968	0.016829889369693807	0.016956280043212937	0.010314514671865114	0.02436692343215355
TNFAIP3	0.001479828660996177	0.01765508702697446	0.0022396683369359117	0.01292306621935084	0.018627392087294924	0.014282135994031287
TNFAIP8	0.010156775122747102	0.008719447047953667	0.01055265777947102	0.006745672727938119	0.008792566658564687	0.012306651286978531
TNFRSF12A	0.004931743769908466	-0.009003514108437041	0.004948393177369518	0.010962970074119406	-0.019413136341555184	-0.020995768759412684
TNFRSF1A	0.0036145471623162118	0.00987517228968993	0.003615437771116878	0.014061819631541928	0.0004402523546848848	0.007251052938570452
TNFRSF1B	0.0001452299596867647	0.02358692536584106	0.0005212754702831591	0.0007677055512715667	0.033869719967677576	0.033173988919287814
TNFSF10	0.017267605095925297	0.002592986929625045	0.01724014905768299	0.011477230941861127	-0.018642465081814972	-0.0033108735178062677
TNFSF13B	0.00746326766268811	0.028188327741730367	0.0073674128894639195	0.015001995721889231	0.02132180974940996	0.03505052096259642
TNKS2	0.008546914146050069	0.004562966323062228	0.0088174829030493	0.015218379177168982	0.000620863752412509	-0.0006410794116548353
TNPO1	0.004400832268243209	0.006883374782583411	0.004558270313424697	0.017089960737630878	0.0017325666131236105	0.0035161404388403066
TNRC6A	0.010929272996444042	0.00033346939967036264	0.011589153543839322	0.01096000146534885	-0.0023818211563289733	-0.003751323636775663
TNRC6B	0.014724990849196547	-0.0033294002652698934	0.015203249443553645	0.006708842928541676	0.00838635785045284	-0.004386402431776197
TOB1	0.022454960818582198	-0.007556460838314309	0.02271899050300741	0.013670423236563334	-0.011579990303102713	-0.02082112870668311
TOMM20	0.027711607626153715	0.008289072162165836	0.027909971607835746	0.02454915618780867	-0.018777396887245137	-0.003941636947131543
TOMM22	0.002751110286639659	0.007156324034596496	0.0027337599249109053	0.014478808384327429	0.0010898562581016067	0.0044853427750178145
TOMM7	0.014645007533697754	0.011553322111917353	0.015078333020062918	0.016300177456605232	-0.0038073350860936407	0.004600990133831639
TOP1	0.03370882344011121	0.0046065961525297485	0.03361083838910853	0.025954911940276354	-0.027483438182107953	-0.0053543266615555815
TOP2B	0.00554523439235865	-1.59590452039368e-05	0.005927011673018497	0.009273549861393143	0.004350402295409644	-0.004861237605642212
TOR1AIP1	0.007441560960569896	0.005986010422723703	0.007544127459180378	0.013443872079230836	0.0037549273934027656	0.0026996645181451857
TOR1AIP2	0.011464832491466452	-0.007731813208008506	0.01170160006030553	0.011910752270297375	-0.012013188902209123	-0.017845169678573938
TOX4	0.016194937740568936	-0.0008655312843330833	0.01643415858015273	0.010922682018332009	0.00013251440465514178	-0.00620342606068617
TPI1	0.0187666413735674	0.018703915749681176	0.019021834693164343	0.02271293376734911	-0.004007573615028165	0.00908393267384554
TPM1	0.01604677715902197	-0.008243219036399125	0.01625390482789319	0.01356212819935468	-0.00887042493403201	-0.02147098146576963
TPM3	0.042555214707973466	0.03760238450752009	0.042674648350634774	0.018902097234675844	0.049833200189200524	0.030306958437677126
TPM4	0.021995057289622262	0.02539772002381505	0.02260664123780762	0.02447582916211709	0.03629934469298132	0.018628593525953224
TPP1	0.005904807510726647	0.02984190496875631	0.005859359800827032	0.022304542532620285	0.00712576198861044	0.030288962918539115
TPP2	0.008410408934636644	0.001684344504804966	0.008735386648175638	0.011877527692393607	0.0037555672095396972	-0.001322991123656478
TPPP3	0.0026845337837698106	-0.02365503824408022	0.003080340534752807	0.010451808078920806	-0.014660992992688228	-0.03800685954530945
TPR	0.024122093361904105	0.001081918913370642	0.02473983111198193	0.016266395711979045	-0.008115349613352302	-0.0049251244416993216
TPT1	0.07056384277744807	0.029329619267812267	0.06927909659883705	0.008654198865777406	0.009731919704050651	0.01146683782211246
TRA2A	0.0191546025864299	-0.002335869395933623	0.019146232631936076	0.013931756959921309	-0.016130120131710744	-0.011472569728805934
TRA2B	0.017073314383029087	0.003284533073699792	0.017338963633868634	0.0142403250256602	-0.007351170594739112	-0.002683791960526236
TRAM1	0.03974351302123767	0.002980722277214448	0.03966940274328016	0.025155643552326627	-0.015649975901078503	-0.0075912369120538885
TRAPPC1	0.005385961540215487	0.01263729010092702	0.005373328216554434	0.02171241824935402	0.004085055851979302	0.004698448329632956
TRAPPC2L	0.0067260140938383275	0.00195742216205222	0.006805929055935679	0.014016974843039584	-0.0012158908077215124	-0.00468639025916689
TRAPPC3	0.008967629851785456	0.008862408589302588	0.00902600353139442	0.015783936267243514	-0.000725945815619068	0.006253874542936338
TREM1	0.013360765664789071	0.03187843246998971	0.013426250503803456	0.022379971157245146	0.02117807163238542	0.028278314028561614
TRIB1	0.022618132258974744	-0.002869728828690504	0.022746734568439633	0.017715731159804453	-0.016609633673408872	-0.015530122129922452
TRIM22	0.004973004424452968	0.012118195200213075	0.005104140258726731	0.013609838855218529	0.0007601038721764871	0.013538195632165783
TRIM28	0.006518461434192365	0.0013708141477752913	0.006536959245177766	0.014671409683061198	0.0001924698372140127	-0.0060560660809589675
TRIM33	0.010917445060407097	0.0010368313588070281	0.011032783701015084	0.012606863935799803	-0.0008126102707168038	-0.004259603003376589
TRIM38	0.004297274437705836	0.017311015827326783	0.004549706789144917	0.012262641502398428	0.008010941375117738	0.02091934026123733
TRIM44	0.013319094625421055	0.0039901792856240495	0.013546028427415377	0.016277908201895393	0.002037923507941785	-0.002364610477884997
TRIM56	0.004036821738869785	-0.0025866042348592377	0.0043498036018955934	0.015494896762885324	-0.00021521670741765346	-0.011325700618626844
TRIM8	0.00506290974233321	-0.0008069839465212627	0.005006537274872418	0.012518903342170654	-0.0008926964769739004	-0.008510253848388336
TRIP11	0.022849690656564635	-0.0019573382525588244	0.023121461757271613	0.015221719013787601	-0.018644401993570727	-0.010828618427151679
TRIP12	0.017517121955334142	0.004572588293588781	0.01781143314188764	0.01341300499466444	0.004562991244039229	0.0034010156365805616
TRIR	0.008980488246239742	0.014695886190019573	0.009105646897065688	0.018356144677284067	0.004181705068657832	0.010925076221443696
TRMT112	0.013873021380819923	0.010619675551467572	0.013938718876504424	0.024105223793250117	-0.00920625089709266	0.0008014928135023601
TRPV2	0.0022487304525276933	0.014270805270518366	0.0022856572807397916	0.013672040319371553	0.009030333695546957	0.01851512284942537
TSC22D1	0.015133217242390227	-0.034239304937406956	0.015244657370642265	0.017920215577971563	-0.05740798780469451	-0.05423652769008636
TSC22D3	0.008267271310663762	0.020164124453445734	0.008827590546680308	0.014313400862765733	0.0019090722294855154	0.015740802365680467
TSG101	0.012802611616123165	0.005191568808127667	0.012790453743270615	0.016855225390563815	0.0017739001921499176	-0.0017245316075959723
TSPAN1	0.0005993846766128856	-0.02148353529569235	0.0009906582858341122	0.011694171712263725	-0.017831446814259605	-0.03813117266889678
TSPAN13	0.02112575893797033	-0.011296118028833494	0.02103535849567631	0.009149701613558955	-0.01901229279542972	-0.028165745931640986
TSPAN14	0.001487983486171629	0.006676865470568153	0.0016359914069162553	0.011049236903196792	0.001209009533190752	0.007038074398880455
TSPAN3	0.01558272815608245	-0.013662491693745782	0.01572986239412539	0.02625854200892976	-0.009564979714333994	-0.031813293454436425
TSPAN4	0.0029736851468903022	-0.0014628679567773393	0.002972208507928063	0.01410930708019881	-0.0025858494073003027	-0.008457435691048173
TSPO	0.025800344011371757	0.06725961689919421	0.02559258093618662	0.03801876679776812	0.02884156320426931	0.03484050877363511
TSPYL2	0.006758116869777727	-0.0030280201720827896	0.007059083950442802	0.00043194545066686644	-0.006693573324122414	-0.003903800668008669
TSTD1	0.015033372071119945	-0.023522452545538006	0.015276770816132592	0.016927886128195884	-0.014356363259391715	-0.03984559942425404
TTC1	0.024229699757364893	0.005244231136310595	0.024296306728536016	0.014378042278703611	0.009013775690704155	0.0010074766193307245
TTC17	0.011739735406026687	-0.0029979081694445444	0.012140987063807476	0.010300413906801085	-0.010646977019721886	-0.009068765542863379
TTC19	0.003579526134955857	-0.004031649973108004	0.0036590928613433197	0.010612971413243365	-0.007526089660204095	-0.009851520580651559
TTC3	0.027768217192322114	-0.0056741939867139355	0.027908180769379155	0.020746251318415697	-0.012691386099669433	-0.016741154586595513
TTN	-0.0016973207303051865	-0.015639155821068642	-0.0014813591015050576	0.004169754947955777	-0.00215256158514279	-0.022505879982477793
TUBA1A	0.016183388338248374	0.006542930443315179	0.016604927239872416	0.017109387368233198	0.00801073628819737	-0.0017385400744578186
TUBA1B	0.021177000176048528	0.0455709488766166	0.02137378099379124	0.0362503752060662	0.014447001308270119	0.020858961805963607
TUBA1C	0.012142141887588812	0.011294578039563359	0.012324697073387141	0.024545102866466825	-0.004874922269604732	0.002019057361666525
TUBB	0.0085353809149297	0.028208909606548777	0.008687893324631928	0.027130277797110774	0.008848892181131884	0.021046139493896502
TUBB4B	0.0037326279745569287	-0.008087142170268041	0.0043205223200727125	0.023802446273835393	-0.0048650272395066255	-0.019542717303033485
TUBGCP2	0.0028478633617322916	0.0007342831111182217	0.0031911926157416515	0.01334654306485539	0.0006205310627764073	-0.005697018791524639
TUFM	0.006503820025941954	0.0032111853226320887	0.006718476454113269	0.022145829885495825	-0.0026960764321223643	-0.007571968143164866
TUT4	-0.0007132456297520514	-0.003303348904662985	-9.833670533412208e-05	0.008625146281742251	0.0012482137476576333	-0.008615552115531921
TUT7	0.008386657840920162	0.007408855897292859	0.008678105873860193	0.007321860214843679	0.011542708056451067	0.006568866266221103
TWF2	0.0069730491004261555	0.019345600077741096	0.0070030180751822785	0.012799283719001192	0.007579983930258053	0.02618562086196875
TXN	0.049731460711109995	0.02500441807397507	0.049228435061257084	0.04357564009730386	-0.013676233400817025	-0.00449271773329696
TXN2	0.010818412838920145	0.006158621595260712	0.011076265202076755	0.018564510144785308	0.0013763582283177868	-0.0013654255336530772
TXNDC12	0.010814565328803795	0.008408157941069649	0.010910296259018648	0.019252747126400137	0.003011295525226585	0.003536768526203428
TXNDC17	0.029168095092735873	0.011657453239774058	0.02907516436306095	0.026436400216435358	-0.015211018765587609	0.0017667858824367787
TXNIP	0.029809947308623998	0.039214012010974936	0.030696721876648042	0.006482629702501021	0.05476232057951441	0.03404289738589125
TXNL1	0.01738009536782277	0.010259903405284264	0.017592228650260108	0.023160383148892273	-0.0015928461179762982	0.0018599783864851039
TXNL4A	0.008509943103172572	0.00839933284121521	0.008553374688280095	0.01670609258722571	-0.0015783463343005727	0.0034841090078562608
TXNRD1	0.03364350116345466	0.005910901140275281	0.033848829713073056	0.017846209107368487	0.012169932750498536	-0.0012703237562757721
TYMP	0.01860568726478074	0.04461516711148342	0.01847721172665446	0.026594763583252003	0.026237585375601367	0.032577496352379706
TYROBP	0.014314035643452834	0.09932174954388605	0.014111416624335026	0.01863621583318381	0.09147634308263795	0.08145085719581589
U2SURP	0.009951382910940283	-0.0022872213224288526	0.010663850692472686	0.011441540448365404	-0.0022483479921992207	-0.0054258000618652375
UBA52	0.021537354474709346	0.03990428030657393	0.021566429848558638	0.009559946257146092	0.014638046347676797	0.02411881464324966
UBAC1	0.0012638243230858191	0.0007581834254728571	0.0014359678473822458	0.014248400646135617	-0.0020376800905740483	-0.0052563669145894235
UBALD2	0.001772395104710044	0.006565075711304184	0.0018316692945572377	0.01875884678934467	-0.0017475103380631477	-0.002828645733540792
UBB	0.037396403194265966	0.022898491359945018	0.03820857128728589	0.03265605786925887	-0.01533069290968486	-0.0014556640881184487
UBC	0.03384746649232717	0.013053697161970957	0.03418151234070987	0.016936094313171907	-0.008351221091440056	0.0029975854331610887
UBE2A	0.005289794881687399	0.01021504095302876	0.005368070117597881	0.01588337148444626	0.0010672827857214136	0.008974504821065321
UBE2B	0.009753237708083565	0.011806779703716377	0.010190939122299935	0.022954650933759327	0.004486837093396065	0.003876295600794903
UBE2D1	0.011044380000491235	0.017794792531323166	0.011107461375012789	0.018892861155647346	0.005698240338561558	0.015160024678976168
UBE2D2	0.011117210835920228	0.00927484185595588	0.01136446650420192	0.016236538315560423	0.0012250584492228963	0.005939919940026036
UBE2D3	0.01861175967458405	0.021501812533390403	0.018938137901325057	0.024815575857028045	0.010991022204970544	0.00877237736052092
UBE2G2	0.011740346566516213	0.0012236032609341699	0.012024986703728868	0.013247732757884155	0.0016219666172435936	-0.0029391426250470376
UBE2H	0.010564480218934625	-0.0011510058336640689	0.01103962345230912	0.0159754093682026	-0.002521513570878239	-0.010251099447843335
UBE2I	0.0058882614682852505	0.011244179896320195	0.005943328324552427	0.014056452280393006	-0.0007081664199899642	0.011902037932006884
UBE2J1	0.0193692631370143	0.013182407037688014	0.019670254294225184	0.017600935331061916	0.008702261389988298	0.007969678112906223
UBE2K	0.01855814875532973	0.009374393978227988	0.01882918116216487	0.017356717596841088	-0.0019179482563994735	0.004409800176577488
UBE2L3	0.0025410179935820365	0.00981247369636443	0.0029503929419996116	0.01866122558334911	0.0017884096736573878	0.005745500314118956
UBE2L6	0.0029991451345465275	0.01602917882482505	0.0030775739630752286	0.017480819327058632	0.0036180276017627336	0.017947783141364238
UBE2M	0.0013925769551012333	0.0032784618598000253	0.0014195032483236983	0.016883528758976033	-0.00029800916255526673	-0.0032692569359291613
UBE2N	0.008142165367558366	0.006882078487800021	0.008339651259034568	0.01676665157830786	-0.010295721915439475	0.0032580987512962362
UBE2R2	0.009834871366638017	0.0196904137824655	0.009961327650938438	0.021066806682711763	0.0027511515922189348	0.01694392906972821
UBE2S	0.004998176780939028	0.012149627772013411	0.005084776382923495	0.011976353393010113	-0.003254806350476259	0.010109227294786492
UBE3A	0.003242771743735378	0.004960940223014522	0.003453707662268356	0.01659477245980801	-0.00024186913479047248	-0.0013543519493931333
UBL3	0.006490778801982937	0.0002603618056883717	0.006692681493765761	0.019349548689670367	-0.0011512684103204844	-0.010351397287734732
UBL5	0.035543030338424375	0.010807388769076559	0.03581099978642116	0.02613140609177267	-0.02181826879499614	-0.0033340297174513566
UBQLN1	0.017135187677315596	0.00961233366380074	0.01714110283552518	0.01518431657219557	0.0067048083176417155	0.008295249956520964
UBXN1	0.005987026558444778	0.01399527056954992	0.005918082294647663	0.020439193805793524	0.007753422148798686	0.0103034510114486
UBXN4	0.03445077177608293	0.0010871292884304649	0.034811851304663605	0.022891307414735003	-0.018619209132439606	-0.010346051550833199
UCP2	-0.0033457550756337746	0.013493664555141685	-0.0030502894258705743	0.012413819709993043	0.0026170462424311433	0.015592678773043425
UFC1	0.015481802839814913	0.0003470288816980944	0.015840063151014987	0.026386340800803584	-0.006464803620785637	-0.010708890218342803
UFD1	0.00690955315023926	0.006881687650706609	0.007094312118312558	0.014592825915282846	0.003102312771274918	0.0051157355047331205
UFL1	0.01295100141241513	0.0018678992456002655	0.013228320888631415	0.016834655483438325	-0.016659031017858032	-0.0068581582760957145
UFM1	0.010467800776120572	0.004125005627690722	0.010599601415113088	0.020959287157890895	-0.0047170444330566505	-0.0060093432519928575
UGCG	0.01981854829998946	-0.004330655428722409	0.019885461564675688	0.01985766009123083	-0.02578378047645391	-0.01609341648181944
UGP2	0.021518854499766902	0.01303303712055628	0.021565970647128296	0.02103763394829325	-0.0005282056789945251	0.007857379977324027
UHMK1	0.011251270937035034	0.0030303142315711226	0.011645206109123903	0.012515301221863118	0.0010727949880982473	-0.0005272365925917189
UNC93B1	0.0005000897880636011	0.007282775224082895	0.0005756432932473867	0.02014586002989249	0.0024964450283417867	0.0013678769083619
UPF2	0.007065372398709224	-0.002081917488799565	0.007335032841302125	0.007458226250443826	-0.0026883913180633387	-0.005486275356391275
UPF3A	-0.0019187589551997379	-0.003239494569139736	-0.0017667041270736893	0.011007778964218905	-0.004670027099916237	-0.01142424337251635
UPP1	0.011222961379552095	0.034332571667550896	0.011241653112906458	0.019709463801334065	0.01929922006001622	0.0364499130636369
UQCC2	0.00840293888465625	0.0068124557852728	0.008458318205074441	0.01735466574578652	-0.00012774670239505947	0.0017205286006561882
UQCC5	0.006054358371418524	-0.0018270230540181882	0.006315523605801136	0.016410742064662812	-0.004543802625897986	-0.013620058188564085
UQCR10	0.01498920110991362	0.008270389205552906	0.015233949074938427	0.031559485258027736	-0.012877827749125423	-0.011102682793533502
UQCR11	0.016339767530987752	0.01792775009166777	0.01669467624418828	0.025882697624804073	-0.0038780957223413046	0.004701999314032549
UQCRB	0.03408912359298295	0.021688302297576015	0.03408220502153335	0.020731140324697972	-0.0017350596480556813	0.010256245528115214
UQCRC1	0.004572019111903036	0.008289801701387378	0.00476543442923219	0.02257130905633501	0.0003132616223911573	-0.0009691167193012333
UQCRC2	0.006384808290798199	0.008894778967447255	0.006610861275417225	0.020114030909718278	-0.004411475854841821	0.00326998425666058
UQCRFS1	0.0016655810649685771	0.01209616749742222	0.0016860544799750144	0.024831002816048508	0.00047742533840612513	0.003362359060166418
UQCRH	0.0322843988362025	0.029280534349405266	0.03243664079734624	0.026421682020713478	0.0037786901042215874	0.014718633201484062
UQCRQ	0.03737445690074502	0.006575755313039291	0.03736719240101897	0.03126762557892365	-0.014104354844883185	-0.01115397424735377
URI1	0.009854203761083483	0.000739137303574854	0.010188923885694891	0.015995112855185133	-0.009982294399551363	-0.006049435177287343
USF2	0.0007777093363529259	0.010633026017876683	0.0008654636632307924	0.017190976920084346	0.0048990219529332635	0.008374444897070718
USO1	0.013023215932190428	0.0005903217108057915	0.013166413839572278	0.017172558027795805	0.004584195228098459	-0.009091540006328272
USP1	0.0116067091663134	0.0019785258576347888	0.012098969293953403	0.012076292355947977	-0.002916188148147409	-0.0021313549615281833
USP14	0.00946070127198691	0.006479881371735946	0.009690511595059362	0.015121735839835709	-0.0021967403500063793	0.0022316674965357124
USP15	0.024779401197161377	0.01863696674727999	0.025109386351919963	0.011797869685166667	0.02067685966815441	0.023516490163589022
USP16	0.015189112367786568	-0.00044878814504263143	0.015550013004208298	0.013219791799050492	-0.005462239426732795	-0.007980859532187383
USP22	0.008274275414493066	-0.0019565819452208107	0.008401554548350513	0.015547733559588146	-0.0028158710779732127	-0.011509158887155313
USP3	0.007884581701786195	0.009072278097367076	0.00798204908492328	0.007265074318598992	0.015733953274399852	0.01188463019685285
USP33	0.00678726451563274	0.004420808386260493	0.007048248287727193	0.011417799235577456	0.006046329843329125	0.005269848100011517
USP34	0.015010834052158485	-0.005299437584638231	0.015649906513204807	0.009888021964688487	0.003841869316873862	-0.009452826392639682
USP47	0.01474754364231387	-0.0006436036977669377	0.015286084858096186	0.011675933973502063	-0.0037292796299386558	-0.007913529025295333
USP7	0.00904496432141609	0.002676240197257107	0.009467100085803502	0.014568099710573146	-0.005521000320317512	-0.0031548510144332378
USP8	0.012537236839565827	-0.0009506587921244646	0.012996439753708244	0.015864425692288135	0.0008175480856391318	-0.006976304006828596
USP9X	0.0064230285889079535	0.006879340121815835	0.006817822444291565	0.01685683701216342	-0.002126486673136998	0.000974920159594134
UTRN	0.017666515487487988	-0.011131061448458825	0.018868270290927	0.008559814639841254	-0.01754606056527567	-0.01774438476893716
UXT	0.004267847264210389	0.008923588304954128	0.0044570966699664545	0.016368469239019395	0.000357158500640042	0.004257775606708613
VAMP3	0.012330021706885207	0.011608045298631239	0.012250931367300261	0.018787817882073284	0.0051885165205293815	0.008503511256497863
VAMP5	0.001296007841127332	0.006505297266811357	0.0013021496036957608	0.009238319125960475	-0.0030849137321646534	0.0032972678265699045
VAMP8	0.051298894620036645	0.03283999496280645	0.051065300461895995	0.040147704328903265	0.0029546306088897457	0.006849363690435137
VAPA	0.02145691629088447	0.009322116338371784	0.021743133866455024	0.029543423178799523	-0.011195450556286757	-0.0067602121350056055
VASP	0.02984276180135952	0.03384038542839757	0.029672662607133988	0.01910635051632883	0.034051624136373755	0.0350560836366915
VAT1	0.008595462671249263	0.01331334792659145	0.008777788001283062	0.016960088276200585	0.0024385380644668547	0.012048211444682192
VCAN	0.008972889214934755	0.03561402126138335	0.00853164759920662	0.0035698042434187415	0.04011857983295409	0.032291203376602816
VCP	0.011970817605830257	0.004874681006676094	0.01231118752852674	0.019597184677730327	-0.013690113786385088	-0.004984594615344616
VDAC1	0.014935417606237218	0.02022148571412178	0.01514152870736529	0.03113934101111479	0.00346085346824249	0.007738265007944403
VDAC2	0.00365180310196484	0.017155831597944066	0.0036512267836282166	0.028572750047731382	0.0041333904232388925	0.0057800139374446285
VDAC3	-0.0017703963351608399	0.005019590967019757	-0.0016731073459899536	0.018216023551714415	0.0035429566014824002	-0.0009373243176968325
VEGFA	0.015427667862003875	0.006024715683557032	0.01532377909847432	0.01365774418464155	-0.011682813972273528	-0.00556654068222802
VEGFB	0.004336323297408857	0.008442323300105485	0.004359691063302264	0.021548243943106653	0.0011909065457835063	-0.0005256346668747122
VEZF1	0.014879837159161217	-0.001954892978560855	0.01533398417031104	0.014638478365899165	-0.007969039522862313	-0.011450132663896986
VIM	0.05686791295267564	0.11128159472280055	0.05507357083769183	0.03820977337501028	0.09180789125092048	0.06079804604770342
VKORC1	0.006363339198640395	0.009518271963667627	0.006276294961424188	0.019143479940858795	0.000789663125287483	0.006091927166258808
VMA21	0.007943002897418387	0.010593847092550361	0.00803975199227015	0.016608718102224515	0.0038821551477797754	0.00895490405605651
VMP1	0.017176648601658746	0.011773440109320861	0.017546052372716232	0.025718694454033117	-0.0048711293304786706	-0.0014269566630051003
VPS13C	0.010948717952195298	0.005076828991618073	0.011762455740213455	0.016851529077665968	0.0024499224505069245	-0.0013223034247522717
VPS26A	0.017234154929833777	0.009735894945314518	0.01758993758215862	0.013081321915508926	-0.002241667666588352	0.01000159465524481
VPS28	0.0016937178996291097	0.009939664781237563	0.00183477152269421	0.02047611218382158	0.0014508685778940138	0.0033048995299185075
VPS29	0.02190745059527374	0.023927710931948686	0.022046310272109966	0.027126320654658337	0.01587345103943846	0.015142156366611785
VPS35	0.020040202222166043	0.012053454926443479	0.020196744272573213	0.025770330221948603	-0.0028563012498586376	0.002980571254813188
VPS36	0.008822129380253254	0.005456829237386683	0.009357642206674729	0.014285371245148245	-0.005032291709456218	0.002908885364794987
VPS37B	0.0012767432772578164	-0.0015571644204936618	0.001519436339883239	0.009854081894266677	-0.0004888936706399979	-0.008929279582222997
VPS4B	0.01187300524393316	0.00521904560092914	0.01219274516519737	0.015097361056961153	-0.0015163694292519734	0.00037846006857114735
VPS51	0.0008477577690213607	-0.0002063037299553901	0.0009405447742025172	0.00986867102332329	-0.0012529902652008772	-0.0035499479844658555
VSIG4	0.009232883640285548	0.040940098491577336	0.00921364906647069	0.024168401191560877	0.019409259218741037	0.03632707941632457
VSIR	0.0009829576015472456	0.019677319407090374	0.001111294512908267	0.006319218301910086	0.009091145371415458	0.024109624502881823
VTI1B	0.00045086878643651497	0.009669791730613025	0.0006455109468816397	0.01900516458839844	0.0055744395695899755	0.004664873567354868
WAC	0.011130609671029992	0.004998486546921932	0.011603573499102137	0.01638002637551649	-0.0008179095637527953	-0.002140590900449872
WAPL	0.012710410193993427	0.003911424000211095	0.012692769852715939	0.011976893493451062	0.00575141190338028	0.0008179184732950451
WARS1	0.004528303267593307	0.016194749617824793	0.004536040011890693	0.018602285124064716	0.01097365341935759	0.013727687869880451
WASF2	0.0044893220507091465	0.01685809429168374	0.004764297063610846	0.02264077063434844	0.019309207529442395	0.010367394442846825
WASHC4	0.00788807960385968	0.013027469636441833	0.008013531355360759	0.016917710977468498	0.011050599633719915	0.011982526586684517
WASL	0.011636324954679339	-0.008000003890274516	0.011829455681765116	0.011619038140367357	-0.01092666827758063	-0.020519213139136714
WBP11	0.010407478418904527	0.0007015135294736408	0.010501286141779856	0.015692067741176263	-0.0033733713873439833	-0.00784281930442553
WBP2	0.006213477687657033	0.006054445442789311	0.006213225432648477	0.019745360729920516	-0.004113246981318067	-0.0028349909931076455
WDR1	0.0010437681903450724	0.013604305353866244	0.001371760941028088	0.016558339803526667	0.008037053273156292	0.013555006022301587
WDR26	0.006191347734135709	0.010828210625844072	0.006640538254111499	0.014416917796948986	0.0038677954994396483	0.007521846785968043
WDR33	0.005180166463068725	-0.0009842781631522737	0.0053549008433330025	0.01084548314083709	-0.0004926663048402206	-0.004832007033094573
WDR45B	0.009496918764256991	-0.0004621436141558982	0.009719883483334291	0.014349330563837661	-0.00021342120641167873	-0.009891363933119103
WDR83OS	0.011232102768904585	0.017562494917931177	0.01132551614548131	0.03316176808740471	-0.0028264898060371166	0.0022976812281227978
WFDC2	0.03239026032531411	-0.04963733022383176	0.0319986465002956	0.017751332867358558	-0.03704791285415271	-0.0705419945020543
WIF1	0.004853148034086471	-0.02214977626647864	0.0050127404775553355	0.005403632453178375	-0.013997210443336182	-0.03379876150803702
WIPF1	0.0012859023176681268	0.018037659040633796	0.0017835716116765537	-0.0003466937511227221	0.014340836326488186	0.03359558947520432
WIPI2	0.0050951013966126155	0.001020884614656951	0.004993232221369488	0.014329720156918576	0.0017108587875380161	-0.006593106990539466
WNK1	0.018278179701963816	-0.0013608141998776848	0.018754504118055352	0.019211465777736653	0.003196940559211974	-0.00917001463174742
WSB1	0.031895586261563955	-0.004487992872162898	0.031982733308872385	0.02702965627627653	-0.008392334431399511	-0.016398274664161074
WTAP	0.01187124469289828	0.01109052739730622	0.011903316984930188	0.01159574709029092	-0.00023865132666618186	0.00979565411696991
WWTR1	0.009502083493014468	-0.01490368223574462	0.009709550545226686	0.012673124098449185	-0.021470984325441027	-0.03079661613146935
XAF1	0.010201100258826453	0.013106144585412252	0.010611855315254801	0.009714897965905201	0.022762147558509138	0.018397439597229615
XBP1	0.01908514959181892	-0.011754933365959522	0.0191199138875696	0.019847855394840956	-0.021095562027491285	-0.02089193658945073
XIAP	0.006401908041803782	0.0032566546560962623	0.006544255459646344	0.017513889857673583	-0.0018099284427534488	-0.004867650551569322
XPO1	0.008955007761663136	0.007990524646202445	0.00906152240968413	0.013715503986807901	-0.0002448329046070708	0.007839546983036202
XRCC5	0.023246525604142688	0.009579954612409321	0.023586729549012288	0.01929761946639943	0.002405178356496377	0.0043541534851566175
XRCC6	0.010221630702658576	0.005227408780560647	0.010569558787602	0.02202984195107033	-0.003653941873947604	-0.0028799677805485795
XRN1	0.013746354980718382	0.0026853313465058644	0.01421297172697486	0.008566232855648788	-0.006376726019633746	0.0018993981749132781
XRN2	0.020707399364361397	0.008119158025878653	0.021251543249575088	0.018734848249720316	0.0043202115278675075	0.0019624262224608563
YBX1	0.06124753439288246	0.057542339352986804	0.06033510938677371	0.038996637160242126	0.030681845568705422	0.025797468788483657
YBX3	0.011978772577423991	0.00021484608586349989	0.012101057335122754	0.03513367961977251	-0.0140692009677985	-0.020713240937633198
YIF1A	0.0028575525761426078	0.001827125509577169	0.0030138310219108557	0.01689191566190527	-0.0012970646370623067	-0.007399001223049872
YIPF3	0.0045429095099875656	-9.520024879919797e-06	0.004853788897342716	0.018843714192620147	-0.006758869088500072	-0.010620428867351938
YIPF4	0.0011027514150082204	0.0048186788677977346	0.0013285550557452898	0.012798093321097805	-0.0021586396559436886	0.001874411297270118
YIPF5	0.009590855017007559	0.00032022753215038644	0.009744120134736047	0.01288401655410726	-0.0017516968245919226	-0.006485653040226118
YME1L1	0.014844957901642567	0.007918300972264047	0.01559145440918772	0.012170423795169276	0.003809940174445205	0.007705739283830339
YPEL5	0.0075051903196978915	0.008533033360043237	0.008038405024063134	0.021106100832420555	0.018438102321421162	-0.00023793341952871275
YTHDC1	0.01763587957545906	-0.0014647257958042268	0.01808520254607296	0.013297726282736372	-0.009168465714715083	-0.005781327548818666
YTHDF2	0.014434061164535206	0.002347948053312219	0.014574561582939457	0.018951646766878917	-0.00783371969361032	-0.00597769097096467
YTHDF3	0.004306073182535114	0.006439640643353117	0.0045622237741373564	0.01381192868831525	5.57214052716093e-05	0.0011457068398772604
YWHAB	0.024815840202142322	0.031600828869113265	0.025124848487290834	0.02593837834396485	0.03735397561113464	0.015793657694420756
YWHAG	0.00958752354406194	0.018424916329227246	0.00969349784292292	0.022711898020279026	0.002436626252846268	0.014450368973999688
YWHAH	0.011845879281819228	0.0266423626735166	0.012001492800989182	0.03023953404955066	0.015541829234563164	0.011844169560844536
YWHAQ	0.014109193769395258	0.0016534581510037072	0.014356983428521777	0.02270356049868327	-0.00560575967293078	-0.009920538828800049
YWHAZ	0.024568879594353242	0.017298784438055086	0.025167322686290468	0.014639580542417981	0.004756518761101331	0.013520713098588648
YY1	0.015931227553050983	0.011520560269248888	0.016420703000878337	0.020201875961640824	0.002636343409145817	0.007063709663992565
ZBBX	-0.0047950539078479015	-0.010017285040173771	-0.004097173950687914	0.005719833704658855	-0.020048128159623552	-0.02122477788181841
ZBTB1	0.008829543260812795	0.007945839661687085	0.009333342848659998	0.00956983749628552	0.011148937613169369	0.007827381772075346
ZBTB20	0.01094094306533323	-0.014207596520022243	0.01164375983848573	0.006073881394096376	-0.006074065050056109	-0.021704013808221095
ZBTB38	0.011465260110230406	-0.005232811990224482	0.011501391738434983	0.008000390398959764	-0.007243975991294827	-0.009328995039555938
ZBTB43	0.012656374808787958	0.0027291113524563165	0.012623578652779688	0.011663882730690947	0.002591955108650353	-0.002317792110561192
ZBTB7A	0.00331390870799451	0.010463618233342617	0.003499028264474237	0.018473884099851533	0.0017986233429634953	0.005810122962141672
ZBTB8OS	0.005263875401067922	0.009527007643307722	0.005363925215263177	0.017378186291429572	-0.004378865372125797	0.005420564864785243
ZC3H12A	0.006796728308671366	-0.0007842683903120378	0.006845273496355977	0.00929977463942511	-0.004362178660799486	-0.009548172689391558
ZC3H13	0.015377640581451047	0.0052255345388114854	0.015913192725498054	0.01706396720808507	0.012615479727407002	-0.00012112453466802179
ZC3H15	0.016084503582886586	0.011324505518334955	0.01642204913252917	0.020291831412234188	0.002208039521470057	0.005305389079800491
ZC3HAV1	0.012703955954458002	0.0016143317402654946	0.013195337768512776	0.005376559396232061	-0.000288851898159792	0.003182219967255927
ZCRB1	0.012872058066585602	0.005172465686563758	0.013102029929815273	0.023555781467462227	-0.00042736827807976773	-0.0058128998194294105
ZDHHC20	0.0052685349982875065	0.00851653797111414	0.0055975655721707	0.009798165052163587	0.01217266616409291	0.009303291242786442
ZDHHC3	0.011282670864401302	0.0007722051834624598	0.011364080337849126	0.016246991617949215	-0.003802287288191535	-0.005749912083997773
ZEB2	-0.0028976672988934946	0.04784402987789508	-0.001975122627948275	0.007535364550905715	0.03753344298322445	0.05837506194048156
ZFAND5	0.039593172363471645	0.019198990568880355	0.03979122766212838	0.0302940653274025	0.0027116076335077675	0.002985459695453419
ZFAND6	0.008146412051418153	0.002659893811691888	0.008460932072119873	0.01738840612888629	0.0019665612887485636	-0.004886741419819492
ZFAS1	0.032539964429678075	0.025553561086950727	0.03273966500771597	0.03670465869114026	-0.011345638067705721	0.005489507826511431
ZFHX3	0.009595306231421442	0.005096693165915374	0.009738834314623898	0.018616045558307596	0.0024496548488287936	-0.0025517006714277767
ZFP36	0.032082749724554	0.0002685059494145735	0.0319382661330283	0.02240984237615176	-0.005719966061916223	-0.011648086118249698
ZFP36L1	0.03285721374455547	-0.005287180696491415	0.033053526334183035	0.012516868729188566	-0.03587766393792109	-0.014970653409012243
ZFP36L2	0.023446862791760063	0.02719501504262198	0.02360265488635648	0.007488352230126584	-0.003354952393998758	0.03167785703609466
ZFR	0.008831023276318638	0.006428614853161441	0.009179039022223095	0.015581728259364132	0.0023563360516998394	-0.0005128519864904255
ZFYVE16	0.003792481530064003	0.013611255385185716	0.003820333554815086	0.01631697290670119	0.008088597643834242	0.010665097374747896
ZKSCAN1	0.006620487760026128	-0.004289662006203655	0.007003257158678791	0.01200216044616446	-0.006808164599997954	-0.012490929367988695
ZMAT2	0.006920192209414127	0.006196472332652165	0.007006878175208867	0.01635503289979438	0.00539361480207193	0.0018996093010324672
ZMYM2	0.01025263152964528	0.0003862212591131288	0.01053887430361221	0.010757276482502753	-0.0010944733681625314	-0.0053355980674583085
ZMYND10	-0.00012982298805306106	-0.013287694635283781	2.1341158118987655e-05	0.008684634702192674	-0.004145131793391729	-0.02549846790093477
ZMYND8	0.012597778340556254	-0.005128640569787658	0.01295349345743545	0.0155300742050703	-0.009642538074310704	-0.01674140809705769
ZNF106	0.0037294045980673526	4.861199568878408e-05	0.004152120354468041	0.020489410390836182	0.009111771763718557	-0.011088448931168657
ZNF148	0.0063547919793833126	-0.00011509281585037447	0.006925629933814542	0.010488900413424398	0.0003871648495819313	-0.0034584344357117772
ZNF207	0.010334462287210688	0.01107250700494701	0.010620268140750105	0.019576293945338396	-0.00038990982533729457	0.0054872840227280124
ZNF217	0.0052059119208362065	0.006057078928370433	0.005341889836454984	0.010699812921631236	0.0005144922850360317	0.006148825847265661
ZNF24	0.014520420351099367	0.001880991032158027	0.014631286462451522	0.017899534104527062	0.002768219626060412	-0.0071516678906610905
ZNF281	0.009550033160527719	0.004209595810176556	0.009733801682239576	0.00915025982373257	-0.01474434933555218	-3.43544448092453e-05
ZNF292	0.014777142370955284	-0.006855512533268639	0.015222718895586984	0.0064130459946682514	-0.005017457243419432	-0.012110180870825459
ZNF331	0.011414302732951217	0.01705307257751832	0.011594993936190253	0.01118535104991582	0.04012426491399905	0.014389688609676803
ZNF638	0.014853877198521508	-0.0008881713418323182	0.015458020723715792	0.01449235550904397	0.0022175687078405115	-0.007876525316951575
ZNF644	0.011667143426018989	-0.00025518204765695744	0.012013242330016428	0.011310932500643174	-0.010212355371832346	-0.0060911145988574895
ZNF655	0.004280246875415419	0.0037497600868390247	0.004518834546443028	0.01358665069373954	-0.009126780373293663	-0.0009854681776740204
ZNF706	0.011132406192099726	0.02396595109795778	0.011215249433864191	0.02611690669513812	0.004140505864655734	0.014988871207768867
ZNHIT1	0.010413932885307276	0.009944080175039312	0.010697562220473735	0.023448804515404785	-0.000654795831449792	-0.00038146902568380497
ZRANB2	0.016552864137607023	-0.007487411494477772	0.016860252860617632	0.014298126276558132	-0.0006572202815082934	-0.015060283479686581
ZSWIM7	0.0033398421334297186	0.001125714335432348	0.003337365110535592	0.011254655864203817	0.0036491464334794553	-0.002412413294783346
