{"raw": {"cov_gene": 35.31281127023973, "r2_depth": 1.0, "r_mono": 1.0}, "PF": {"cov_gene": 53.50560368954069, "r2_depth": 0, "r_mono": 1.0}, "sqrt": {"cov_gene": 6.092844822613548, "r2_depth": 0.944408217834857, "r_mono": 1.0}, "log1p": {"cov_gene": 2.9800767964162134, "r2_depth": 0.9349288643525557, "r_mono": 1.0}, "log1pCP10k": {"cov_gene": 2.216846830622256, "r2_depth": 0.49171213989091633, "r_mono": 1.0}, "log1pCPM": {"cov_gene": 1.5710108527875686, "r2_depth": 0.8032204461741044, "r_mono": 1.0}, "scalelog1pCP10k": {"cov_gene": 1.0045884821571462e-13, "r2_depth": 0.496315914903556, "r_mono": 0.3429618846497834}, "sctransform": {"cov_gene": 1.0269245730170133, "r2_depth": 0.5077960565530039, "r_mono": 0.241215584753453}, "log1pPF": {"cov_gene": 2.608269258148067, "r2_depth": 0.39591033143648235, "r_mono": 1.0}, "PFlog1pPF": {"cov_gene": 2.9495693511320713, "r2_depth": 0, "r_mono": 1.0}}