{
  "ncells": 5764,
  "ngenes": 60623,
  "nvals": 9631597,
  "density": 0.027563661414649873,
  "total_counts": 43792694,
  "overdispersion": 4.09127378672514,
  "avg_per_cell": 7597.62213740458,
  "avg_per_gene": 722.37754647576,
  "max_cell": 108527,
  "min_cell": 51,
  "raw": {
    "cov_gene": 138.16623682086492,
    "cov_cell": 1.373743915741532,
    "r2_depth": 1,
    "r_mono": 1
  },
  "PF": {
    "cov_gene": 131.23565381173512,
    "cov_cell": 2.760119961883137e-14,
    "r2_depth": 0,
    "r_mono": 1
  },
  "sqrt": {
    "cov_gene": 18.991930927638116,
    "cov_cell": 1.1949752957047024,
    "r2_depth": 0.9535039750235633,
    "r_mono": 1
  },
  "log1p": {
    "cov_gene": 5.300926579475202,
    "cov_cell": 1.193123620065919,
    "r2_depth": 0.9485271306075688,
    "r_mono": 1
  },
  "log1pCP10k": {
    "cov_gene": 5.65770824684623,
    "cov_cell": 0.7724239389185326,
    "r2_depth": 0.6195055470559842,
    "r_mono": 1
  },
  "log1pCPM": {
    "cov_gene": 2.827050473527209,
    "cov_cell": 0.9965020532150163,
    "r2_depth": 0.834459704977713,
    "r_mono": 1
  },
  "log1pPF": {
    "cov_gene": 6.111507939987837,
    "cov_cell": 0.7489410591594606,
    "r2_depth": 0.598371407984496,
    "r_mono": 1
  },
  "PFlog1pPF": {
    "cov_gene": 24.941005206393754,
    "cov_cell": 1.947814344097757e-14,
    "r2_depth": 0,
    "r_mono": 1
  }
}
