{
  "ncells": 1914,
  "ngenes": 60623,
  "nvals": 124626,
  "density": 0.001074061868673223,
  "total_counts": 382944,
  "overdispersion": 52.36335486256758,
  "avg_per_cell": 200.07523510971788,
  "avg_per_gene": 6.316810451478812,
  "max_cell": 34619,
  "min_cell": 5,
  "raw": {
    "cov_gene": 121.3858487608332,
    "cov_cell": 8.509970901591892,
    "r2_depth": 1,
    "r_mono": 1
  },
  "PF": {
    "cov_gene": 54.54771682202339,
    "cov_cell": 4.988952028333877e-15,
    "r2_depth": 0,
    "r_mono": 1
  },
  "sqrt": {
    "cov_gene": 24.3537788061467,
    "cov_cell": 7.191160097607451,
    "r2_depth": 0.9808937129618872,
    "r_mono": 1
  },
  "log1p": {
    "cov_gene": 9.86865032116238,
    "cov_cell": 7.21182963907839,
    "r2_depth": 0.9795453228647619,
    "r_mono": 1
  },
  "log1pCP10k": {
    "cov_gene": 12.972799183974267,
    "cov_cell": 2.3337005072295556,
    "r2_depth": 0.7077251128374982,
    "r_mono": 1
  },
  "log1pCPM": {
    "cov_gene": 8.676474153920667,
    "cov_cell": 4.637707329392089,
    "r2_depth": 0.9111050884612556,
    "r_mono": 1
  },
  "log1pPF": {
    "cov_gene": 17.33075176480805,
    "cov_cell": 0.5924271331482702,
    "r2_depth": 0.22208318996988163,
    "r_mono": 1
  },
  "PFlog1pPF": {
    "cov_gene": 24.562059814129263,
    "cov_cell": 3.98033346093554e-15,
    "r2_depth": 0,
    "r_mono": 1
  }
}
