{
  "ncells": 8094,
  "ngenes": 28129,
  "nvals": 14803301,
  "density": 0.06501911842965916,
  "total_counts": 56404291,
  "overdispersion": 2.93,
  "avg_per_cell": 6968.65,
  "avg_per_gene": 2005.2,
  "max_cell": 62093,
  "min_cell": 134,
  "raw": {
    "cov_gene": 92.65340607929899,
    "r2_depth": 1,
    "r_mono": 1,
    "cov_cell": 1.040154807683185
  },
  "PF": {
    "cov_gene": 60.00176307583942,
    "r2_depth": 0,
    "r_mono": 1,
    "cov_cell": 3.3479888647876266e-14
  },
  "sqrt": {
    "cov_gene": 12.939332055804536,
    "r2_depth": 0.9019760420837143,
    "r_mono": 1,
    "cov_cell": 0.8208898568863054
  },
  "log1p": {
    "cov_gene": 3.33942034163188,
    "r2_depth": 0.8927039972344083,
    "r_mono": 1,
    "cov_cell": 0.8162614713770217
  },
  "log1pCP10k": {
    "cov_gene": 2.8366193125743497,
    "r2_depth": 0.47529750092627354,
    "r_mono": 1,
    "cov_cell": 0.4590016205528818
  },
  "log1pCPM": {
    "cov_gene": 1.610417533313844,
    "r2_depth": 0.759253282434184,
    "r_mono": 1,
    "cov_cell": 0.6469718494187451
  },
  "scalelog1pCP10k": {
    "cov_gene": 1.1630191617574271e-13,
    "r2_depth": 0.4392566651170985,
    "r_mono": 0.3613605501904808,
    "cov_cell": null
  },
  "sctransform": {
    "cov_gene": 0.9372845091966321,
    "r2_depth": 0.6674322568922315,
    "r_mono": 0.22603650683428492,
    "cov_cell": null
  },
  "log1pPF": {
    "cov_gene": 3.142138381947767,
    "r2_depth": 0.43775023516728606,
    "r_mono": 1,
    "cov_cell": 0.43369737903802225
  },
  "PFlog1pPF": {
    "cov_gene": 6.030648667204444,
    "r2_depth": 0,
    "r_mono": 1,
    "cov_cell": 2.1949726337519543e-14
  }
}
