{
  "ncells": 5089,
  "ngenes": 60623,
  "nvals": 4833437,
  "density": 0.015667012404283347,
  "total_counts": 11282425,
  "overdispersion": 0.24362374921486343,
  "avg_per_cell": 2217.022008253095,
  "avg_per_gene": 186.10799531530938,
  "max_cell": 9151,
  "min_cell": 918,
  "raw": {
    "cov_gene": 66.15051906066672,
    "cov_cell": 0.4400563266112345,
    "r2_depth": 1,
    "r_mono": 1
  },
  "PF": {
    "cov_gene": 87.38735872130279,
    "cov_cell": 9.813337837278752e-15,
    "r2_depth": 0,
    "r_mono": 1
  },
  "sqrt": {
    "cov_gene": 5.2003859931816665,
    "cov_cell": 0.36008271494081845,
    "r2_depth": 0.9746372804883503,
    "r_mono": 1
  },
  "log1p": {
    "cov_gene": 4.636514113887275,
    "cov_cell": 0.3568539719300338,
    "r2_depth": 0.9715395717784558,
    "r_mono": 1
  },
  "log1pCP10k": {
    "cov_gene": 3.4037920674172915,
    "cov_cell": 0.1648527262886441,
    "r2_depth": 0.799025358894495,
    "r_mono": 1
  },
  "log1pCPM": {
    "cov_gene": 2.9562101907541978,
    "cov_cell": 0.267056894932114,
    "r2_depth": 0.9149646033099235,
    "r_mono": 1
  },
  "log1pPF": {
    "cov_gene": 4.382729106057993,
    "cov_cell": 0.10422112268632405,
    "r2_depth": 0.6343052142412844,
    "r_mono": 1
  },
  "PFlog1pPF": {
    "cov_gene": 4.687039402448617,
    "cov_cell": 1.1434729908645971e-14,
    "r2_depth": 0,
    "r_mono": 1
  }
}
