{
  "ncells": 5604,
  "ngenes": 24846,
  "nvals": 7276312,
  "density": 0.05225847178649029,
  "total_counts": 38129593,
  "overdispersion": 1.77,
  "avg_per_cell": 6804,
  "avg_per_gene": 1534.64,
  "max_cell": 79030,
  "min_cell": 74,
  "raw": {
    "cov_gene": 39.813556126839494,
    "r2_depth": 1,
    "r_mono": 1,
    "cov_cell": 1.5117524286261068
  },
  "PF": {
    "cov_gene": 45.66078700135897,
    "r2_depth": 0,
    "r_mono": 1,
    "cov_cell": 2.9175428097383936e-14
  },
  "sqrt": {
    "cov_gene": 10.353359751410151,
    "r2_depth": 0.9744631399177942,
    "r_mono": 1,
    "cov_cell": 1.389747637185374
  },
  "log1p": {
    "cov_gene": 4.121885988192086,
    "r2_depth": 0.9700033789123942,
    "r_mono": 1,
    "cov_cell": 1.3906597545897905
  },
  "log1pCP10k": {
    "cov_gene": 4.207709473510742,
    "r2_depth": 0.7208648218183247,
    "r_mono": 1,
    "cov_cell": 0.821794008301069
  },
  "log1pCPM": {
    "cov_gene": 1.865059363352767,
    "r2_depth": 0.8965370268499084,
    "r_mono": 1,
    "cov_cell": 1.1451313710237614
  },
  "scalelog1pCP10k": {
    "cov_gene": 8.880423113544817e-14,
    "r2_depth": 0.7231323336052367,
    "r_mono": 0.28234059664320876,
    "cov_cell": null
  },
  "sctransform": {
    "cov_gene": 0.8030433405330445,
    "r2_depth": 0.26725289065650737,
    "r_mono": 0.19297253589257873,
    "cov_cell": null
  },
  "log1pPF": {
    "cov_gene": 4.619736234477328,
    "r2_depth": 0.6970299247950114,
    "r_mono": 1,
    "cov_cell": 0.7736491790565726
  },
  "PFlog1pPF": {
    "cov_gene": 10.869656077835767,
    "r2_depth": 0,
    "r_mono": 1,
    "cov_cell": 1.8918094408584913e-14
  }
}
