{
  "ncells": 1072,
  "ngenes": 60623,
  "nvals": 1245127,
  "density": 0.019159379561621483,
  "total_counts": 3878944,
  "overdispersion": 0.7832210475865643,
  "avg_per_cell": 3618.417910447761,
  "avg_per_gene": 63.984692278508156,
  "max_cell": 24425,
  "min_cell": 314,
  "raw": {
    "cov_gene": 112.41394060193218,
    "cov_cell": 0.8639791580671276,
    "r2_depth": 1,
    "r_mono": 1
  },
  "PF": {
    "cov_gene": 72.5768901350498,
    "cov_cell": 1.6673656514470215e-14,
    "r2_depth": 0,
    "r_mono": 1
  },
  "sqrt": {
    "cov_gene": 10.049547135908306,
    "cov_cell": 0.7418367039386895,
    "r2_depth": 0.941270111270291,
    "r_mono": 1
  },
  "log1p": {
    "cov_gene": 5.434198643093106,
    "cov_cell": 0.7416603640491192,
    "r2_depth": 0.9311737131764414,
    "r_mono": 1
  },
  "log1pCP10k": {
    "cov_gene": 3.7859643976105817,
    "cov_cell": 0.440376066835835,
    "r2_depth": 0.5560108039830028,
    "r_mono": 1
  },
  "log1pCPM": {
    "cov_gene": 2.6245322809487273,
    "cov_cell": 0.5919844989464768,
    "r2_depth": 0.8117420116580009,
    "r_mono": 1
  },
  "log1pPF": {
    "cov_gene": 5.108500479280556,
    "cov_cell": 0.3886368627228596,
    "r2_depth": 0.43442352129451445,
    "r_mono": 1
  },
  "PFlog1pPF": {
    "cov_gene": 33.22789387729222,
    "cov_cell": 1.230963549883833e-14,
    "r2_depth": 0,
    "r_mono": 1
  }
}
