{"raw": {"cov_gene": 73.74692141574053, "r2_depth": 1.0, "r_mono": 1.0, "cov_cell": 0.6934625548853361}, "PF": {"cov_gene": 60.60791041377879, "r2_depth": 0, "r_mono": 1.0, "cov_cell": 2.1546667670708176e-15}, "sqrt": {"cov_gene": 11.014949999685502, "r2_depth": 0.6308594224676805, "r_mono": 1.0, "cov_cell": 0.5128304680654148}, "log1p": {"cov_gene": 5.151113328503747, "r2_depth": 0.5908135484391948, "r_mono": 1.0, "cov_cell": 0.5181228849630377}, "log1pCP10k": {"cov_gene": 2.284161794858107, "r2_depth": 0.2983632863331196, "r_mono": 1.0, "cov_cell": 0.3577067768266851}, "log1pCPM": {"cov_gene": 1.99561098833258, "r2_depth": 0.4495227473846952, "r_mono": 1.0, "cov_cell": 0.42679208608702607}, "scalelog1pCP10k": {"cov_gene": 3.4690829202728794e-14, "r2_depth": 0.28991688491108325, "r_mono": 0.1976947559388413, "cov_cell": null}, "sctransform": {"cov_gene": 0.5056993693757079, "r2_depth": 0.10111665265332592, "r_mono": 0.17566707740322557, "cov_cell": null}, "log1pPF": {"cov_gene": 4.795980476707103, "r2_depth": 0.0163682898458809, "r_mono": 1.0, "cov_cell": 0.2590412983572244}, "PFlog1pPF": {"cov_gene": 37.208301441203155, "r2_depth": 0, "r_mono": 1.0, "cov_cell": 2.100877351894521e-15}, "ncells": 2272, "ngenes": 11310, "avg_per_cell": 340.87, "avg_per_gene": 68.47, "min_cell": 1.0, "max_cell": 2966.0, "overdispersion": 4.37, "total_count": 774451, "nvals": 373060, "density": 0.014518032154020498}