{"raw": {"cov_gene": 73.74692141574053, "r2_depth": 1.0, "r_mono": 1.0}, "PF": {"cov_gene": 60.60791041377879, "r2_depth": 0, "r_mono": 1.0}, "sqrt": {"cov_gene": 11.014949999685502, "r2_depth": 0.6308594224676805, "r_mono": 1.0}, "log1p": {"cov_gene": 5.151113328503747, "r2_depth": 0.5908135484391948, "r_mono": 1.0}, "log1pCP10k": {"cov_gene": 2.284161794858107, "r2_depth": 0.2983632863331196, "r_mono": 1.0}, "log1pCPM": {"cov_gene": 1.99561098833258, "r2_depth": 0.4495227473846952, "r_mono": 1.0}, "scalelog1pCP10k": {"cov_gene": 3.4690829202728794e-14, "r2_depth": 0.28991688491108325, "r_mono": 0.1976947559388413}, "sctransform": {"cov_gene": 0.5056993693757079, "r2_depth": 0.10111665265332592, "r_mono": 0.17566707740322557}, "log1pPF": {"cov_gene": 4.795980476707103, "r2_depth": 0.0163682898458809, "r_mono": 1.0}, "PFlog1pPF": {"cov_gene": 37.208301441203155, "r2_depth": 0, "r_mono": 1.0}}