{"ncells": 2273, "ngenes": 60623, "nvals": 395275, "avg_per_cell": 350.6814782226133, "avg_per_gene": 13.148458505847616, "min_cell": 0, "max_cell": 2998, "total_count": 797099, "overdispersion": 4.368346754540163, "raw": {"cov_gene": 170.65551730524717, "cov_cell": 0.6843076943643968, "r2_depth": 1.0, "r_mono": 1}, "PF": {"cov_gene": 140.13006274107562, "cov_cell": 0.020979533957417227, "r2_depth": 0, "r_mono": 1}, "log1p": {"cov_gene": 11.57748778454234, "cov_cell": 0.5189257199856694, "r2_depth": 0.6000469348083317, "r_mono": 1}, "log1pPF": {"cov_gene": 10.837046685808815, "cov_cell": 0.2579168478063623, "r2_depth": 0.020051717085949883, "r_mono": 1}, "PFlog1pPF": {"cov_gene": 84.32917805996316, "cov_cell": 0.020979533957417227, "r2_depth": 0, "r_mono": 1}, "log1pCPM": {"cov_gene": 4.7495305636305805, "cov_cell": 0.4297252270535366, "r2_depth": 0.4601172832398128, "r_mono": 1}, "log1pCP10k": {"cov_gene": 5.3572500322258, "cov_cell": 0.3589024893077687, "r2_depth": 0.3091506252095698, "r_mono": 1}, "sqrt": {"cov_gene": 24.552247774867876, "cov_cell": 0.513912514470235, "r2_depth": 0.6375362119502364, "r_mono": 1}, "density": 0.002868550417896869}