{"ncells": 6809, "ngenes": 60623, "nvals": 10469859, "avg_per_cell": 6784.284035834924, "avg_per_gene": 761.9911584712073, "min_cell": 84, "max_cell": 83268, "total_count": 46194190, "overdispersion": 14.84573410302034, "raw": {"cov_gene": 172.611620510802, "cov_cell": 1.4076009135487657, "r2_depth": 1.0, "r_mono": 1}, "PF": {"cov_gene": 92.38372090965161, "cov_cell": 2.3385770322042234e-14, "r2_depth": 0, "r_mono": 1}, "log1p": {"cov_gene": 5.447231750380699, "cov_cell": 1.0569277589813302, "r2_depth": 0.8002656738331001, "r_mono": 1}, "log1pPF": {"cov_gene": 5.508331252007263, "cov_cell": 0.5949969057967657, "r2_depth": 0.2979401273425437, "r_mono": 1}, "PFlog1pPF": {"cov_gene": 10.765340102516603, "cov_cell": 1.819061614805855e-14, "r2_depth": 0, "r_mono": 1}, "log1pCPM": {"cov_gene": 2.768228027999233, "cov_cell": 0.8421297010518936, "r2_depth": 0.6329286825241496, "r_mono": 1}, "log1pCP10k": {"cov_gene": 4.981018982170014, "cov_cell": 0.6266329551753893, "r2_depth": 0.3323001366991063, "r_mono": 1}, "sqrt": {"cov_gene": 29.48918267659404, "cov_cell": 1.0642090997692113, "r2_depth": 0.8164272919591432, "r_mono": 1}, "density": 0.025364136087453058}