{"raw": {"cov_gene": 115.91984102087456, "r2_depth": 1.0, "r_mono": 1.0}, "PF": {"cov_gene": 62.02926491927815, "r2_depth": 0, "r_mono": 1.0}, "sqrt": {"cov_gene": 19.801570648490493, "r2_depth": 0.8163116342674489, "r_mono": 1.0}, "log1p": {"cov_gene": 3.5855270982551635, "r2_depth": 0.800122847375821, "r_mono": 1.0}, "log1pCP10k": {"cov_gene": 3.265100966990157, "r2_depth": 0.33227259980971025, "r_mono": 1.0}, "log1pCPM": {"cov_gene": 1.7088804178510455, "r2_depth": 0.6326661254701647, "r_mono": 1.0}, "scalelog1pCP10k": {"cov_gene": 1.0123656066841492e-13, "r2_depth": 0.31555904079770025, "r_mono": 0.3200145502526605}, "sctransform": {"cov_gene": 1.0859362441676732, "r2_depth": 0.5732977915923003, "r_mono": 0.20185905047592184}, "log1pPF": {"cov_gene": 3.6276444808830797, "r2_depth": 0.2978942840085206, "r_mono": 1.0}, "PFlog1pPF": {"cov_gene": 7.196032361652779, "r2_depth": 0, "r_mono": 1.0}}