{"ncells": 9240, "ngenes": 60623, "nvals": 17861129, "avg_per_cell": 7673.07683982684, "avg_per_gene": 1169.5104168384937, "min_cell": 329, "max_cell": 50112, "total_count": 70899230, "overdispersion": 1.7727098528006393, "raw": {"cov_gene": 65.79289659454984, "cov_cell": 1.1443591924698542, "r2_depth": 1.0, "r_mono": 1}, "PF": {"cov_gene": 59.151490661184056, "cov_cell": 2.6644651552058925e-14, "r2_depth": 0, "r_mono": 1}, "log1p": {"cov_gene": 5.149872407638565, "cov_cell": 0.9754522053392409, "r2_depth": 0.9587046921370839, "r_mono": 1}, "log1pPF": {"cov_gene": 4.569268301256303, "cov_cell": 0.4585406142817211, "r2_depth": 0.7366166856553884, "r_mono": 1}, "PFlog1pPF": {"cov_gene": 5.579286517508289, "cov_cell": 2.4071793930583318e-14, "r2_depth": 0, "r_mono": 1}, "log1pCPM": {"cov_gene": 2.796889968885911, "cov_cell": 0.7723453651532427, "r2_depth": 0.8861387510450724, "r_mono": 1}, "log1pCP10k": {"cov_gene": 4.374269010275811, "cov_cell": 0.4902163928602127, "r2_depth": 0.7493836854503348, "r_mono": 1}, "sqrt": {"cov_gene": 10.740730456198309, "cov_cell": 0.9797329075160098, "r2_depth": 0.9652335153051439, "r_mono": 1}, "density": 0.03188596108816157}