{"raw": {"cov_gene": 42.93207033330651, "r2_depth": 1.0, "r_mono": 1.0}, "PF": {"cov_gene": 38.61610031032918, "r2_depth": 0, "r_mono": 1.0}, "sqrt": {"cov_gene": 6.97172064597849, "r2_depth": 0.9651995778845517, "r_mono": 1.0}, "log1p": {"cov_gene": 3.276176645613136, "r2_depth": 0.9586628180177972, "r_mono": 1.0}, "log1pCP10k": {"cov_gene": 2.753984844880174, "r2_depth": 0.7494276657338514, "r_mono": 1.0}, "log1pCPM": {"cov_gene": 1.6630387173988992, "r2_depth": 0.886057923143829, "r_mono": 1.0}, "scalelog1pCP10k": {"cov_gene": 1.3781606642579786e-13, "r2_depth": 0.6814836128362186, "r_mono": 0.36986508435637216}, "sctransform": {"cov_gene": 0.6560983011248043, "r2_depth": 0.9043213899961191, "r_mono": 0.1597574752991961}, "log1pPF": {"cov_gene": 2.885840662763623, "r2_depth": 0.7366603895614567, "r_mono": 1.0}, "PFlog1pPF": {"cov_gene": 3.56239694280897, "r2_depth": 0, "r_mono": 1.0}}