{
    "raw": {
        "cov_gene": 87.62371351328005,
        "r2_depth": 1.0,
        "r_mono": 1.0
    },
    "PF": {
        "cov_gene": 44.868453934898334,
        "r2_depth": 0,
        "r_mono": 1.0
    },
    "sqrt": {
        "cov_gene": 12.807913101252705,
        "r2_depth": 0.9619981648601442,
        "r_mono": 1.0
    },
    "log1p": {
        "cov_gene": 3.919432809131147,
        "r2_depth": 0.9584793054299018,
        "r_mono": 1.0
    },
    "log1pCP10k": {
        "cov_gene": 3.1107450695504135,
        "r2_depth": 0.7418721620718755,
        "r_mono": 1.0
    },
    "log1pCPM": {
        "cov_gene": 2.053833240859866,
        "r2_depth": 0.8989421388625121,
        "r_mono": 1.0
    },
    "scalelog1pCP10k": {
        "cov_gene": 1.8751947654599526e-13,
        "r2_depth": 0.6809936292938897,
        "r_mono": 0.2349694546182694
    },
    "sctransform": {
        "cov_gene": 0.7463017493148814,
        "r2_depth": 0.6635088467166043,
        "r_mono": 0.17098028852307492
    },
    "log1pPF": {
        "cov_gene": 3.83248359752825,
        "r2_depth": 0.5879960678378258,
        "r_mono": 1.0
    },
    "PFlog1pPF": {
        "cov_gene": 4.533985063361196,
        "r2_depth": 0,
        "r_mono": 1.0
    },
    "ncells": "11939",
    "ngenes": 23995,
    "avg_per_cell": "2176.15",
    "avg_per_gene": "1082.77",
    "min_cell": "99",
    "max_cell": "32737",
    "overdispersion": "10.14"
}