{
  "ncells": 7037,
  "ngenes": 60623,
  "nvals": 10031393,
  "density": 0.023514528229362737,
  "total_counts": 46068408,
  "overdispersion": 3.945106945001809,
  "avg_per_cell": 6546.59769788262,
  "avg_per_gene": 759.9163353842602,
  "max_cell": 64054,
  "min_cell": 77,
  "raw": {
    "cov_gene": 136.95879342802723,
    "cov_cell": 1.3908244052193783,
    "r2_depth": 1,
    "r_mono": 1
  },
  "PF": {
    "cov_gene": 81.57472602306346,
    "cov_cell": 2.3159185971802852e-14,
    "r2_depth": 0,
    "r_mono": 1
  },
  "sqrt": {
    "cov_gene": 19.8450409534234,
    "cov_cell": 1.2135337720019772,
    "r2_depth": 0.9488901524277233,
    "r_mono": 1
  },
  "log1p": {
    "cov_gene": 5.8125962206035044,
    "cov_cell": 1.2092685567051484,
    "r2_depth": 0.9429145591819513,
    "r_mono": 1
  },
  "log1pCP10k": {
    "cov_gene": 5.92191838124877,
    "cov_cell": 0.7557081805662056,
    "r2_depth": 0.6582340271348702,
    "r_mono": 1
  },
  "log1pCPM": {
    "cov_gene": 3.0772204738050806,
    "cov_cell": 1.0111282038380105,
    "r2_depth": 0.8475803578188488,
    "r_mono": 1
  },
  "log1pPF": {
    "cov_gene": 6.527255649638147,
    "cov_cell": 0.7105591655999569,
    "r2_depth": 0.6285964207674928,
    "r_mono": 1
  },
  "PFlog1pPF": {
    "cov_gene": 13.36722599312665,
    "cov_cell": 1.5090612962234943e-14,
    "r2_depth": 0,
    "r_mono": 1
  }
}
