{
  "ncells": 8175,
  "ngenes": 27571,
  "nvals": 13668434,
  "density": 0.06064269319899904,
  "total_counts": 37395789,
  "overdispersion": 0.9802832671714973,
  "avg_per_cell": 4574.408440366972,
  "avg_per_gene": 1356.3450364513437,
  "max_cell": 44937,
  "min_cell": 187,
  "raw": {
    "cov_gene": 85.90401370881877,
    "cov_cell": 0.9671119447566792,
    "r2_depth": 1,
    "r_mono": 1
  },
  "PF": {
    "cov_gene": 86.16041192865896,
    "cov_cell": 1.880239709281761e-14,
    "r2_depth": 0,
    "r_mono": 1
  },
  "sqrt": {
    "cov_gene": 6.257917242508633,
    "cov_cell": 0.8541051449838686,
    "r2_depth": 0.9803574437260986,
    "r_mono": 1
  },
  "log1p": {
    "cov_gene": 3.0598529442724622,
    "cov_cell": 0.8550102212095698,
    "r2_depth": 0.9786552353086707,
    "r_mono": 1
  },
  "log1pCP10k": {
    "cov_gene": 2.3390772736861805,
    "cov_cell": 0.5033472386526632,
    "r2_depth": 0.7634588907130729,
    "r_mono": 1
  },
  "log1pCPM": {
    "cov_gene": 1.544565660752045,
    "cov_cell": 0.6984792301294389,
    "r2_depth": 0.9160915156349084,
    "r_mono": 1
  },
  "scalelog1pCP10k": {
    "cov_gene": 1.179372668121403e-13,
    "cov_cell": null,
    "r2_depth": 0.7769840465050679,
    "r_mono": 0.35641384128326165
  },
  "sctransform": {
    "cov_gene": 1.0346803927235075,
    "cov_cell": null,
    "r2_depth": 0.6702974436620328,
    "r_mono": 0.20552196674509188
  },
  "log1pPF": {
    "cov_gene": 2.760208775701908,
    "cov_cell": 0.43378083819525026,
    "r2_depth": 0.7122786283580191,
    "r_mono": 1
  },
  "PFlog1pPF": {
    "cov_gene": 3.8741444472118527,
    "cov_cell": 1.9281976878494883e-14,
    "r2_depth": 0,
    "r_mono": 1
  }
}
