{"ncells": 6670, "ngenes": 60623, "nvals": 2547751, "avg_per_cell": 666.3017991004498, "avg_per_gene": 73.30935453540735, "min_cell": 98, "max_cell": 7999, "total_count": 4444233, "overdispersion": 1.166443210333043, "raw": {"cov_gene": 58.66003663197959, "cov_cell": 0.8135149249683956, "r2_depth": 1.0, "r_mono": 1}, "PF": {"cov_gene": 75.9051782267963, "cov_cell": 5.065397529737335e-15, "r2_depth": 0, "r_mono": 1}, "log1p": {"cov_gene": 7.993506692622745, "cov_cell": 0.7204876713473501, "r2_depth": 0.9698112484825285, "r_mono": 1}, "log1pPF": {"cov_gene": 8.039957517380547, "cov_cell": 0.25898671499919973, "r2_depth": 0.5518314419646437, "r_mono": 1}, "PFlog1pPF": {"cov_gene": 10.66955441194171, "cov_cell": 4.181035704390429e-15, "r2_depth": 0, "r_mono": 1}, "log1pCPM": {"cov_gene": 4.379504180157275, "cov_cell": 0.5611078255272798, "r2_depth": 0.9001074542566154, "r_mono": 1}, "log1pCP10k": {"cov_gene": 5.074143995489836, "cov_cell": 0.43544269476463415, "r2_depth": 0.7877387355550827, "r_mono": 1}, "sqrt": {"cov_gene": 8.757909929345026, "cov_cell": 0.7130805851608042, "r2_depth": 0.9710925375365557, "r_mono": 1}, "density": 0.0063007713931662246}