{
    "raw": {
        "cov_gene": 31.072705589680112,
        "r2_depth": 1.0,
        "r_mono": 1.0
    },
    "PF": {
        "cov_gene": 40.145155456863286,
        "r2_depth": 0,
        "r_mono": 1.0
    },
    "sqrt": {
        "cov_gene": 4.58899882715717,
        "r2_depth": 0.9707943440289837,
        "r_mono": 1.0
    },
    "log1p": {
        "cov_gene": 4.172018871087992,
        "r2_depth": 0.9694931436796422,
        "r_mono": 1.0
    },
    "log1pCP10k": {
        "cov_gene": 2.573048921977223,
        "r2_depth": 0.7874725250012462,
        "r_mono": 1.0
    },
    "log1pCPM": {
        "cov_gene": 2.182123715534422,
        "r2_depth": 0.8992922325103947,
        "r_mono": 1.0
    },
    "scalelog1pCP10k": {
        "cov_gene": 9.86095272699403e-14,
        "r2_depth": 0.7704541090729249,
        "r_mono": 0.23999338374451348
    },
    "sctransform": {
        "cov_gene": 0.8845782996525655,
        "r2_depth": 0.11669311158178097,
        "r_mono": 0.1850827065453379
    },
    "log1pPF": {
        "cov_gene": 4.1998983126933025,
        "r2_depth": 0.5521386623415727,
        "r_mono": 1.0
    },
    "PFlog1pPF": {
        "cov_gene": 5.616975616685891,
        "r2_depth": 0,
        "r_mono": 1.0
    },
    "ncells": 6670,
    "ngenes": 16993,
    "avg_per_cell": 663.32,
    "avg_per_gene": 260.36,
    "min_cell": 94.0,
    "max_cell": 7953.0,
    "overdispersion": 1.17
}