{"ncells": 84, "ngenes": 60623, "nvals": 9131, "avg_per_cell": 209.9404761904762, "avg_per_gene": 0.29089619451363347, "min_cell": 69, "max_cell": 449, "total_count": 17635, "overdispersion": 0.3189054662645829, "raw": {"cov_gene": 154.63953809238177, "cov_cell": 0.3307710190434355, "r2_depth": 1.0, "r_mono": 1}, "PF": {"cov_gene": 127.9459554661203, "cov_cell": 2.0644766054752814e-15, "r2_depth": 0, "r_mono": 1}, "log1p": {"cov_gene": 11.428530638964807, "cov_cell": 0.33097085106215524, "r2_depth": 0.7368911176191795, "r_mono": 1}, "log1pPF": {"cov_gene": 11.21023058581665, "cov_cell": 0.18153970788417143, "r2_depth": 0.17473842222241742, "r_mono": 1}, "PFlog1pPF": {"cov_gene": 14.730055348545642, "cov_cell": 1.7138009013537608e-15, "r2_depth": 0, "r_mono": 1}, "log1pCPM": {"cov_gene": 6.821494921289702, "cov_cell": 0.30408029273991427, "r2_depth": 0.6055280952035855, "r_mono": 1}, "log1pCP10k": {"cov_gene": 7.154168634408284, "cov_cell": 0.272135308044265, "r2_depth": 0.5277393723896604, "r_mono": 1}, "sqrt": {"cov_gene": 14.146294716801291, "cov_cell": 0.32632098505937746, "r2_depth": 0.7591897586878564, "r_mono": 1}, "density": 0.0017930881175854205}