{"raw": {"cov_gene": 12.044508447407646, "r2_depth": 1.0, "r_mono": 1.0}, "PF": {"cov_gene": 9.133525395774123, "r2_depth": 0, "r_mono": 1.0}, "sqrt": {"cov_gene": 1.7792367720166182, "r2_depth": 0.6673093119067945, "r_mono": 1.0}, "log1p": {"cov_gene": 1.2798972680015137, "r2_depth": 0.6140485532744968, "r_mono": 1.0}, "log1pCP10k": {"cov_gene": 0.6121080374935256, "r2_depth": 0.3339789065505435, "r_mono": 1.0}, "log1pCPM": {"cov_gene": 0.5622797766572352, "r2_depth": 0.41434308821027577, "r_mono": 1.0}, "scalelog1pCP10k": {"cov_gene": 1.3008288882676108e-15, "r2_depth": 0.3284227656323011, "r_mono": 0.5988642137992201}, "sctransform": {"cov_gene": 0.3570157100761087, "r2_depth": 0.020549709039933584, "r_mono": 0.4718422658405593}, "log1pPF": {"cov_gene": 1.2021199773865268, "r2_depth": 0.04541984029851198, "r_mono": 1.0}, "PFlog1pPF": {"cov_gene": 1.5796321966940419, "r2_depth": 0, "r_mono": 1.0}}