{"raw": {"cov_gene": 12.044508447407646, "r2_depth": 1.0, "r_mono": 1.0, "cov_cell": 0.360024349988257}, "PF": {"cov_gene": 9.133525395774123, "r2_depth": 0, "r_mono": 1.0, "cov_cell": 6.30230835216819e-16}, "sqrt": {"cov_gene": 1.7792367720166182, "r2_depth": 0.6673093119067945, "r_mono": 1.0, "cov_cell": 0.30511485621714185}, "log1p": {"cov_gene": 1.2798972680015137, "r2_depth": 0.6140485532744968, "r_mono": 1.0, "cov_cell": 0.31100999158429243}, "log1pCP10k": {"cov_gene": 0.6121080374935256, "r2_depth": 0.3339789065505435, "r_mono": 1.0, "cov_cell": 0.2577862487275238}, "log1pCPM": {"cov_gene": 0.5622797766572352, "r2_depth": 0.41434308821027577, "r_mono": 1.0, "cov_cell": 0.2820911903967751}, "scalelog1pCP10k": {"cov_gene": 1.3008288882676108e-15, "r2_depth": 0.3284227656323011, "r_mono": 0.5988642137992201, "cov_cell": null}, "sctransform": {"cov_gene": 0.3570157100761087, "r2_depth": 0.020549709039933584, "r_mono": 0.4718422658405593, "cov_cell": null}, "log1pPF": {"cov_gene": 1.2021199773865268, "r2_depth": 0.04541984029851198, "r_mono": 1.0, "cov_cell": 0.18399726273396202}, "PFlog1pPF": {"cov_gene": 1.5796321966940419, "r2_depth": 0, "r_mono": 1.0, "cov_cell": 7.021870051440993e-16}, "ncells": 84, "ngenes": 331, "avg_per_cell": 150.94, "avg_per_gene": 38.31, "min_cell": 40.0, "max_cell": 365.0, "overdispersion": 0.32, "total_count": 12679, "nvals": 4448, "sparsity": 0.1599769817292476}