{
  "ncells": 2945,
  "ngenes": 60623,
  "nvals": 184262,
  "density": 0.001032079275777904,
  "total_counts": 419111,
  "overdispersion": 0.8901052937057881,
  "avg_per_cell": 142.31273344651953,
  "avg_per_gene": 6.913399204922224,
  "max_cell": 990,
  "min_cell": 66,
  "raw": {
    "cov_gene": 75.78296545950832,
    "cov_cell": 0.7469706410954899,
    "r2_depth": 1,
    "r_mono": 1
  },
  "PF": {
    "cov_gene": 51.88823396623086,
    "cov_cell": 5.174484851251146e-16,
    "r2_depth": 0,
    "r_mono": 1
  },
  "sqrt": {
    "cov_gene": 20.917761606629004,
    "cov_cell": 0.5199517025038982,
    "r2_depth": 0.9427362562727766,
    "r_mono": 1
  },
  "log1p": {
    "cov_gene": 20.335295773487992,
    "cov_cell": 0.5203679158970704,
    "r2_depth": 0.9375439966482257,
    "r_mono": 1
  },
  "log1pCP10k": {
    "cov_gene": 14.865910461110756,
    "cov_cell": 0.30306997540033537,
    "r2_depth": 0.7263874837190323,
    "r_mono": 1
  },
  "log1pCPM": {
    "cov_gene": 14.318799669245793,
    "cov_cell": 0.36158636294025454,
    "r2_depth": 0.7905355047498375,
    "r_mono": 1
  },
  "log1pPF": {
    "cov_gene": 19.611563372381873,
    "cov_cell": 0.1409631676650069,
    "r2_depth": 0.37289805624150907,
    "r_mono": 1
  },
  "PFlog1pPF": {
    "cov_gene": 21.163970175048007,
    "cov_cell": 6.27273654733717e-16,
    "r2_depth": 0,
    "r_mono": 1
  }
}
