{"raw": {"cov_gene": 22.787953337748906, "r2_depth": 1.0, "r_mono": 1.0}, "PF": {"cov_gene": 54.05895293017707, "r2_depth": 0, "r_mono": 1.0}, "sqrt": {"cov_gene": 3.48089205860515, "r2_depth": 0.9543905983847855, "r_mono": 1.0}, "log1p": {"cov_gene": 1.4646128621669423, "r2_depth": 0.9437310779286401, "r_mono": 1.0}, "log1pCP10k": {"cov_gene": 1.7470347211223631, "r2_depth": 0.5866667530932961, "r_mono": 1.0}, "log1pCPM": {"cov_gene": 0.8797632386386195, "r2_depth": 0.7882736480611947, "r_mono": 1.0}, "scalelog1pCP10k": {"cov_gene": 2.94920553789652e-14, "r2_depth": 0.5211154773270821, "r_mono": 0.5610795137521608}, "sctransform": {"cov_gene": 0.48103543614506183, "r2_depth": 0.6923333589105917, "r_mono": 0.046643245795695926}, "log1pPF": {"cov_gene": 1.208883966296144, "r2_depth": 0.6498742616435235, "r_mono": 1.0}, "PFlog1pPF": {"cov_gene": 7.029902973280048, "r2_depth": 0, "r_mono": 1.0}}