{"ncells": 2378, "ngenes": 57905, "nvals": 13167099, "avg_per_cell": 33442.077796467616, "avg_per_gene": 1373.3746826698903, "min_cell": 2083, "max_cell": 98397, "total_count": 79525261, "overdispersion": 0.13576917064296357, "raw": {"cov_gene": 38.43234588607649, "cov_cell": 0.5576995474812034, "r2_depth": 1.0, "r_mono": 1}, "PF": {"cov_gene": 91.12605790257966, "cov_cell": 5.4887610081094984e-14, "r2_depth": 0, "r_mono": 1}, "log1p": {"cov_gene": 2.814584643709301, "cov_cell": 0.47108418182793643, "r2_depth": 0.9437669861193737, "r_mono": 1}, "log1pPF": {"cov_gene": 2.4448964112905642, "cov_cell": 0.2622453474774894, "r2_depth": 0.6497777203335243, "r_mono": 1}, "PFlog1pPF": {"cov_gene": 11.9252194653222, "cov_cell": 4.2358141298791445e-14, "r2_depth": 0, "r_mono": 1}, "log1pCPM": {"cov_gene": 2.005308229660386, "cov_cell": 0.32741623216189925, "r2_depth": 0.7883648196904944, "r_mono": 1}, "log1pCP10k": {"cov_gene": 3.2397965023232915, "cov_cell": 0.23635756763299823, "r2_depth": 0.5865113319052091, "r_mono": 1}, "sqrt": {"cov_gene": 6.017737594807345, "cov_cell": 0.47170802932561057, "r2_depth": 0.9544195519196843, "r_mono": 1}, "density": 0.09562296034752552}