{
  "ncells": 10774,
  "ngenes": 60623,
  "nvals": 530173,
  "density": 0.0008117143268851752,
  "total_counts": 919373,
  "overdispersion": 4.08717435213426,
  "avg_per_cell": 85.33255986634491,
  "avg_per_gene": 15.165415766293322,
  "max_cell": 2485,
  "min_cell": 10,
  "raw": {
    "cov_gene": 115.16182730329783,
    "cov_cell": 1.198765471032469,
    "r2_depth": 1,
    "r_mono": 1
  },
  "PF": {
    "cov_gene": 96.66693004844485,
    "cov_cell": 1.0038951808387963e-15,
    "r2_depth": 0,
    "r_mono": 1
  },
  "sqrt": {
    "cov_gene": 17.903595149198683,
    "cov_cell": 1.1223706485983482,
    "r2_depth": 0.924088741909024,
    "r_mono": 1
  },
  "log1p": {
    "cov_gene": 13.964400788743069,
    "cov_cell": 1.1293120392679248,
    "r2_depth": 0.9173698831480823,
    "r_mono": 1
  },
  "log1pCP10k": {
    "cov_gene": 7.452409121094063,
    "cov_cell": 0.7941024621945479,
    "r2_depth": 0.7990039804561501,
    "r_mono": 1
  },
  "log1pCPM": {
    "cov_gene": 6.732525030432873,
    "cov_cell": 0.9412772306921536,
    "r2_depth": 0.8590150931950645,
    "r_mono": 1
  },
  "log1pPF": {
    "cov_gene": 15.31046990008168,
    "cov_cell": 0.35579910053833924,
    "r2_depth": 0.3789641021067871,
    "r_mono": 1
  },
  "PFlog1pPF": {
    "cov_gene": 53.92941545030854,
    "cov_cell": 7.298223609575412e-16,
    "r2_depth": 0,
    "r_mono": 1
  }
}
