{
  "ncells": 1870,
  "ngenes": 60623,
  "nvals": 626608,
  "density": 0.00552734922353908,
  "total_counts": 3721878,
  "overdispersion": 1.8024619114732434,
  "avg_per_cell": 1990.3090909090909,
  "avg_per_gene": 61.39382742523465,
  "max_cell": 14047,
  "min_cell": 366,
  "raw": {
    "cov_gene": 238.97134443482722,
    "cov_cell": 0.9034138897784215,
    "r2_depth": 1,
    "r_mono": 1
  },
  "PF": {
    "cov_gene": 224.79354513854102,
    "cov_cell": 4.898610206712003e-15,
    "r2_depth": 0,
    "r_mono": 1
  },
  "sqrt": {
    "cov_gene": 115.89312085007222,
    "cov_cell": 0.9406624763863465,
    "r2_depth": 0.4117327200552702,
    "r_mono": 1
  },
  "log1p": {
    "cov_gene": 14.42585568170869,
    "cov_cell": 0.9755550928618285,
    "r2_depth": 0.36659648912661114,
    "r_mono": 1
  },
  "log1pCP10k": {
    "cov_gene": 6.899571691502805,
    "cov_cell": 0.6161093437970705,
    "r2_depth": 0.01202827167129994,
    "r_mono": 1
  },
  "log1pCPM": {
    "cov_gene": 4.959988559300966,
    "cov_cell": 0.7517899800306335,
    "r2_depth": 0.18329953811184774,
    "r_mono": 1
  },
  "log1pPF": {
    "cov_gene": 11.445920627009874,
    "cov_cell": 0.5846218625086245,
    "r2_depth": 0.014975747435099551,
    "r_mono": 1
  },
  "PFlog1pPF": {
    "cov_gene": 128.17434236584774,
    "cov_cell": 4.5074809846972575e-15,
    "r2_depth": 0,
    "r_mono": 1
  }
}
