{
  "ncells": 853,
  "ngenes": 60623,
  "nvals": 1353148,
  "density": 0.026167295853938954,
  "total_counts": 3726034,
  "overdispersion": 0.122805093551825,
  "avg_per_cell": 4368.152403282532,
  "avg_per_gene": 61.46238226415717,
  "max_cell": 20713,
  "min_cell": 2554,
  "raw": {
    "cov_gene": 155.16865478468375,
    "cov_cell": 0.35998609722711417,
    "r2_depth": 1,
    "r_mono": 1
  },
  "PF": {
    "cov_gene": 113.42123296743566,
    "cov_cell": 1.5495568091128675e-14,
    "r2_depth": 0,
    "r_mono": 1
  },
  "sqrt": {
    "cov_gene": 4.173519377534922,
    "cov_cell": 0.24718238326028869,
    "r2_depth": 0.8544543875021161,
    "r_mono": 1
  },
  "log1p": {
    "cov_gene": 3.135619591875826,
    "cov_cell": 0.242997966892879,
    "r2_depth": 0.8332081036948733,
    "r_mono": 1
  },
  "log1pCP10k": {
    "cov_gene": 2.7913832415159767,
    "cov_cell": 0.09792671484193012,
    "r2_depth": 0.24314604680475882,
    "r_mono": 1
  },
  "log1pCPM": {
    "cov_gene": 2.433821983813339,
    "cov_cell": 0.17038760856438687,
    "r2_depth": 0.6544948016358753,
    "r_mono": 1
  },
  "log1pPF": {
    "cov_gene": 3.102027962772764,
    "cov_cell": 0.08259045838350046,
    "r2_depth": 0.11023653092924268,
    "r_mono": 1
  },
  "PFlog1pPF": {
    "cov_gene": 7.344590036055045,
    "cov_cell": 1.6247708672646418e-14,
    "r2_depth": 0,
    "r_mono": 1
  }
}
