{
  "ncells": 4000,
  "ngenes": 60623,
  "nvals": 8771297,
  "density": 0.03617149019349092,
  "total_counts": 26889181,
  "overdispersion": 0.9680819281096179,
  "avg_per_cell": 6722.29525,
  "avg_per_gene": 443.547514969566,
  "max_cell": 53382,
  "min_cell": 1597,
  "raw": {
    "cov_gene": 50.28790717458883,
    "cov_cell": 0.7981888273701898,
    "r2_depth": 1,
    "r_mono": 1
  },
  "PF": {
    "cov_gene": 100.95548639407374,
    "cov_cell": 2.5383733418966808e-14,
    "r2_depth": 0,
    "r_mono": 1
  },
  "sqrt": {
    "cov_gene": 6.309306654076452,
    "cov_cell": 0.5843818028793158,
    "r2_depth": 0.9604725954623076,
    "r_mono": 1
  },
  "log1p": {
    "cov_gene": 3.675279955949288,
    "cov_cell": 0.5827706993070066,
    "r2_depth": 0.9536409185660922,
    "r_mono": 1
  },
  "log1pCP10k": {
    "cov_gene": 2.9713462307130176,
    "cov_cell": 0.1863829508851525,
    "r2_depth": 0.5106971565451535,
    "r_mono": 1
  },
  "log1pCPM": {
    "cov_gene": 2.4158016000616027,
    "cov_cell": 0.37116302113342936,
    "r2_depth": 0.8376099210386887,
    "r_mono": 1
  },
  "log1pPF": {
    "cov_gene": 3.1671597658803305,
    "cov_cell": 0.1661131444154517,
    "r2_depth": 0.4355562729640895,
    "r_mono": 1
  },
  "PFlog1pPF": {
    "cov_gene": 5.974363485414993,
    "cov_cell": 1.976039519150645e-14,
    "r2_depth": 0,
    "r_mono": 1
  }
}
