{
  "ncells": 133,
  "ngenes": 60623,
  "nvals": 321281,
  "density": 0.03984703192750859,
  "total_counts": 1361885,
  "overdispersion": 1.7379802509313453,
  "avg_per_cell": 10239.736842105263,
  "avg_per_gene": 22.464823581808883,
  "max_cell": 34417,
  "min_cell": 932,
  "raw": {
    "cov_gene": 138.03463312585285,
    "cov_cell": 0.8472213513461765,
    "r2_depth": 1,
    "r_mono": 1
  },
  "PF": {
    "cov_gene": 84.31483104392302,
    "cov_cell": 3.156953745285889e-14,
    "r2_depth": 0,
    "r_mono": 1
  },
  "sqrt": {
    "cov_gene": 14.75693799791534,
    "cov_cell": 0.8263886384241277,
    "r2_depth": 0.9354282319222841,
    "r_mono": 1
  },
  "log1p": {
    "cov_gene": 4.584500985235842,
    "cov_cell": 0.8362636740516343,
    "r2_depth": 0.9271455719643179,
    "r_mono": 1
  },
  "log1pCP10k": {
    "cov_gene": 4.41540118475233,
    "cov_cell": 0.5766314016654255,
    "r2_depth": 0.5518570677237749,
    "r_mono": 1
  },
  "log1pCPM": {
    "cov_gene": 2.4252661146934806,
    "cov_cell": 0.7156668102101811,
    "r2_depth": 0.8026022482328294,
    "r_mono": 1
  },
  "log1pPF": {
    "cov_gene": 4.381280928460203,
    "cov_cell": 0.5776808995914509,
    "r2_depth": 0.5540527293816095,
    "r_mono": 1
  },
  "PFlog1pPF": {
    "cov_gene": 35.91113676616688,
    "cov_cell": 2.6142266056629026e-14,
    "r2_depth": 0,
    "r_mono": 1
  }
}
