{
    "raw": {
        "cov_gene": 11.978737487050536,
        "r2_depth": 1.0,
        "r_mono": 1.0
    },
    "PF": {
        "cov_gene": 5.253052818984729,
        "r2_depth": 0,
        "r_mono": 1.0
    },
    "sqrt": {
        "cov_gene": 2.4386611823469897,
        "r2_depth": 0.9773424881590065,
        "r_mono": 1.0
    },
    "log1p": {
        "cov_gene": 2.6724543185482528,
        "r2_depth": 0.9787373460788105,
        "r_mono": 1.0
    },
    "log1pCP10k": {
        "cov_gene": 2.0735276038734174,
        "r2_depth": 0.9163535352080449,
        "r_mono": 1.0
    },
    "log1pCPM": {
        "cov_gene": 2.0070339537755584,
        "r2_depth": 0.9408780432619614,
        "r_mono": 1.0
    },
    "scalelog1pCP10k": {
        "cov_gene": 6.850034853712423e-14,
        "r2_depth": 0.8601054822814667,
        "r_mono": 0.26852392907659106
    },
    "sctransform": {
        "cov_gene": 0.5077049082209398,
        "r2_depth": 0.011353614649374011,
        "r_mono": 0.23555821966465013
    },
    "log1pPF": {
        "cov_gene": 2.6171637609063008,
        "r2_depth": 0.7264946828438561,
        "r_mono": 1.0
    },
    "PFlog1pPF": {
        "cov_gene": 2.7252466065571364,
        "r2_depth": 0,
        "r_mono": 1.0
    },
    "ncells": 4532,
    "ngenes": 4300,
    "avg_per_cell": 150.27,
    "avg_per_gene": 158.38,
    "min_cell": 31.0,
    "max_cell": 724.0,
    "overdispersion": 0.29
}