{"ncells": 12531, "ngenes": 60623, "nvals": 19302558, "avg_per_cell": 4931.9027212512965, "avg_per_gene": 1019.4426702736586, "min_cell": 205, "max_cell": 50011, "total_count": 61801673, "overdispersion": 2.022247748007974, "raw": {"cov_gene": 61.24777401763181, "cov_cell": 0.8103492991500238, "r2_depth": 1.0, "r_mono": 1}, "PF": {"cov_gene": 74.12222054790037, "cov_cell": 1.7418045726000242e-14, "r2_depth": 0, "r_mono": 1}, "log1p": {"cov_gene": 5.06466383853313, "cov_cell": 0.6849297523282506, "r2_depth": 0.9520642838092644, "r_mono": 1}, "log1pPF": {"cov_gene": 4.657971310687542, "cov_cell": 0.3549044793347456, "r2_depth": 0.548116373341961, "r_mono": 1}, "PFlog1pPF": {"cov_gene": 18.22225488790059, "cov_cell": 1.677311394086444e-14, "r2_depth": 0, "r_mono": 1}, "log1pCPM": {"cov_gene": 2.7121986231482857, "cov_cell": 0.5418521199901175, "r2_depth": 0.8517522934775975, "r_mono": 1}, "log1pCP10k": {"cov_gene": 3.860263539083013, "cov_cell": 0.39283868150831985, "r2_depth": 0.623921466153643, "r_mono": 1}, "sqrt": {"cov_gene": 8.854694105348072, "cov_cell": 0.6850472450469107, "r2_depth": 0.9575949668473053, "r_mono": 1}, "density": 0.025409242143634356}