{
  "ncells": 4822,
  "ngenes": 60623,
  "nvals": 8883306,
  "density": 0.03038855098730722,
  "total_counts": 26983322,
  "overdispersion": 1.1114499523748538,
  "avg_per_cell": 5595.877644131066,
  "avg_per_gene": 445.1004074361216,
  "max_cell": 57735,
  "min_cell": 623,
  "raw": {
    "cov_gene": 49.15199259191037,
    "cov_cell": 0.9314499831516286,
    "r2_depth": 1,
    "r_mono": 1
  },
  "PF": {
    "cov_gene": 127.52269995321491,
    "cov_cell": 2.1120214477778576e-14,
    "r2_depth": 0,
    "r_mono": 1
  },
  "sqrt": {
    "cov_gene": 7.219311915295621,
    "cov_cell": 0.7129616584954127,
    "r2_depth": 0.9628185084015398,
    "r_mono": 1
  },
  "log1p": {
    "cov_gene": 4.2663212585400085,
    "cov_cell": 0.7121680284638296,
    "r2_depth": 0.957297204720459,
    "r_mono": 1
  },
  "log1pCP10k": {
    "cov_gene": 3.226440202387739,
    "cov_cell": 0.27185181964869864,
    "r2_depth": 0.5843555997383016,
    "r_mono": 1
  },
  "log1pCPM": {
    "cov_gene": 2.5520890105000382,
    "cov_cell": 0.48247394580839403,
    "r2_depth": 0.8510285280852969,
    "r_mono": 1
  },
  "log1pPF": {
    "cov_gene": 3.5562508016579275,
    "cov_cell": 0.23351122835352509,
    "r2_depth": 0.49861524235671806,
    "r_mono": 1
  },
  "PFlog1pPF": {
    "cov_gene": 16.570817855837827,
    "cov_cell": 2.1202496026799535e-14,
    "r2_depth": 0,
    "r_mono": 1
  }
}
