{
  "ncells": 15247,
  "ngenes": 60623,
  "nvals": 19789315,
  "density": 0.021409618917002302,
  "total_counts": 76621808,
  "overdispersion": 1.8219395999592436,
  "avg_per_cell": 5025.369449727816,
  "avg_per_gene": 1263.9065701136533,
  "max_cell": 39154,
  "min_cell": 80,
  "raw": {
    "cov_gene": 111.5117333011969,
    "cov_cell": 1.181766495743954,
    "r2_depth": 1,
    "r_mono": 1
  },
  "PF": {
    "cov_gene": 95.18937697386974,
    "cov_cell": 1.6393929851062158e-14,
    "r2_depth": 0,
    "r_mono": 1
  },
  "sqrt": {
    "cov_gene": 17.387840216165714,
    "cov_cell": 1.0633163398431398,
    "r2_depth": 0.9785144947304129,
    "r_mono": 1
  },
  "log1p": {
    "cov_gene": 6.124557362950074,
    "cov_cell": 1.061445824751371,
    "r2_depth": 0.9750467528550084,
    "r_mono": 1
  },
  "log1pCP10k": {
    "cov_gene": 5.37116719825055,
    "cov_cell": 0.6548976564377695,
    "r2_depth": 0.7956647366841841,
    "r_mono": 1
  },
  "log1pCPM": {
    "cov_gene": 3.1351122167084835,
    "cov_cell": 0.8906439445479564,
    "r2_depth": 0.9201139276899619,
    "r_mono": 1
  },
  "log1pPF": {
    "cov_gene": 6.185733364276021,
    "cov_cell": 0.5802709390405508,
    "r2_depth": 0.7552689640237702,
    "r_mono": 1
  },
  "PFlog1pPF": {
    "cov_gene": 9.2883780807392,
    "cov_cell": 1.4150485991014582e-14,
    "r2_depth": 0,
    "r_mono": 1
  }
}
