{
  "ncells": 2028,
  "ngenes": 60623,
  "nvals": 3372905,
  "density": 0.02743460643578522,
  "total_counts": 11361476,
  "overdispersion": 0.1745776297676908,
  "avg_per_cell": 5602.305719921104,
  "avg_per_gene": 187.41197235372712,
  "max_cell": 18056,
  "min_cell": 2833,
  "raw": {
    "cov_gene": 70.1824967862277,
    "cov_cell": 0.31360067404333547,
    "r2_depth": 1,
    "r_mono": 1
  },
  "PF": {
    "cov_gene": 81.25367452979471,
    "cov_cell": 1.785652139973987e-14,
    "r2_depth": 0,
    "r_mono": 1
  },
  "sqrt": {
    "cov_gene": 5.407330062163364,
    "cov_cell": 0.24992885077458632,
    "r2_depth": 0.8452160417283806,
    "r_mono": 1
  },
  "log1p": {
    "cov_gene": 3.567807727307448,
    "cov_cell": 0.2501882394310952,
    "r2_depth": 0.7990971884000424,
    "r_mono": 1
  },
  "log1pCP10k": {
    "cov_gene": 3.058369573404019,
    "cov_cell": 0.12449158173144424,
    "r2_depth": 0.1683400409491016,
    "r_mono": 1
  },
  "log1pCPM": {
    "cov_gene": 2.420897712700521,
    "cov_cell": 0.18832432005343122,
    "r2_depth": 0.6051063227473266,
    "r_mono": 1
  },
  "log1pPF": {
    "cov_gene": 3.5024720999161434,
    "cov_cell": 0.1160709278520456,
    "r2_depth": 0.08684264396976249,
    "r_mono": 1
  },
  "PFlog1pPF": {
    "cov_gene": 4.295868965677694,
    "cov_cell": 1.8081887284837183e-14,
    "r2_depth": 0,
    "r_mono": 1
  }
}
