{"ncells": 1378, "ngenes": 60623, "nvals": 592378, "density": 0.007091078275842512, "avg_per_cell": 901.1894049346879, "avg_per_gene": 20.484618049255232, "min_cell": 596, "max_cell": 6268, "total_count": 1241839, "overdispersion": 2.073272399589211, "log1pCP10k": {"cov_gene": 3.8032169523598123, "cov_cell": 0.3124012463289092, "r2_depth": 0.15498336801471202, "r_mono": 1}, "log1p": {"cov_gene": 5.4675205722239895, "cov_cell": 0.45029967373348995, "r2_depth": 0.4593444608492364, "r_mono": 1}, "log1pPF": {"cov_gene": 5.3191048178753055, "cov_cell": 0.2593283639304903, "r2_depth": 0.00889491107098217, "r_mono": 1}, "PFlog1pPF": {"cov_gene": 14.939950052089745, "cov_cell": 5.5547039172212905e-15, "r2_depth": 0, "r_mono": 1}, "log1pCPM": {"cov_gene": 3.5406695373203427, "cov_cell": 0.37989361196472193, "r2_depth": 0.32706363210735423, "r_mono": 1}, "PF": {"cov_gene": 224.75100100070964, "cov_cell": 7.453284977309143e-15, "r2_depth": 0, "r_mono": 1}, "raw": {"cov_gene": 222.28548970071284, "cov_cell": 0.4547696635069513, "r2_depth": 1, "r_mono": 1}, "sqrt": {"cov_gene": 26.417904383179273, "cov_cell": 0.4390334008134641, "r2_depth": 0.48248651686304656, "r_mono": 1}}