{"raw": {"cov_gene": 49.513231043335345, "r2_depth": 1.0, "r_mono": 1.0}, "PF": {"cov_gene": 43.22004218064108, "r2_depth": 0, "r_mono": 1.0}, "sqrt": {"cov_gene": 2.5286525397538844, "r2_depth": 0.9091118491462198, "r_mono": 1.0}, "log1p": {"cov_gene": 1.620736591626045, "r2_depth": 0.8989243858621659, "r_mono": 1.0}, "log1pCP10k": {"cov_gene": 1.343344279518325, "r2_depth": 0.4094300751324411, "r_mono": 1.0}, "log1pCPM": {"cov_gene": 1.0972767750279666, "r2_depth": 0.7245370915927671, "r_mono": 1.0}, "scalelog1pCP10k": {"cov_gene": 2.5443768877892416e-14, "r2_depth": 0.483381320885408, "r_mono": 0.4911665439902358}, "sctransform": {"cov_gene": 0.6117035808262489, "r2_depth": 0.058428949409848, "r_mono": 0.33739170459214696}, "log1pPF": {"cov_gene": 1.6079702243875675, "r2_depth": 0.2833325716384192, "r_mono": 1.0}, "PFlog1pPF": {"cov_gene": 1.6920901428337245, "r2_depth": 0, "r_mono": 1.0}}