{
  "ncells": 6286,
  "ngenes": 27671,
  "nvals": 13633608,
  "density": 0.07838113928841609,
  "total_counts": 49451438,
  "overdispersion": 0.92,
  "avg_per_cell": 7866.92,
  "avg_per_gene": 1787.12,
  "max_cell": 45137,
  "min_cell": 158,
  "raw": {
    "cov_gene": 26.572189644833077,
    "r2_depth": 1,
    "r_mono": 1,
    "cov_cell": 0.840038061817189
  },
  "PF": {
    "cov_gene": 36.6027488423511,
    "r2_depth": 0,
    "r_mono": 1,
    "cov_cell": 3.4026993298247154e-14
  },
  "sqrt": {
    "cov_gene": 5.012239214383377,
    "r2_depth": 0.9694403680854677,
    "r_mono": 1,
    "cov_cell": 0.7090296836055393
  },
  "log1p": {
    "cov_gene": 2.7394052695406383,
    "r2_depth": 0.9647262188907093,
    "r_mono": 1,
    "cov_cell": 0.704074435867223
  },
  "log1pCP10k": {
    "cov_gene": 2.381599489178664,
    "r2_depth": 0.6281325788943513,
    "r_mono": 1,
    "cov_cell": 0.37002746337995457
  },
  "log1pCPM": {
    "cov_gene": 1.4123433354082715,
    "r2_depth": 0.8769385147839417,
    "r_mono": 1,
    "cov_cell": 0.5541465727626491
  },
  "scalelog1pCP10k": {
    "cov_gene": 8.896151703511191e-14,
    "r2_depth": 0.629541307557491,
    "r_mono": 0.3989210059866443,
    "cov_cell": null
  },
  "sctransform": {
    "cov_gene": 1.0713386130807745,
    "r2_depth": 0.5953506136442233,
    "r_mono": 0.2464585695899838,
    "cov_cell": null
  },
  "log1pPF": {
    "cov_gene": 2.55110765366415,
    "r2_depth": 0.6019988872767545,
    "r_mono": 1,
    "cov_cell": 0.35492188361499966
  },
  "PFlog1pPF": {
    "cov_gene": 7.508053046741428,
    "r2_depth": 0,
    "r_mono": 1,
    "cov_cell": 2.4827310852084915e-14
  }
}
