{
  "ncells": 84,
  "ngenes": 80,
  "nvals": 4009,
  "density": 0.596577380952381,
  "total_counts": 1020913,
  "overdispersion": 0.04814114358132734,
  "avg_per_cell": 12153.72619047619,
  "avg_per_gene": 12761.4125,
  "max_cell": 21127,
  "min_cell": 4337,
  "raw": {
    "cov_gene": 3.870742307818874,
    "cov_cell": 0.24551068091978254,
    "r2_depth": 1,
    "r_mono": 1
  },
  "PF": {
    "cov_gene": 3.7292309875378153,
    "cov_cell": 2.3209017865457254e-16,
    "r2_depth": 0,
    "r_mono": 1
  },
  "sqrt": {
    "cov_gene": 2.0615285702295023,
    "cov_cell": 0.15270796663559869,
    "r2_depth": 0.9855184088477621,
    "r_mono": 1
  },
  "log1p": {
    "cov_gene": 0.7528030276976775,
    "cov_cell": 0.10793467082542045,
    "r2_depth": 0.9183094985208299,
    "r_mono": 1
  },
  "log1pCP10k": {
    "cov_gene": 0.9140993929139328,
    "cov_cell": 0.04506739644936238,
    "r2_depth": 0.6017324617105523,
    "r_mono": 1
  },
  "log1pCPM": {
    "cov_gene": 1.032375641344352,
    "cov_cell": 0.0646293451658642,
    "r2_depth": 0.6286137862803656,
    "r_mono": 1
  },
  "log1pPF": {
    "cov_gene": 0.9152959749785644,
    "cov_cell": 0.046038526836863054,
    "r2_depth": 0.6016423144748773,
    "r_mono": 1
  },
  "PFlog1pPF": {
    "cov_gene": 0.8331876698734995,
    "cov_cell": 2.6173342078698434e-16,
    "r2_depth": 0,
    "r_mono": 1
  }
}
