{"ncells": 2212, "ngenes": 60623, "nvals": 15219136, "avg_per_cell": 37180.64421338156, "avg_per_gene": 1356.63997162793, "min_cell": 16288, "max_cell": 134720, "total_count": 82243585, "overdispersion": 1.8985858088250676, "raw": {"cov_gene": 131.77232827059075, "cov_cell": 0.37305782444819124, "r2_depth": 1.0, "r_mono": 1}, "PF": {"cov_gene": 138.38826760874417, "cov_cell": 4.648811884779329e-14, "r2_depth": 0, "r_mono": 1}, "log1p": {"cov_gene": 2.359263652059722, "cov_cell": 0.23869723401843057, "r2_depth": 0.8652793136817092, "r_mono": 1}, "log1pPF": {"cov_gene": 2.345425852937051, "cov_cell": 0.090746518407857, "r2_depth": 0.21434157738245208, "r_mono": 1}, "PFlog1pPF": {"cov_gene": 2.3183175193690206, "cov_cell": 3.726335476911346e-14, "r2_depth": 0, "r_mono": 1}, "log1pCPM": {"cov_gene": 1.7568243741785639, "cov_cell": 0.13803556357709637, "r2_depth": 0.49595742872658977, "r_mono": 1}, "log1pCP10k": {"cov_gene": 3.257686001606363, "cov_cell": 0.07163318883250777, "r2_depth": 0.10590358176697146, "r_mono": 1}, "sqrt": {"cov_gene": 5.570323564261231, "cov_cell": 0.24882615871855912, "r2_depth": 0.9003780676958423, "r_mono": 1}, "density": 0.11349257538937396}