{
  "ncells": 15628,
  "ngenes": 60623,
  "nvals": 1204660,
  "density": 0.0012715213694393865,
  "total_counts": 3571748,
  "overdispersion": 216.12257039407677,
  "avg_per_cell": 228.54799078576914,
  "avg_per_gene": 58.917374593801036,
  "max_cell": 58977,
  "min_cell": 41,
  "raw": {
    "cov_gene": 91.16918527236105,
    "cov_cell": 8.158980553467574,
    "r2_depth": 1,
    "r_mono": 1
  },
  "PF": {
    "cov_gene": 22.266877958660068,
    "cov_cell": 3.024408570292135e-15,
    "r2_depth": 0,
    "r_mono": 1
  },
  "sqrt": {
    "cov_gene": 12.72613808630053,
    "cov_cell": 5.382663811420807,
    "r2_depth": 0.9564011439908934,
    "r_mono": 1
  },
  "log1p": {
    "cov_gene": 7.523244905149696,
    "cov_cell": 5.338655126802497,
    "r2_depth": 0.9500425764192839,
    "r_mono": 1
  },
  "log1pCP10k": {
    "cov_gene": 8.633821729633356,
    "cov_cell": 1.0936520013484827,
    "r2_depth": 0.6889899682383336,
    "r_mono": 1
  },
  "log1pCPM": {
    "cov_gene": 7.409348600316045,
    "cov_cell": 2.52825161273097,
    "r2_depth": 0.8676540793478145,
    "r_mono": 1
  },
  "log1pPF": {
    "cov_gene": 10.28753685478128,
    "cov_cell": 0.23993201443025738,
    "r2_depth": 0.2499917889587171,
    "r_mono": 1
  },
  "PFlog1pPF": {
    "cov_gene": 10.970864807631884,
    "cov_cell": 2.041926719630973e-15,
    "r2_depth": 0,
    "r_mono": 1
  }
}
