{
  "ncells": 6814,
  "ngenes": 20611,
  "nvals": 2537577,
  "density": 0.018068330951424016,
  "total_counts": 4772051,
  "overdispersion": 3.8188313284255413,
  "avg_per_cell": 700.3303492808923,
  "avg_per_gene": 231.52932899907816,
  "max_cell": 7250,
  "min_cell": 1,
  "raw": {
    "cov_gene": 134.47454493117206,
    "cov_cell": 0.618924411988908,
    "r2_depth": 1,
    "r_mono": 1
  },
  "PF": {
    "cov_gene": 92.7164026052393,
    "cov_cell": 6.2361845380632505e-15,
    "r2_depth": 0,
    "r_mono": 1
  },
  "sqrt": {
    "cov_gene": 13.290745259461396,
    "cov_cell": 0.4837733614176205,
    "r2_depth": 0.7082806296815138,
    "r_mono": 1
  },
  "log1p": {
    "cov_gene": 3.518307143256432,
    "cov_cell": 0.4863065995258425,
    "r2_depth": 0.6874901585450208,
    "r_mono": 1
  },
  "log1pCP10k": {
    "cov_gene": 2.2472350708725943,
    "cov_cell": 0.30428895644530723,
    "r2_depth": 0.407727486821035,
    "r_mono": 1
  },
  "log1pCPM": {
    "cov_gene": 2.043777869413358,
    "cov_cell": 0.39282054415261286,
    "r2_depth": 0.5905658461879526,
    "r_mono": 1
  },
  "scalelog1pCP10k": {
    "cov_gene": 1.0031898859739567e-13,
    "cov_cell": null,
    "r2_depth": 0.4424292619129454,
    "r_mono": 0.21806803861942978
  },
  "sctransform": {
    "cov_gene": 1.2116227798728105,
    "cov_cell": null,
    "r2_depth": 0.2337515120238337,
    "r_mono": 0.1889581274401583
  },
  "log1pPF": {
    "cov_gene": 3.334297527745773,
    "cov_cell": 0.2123220784617018,
    "r2_depth": 0.0570893504151232,
    "r_mono": 1
  },
  "PFlog1pPF": {
    "cov_gene": 67.30985434630075,
    "cov_cell": 4.174105992398256e-15,
    "r2_depth": 0,
    "r_mono": 1
  }
}
