{
  "ncells": 1270,
  "ngenes": 17489,
  "nvals": 1511216,
  "density": 0.06803898783622371,
  "total_counts": 3330815,
  "overdispersion": 0.63,
  "avg_per_cell": 2622.69,
  "avg_per_gene": 190.45,
  "max_cell": 19856,
  "min_cell": 724,
  "raw": {
    "cov_gene": 32.67224560251552,
    "r2_depth": 1,
    "r_mono": 1,
    "cov_cell": 0.509077544576924
  },
  "PF": {
    "cov_gene": 52.49401642955721,
    "r2_depth": 0,
    "r_mono": 1,
    "cov_cell": 1.4036356927577328e-14
  },
  "sqrt": {
    "cov_gene": 2.908017828245988,
    "r2_depth": 0.9747441170447759,
    "r_mono": 1,
    "cov_cell": 0.4171412306296144
  },
  "log1p": {
    "cov_gene": 2.216923066629666,
    "r2_depth": 0.972689409331389,
    "r_mono": 1,
    "cov_cell": 0.4156804840957643
  },
  "log1pCP10k": {
    "cov_gene": 1.5805144666283923,
    "r2_depth": 0.784597601749253,
    "r_mono": 1,
    "cov_cell": 0.1930945289256051
  },
  "log1pCPM": {
    "cov_gene": 1.2690146066833567,
    "r2_depth": 0.9099072799070435,
    "r_mono": 1,
    "cov_cell": 0.31123748130833573
  },
  "scalelog1pCP10k": {
    "cov_gene": 1.8130996764084625e-14,
    "r2_depth": 0.7040505028736332,
    "r_mono": 0.4018002251410286,
    "cov_cell": null
  },
  "sctransform": {
    "cov_gene": 0.43645264298492625,
    "r2_depth": 0.24411123671761736,
    "r_mono": 0.296320668053464,
    "cov_cell": null
  },
  "log1pPF": {
    "cov_gene": 2.121331226196189,
    "r2_depth": 0.6681367983475945,
    "r_mono": 1,
    "cov_cell": 0.12736578557090403
  },
  "PFlog1pPF": {
    "cov_gene": 2.1760206185433586,
    "r2_depth": 0,
    "r_mono": 1,
    "cov_cell": 1.2952036981116183e-14
  }
}
