{
  "ncells": 12211,
  "ngenes": 60623,
  "nvals": 15283577,
  "density": 0.020646020486328204,
  "total_counts": 37123283,
  "overdispersion": 0.41180232790262217,
  "avg_per_cell": 3040.150929489804,
  "avg_per_gene": 612.3630140375765,
  "max_cell": 27128,
  "min_cell": 174,
  "raw": {
    "cov_gene": 143.3885986355873,
    "cov_cell": 0.5535881056891717,
    "r2_depth": 1,
    "r_mono": 1
  },
  "PF": {
    "cov_gene": 94.97010800919058,
    "cov_cell": 1.583245779673721e-14,
    "r2_depth": 0,
    "r_mono": 1
  },
  "sqrt": {
    "cov_gene": 5.949721809991839,
    "cov_cell": 0.4485342028471694,
    "r2_depth": 0.9560894397357705,
    "r_mono": 1
  },
  "log1p": {
    "cov_gene": 4.587347694973736,
    "cov_cell": 0.4471990071301599,
    "r2_depth": 0.9526677096185404,
    "r_mono": 1
  },
  "log1pCP10k": {
    "cov_gene": 3.4672207133895516,
    "cov_cell": 0.2391312701524111,
    "r2_depth": 0.6963206801035546,
    "r_mono": 1
  },
  "log1pCPM": {
    "cov_gene": 2.9488434900308023,
    "cov_cell": 0.3442578167741699,
    "r2_depth": 0.8776113775738605,
    "r_mono": 1
  },
  "log1pPF": {
    "cov_gene": 4.262304340964992,
    "cov_cell": 0.18638184165153174,
    "r2_depth": 0.571241461581982,
    "r_mono": 1
  },
  "PFlog1pPF": {
    "cov_gene": 5.067061985803285,
    "cov_cell": 1.1407984859693395e-14,
    "r2_depth": 0,
    "r_mono": 1
  }
}
