{
  "ncells": 2700,
  "ngenes": 32738,
  "nvals": 2286884,
  "density": 0.025871894253591363,
  "total_counts": 6390631,
  "overdispersion": 0.3931754488406694,
  "avg_per_cell": 2366.90037037037,
  "avg_per_gene": 195.20529659722646,
  "max_cell": 15844,
  "min_cell": 548,
  "raw": {
    "cov_gene": 30.95789854852477,
    "cov_cell": 0.4622329819266361,
    "r2_depth": 1,
    "r_mono": 1
  },
  "PF": {
    "cov_gene": 32.5036049695284,
    "cov_cell": 8.445825140549437e-15,
    "r2_depth": 0,
    "r_mono": 1
  },
  "sqrt": {
    "cov_gene": 5.009822337283768,
    "cov_cell": 0.3650559668135582,
    "r2_depth": 0.961132318300523,
    "r_mono": 1
  },
  "log1p": {
    "cov_gene": 3.8548580198415965,
    "cov_cell": 0.3612248114794711,
    "r2_depth": 0.9536856767330479,
    "r_mono": 1
  },
  "log1pCP10k": {
    "cov_gene": 2.823829610011772,
    "cov_cell": 0.16852722985420884,
    "r2_depth": 0.6764711046769332,
    "r_mono": 1
  },
  "log1pCPM": {
    "cov_gene": 2.4377276335942857,
    "cov_cell": 0.2668250102462857,
    "r2_depth": 0.8578311240274883,
    "r_mono": 1
  },
  "log1pPF": {
    "cov_gene": 3.6970223838646303,
    "cov_cell": 0.11455657101096864,
    "r2_depth": 0.49316947274439604,
    "r_mono": 1
  },
  "PFlog1pPF": {
    "cov_gene": 3.752808017887073,
    "cov_cell": 9.36083886864221e-15,
    "r2_depth": 0,
    "r_mono": 1
  }
}
