{
    "raw": {
        "cov_gene": 75.7159821235212,
        "r2_depth": 1.0,
        "r_mono": 1.0
    },
    "PF": {
        "cov_gene": 48.96924647423044,
        "r2_depth": 0,
        "r_mono": 1.0
    },
    "sqrt": {
        "cov_gene": 4.443254956370363,
        "r2_depth": 0.9091964462847356,
        "r_mono": 1.0
    },
    "log1p": {
        "cov_gene": 2.458886453373762,
        "r2_depth": 0.8918454770066042,
        "r_mono": 1.0
    },
    "log1pCP10k": {
        "cov_gene": 2.4925733309734115,
        "r2_depth": 0.40519791875700184,
        "r_mono": 1.0
    },
    "log1pCPM": {
        "cov_gene": 1.53239414520831,
        "r2_depth": 0.6217511120518187,
        "r_mono": 1.0
    },
    "scalelog1pCP10k": {
        "cov_gene": 1.149228825661611e-13,
        "r2_depth": 0.3167174780503158,
        "r_mono": 0.3518523018882899
    },
    "sctransform": {
        "cov_gene": 0.8510595148325965,
        "r2_depth": 0.575793295701553,
        "r_mono": 0.12851408905018047
    },
    "log1pPF": {
        "cov_gene": 2.5583027261531357,
        "r2_depth": 0.3983747212698031,
        "r_mono": 1.0
    },
    "PFlog1pPF": {
        "cov_gene": 3.669400730438985,
        "r2_depth": 0,
        "r_mono": 1.0
    },
    "ncells": "7899",
    "ngenes": 37475,
    "avg_per_cell": "8698.09",
    "avg_per_gene": "1833.39",
    "min_cell": "367",
    "max_cell": "188288",
    "overdispersion": "18.49"
}