{
  "ncells": 23013,
  "ngenes": 60623,
  "nvals": 22658681,
  "density": 0.01624141874272878,
  "total_counts": 87984942,
  "overdispersion": 0.5418684629164052,
  "avg_per_cell": 3823.2712814496153,
  "avg_per_gene": 1451.3458918232354,
  "max_cell": 47239,
  "min_cell": 10,
  "raw": {
    "cov_gene": 107.2856395902295,
    "cov_cell": 1.1052193453995254,
    "r2_depth": 1,
    "r_mono": 1
  },
  "PF": {
    "cov_gene": 140.60703409339186,
    "cov_cell": 2.1514209259346663e-14,
    "r2_depth": 0,
    "r_mono": 1
  },
  "sqrt": {
    "cov_gene": 13.778658630094974,
    "cov_cell": 1.1885794141456187,
    "r2_depth": 0.955520058311049,
    "r_mono": 1
  },
  "log1p": {
    "cov_gene": 5.55431286751899,
    "cov_cell": 1.2187245798556057,
    "r2_depth": 0.9501370681010876,
    "r_mono": 1
  },
  "log1pCP10k": {
    "cov_gene": 4.569173538700085,
    "cov_cell": 0.7539530442223922,
    "r2_depth": 0.7020915414925462,
    "r_mono": 1
  },
  "log1pCPM": {
    "cov_gene": 3.058602596623045,
    "cov_cell": 1.018878565624515,
    "r2_depth": 0.8783765971425193,
    "r_mono": 1
  },
  "log1pPF": {
    "cov_gene": 5.75905285437896,
    "cov_cell": 0.6631546232146515,
    "r2_depth": 0.6150730467020917,
    "r_mono": 1
  },
  "PFlog1pPF": {
    "cov_gene": 28.552221565795865,
    "cov_cell": 1.491328750859807e-14,
    "r2_depth": 0,
    "r_mono": 1
  }
}
