{
  "ncells": 7899,
  "ngenes": 60623,
  "nvals": 20010994,
  "density": 0.04178872529245053,
  "total_counts": 68722931,
  "overdispersion": 18.486344136989004,
  "avg_per_cell": 8700.206481833144,
  "avg_per_gene": 1133.6115170809758,
  "max_cell": 188299,
  "min_cell": 367,
  "raw": {
    "cov_gene": 96.30488808239808,
    "cov_cell": 1.7623664750677288,
    "r2_depth": 1,
    "r_mono": 1
  },
  "PF": {
    "cov_gene": 62.28792262231632,
    "cov_cell": 3.160296412444937e-14,
    "r2_depth": 0,
    "r_mono": 1
  },
  "sqrt": {
    "cov_gene": 5.703793224050612,
    "cov_cell": 1.2572174128202513,
    "r2_depth": 0.9091932517320681,
    "r_mono": 1
  },
  "log1p": {
    "cov_gene": 3.2234815631354428,
    "cov_cell": 1.2459590394228566,
    "r2_depth": 0.8918558665890047,
    "r_mono": 1
  },
  "log1pCP10k": {
    "cov_gene": 3.2650791313433998,
    "cov_cell": 0.556421556313008,
    "r2_depth": 0.4051383199466768,
    "r_mono": 1
  },
  "log1pCPM": {
    "cov_gene": 2.0995783580238294,
    "cov_cell": 0.8616554466071251,
    "r2_depth": 0.6217797373402032,
    "r_mono": 1
  },
  "log1pPF": {
    "cov_gene": 3.346164875696442,
    "cov_cell": 0.5402872366663094,
    "r2_depth": 0.398327479157603,
    "r_mono": 1
  },
  "PFlog1pPF": {
    "cov_gene": 4.731750420719613,
    "cov_cell": 2.45686955997384e-14,
    "r2_depth": 0,
    "r_mono": 1
  }
}
