{
  "ncells": 3800,
  "ngenes": 60623,
  "nvals": 6774883,
  "density": 0.029409035306210862,
  "total_counts": 23977612,
  "overdispersion": 8.386899031557522,
  "avg_per_cell": 6309.897894736842,
  "avg_per_gene": 395.5200501459842,
  "max_cell": 142012,
  "min_cell": 614,
  "raw": {
    "cov_gene": 156.93937365071739,
    "cov_cell": 1.6147696666700082,
    "r2_depth": 1,
    "r_mono": 1
  },
  "PF": {
    "cov_gene": 97.75119512484464,
    "cov_cell": 2.5852089692782047e-14,
    "r2_depth": 0,
    "r_mono": 1
  },
  "sqrt": {
    "cov_gene": 17.522804389334976,
    "cov_cell": 1.2617968598076903,
    "r2_depth": 0.9219812896545362,
    "r_mono": 1
  },
  "log1p": {
    "cov_gene": 3.729356081496031,
    "cov_cell": 1.269575365617047,
    "r2_depth": 0.909819121768212,
    "r_mono": 1
  },
  "log1pCP10k": {
    "cov_gene": 3.5805113713930785,
    "cov_cell": 0.4598308110130834,
    "r2_depth": 0.4498017799458315,
    "r_mono": 1
  },
  "log1pCPM": {
    "cov_gene": 2.260952883638354,
    "cov_cell": 0.7986928966382963,
    "r2_depth": 0.7284399228684748,
    "r_mono": 1
  },
  "log1pPF": {
    "cov_gene": 4.0652055042148945,
    "cov_cell": 0.41781171246953613,
    "r2_depth": 0.4008299741229313,
    "r_mono": 1
  },
  "PFlog1pPF": {
    "cov_gene": 28.096523513916374,
    "cov_cell": 2.263063160071891e-14,
    "r2_depth": 0,
    "r_mono": 1
  }
}
