{
  "ncells": 5819,
  "ngenes": 23933,
  "nvals": 6522776,
  "density": 0.046836773165954415,
  "total_counts": 17463519,
  "overdispersion": 0.86,
  "avg_per_cell": 3001.12,
  "avg_per_gene": 729.68,
  "max_cell": 57654,
  "min_cell": 330,
  "raw": {
    "cov_gene": 52.06696444582155,
    "r2_depth": 1,
    "r_mono": 1,
    "cov_cell": 0.9439595655881361
  },
  "PF": {
    "cov_gene": 51.83052118523089,
    "r2_depth": 0,
    "r_mono": 1,
    "cov_cell": 1.4072088834297395e-14
  },
  "sqrt": {
    "cov_gene": 5.620765346091048,
    "r2_depth": 0.9354387617936936,
    "r_mono": 1,
    "cov_cell": 0.7555158233264265
  },
  "log1p": {
    "cov_gene": 3.1284398004274525,
    "r2_depth": 0.9282307296497467,
    "r_mono": 1,
    "cov_cell": 0.7531982425880895
  },
  "log1pCP10k": {
    "cov_gene": 2.2247829337343354,
    "r2_depth": 0.5471344566597107,
    "r_mono": 1,
    "cov_cell": 0.40932994932300926
  },
  "log1pCPM": {
    "cov_gene": 1.5901434458070571,
    "r2_depth": 0.7837985684800185,
    "r_mono": 1,
    "cov_cell": 0.5766464685564993
  },
  "scalelog1pCP10k": {
    "cov_gene": 8.281882010880326e-14,
    "r2_depth": 0.5545851365782526,
    "r_mono": 0.3239267751994585,
    "cov_cell": null
  },
  "sctransform": {
    "cov_gene": 0.7531707269254717,
    "r2_depth": 0.24450675006816058,
    "r_mono": 0.23338353292497196,
    "cov_cell": null
  },
  "log1pPF": {
    "cov_gene": 3.036153072952368,
    "r2_depth": 0.41618766301109655,
    "r_mono": 1,
    "cov_cell": 0.33890504470895705
  },
  "PFlog1pPF": {
    "cov_gene": 20.18563371715815,
    "r2_depth": 0,
    "r_mono": 1,
    "cov_cell": 1.3112005361702243e-14
  }
}
