{
  "ncells": 753,
  "ngenes": 60623,
  "nvals": 3640412,
  "density": 0.07974769458310904,
  "total_counts": 20183218,
  "overdispersion": 0.47668705715290816,
  "avg_per_cell": 26803.742363877824,
  "avg_per_gene": 332.9300430529667,
  "max_cell": 100990,
  "min_cell": 4526,
  "raw": {
    "cov_gene": 68.65585700669385,
    "cov_cell": 0.5612743696389914,
    "r2_depth": 1,
    "r_mono": 1
  },
  "PF": {
    "cov_gene": 142.41866933029866,
    "cov_cell": 5.268044162244574e-14,
    "r2_depth": 0,
    "r_mono": 1
  },
  "sqrt": {
    "cov_gene": 7.542043802351764,
    "cov_cell": 0.41465966064737475,
    "r2_depth": 0.8997585348613254,
    "r_mono": 1
  },
  "log1p": {
    "cov_gene": 2.4623754189778526,
    "cov_cell": 0.4147340090663252,
    "r2_depth": 0.8750317768196381,
    "r_mono": 1
  },
  "log1pCP10k": {
    "cov_gene": 2.982610890610982,
    "cov_cell": 0.15703355073637684,
    "r2_depth": 0.17488946929752924,
    "r_mono": 1
  },
  "log1pCPM": {
    "cov_gene": 1.8041062988064362,
    "cov_cell": 0.2673117659522533,
    "r2_depth": 0.651814052493936,
    "r_mono": 1
  },
  "log1pPF": {
    "cov_gene": 2.2918272504470343,
    "cov_cell": 0.17978180077065092,
    "r2_depth": 0.29753145287655913,
    "r_mono": 1
  },
  "PFlog1pPF": {
    "cov_gene": 7.548826347918741,
    "cov_cell": 3.8415139624985844e-14,
    "r2_depth": 0,
    "r_mono": 1
  }
}
