{"raw": {"cov_gene": 78.87916733211142, "r2_depth": 1.0, "r_mono": 1.0, "cov_cell": 0.5483263020017104}, "PF": {"cov_gene": 57.72541141667721, "r2_depth": 0, "r_mono": 1.0, "cov_cell": 2.096749032097707e-15}, "sqrt": {"cov_gene": 5.400653989081072, "r2_depth": 0.9179106389138931, "r_mono": 1.0, "cov_cell": 0.4839655790644788}, "log1p": {"cov_gene": 3.8377961096145676, "r2_depth": 0.9142870376653053, "r_mono": 1.0, "cov_cell": 0.487177998131581}, "log1pCP10k": {"cov_gene": 2.0914243070128795, "r2_depth": 0.7569859976944822, "r_mono": 1.0, "cov_cell": 0.3248003930589373}, "log1pCPM": {"cov_gene": 1.906603596145729, "r2_depth": 0.8357814722431843, "r_mono": 1.0, "cov_cell": 0.39964629101244287}, "scalelog1pCP10k": {"cov_gene": 4.563603297977016e-14, "r2_depth": 0.7558839160776886, "r_mono": 0.1969409786015394, "cov_cell": null}, "sctransform": {"cov_gene": null, "r2_depth": null, "r_mono": null, "cov_cell": null}, "log1pPF": {"cov_gene": 3.788217082059865, "r2_depth": 0.3480028518581336, "r_mono": 1.0, "cov_cell": 0.1757405606694908}, "PFlog1pPF": {"cov_gene": 49.931506532581835, "r2_depth": 0, "r_mono": 1.0, "cov_cell": 2.1582406790045337e-15}, "total_count": 956241, "nvals": 619542, "sparsity": 0.014285458340858918}