{
  "ncells": 73299,
  "ngenes": 24701,
  "nvals": 7448367,
  "density": 0.004113850280302361,
  "total_counts": 20074256,
  "overdispersion": 70.01,
  "avg_per_cell": 273.87,
  "avg_per_gene": 812.69,
  "max_cell": 52522,
  "min_cell": 12,
  "raw": {
    "cov_gene": 80.58760207581392,
    "r2_depth": 1,
    "r_mono": 1,
    "cov_cell": 5.715141155969303
  },
  "PF": {
    "cov_gene": 12.410168897100148,
    "r2_depth": 0,
    "r_mono": 1,
    "cov_cell": 4.209831019766546e-15
  },
  "sqrt": {
    "cov_gene": 10.863123039325304,
    "r2_depth": 0.9595833632645963,
    "r_mono": 1,
    "cov_cell": 4.310639726402031
  },
  "log1p": {
    "cov_gene": 5.5468903774982845,
    "r2_depth": 0.9551488153946361,
    "r_mono": 1,
    "cov_cell": 4.320934913721624
  },
  "log1pCP10k": {
    "cov_gene": 5.563772833517407,
    "r2_depth": 0.6749919656009754,
    "r_mono": 1,
    "cov_cell": 1.5434287614284086
  },
  "log1pCPM": {
    "cov_gene": 4.12580466771967,
    "r2_depth": 0.8455840835094655,
    "r_mono": 1,
    "cov_cell": 2.7153263555237936
  },
  "scalelog1pCP10k": {
    "cov_gene": 1.192366058073179e-12,
    "r2_depth": 0.6381643869655643,
    "r_mono": 0.07831850641437077,
    "cov_cell": null
  },
  "sctransform": {
    "cov_gene": 0.7827680312153299,
    "r2_depth": 0.5202703956560208,
    "r_mono": 0.0699494303402246,
    "cov_cell": null
  },
  "log1pPF": {
    "cov_gene": 6.5588623681301925,
    "r2_depth": 0.4408515203375043,
    "r_mono": 1,
    "cov_cell": 0.3550803383218004
  },
  "PFlog1pPF": {
    "cov_gene": 6.7142184707306365,
    "r2_depth": 0,
    "r_mono": 1,
    "cov_cell": 3.9583445020843254e-15
  }
}
