{"ncells": 69, "ngenes": 60623, "nvals": 107496, "avg_per_cell": 10012.31884057971, "avg_per_gene": 11.39583986275836, "min_cell": 848, "max_cell": 67217, "total_count": 690850, "overdispersion": 1.084599238670211, "raw": {"cov_gene": 87.57613548688296, "cov_cell": 1.3689084242556027, "r2_depth": 1.0, "r_mono": 1}, "PF": {"cov_gene": 115.68952712008277, "cov_cell": 3.765792174044477e-14, "r2_depth": 0, "r_mono": 1}, "log1p": {"cov_gene": 3.920720260001756, "cov_cell": 1.6327871194486763, "r2_depth": 0.8679256738242933, "r_mono": 1}, "log1pPF": {"cov_gene": 4.222118726068627, "cov_cell": 0.8219962558457614, "r2_depth": 0.40723267441488575, "r_mono": 1}, "PFlog1pPF": {"cov_gene": 17.824351982651205, "cov_cell": 1.902288508500772e-14, "r2_depth": 0, "r_mono": 1}, "log1pCPM": {"cov_gene": 2.623738770704983, "cov_cell": 1.1498839377648622, "r2_depth": 0.7307622826548109, "r_mono": 1}, "log1pCP10k": {"cov_gene": 4.223100443725082, "cov_cell": 0.8218874949625343, "r2_depth": 0.4070930830502585, "r_mono": 1}, "sqrt": {"cov_gene": 23.951739564759386, "cov_cell": 1.5674324405398596, "r2_depth": 0.8856472174659167, "r_mono": 1}, "density": 0.02569838251947711}