{
    "raw": {
        "cov_gene": 31.950703024083026,
        "r2_depth": 1.0,
        "r_mono": 1.0
    },
    "PF": {
        "cov_gene": 41.84910328232239,
        "r2_depth": 0,
        "r_mono": 1.0
    },
    "sqrt": {
        "cov_gene": 9.262082850951838,
        "r2_depth": 0.8772785974526573,
        "r_mono": 1.0
    },
    "log1p": {
        "cov_gene": 1.276406282397702,
        "r2_depth": 0.855998900530795,
        "r_mono": 1.0
    },
    "log1pCP10k": {
        "cov_gene": 1.415967734531177,
        "r2_depth": 0.40135824373575435,
        "r_mono": 1.0
    },
    "log1pCPM": {
        "cov_gene": 0.6619930474993176,
        "r2_depth": 0.7036796725254041,
        "r_mono": 1.0
    },
    "scalelog1pCP10k": {
        "cov_gene": 1.220739073774852e-15,
        "r2_depth": 0.49303562152775515,
        "r_mono": 0.46561196474532063
    },
    "sctransform": {
        "cov_gene": 0.34287917715157007,
        "r2_depth": 0.15658693491731457,
        "r_mono": 0.4353453093628551
    },
    "log1pPF": {
        "cov_gene": 1.4272881498186591,
        "r2_depth": 0.39775275394277554,
        "r_mono": 1.0
    },
    "PFlog1pPF": {
        "cov_gene": 6.676686908824489,
        "r2_depth": 0,
        "r_mono": 1.0
    },
    "ncells": "69",
    "ngenes": 8066,
    "avg_per_cell": "9678.26",
    "avg_per_gene": "82.79",
    "min_cell": "835",
    "max_cell": "64689",
    "overdispersion": "1.08"
}