{"ncells": 66, "ngenes": 60623, "nvals": 103582, "avg_per_cell": 4872.590909090909, "avg_per_gene": 5.304768817115616, "min_cell": 764, "max_cell": 22024, "total_count": 321591, "overdispersion": 1.6922591939404736, "raw": {"cov_gene": 125.8219918910645, "cov_cell": 1.1206624507225529, "r2_depth": 1.0, "r_mono": 1}, "PF": {"cov_gene": 94.64075452391015, "cov_cell": 2.3693590415141e-14, "r2_depth": 0, "r_mono": 1}, "log1p": {"cov_gene": 4.435934887678284, "cov_cell": 1.0724134031305566, "r2_depth": 0.9624458068739296, "r_mono": 1}, "log1pPF": {"cov_gene": 4.079124006088778, "cov_cell": 0.5046772885067676, "r2_depth": 0.5783644129470885, "r_mono": 1}, "PFlog1pPF": {"cov_gene": 15.857481743920962, "cov_cell": 1.9240899965181716e-14, "r2_depth": 0, "r_mono": 1}, "log1pCPM": {"cov_gene": 2.4923889689764356, "cov_cell": 0.8327344557319165, "r2_depth": 0.8766654579495793, "r_mono": 1}, "log1pCP10k": {"cov_gene": 3.535105121470398, "cov_cell": 0.5680709308824917, "r2_depth": 0.6611347834650231, "r_mono": 1}, "sqrt": {"cov_gene": 13.439282035347196, "cov_cell": 1.055157737198869, "r2_depth": 0.9656416083065745, "r_mono": 1}, "density": 0.025888264230147673}