{
    "raw": {
        "cov_gene": 43.86837992156736,
        "r2_depth": 1.0,
        "r_mono": 1.0
    },
    "PF": {
        "cov_gene": 32.70056530129107,
        "r2_depth": 0,
        "r_mono": 1.0
    },
    "sqrt": {
        "cov_gene": 5.203803445499348,
        "r2_depth": 0.962769316961121,
        "r_mono": 1.0
    },
    "log1p": {
        "cov_gene": 1.5110813471710731,
        "r2_depth": 0.9583028240202682,
        "r_mono": 1.0
    },
    "log1pCP10k": {
        "cov_gene": 1.0965782853169557,
        "r2_depth": 0.6717173817504556,
        "r_mono": 1.0
    },
    "log1pCPM": {
        "cov_gene": 0.5770326196275047,
        "r2_depth": 0.8676554687637481,
        "r_mono": 1.0
    },
    "scalelog1pCP10k": {
        "cov_gene": 1.0116487252336817e-15,
        "r2_depth": 0.7065161439123263,
        "r_mono": 0.5332877855790578
    },
    "sctransform": {
        "cov_gene": 0.7657381612491152,
        "r2_depth": 0.006968474412885839,
        "r_mono": 0.4785722904162869
    },
    "log1pPF": {
        "cov_gene": 1.3574382205084237,
        "r2_depth": 0.5858109418792575,
        "r_mono": 1.0
    },
    "PFlog1pPF": {
        "cov_gene": 5.851377742755974,
        "r2_depth": 0,
        "r_mono": 1.0
    },
    "ncells": "66",
    "ngenes": 7347,
    "avg_per_cell": "4520.36",
    "avg_per_gene": "40.61",
    "min_cell": "720",
    "max_cell": "20360",
    "overdispersion": "1.69"
}