{
  "ncells": 7362,
  "ngenes": 60623,
  "nvals": 6162146,
  "density": 0.013806981616934725,
  "total_counts": 18538652,
  "overdispersion": 4.577763954278411,
  "avg_per_cell": 2518.154305895137,
  "avg_per_gene": 305.80228626099006,
  "max_cell": 40666,
  "min_cell": 201,
  "raw": {
    "cov_gene": 124.04106056505422,
    "cov_cell": 1.8019156078288805,
    "r2_depth": 1,
    "r_mono": 1
  },
  "PF": {
    "cov_gene": 79.19752466146555,
    "cov_cell": 1.2919398210204788e-14,
    "r2_depth": 0,
    "r_mono": 1
  },
  "sqrt": {
    "cov_gene": 16.0193902117366,
    "cov_cell": 1.4835633537767072,
    "r2_depth": 0.9641843427430574,
    "r_mono": 1
  },
  "log1p": {
    "cov_gene": 5.7500097189818815,
    "cov_cell": 1.4780158326824917,
    "r2_depth": 0.9603365860144587,
    "r_mono": 1
  },
  "log1pCP10k": {
    "cov_gene": 5.125967058362299,
    "cov_cell": 0.7035818328151374,
    "r2_depth": 0.7323840419335004,
    "r_mono": 1
  },
  "log1pCPM": {
    "cov_gene": 3.360981353187041,
    "cov_cell": 1.1134933868522032,
    "r2_depth": 0.8745100938534733,
    "r_mono": 1
  },
  "log1pPF": {
    "cov_gene": 6.209047324522424,
    "cov_cell": 0.46469714472945545,
    "r2_depth": 0.6591331548868072,
    "r_mono": 1
  },
  "PFlog1pPF": {
    "cov_gene": 7.150819355226062,
    "cov_cell": 1.2001887690421533e-14,
    "r2_depth": 0,
    "r_mono": 1
  }
}
