{
    "raw": {
        "cov_gene": 69.33151507643036,
        "r2_depth": 1.0,
        "r_mono": 1.0
    },
    "PF": {
        "cov_gene": 55.229895860935585,
        "r2_depth": 0,
        "r_mono": 1.0
    },
    "sqrt": {
        "cov_gene": 10.613121602362579,
        "r2_depth": 0.9311858891927135,
        "r_mono": 1.0
    },
    "log1p": {
        "cov_gene": 3.5297855152028466,
        "r2_depth": 0.918029195602613,
        "r_mono": 1.0
    },
    "log1pCP10k": {
        "cov_gene": 3.803934531000524,
        "r2_depth": 0.5184828823382842,
        "r_mono": 1.0
    },
    "log1pCPM": {
        "cov_gene": 1.7653863542172201,
        "r2_depth": 0.7852698273830148,
        "r_mono": 1.0
    },
    "scalelog1pCP10k": {
        "cov_gene": 9.366540936473621e-14,
        "r2_depth": 0.42931911904561637,
        "r_mono": 0.3261934236832169
    },
    "sctransform": {
        "cov_gene": 1.5630127583776696,
        "r2_depth": 0.5571719838065257,
        "r_mono": 0.16252113670799573
    },
    "log1pPF": {
        "cov_gene": 3.6781322525780635,
        "r2_depth": 0.5294081487922302,
        "r_mono": 1.0
    },
    "PFlog1pPF": {
        "cov_gene": 8.40817211846102,
        "r2_depth": 0,
        "r_mono": 1.0
    },
    "ncells": "6100",
    "ngenes": 28479,
    "avg_per_cell": "11386.53",
    "avg_per_gene": "2438.91",
    "min_cell": "123",
    "max_cell": "80024",
    "overdispersion": "8.8"
}