{"raw": {"cov_gene": 40.44856794789855, "r2_depth": 1.0, "r_mono": 1.0}, "PF": {"cov_gene": 57.67974702352202, "r2_depth": 0, "r_mono": 1.0}, "sqrt": {"cov_gene": 3.8068612867706735, "r2_depth": 0.9603185453283736, "r_mono": 1.0}, "log1p": {"cov_gene": 2.430601871770294, "r2_depth": 0.9581686293604013, "r_mono": 1.0}, "log1pCP10k": {"cov_gene": 1.8070163085293804, "r2_depth": 0.6493280546539233, "r_mono": 1.0}, "log1pCPM": {"cov_gene": 1.492055564565498, "r2_depth": 0.852886278775596, "r_mono": 1.0}, "scalelog1pCP10k": {"cov_gene": 7.473460026557585e-14, "r2_depth": 0.6208294926342817, "r_mono": 0.3403234053686929}, "sctransform": {"cov_gene": 0.5059337315668072, "r2_depth": 0.12526803579655688, "r_mono": 0.2649884783943175}, "log1pPF": {"cov_gene": 2.3031195501974504, "r2_depth": 0.5215789160740196, "r_mono": 1.0}, "PFlog1pPF": {"cov_gene": 2.585987105818205, "r2_depth": 0, "r_mono": 1.0}}