{"raw": {"cov_gene": 40.44856794789855, "r2_depth": 1.0, "r_mono": 1.0, "cov_cell": 0.8852666954587599}, "PF": {"cov_gene": 57.67974702352202, "r2_depth": 0, "r_mono": 1.0, "cov_cell": 1.8971402388805057e-14}, "sqrt": {"cov_gene": 3.8068612867706735, "r2_depth": 0.9603185453283736, "r_mono": 1.0, "cov_cell": 0.6762800662682847}, "log1p": {"cov_gene": 2.430601871770294, "r2_depth": 0.9581686293604013, "r_mono": 1.0, "cov_cell": 0.6771769134206358}, "log1pCP10k": {"cov_gene": 1.8070163085293804, "r2_depth": 0.6493280546539233, "r_mono": 1.0, "cov_cell": 0.2419891878228427}, "log1pCPM": {"cov_gene": 1.492055564565498, "r2_depth": 0.852886278775596, "r_mono": 1.0, "cov_cell": 0.4577680764240537}, "scalelog1pCP10k": {"cov_gene": 7.473460026557585e-14, "r2_depth": 0.6208294926342817, "r_mono": 0.3403234053686929, "cov_cell": null}, "sctransform": {"cov_gene": 0.5059337315668072, "r2_depth": 0.12526803579655688, "r_mono": 0.2649884783943175, "cov_cell": null}, "log1pPF": {"cov_gene": 2.3031195501974504, "r2_depth": 0.5215789160740196, "r_mono": 1.0, "cov_cell": 0.1566845123338467}, "PFlog1pPF": {"cov_gene": 2.585987105818205, "r2_depth": 0, "r_mono": 1.0, "cov_cell": 1.4788287502906954e-14}, "ncells": 5273, "ngenes": 25617, "avg_per_cell": 2829.31, "avg_per_gene": 582.38, "min_cell": 1085.0, "max_cell": 45705.0, "overdispersion": 0.37, "total_count": 14918937, "nvals": 6744385, "sparsity": 0.04992939620912563}