{
  "ncells": 17075,
  "ngenes": 60623,
  "nvals": 10345060,
  "density": 0.009993897188898222,
  "total_counts": 27517121,
  "overdispersion": 5.984860227360191,
  "avg_per_cell": 1611.544421669107,
  "avg_per_gene": 453.90562987644955,
  "max_cell": 20858,
  "min_cell": 87,
  "raw": {
    "cov_gene": 145.8195808078119,
    "cov_cell": 1.1977434634232949,
    "r2_depth": 1,
    "r_mono": 1
  },
  "PF": {
    "cov_gene": 123.30898889141993,
    "cov_cell": 9.87993443919758e-15,
    "r2_depth": 0,
    "r_mono": 1
  },
  "sqrt": {
    "cov_gene": 13.769039507006667,
    "cov_cell": 1.0991299382008177,
    "r2_depth": 0.9499730438654546,
    "r_mono": 1
  },
  "log1p": {
    "cov_gene": 8.169631715173741,
    "cov_cell": 1.0986886746386806,
    "r2_depth": 0.9451213555957494,
    "r_mono": 1
  },
  "log1pCP10k": {
    "cov_gene": 5.581799009693309,
    "cov_cell": 0.7330737512535407,
    "r2_depth": 0.7704540744905605,
    "r_mono": 1
  },
  "log1pCPM": {
    "cov_gene": 3.870133387231612,
    "cov_cell": 0.9294527298187562,
    "r2_depth": 0.8903548330865999,
    "r_mono": 1
  },
  "log1pPF": {
    "cov_gene": 8.08032449343975,
    "cov_cell": 0.5472303868202176,
    "r2_depth": 0.6302098025811624,
    "r_mono": 1
  },
  "PFlog1pPF": {
    "cov_gene": 18.228332941139335,
    "cov_cell": 9.831529550009925e-15,
    "r2_depth": 0,
    "r_mono": 1
  }
}
