{
  "ncells": 5203,
  "ngenes": 60623,
  "nvals": 3162212,
  "density": 0.010025354361658877,
  "total_counts": 7338829,
  "overdispersion": 1.221584300921919,
  "avg_per_cell": 1410.4995195079762,
  "avg_per_gene": 121.0568431123501,
  "max_cell": 17454,
  "min_cell": 391,
  "raw": {
    "cov_gene": 61.56181809182478,
    "cov_cell": 1.0997187355997706,
    "r2_depth": 1,
    "r_mono": 1
  },
  "PF": {
    "cov_gene": 59.152872361716305,
    "cov_cell": 8.170400198915381e-15,
    "r2_depth": 0,
    "r_mono": 1
  },
  "sqrt": {
    "cov_gene": 8.544285595303434,
    "cov_cell": 0.7429341577799197,
    "r2_depth": 0.9603246706056511,
    "r_mono": 1
  },
  "log1p": {
    "cov_gene": 6.355954436673941,
    "cov_cell": 0.7253590247079637,
    "r2_depth": 0.9540121931747049,
    "r_mono": 1
  },
  "log1pCP10k": {
    "cov_gene": 4.1193969399150845,
    "cov_cell": 0.2831943473016088,
    "r2_depth": 0.6502437563437284,
    "r_mono": 1
  },
  "log1pCPM": {
    "cov_gene": 3.5213829267615693,
    "cov_cell": 0.48818161003358246,
    "r2_depth": 0.8581476539574203,
    "r_mono": 1
  },
  "log1pPF": {
    "cov_gene": 5.563973577839557,
    "cov_cell": 0.1474707017898053,
    "r2_depth": 0.3772710347592918,
    "r_mono": 1
  },
  "PFlog1pPF": {
    "cov_gene": 6.0704901413407715,
    "cov_cell": 6.543130883132178e-15,
    "r2_depth": 0,
    "r_mono": 1
  }
}
