{
    "raw": {
        "cov_gene": 140.3394609861298,
        "r2_depth": 1.0,
        "r_mono": 1.0
    },
    "PF": {
        "cov_gene": 136.44339264961985,
        "r2_depth": 0,
        "r_mono": 1.0
    },
    "sqrt": {
        "cov_gene": 29.422708747032033,
        "r2_depth": 0.7075065454631813,
        "r_mono": 1.0
    },
    "log1p": {
        "cov_gene": 3.0932225546963794,
        "r2_depth": 0.6829956529418744,
        "r_mono": 1.0
    },
    "log1pCP10k": {
        "cov_gene": 2.1471894688407596,
        "r2_depth": 0.05235836748410139,
        "r_mono": 1.0
    },
    "log1pCPM": {
        "cov_gene": 1.5332747211374076,
        "r2_depth": 0.43217844684815243,
        "r_mono": 1.0
    },
    "scalelog1pCP10k": {
        "cov_gene": 8.731271278726932e-14,
        "r2_depth": 0.09216224921828564,
        "r_mono": 0.3266988325279564
    },
    "sctransform": {
        "cov_gene": 0.7886390725984193,
        "r2_depth": 0.08669243269229732,
        "r_mono": 0.2641969303017051
    },
    "log1pPF": {
        "cov_gene": 2.7841040912212724,
        "r2_depth": 0.009338291526218678,
        "r_mono": 1.0
    },
    "PFlog1pPF": {
        "cov_gene": 24.5193432464718,
        "r2_depth": 0,
        "r_mono": 1.0
    },
    "ncells": 6179,
    "ngenes": 26251,
    "avg_per_cell": 4544.75,
    "avg_per_gene": 1069.75,
    "min_cell": 1141.0,
    "max_cell": 47621.0,
    "overdispersion": 6.64
}