{
  "ncells": 982,
  "ngenes": 60623,
  "nvals": 785847,
  "density": 0.013200460674907351,
  "total_counts": 2051378,
  "overdispersion": 2.3136852342577092,
  "avg_per_cell": 2088.979633401222,
  "avg_per_gene": 33.83827920096333,
  "max_cell": 12082,
  "min_cell": 757,
  "raw": {
    "cov_gene": 220.9908033669875,
    "cov_cell": 0.5556041328758755,
    "r2_depth": 1,
    "r_mono": 1
  },
  "PF": {
    "cov_gene": 170.01157706025654,
    "cov_cell": 1.2492208488405596e-14,
    "r2_depth": 0,
    "r_mono": 1
  },
  "sqrt": {
    "cov_gene": 26.069911322692075,
    "cov_cell": 0.4772782960909714,
    "r2_depth": 0.702146343680434,
    "r_mono": 1
  },
  "log1p": {
    "cov_gene": 5.279324435634367,
    "cov_cell": 0.48283382740574776,
    "r2_depth": 0.6861170788652695,
    "r_mono": 1
  },
  "log1pCP10k": {
    "cov_gene": 3.442800609302989,
    "cov_cell": 0.30416114212120143,
    "r2_depth": 0.32920306707737745,
    "r_mono": 1
  },
  "log1pCPM": {
    "cov_gene": 2.808509171844772,
    "cov_cell": 0.40930257521448915,
    "r2_depth": 0.5787809394485398,
    "r_mono": 1
  },
  "log1pPF": {
    "cov_gene": 5.2682869478200365,
    "cov_cell": 0.24649861783693644,
    "r2_depth": 0.11407240373077254,
    "r_mono": 1
  },
  "PFlog1pPF": {
    "cov_gene": 19.210730312235157,
    "cov_cell": 9.196298576321704e-15,
    "r2_depth": 0,
    "r_mono": 1
  }
}
