{
    "raw": {
        "cov_gene": 91.155863593336,
        "r2_depth": 1.0,
        "r_mono": 1.0
    },
    "PF": {
        "cov_gene": 102.78003064797286,
        "r2_depth": 0,
        "r_mono": 1.0
    },
    "sqrt": {
        "cov_gene": 10.87599599064225,
        "r2_depth": 0.8121599566973207,
        "r_mono": 1.0
    },
    "log1p": {
        "cov_gene": 2.330273742505022,
        "r2_depth": 0.7851376095386138,
        "r_mono": 1.0
    },
    "log1pCP10k": {
        "cov_gene": 2.288687123876244,
        "r2_depth": 0.22605070137044836,
        "r_mono": 1.0
    },
    "log1pCPM": {
        "cov_gene": 1.1322529284097949,
        "r2_depth": 0.4699754544325768,
        "r_mono": 1.0
    },
    "scalelog1pCP10k": {
        "cov_gene": 1.2163785155427979e-14,
        "r2_depth": 0.23623748036250913,
        "r_mono": 0.38873505630151295
    },
    "sctransform": {
        "cov_gene": 0.5252575800933059,
        "r2_depth": 0.010605572906074778,
        "r_mono": 0.3152277720277185
    },
    "log1pPF": {
        "cov_gene": 2.4698632495900052,
        "r2_depth": 0.21410939416731978,
        "r_mono": 1.0
    },
    "PFlog1pPF": {
        "cov_gene": 25.208294514685996,
        "r2_depth": 0,
        "r_mono": 1.0
    },
    "ncells": "857",
    "ngenes": 21817,
    "avg_per_cell": "7998.19",
    "avg_per_gene": "314.18",
    "min_cell": "573",
    "max_cell": "184080",
    "overdispersion": "2.93"
}