{"ncells": 857, "ngenes": 60623, "nvals": 1627341, "avg_per_cell": 8020.971995332556, "avg_per_gene": 113.38886231298352, "min_cell": 575, "max_cell": 184498, "total_count": 6873973, "overdispersion": 2.929295037037952, "raw": {"cov_gene": 151.95573328488197, "cov_cell": 1.6292999719334667, "r2_depth": 1.0, "r_mono": 1}, "PF": {"cov_gene": 171.37399220443234, "cov_cell": 3.158048403250302e-14, "r2_depth": 0, "r_mono": 1}, "log1p": {"cov_gene": 4.081736533201747, "cov_cell": 1.1541856555250793, "r2_depth": 0.7868707419054995, "r_mono": 1}, "log1pPF": {"cov_gene": 4.302616978297252, "cov_cell": 0.6488610543632767, "r2_depth": 0.21471539795170347, "r_mono": 1}, "PFlog1pPF": {"cov_gene": 42.02174069641218, "cov_cell": 2.3914406295411967e-14, "r2_depth": 0, "r_mono": 1}, "log1pCPM": {"cov_gene": 2.283040117529278, "cov_cell": 0.8539702238493998, "r2_depth": 0.47283290584420856, "r_mono": 1}, "log1pCP10k": {"cov_gene": 4.019842828537453, "cov_cell": 0.6608017096408207, "r2_depth": 0.2265508836666441, "r_mono": 1}, "sqrt": {"cov_gene": 18.094494393738994, "cov_cell": 1.1599241946068817, "r2_depth": 0.8135551050081754, "r_mono": 1}, "density": 0.0313227814552787}