{"raw": {"cov_gene": 61.29236199908971, "r2_depth": 1.0, "r_mono": 1.0, "cov_cell": 0.5163869021942517}, "PF": {"cov_gene": 59.1892719332304, "r2_depth": 0, "r_mono": 1.0, "cov_cell": 6.767594711676079e-15}, "sqrt": {"cov_gene": 6.675721155548393, "r2_depth": 0.8746039352831321, "r_mono": 1.0, "cov_cell": 0.43465584797728024}, "log1p": {"cov_gene": 3.234459722493749, "r2_depth": 0.8591420472265178, "r_mono": 1.0, "cov_cell": 0.43443991653383435}, "log1pCP10k": {"cov_gene": 2.1330514767096407, "r2_depth": 0.6162029161690439, "r_mono": 1.0, "cov_cell": 0.2736631169970343}, "log1pCPM": {"cov_gene": 1.8706187302471307, "r2_depth": 0.7669154754533323, "r_mono": 1.0, "cov_cell": 0.3529136362773445}, "scalelog1pCP10k": {"cov_gene": 5.4053754797908925e-14, "r2_depth": 0.5869084112010754, "r_mono": 0.2838210995177943, "cov_cell": null}, "sctransform": {"cov_gene": 0.6068644034322839, "r2_depth": 0.13997772644343942, "r_mono": 0.23603818785687428, "cov_cell": null}, "log1pPF": {"cov_gene": 2.9795186043344284, "r2_depth": 0.37981362361613324, "r_mono": 1.0, "cov_cell": 0.19782383380310403}, "PFlog1pPF": {"cov_gene": 22.32842319951839, "r2_depth": 0, "r_mono": 1.0, "cov_cell": 5.026886011082364e-15}, "ncells": 3702, "ngenes": 15071, "avg_per_cell": 1388.94, "avg_per_gene": 341.18, "min_cell": 81.0, "max_cell": 10171.0, "overdispersion": 0.3, "total_count": 5141869, "nvals": 1792014, "sparsity": 0.03211906645658954}