{"ncells": 2949, "ngenes": 60623, "nvals": 3741857, "density": 0.02093027765779139, "avg_per_cell": 3585.380807053238, "avg_per_gene": 174.4105042640582, "min_cell": 1877, "max_cell": 26263, "total_count": 10573288, "overdispersion": 0.1475302981696326, "log1pCP10k": {"cov_gene": 2.966400007900144, "cov_cell": 0.1323450193411554, "r2_depth": 0.3156771344849397, "r_mono": 1}, "log1pCPM": {"cov_gene": 2.5841259568878527, "cov_cell": 0.216648385988057, "r2_depth": 0.6906587039212191, "r_mono": 1}, "log1pPF": {"cov_gene": 3.4922480310580863, "cov_cell": 0.11047088754598443, "r2_depth": 0.13950844929841633, "r_mono": 1}, "log1p": {"cov_gene": 3.6292486981642345, "cov_cell": 0.29946231435035586, "r2_depth": 0.8720528860903914, "r_mono": 1}, "PFlog1pPF": {"cov_gene": 26.679911137908395, "cov_cell": 1.1270223144454237e-14, "r2_depth": 0, "r_mono": 1}, "PF": {"cov_gene": 105.60754589568643, "cov_cell": 1.607067192135331e-14, "r2_depth": 0, "r_mono": 1}, "raw": {"cov_gene": 85.48115244833865, "cov_cell": 0.3945434412496916, "r2_depth": 1, "r_mono": 1}, "sqrt": {"cov_gene": 4.840363216872886, "cov_cell": 0.30206308795236786, "r2_depth": 0.891124999311298, "r_mono": 1}}