{"raw": {"cov_gene": 61.29236199908971, "r2_depth": 1.0, "r_mono": 1.0}, "PF": {"cov_gene": 59.1892719332304, "r2_depth": 0, "r_mono": 1.0}, "sqrt": {"cov_gene": 6.675721155548393, "r2_depth": 0.8746039352831321, "r_mono": 1.0}, "log1p": {"cov_gene": 3.234459722493749, "r2_depth": 0.8591420472265178, "r_mono": 1.0}, "log1pCP10k": {"cov_gene": 2.1330514767096407, "r2_depth": 0.6162029161690439, "r_mono": 1.0}, "log1pCPM": {"cov_gene": 1.8706187302471307, "r2_depth": 0.7669154754533323, "r_mono": 1.0}, "scalelog1pCP10k": {"cov_gene": 5.4053754797908925e-14, "r2_depth": 0.5869084112010754, "r_mono": 0.2838210995177943}, "sctransform": {"cov_gene": 0.6068644034322839, "r2_depth": 0.13997772644343942, "r_mono": 0.23603818785687428}, "log1pPF": {"cov_gene": 2.9795186043344284, "r2_depth": 0.37981362361613324, "r_mono": 1.0}, "PFlog1pPF": {"cov_gene": 22.32842319951839, "r2_depth": 0, "r_mono": 1.0}}