{"ncells": 2949, "ngenes": 21518, "nvals": 3726000, "density": 0.058717313201647074, "avg_per_cell": 3579.7795863004408, "avg_per_gene": 490.60182173064413, "min_cell": 1871, "max_cell": 26197, "total_count": 10556770, "overdispersion": 0.14753029816959462, "sctransform": {"cov_gene": 1.3069126102154582, "cov_cell": null, "r2_depth": 0.12497354167726193, "r_mono": 0.30085171599014354}, "scalelog1pCP10k": {"cov_gene": 4.105257544353701e-14, "cov_cell": null, "r2_depth": 0.30140405404746917, "r_mono": 0.3699414181356419}, "raw": {"cov_gene": 50.92836875738255, "cov_cell": 0.3944199067464296, "r2_depth": 1, "r_mono": 1}, "PF": {"cov_gene": 62.92002876633107, "cov_cell": 1.591569323177343e-14, "r2_depth": 0, "r_mono": 1}, "log1p": {"cov_gene": 2.017604962742317, "cov_cell": 0.29897328757936315, "r2_depth": 0.8713717422379228, "r_mono": 1}, "sqrt": {"cov_gene": 2.7823954726829507, "cov_cell": 0.3015842307302179, "r2_depth": 0.8905887414721454, "r_mono": 1}, "log1pPF": {"cov_gene": 1.9292982903676739, "cov_cell": 0.11050249984496426, "r2_depth": 0.13855441752460196, "r_mono": 1}, "PFlog1pPF": {"cov_gene": 16.35772017761409, "cov_cell": 1.1366330035793872e-14, "r2_depth": 0, "r_mono": 1}, "log1pCPM": {"cov_gene": 1.3249429965579447, "cov_cell": 0.21623487346181525, "r2_depth": 0.6889645409439902, "r_mono": 1}, "log1pCP10k": {"cov_gene": 1.5842916830486744, "cov_cell": 0.13232672787642785, "r2_depth": 0.314351898223739, "r_mono": 1}}