{
  "ncells": 10514,
  "ngenes": 60623,
  "nvals": 1496295,
  "density": 0.002347533658901972,
  "total_counts": 2318164,
  "overdispersion": 3.0542210555469262,
  "avg_per_cell": 220.48354574852578,
  "avg_per_gene": 38.23901819441466,
  "max_cell": 3965,
  "min_cell": 1,
  "raw": {
    "cov_gene": 157.18772594806396,
    "cov_cell": 0.7200083766785659,
    "r2_depth": 1,
    "r_mono": 1
  },
  "PF": {
    "cov_gene": 121.35113053062628,
    "cov_cell": 2.630316519699655e-15,
    "r2_depth": 0,
    "r_mono": 1
  },
  "sqrt": {
    "cov_gene": 14.105061352959858,
    "cov_cell": 0.5859591668116451,
    "r2_depth": 0.9144168779655196,
    "r_mono": 1
  },
  "log1p": {
    "cov_gene": 9.648677687296454,
    "cov_cell": 0.5920294635085133,
    "r2_depth": 0.9110618576589326,
    "r_mono": 1
  },
  "log1pCP10k": {
    "cov_gene": 5.224129656701609,
    "cov_cell": 0.35547899073148015,
    "r2_depth": 0.6845642295660064,
    "r_mono": 1
  },
  "log1pCPM": {
    "cov_gene": 4.8543417425655475,
    "cov_cell": 0.4503728033212343,
    "r2_depth": 0.7946976482151363,
    "r_mono": 1
  },
  "log1pPF": {
    "cov_gene": 9.384195779773332,
    "cov_cell": 0.17341415268194119,
    "r2_depth": 0.20213062469267162,
    "r_mono": 1
  },
  "PFlog1pPF": {
    "cov_gene": 61.45843302934075,
    "cov_cell": 2.2582801065329418e-15,
    "r2_depth": 0,
    "r_mono": 1
  }
}
