{
  "ncells": 66,
  "ngenes": 356,
  "nvals": 4184,
  "density": 0.1780728634661219,
  "total_counts": 9223,
  "overdispersion": 0.4437830021341036,
  "avg_per_cell": 139.74242424242425,
  "avg_per_gene": 25.90730337078652,
  "max_cell": 360,
  "min_cell": 40,
  "raw": {
    "cov_gene": 7.983630971496436,
    "cov_cell": 0.44252002060794293,
    "r2_depth": 1,
    "r_mono": 1
  },
  "PF": {
    "cov_gene": 5.844097796569485,
    "cov_cell": 9.624699329946105e-16,
    "r2_depth": 0,
    "r_mono": 1
  },
  "sqrt": {
    "cov_gene": 1.299570762014056,
    "cov_cell": 0.3289207739340307,
    "r2_depth": 0.7941947727102842,
    "r_mono": 1
  },
  "log1p": {
    "cov_gene": 1.135104506376847,
    "cov_cell": 0.32953436150313403,
    "r2_depth": 0.7755513337535095,
    "r_mono": 1
  },
  "log1pCP10k": {
    "cov_gene": 0.5438635823127997,
    "cov_cell": 0.2413433466669241,
    "r2_depth": 0.4293792703524214,
    "r_mono": 1
  },
  "log1pCPM": {
    "cov_gene": 0.4955022747017359,
    "cov_cell": 0.2737242239340427,
    "r2_depth": 0.5024267845653103,
    "r_mono": 1
  },
  "scalelog1pCP10k": {
    "cov_gene": 1.0194569088714749e-15,
    "cov_cell": null,
    "r2_depth": 0.426514451218558,
    "r_mono": 0.6282895628496834
  },
  "sctransform": {
    "cov_gene": 0.5665155659553477,
    "cov_cell": null,
    "r2_depth": 0.3967848089212753,
    "r_mono": 0.4845906276119101
  },
  "log1pPF": {
    "cov_gene": 1.0193777318293187,
    "cov_cell": 0.13548563051252593,
    "r2_depth": 0.07234486073803958,
    "r_mono": 1
  },
  "PFlog1pPF": {
    "cov_gene": 1.1187571477927716,
    "cov_cell": 9.67229316640824e-16,
    "r2_depth": 0,
    "r_mono": 1
  }
}
