{
    "raw": {
        "cov_gene": 37.254702946657126,
        "r2_depth": 1.0,
        "r_mono": 1.0
    },
    "PF": {
        "cov_gene": 17.171989201691243,
        "r2_depth": 0,
        "r_mono": 1.0
    },
    "sqrt": {
        "cov_gene": 7.1071935240058695,
        "r2_depth": 0.9283996629899298,
        "r_mono": 1.0
    },
    "log1p": {
        "cov_gene": 3.6916526477491334,
        "r2_depth": 0.9152858992521125,
        "r_mono": 1.0
    },
    "log1pCP10k": {
        "cov_gene": 4.242593846667593,
        "r2_depth": 0.3095567743046509,
        "r_mono": 1.0
    },
    "log1pCPM": {
        "cov_gene": 3.253837619642606,
        "r2_depth": 0.5980383621552681,
        "r_mono": 1.0
    },
    "scalelog1pCP10k": {
        "cov_gene": 4.5583998576041865e-14,
        "r2_depth": 0.35424682340058,
        "r_mono": 0.09747412830868141
    },
    "sctransform": {
        "cov_gene": 1.1627791626709816,
        "r2_depth": 0.015706354841170556,
        "r_mono": 0.09049743194946498
    },
    "log1pPF": {
        "cov_gene": 5.7562330548536735,
        "r2_depth": 0.06322127470326955,
        "r_mono": 1.0
    },
    "PFlog1pPF": {
        "cov_gene": 7.528176297329793,
        "r2_depth": 0,
        "r_mono": 1.0
    },
    "ncells": 2352,
    "ngenes": 7976,
    "avg_per_cell": 203.05,
    "avg_per_gene": 59.88,
    "min_cell": 3.0,
    "max_cell": 98782.0,
    "overdispersion": 134.17
}