{
  "ncells": 7247,
  "ngenes": 60623,
  "nvals": 7173610,
  "density": 0.016328341568672303,
  "total_counts": 24554060,
  "overdispersion": 10.706826289390992,
  "avg_per_cell": 3388.168897474817,
  "avg_per_gene": 405.0287844547449,
  "max_cell": 93541,
  "min_cell": 381,
  "raw": {
    "cov_gene": 157.25610949381723,
    "cov_cell": 1.8680480552080718,
    "r2_depth": 1,
    "r_mono": 1
  },
  "PF": {
    "cov_gene": 85.4906949506375,
    "cov_cell": 1.9254578407578788e-14,
    "r2_depth": 0,
    "r_mono": 1
  },
  "sqrt": {
    "cov_gene": 21.039918394438278,
    "cov_cell": 1.6146720419414908,
    "r2_depth": 0.9058411228295394,
    "r_mono": 1
  },
  "log1p": {
    "cov_gene": 4.370319410454555,
    "cov_cell": 1.6412033582679655,
    "r2_depth": 0.8958466711316098,
    "r_mono": 1
  },
  "log1pCP10k": {
    "cov_gene": 3.9259944713397474,
    "cov_cell": 0.7552153159890644,
    "r2_depth": 0.4469465730324702,
    "r_mono": 1
  },
  "log1pCPM": {
    "cov_gene": 2.5914583843092656,
    "cov_cell": 1.13788799763359,
    "r2_depth": 0.7175033300417526,
    "r_mono": 1
  },
  "log1pPF": {
    "cov_gene": 5.321897047948807,
    "cov_cell": 0.6376751886380654,
    "r2_depth": 0.3338782573756026,
    "r_mono": 1
  },
  "PFlog1pPF": {
    "cov_gene": 35.2898732362033,
    "cov_cell": 1.5179349176869978e-14,
    "r2_depth": 0,
    "r_mono": 1
  }
}
