{"raw": {"cov_gene": 91.70987526112354, "r2_depth": 1.0, "r_mono": 1.0}, "PF": {"cov_gene": 60.81024422347793, "r2_depth": 0, "r_mono": 1.0}, "sqrt": {"cov_gene": 3.7307150601995773, "r2_depth": 0.9559661948645867, "r_mono": 1.0}, "log1p": {"cov_gene": 2.834415132788504, "r2_depth": 0.9525374913875371, "r_mono": 1.0}, "log1pCP10k": {"cov_gene": 2.083068293587976, "r2_depth": 0.6961939873850163, "r_mono": 1.0}, "log1pCPM": {"cov_gene": 1.725568903469897, "r2_depth": 0.8773561928735868, "r_mono": 1.0}, "scalelog1pCP10k": {"cov_gene": 1.7089810180288906e-13, "r2_depth": 0.6792264275936526, "r_mono": 0.3403022540809718}, "sctransform": {"cov_gene": 0.9290532756264585, "r2_depth": 0.45597880150976433, "r_mono": 0.22803300761035142}, "log1pPF": {"cov_gene": 2.6185868170528805, "r2_depth": 0.5711611808704622, "r_mono": 1.0}, "PFlog1pPF": {"cov_gene": 3.1526357133397087, "r2_depth": 0, "r_mono": 1.0}}