{
  "ncells": 8534,
  "ngenes": 60623,
  "nvals": 12240715,
  "density": 0.023660108056746815,
  "total_counts": 41029001,
  "overdispersion": 1.0577902566224577,
  "avg_per_cell": 4807.710452308414,
  "avg_per_gene": 676.7893538755918,
  "max_cell": 63619,
  "min_cell": 472,
  "raw": {
    "cov_gene": 44.91172146993501,
    "cov_cell": 1.1182318771763713,
    "r2_depth": 1,
    "r_mono": 1
  },
  "PF": {
    "cov_gene": 65.15370583765763,
    "cov_cell": 1.590320816657212e-14,
    "r2_depth": 0,
    "r_mono": 1
  },
  "sqrt": {
    "cov_gene": 7.978801484022431,
    "cov_cell": 0.8303374898122307,
    "r2_depth": 0.9464111431242624,
    "r_mono": 1
  },
  "log1p": {
    "cov_gene": 4.691301444912731,
    "cov_cell": 0.8177367359087515,
    "r2_depth": 0.9370115370667615,
    "r_mono": 1
  },
  "log1pCP10k": {
    "cov_gene": 3.6832281628767354,
    "cov_cell": 0.34366390092116966,
    "r2_depth": 0.5237521400567451,
    "r_mono": 1
  },
  "log1pCPM": {
    "cov_gene": 2.671948865477701,
    "cov_cell": 0.5792610646202524,
    "r2_depth": 0.8049303188756763,
    "r_mono": 1
  },
  "log1pPF": {
    "cov_gene": 4.292924667581745,
    "cov_cell": 0.28954629385622077,
    "r2_depth": 0.4377063343122273,
    "r_mono": 1
  },
  "PFlog1pPF": {
    "cov_gene": 12.380895719964629,
    "cov_cell": 1.5347894872611878e-14,
    "r2_depth": 0,
    "r_mono": 1
  }
}
