{"ncells": 70820, "ngenes": 27940, "nvals": 18390548, "density": 0.009294207117078453, "avg_per_cell": 766.7436035018357, "avg_per_gene": 1943.4782390837509, "min_cell": 22, "max_cell": 67359, "total_count": 54300782, "overdispersion": 16.535831183159086, "raw": {"cov_gene": 39.61156207435163, "cov_cell": 3.2781084541849093, "r2_depth": 1, "r_mono": 1}, "PF": {"cov_gene": 30.495378493560988, "cov_cell": 5.892514049519012e-15, "r2_depth": 0, "r_mono": 1}, "log1p": {"cov_gene": 5.663262182973355, "cov_cell": 2.7320989480156523, "r2_depth": 0.9544785481964245, "r_mono": 1}, "sqrt": {"cov_gene": 8.448243198561252, "cov_cell": 2.7342370727141683, "r2_depth": 0.958077529849517, "r_mono": 1}, "log1pPF": {"cov_gene": 6.692853651527283, "cov_cell": 0.6958232040461988, "r2_depth": 0.5593451435909811, "r_mono": 1}, "PFlog1pPF": {"cov_gene": 7.33735477142965, "cov_cell": 5.051828470121269e-15, "r2_depth": 0, "r_mono": 1}, "log1pCPM": {"cov_gene": 3.254380119788571, "cov_cell": 2.0843517233505535, "r2_depth": 0.8540779226711842, "r_mono": 1}, "log1pCP10k": {"cov_gene": 5.2304641821639475, "cov_cell": 1.43386308969745, "r2_depth": 0.704510292139545, "r_mono": 1}, "sctransform": {"cov_gene": NaN, "cov_cell": null, "r2_depth": null, "r_mono": NaN}, "scalelog1pCP10k": {"cov_gene": 1.1279735656895104e-12, "cov_cell": null, "r2_depth": 0.6932604958317476, "r_mono": 0.11130560450546576}}